Award ID,Activity Code,Most Recent FAIN,Most Recent Full Award Number,Current Status,Detailed Status,Grant Title,Grant Abstract,Public Health Relevance,Funds Obligated Before Disruption,Funds Spent Before Disruption,Funds Remaining Before Disruption,Earliest Disruption,Disruption Indicators,Latest Restoration,Restoration Indicator,Project Start Date,Project End Date (Original),Institute,Assistance Listing Code,Assistance Listing Title,Funding Opportunity Code,Funding Opportunity Title,Funding Opportunity Link,Spending Categories,Spending Categories Predicted by GW?,Grantee Organization,Grantee State,Grantee City,Grantee Congressional District,Grantee Organization Traits,Grantee Organization Type,RePORTER,TAGGS,USAspending
HS029005,R01,R01HS029005,5R01HS029005-04,Disrupted,Renewal overdue,The DECREASE SSI Trial (Decolonization to Reduce After-Surgery Events of Surgical Site Infection),"Abstract The DECREASE SSI Trial (Decolonization to Reduce After-Surgery Events of Surgical Site Infection)  Colon and small bowel surgery are high-volume, high-cost surgeries performed in over 675,000 patients in the United States each year. These surgeries carry one of the highest surgical site infection (SSI) rates, with estimates of 11-45%, or 2- to 3-fold higher than nationally reported rates, when comprehensive surveillance efforts are used, such as in clinical trials. Comprehensive tracking also uncovers a disproportionate amount of post-discharge incisional SSIs. These incisional SSIs are strongly tied to patient anxiety, stress, embarrassment, dissatisfaction, and lower quality of life scores.  Mounting evidence shows that social and economic disadvantage can adversely affect the risk of SSI, likely due to the differential ability to protect a fresh incision from infection after hospital discharge. The Decolonization to Reduce After-Surgery Events of Surgical Site Infection (DECREASE SSI) Trial will test the value of adding a post-operative intervention to current pre-operative and intra-operative prevention practices. The DECREASE SSI Trial is a multi-site pragmatic randomized controlled clinical trial comparing routine postdischarge wound care to a post-discharge decolonization regimen of chlorhexidine bathing and nasal iodophor to prevent SSI events in the 30 days following discharge for open colon and small bowel surgery. If successful, this trial will provide a simple prevention measure for the 675,000 persons who undergo non-laparoscopic surgery involving the small and large intestines each year.","Project Narrative The DECREASE SSI Trial (Decolonization to Reduce After-Surgery Events of Surgical Site Infection)  The DECREASE SSI Trial (Decolonization to Reduce After-Surgery Events of Surgical Site Infection) is a multi-center pragmatic randomized clinical trial to reduce post-discharge surgical site infection following open colon or small bowel surgery by comparing routine post-discharge wound care to chlorhexidine bathing plus nasal decolonization in the 30 days following discharge. This trial seeks to enhance the care of the 675,000 patients annually who undergo colon and small bowel surgery by finding simple and efficacious interventions to reduce SSI.",N/A,N/A,N/A,2025-07-31,N/A,2025-09-23,N/A,2022-08-01,2027-05-31,Agency for Healthcare Research and Quality,93.226,"RESEARCH ON HEALTHCARE COSTS, QUALITY AND OUTCOMES",PA-21-265,N/A,N/A,N/A,FALSE,UNIVERSITY OF CALIFORNIA-IRVINE,CA,IRVINE,CA-47,"Hispanic Serving, Land grant, Public, R1, Tribal/Native Serving",SCHOOLS OF MEDICINE,https://reporter.nih.gov/project-details/11093397,https://taggs.hhs.gov/Detail/AwardDetail?arg_AwardNum=R01HS029005&arg_ProgOfficeCode=7,https://www.usaspending.gov/award/ASST_NON_R01HS029005_075/
HS027906,K01,K01HS027906,5K01HS027906-04,Disrupted,Renewal overdue,Optimizing utilization of lay health workers to address maternal and child health disparities: A Comprehensive Evaluation of a clinically integrated Breastfeeding Peer Counseling Program,"Breastfeeding provides unique and profound maternal and infant health benefits. If 90% of US parentinfant dyads breastfed exclusively for the first six months and supplemented through 12 months, 2600 excess maternal deaths and 721 infant deaths could be averted each year. Despite these substantial health benefits conferred by breastfeeding, only 45% of US birth parents meet this 6-month goal, and parents of color and those in low income families face additional barriers to breastfeeding success, resulting in double the risk of infant morbidity and mortality. Clinically-integrated breastfeeding peer counseling (ci-BPC) has been shown to effectively promote racial and economic equity in breastfeeding outcomes. Despite the demonstrated effectiveness of ci-BPC, there remain critical knowledge gaps regarding program design and costs. Thus, the scientific objective of this K01 application is to evaluate the implementation of an effective ci-BPC program and determine the essential program activities, identify significant patient-level and contextual factors relevant to implementation, and determine the economic impact of ci-BPC for patients, health systems, and society. Closing these gaps in knowledge will support wider adoption of ci-BPC by providing a framework for implementation and evaluation. My central hypothesis is that ci-BPC counselling increases patient breastfeeding knowledge and social support, leading to increased empowerment and reduced stress, and that the improvements in breastfeeding rates conferred by ci-BPC will be associated with lower cost of healthcare utilization for infants in the first 6 months post-delivery. Specifically, I aim: (1) To determine the essential program activities of an effective hospital ci-BPC program, identify relevant contextual factors, and adapt the program to optimize breastfeeding outcomes for Black and Latinx patients; (2) To determine whether the adapted ci-BPC program is more effective at improving breastfeeding outcomes, attitude, knowledge, and support compared to standard prenatal care, and (3) To determine patient, program, healthcare, and societal costs for ci-BPC. This project will evaluate an innovative hospital-based ci-BPC program at NorthShore University HealthSystem that has demonstrated significant reduction in breastfeeding disparities. My intimate role with this ci-BPC program and my expertise in mixed-methods field-based and clinical research has equipped me with the skills to undertake such a project, but I need additional mentorship and training in implementation science, clinical intervention research, and healthcare economics. The training and research are significant because disparities in maternal and child health in the US are growing, and an evidence-basis is essential to replicate and scale up interventions that promote health equity. This innovative research will generate novel data regarding ci-BPC program design and economic impact of ci-BPC that will inform broader implementation of this intervention. This application is responsive to SEN NOT-HS-21-014: AHRQ Announces Interest in Health Services Research to Advance Health Equity.","Breastfeeding peer counseling (BPC) programs have proven effective at promoting social and economic equity in breastfeeding and reducing maternal and infant morbidity and mortality, but uptake of BPC programs in clinical settings (ci-BPC) has been limited. This study will fill a critical knowledge gap by evaluating the implementation of an effective ci-BPC program and determining essential program activities, relevant contextual factors, and patient, program, system, and societal costs that are pertinent to decision-makers considering the utilization of ci-BPC. The results of this study will provide critical information to enable the design, implementation, and uptake of ci-BPC to advance perinatal health equity.",N/A,N/A,N/A,2026-07-30,N/A,N/A,N/A,2022-06-01,2027-05-31,Agency for Healthcare Research and Quality,93.226,"RESEARCH ON HEALTHCARE COSTS, QUALITY AND OUTCOMES",PA-20-067,N/A,N/A,N/A,FALSE,ENDEAVOR HEALTH CLINICAL OPERATIONS,IL,EVANSTON,IL-09,N/A,Other Domestic Non-Profits,https://reporter.nih.gov/project-details/11085127,https://taggs.hhs.gov/Detail/AwardDetail?arg_AwardNum=K01HS027906&arg_ProgOfficeCode=7,https://www.usaspending.gov/award/ASST_NON_K01HS027906_075/
HS029142,R01,R01HS029142,5R01HS029142-03,Disrupted,Renewal overdue,Development and Evaluation of an Instrument to Measure Shared Decision-Making in Pediatrics,"PROJECT SUMMARY  Shared decision-making (SDM) is an active process of clinician and patient interaction that is intended to produce a joint decision. Critical to the implementation of SDM and the evaluation of its effect on health outcomes is the availability of valid and reliable instruments to measure SDM. Though several instruments have been designed to measure the process of arriving at a shared decision in the clinical encounter, few have been deemed high quality and none have been specifically designed to measure the process of SDM in pediatrics. Furthermore, most instruments measure the SDM process from a singular perspective (e.g., patient self-report or observer) despite increasing recognition that clinician perspectives are also needed to accurately capture the dyadic interaction and inherently bidirectional process of SDM.  The primary goal of this project is to develop and evaluate a dyadic instrument to measure the process of SDM with parents of young children that includes both parent and clinician perspectives. We will anchor the development of this instrument to a 4-step process for implementing SDM in pediatrics that we developed and validated in preliminary work using a diverse set of decision-making scenarios across multiple pediatric disciplines and varied clinical settings. The first 3 steps of this process involve recognition of [>1] medically reasonable option (Step 1); clinician assessment of the medical benefit-burden ratios of options (Step 2); and parent expression of preferences regarding options (Step 3). Step 4 encourages a parent- or clinician-guided SDM based on Steps 1-3 that can be further modified based on the presence of other decisional features.  Our specific aims are to (1) develop a dyadic instrument for measuring the SDM process with parents of young children using a standard, iterative process that includes item generation, augmentation of the item pool, item reduction through expert review, and pretesting with parents and clinicians, with a sub-aim to develop an observer-coded version of the instrument to explore its correlation with the final dyadic instrument in Aim 3; (2) assess the [internal consistency], construct validity and reliability of the preliminary dyadic instrument in a controlled, simulated setting by conducting an online experiment in which [parent (N=600) and clinician (N=600) participants] complete our preliminary dyadic instrument after being randomized to view one of 4 different pairs of standardized video vignettes that portray a high-quality and low-quality SDM encounter of a unique decision in pediatrics; and (3) evaluate the construct validity and feasibility of the final dyadic instrument in the clinical setting by administering the instrument to parent and clinician participants after [problem-based encounters (N=127)] across a range of pediatric settings and specialties at two pediatric institutions, [with a sub-aim to develop a Spanish version of the final dyadic instrument.]  This R01 application will yield a valid and reliable instrument to feasibly measure the process of SDM with parents of young children and will enable follow-on evaluation of SDM on child health outcomes.","PROJECT NARRATIVE  Shared decision-making (SDM) ensures that clinical decisions without a single best choice incorporate and reflect patient preferences, thereby promoting patient empowerment, improving transparency, and increasing trust. There are no instruments specifically designed to measure the process of SDM in pediatrics, limiting the evaluation of SDM on health outcomes in this population. The overall goal of this project is to develop and evaluate an instrument to measure the process of SDM with parents of young children.",N/A,N/A,N/A,2026-07-30,N/A,N/A,N/A,2023-08-01,2028-05-31,Agency for Healthcare Research and Quality,93.226,"RESEARCH ON HEALTHCARE COSTS, QUALITY AND OUTCOMES",PA-18-795,N/A,N/A,N/A,FALSE,SEATTLE CHILDREN'S HOSPITAL,WA,SEATTLE,WA-07,N/A,Independent Hospitals,https://reporter.nih.gov/project-details/11087683,https://taggs.hhs.gov/Detail/AwardDetail?arg_AwardNum=R01HS029142&arg_ProgOfficeCode=7,https://www.usaspending.gov/award/ASST_NON_R01HS029142_075/
HS029473,R18,R18HS029473,5R18HS029473-03,Disrupted,Renewal overdue,Resilient Communication Systems: A Pediatric Patient Safety Learning Lab,"PROJECT SUMMARY/ABSTRACT Estimates suggest that nearly 1 in 10 hospitalized children may experience a safety or harm event, and communication breakdown is a leading contributor to patient safety and harm events. A 2010 study estimated that inefficient clinical communication cost US hospitals an estimated $12 billion annually in wasted clinician time and increased lengths of stay. The introduction of technologies such as smartphones and secure text messaging are transforming how, when, and what acute care clinicians communicate among each other. Developing an infrastructure to proactively evaluate these systems, and build their resilience, is critical. The goal of this project is to create a novel, nurse-led Pediatric Patient Safety Learning Lab with the objective of reengineering interprofessional (e.g., nurse-physician) communication work systems for pediatric acute care settings. The Learning Lab will consist of a multidisciplinary team of clinician-researchers, human factors engineers, human-centered design experts, and operational safety experts from Children's Hospital of Philadelphia and the University of Pennsylvania. We will also engage stakeholders, including bedside clinicians and families of hospitalized children, whose experience of care may be altered by changes to how clinicians communicate. We will use a systems engineering approach (Problem Analysis, Design, Development, Implement, and Evaluate) to proactively assess the interprofessional communication work system, processes, and outcomes, to identify opportunities for improvement before safety events occur. The Specific Aims of this project are to (1) Conduct a problem analysis of the interprofessional communication work system and work processes used in the care of hospitalized children; (2) Design and develop interventions to engineer a safer, more effective, and more resilient interprofessional communication work system; (3) Implement and evaluate the interventions in the clinical environment to gauge real-world impact. Our Learning Lab will be guided by two frameworks, the Systems Engineering Initiative for Patient Safety model and the Integrated Resilience Attributes Framework. The product of this Learning Lab will be a resilient system for interprofessional communication, one that can positively adapt in the face of anticipated and unanticipated changes and maintain the safety of care provided during the estimated 2.5 million pediatric hospitalizations each year.","PROJECT NARRATIVE Millions of children are hospitalized every year and many will experience unintended harm caused by a breakdown in communication between the multiple clinicians caring for them. This Pediatric Patient Safety Learning Laboratory will develop interventions that help clinicians, such as nurses and doctors, communicate more effectively. The findings from our Learning Laboratory will be relevant to all hospitalized children because communication between clinical teams is essential for safe, effective, and high quality care.",N/A,N/A,N/A,2026-07-30,N/A,N/A,N/A,2023-08-01,2027-05-31,Agency for Healthcare Research and Quality,93.226,"RESEARCH ON HEALTHCARE COSTS, QUALITY AND OUTCOMES",PA-21-266,N/A,N/A,N/A,FALSE,UNIVERSITY OF PENNSYLVANIA,PA,PHILADELPHIA,PA-03,"Private, R1",SCHOOLS OF NURSING,https://reporter.nih.gov/project-details/11087616,https://taggs.hhs.gov/Detail/AwardDetail?arg_AwardNum=R18HS029473&arg_ProgOfficeCode=7,https://www.usaspending.gov/award/ASST_NON_R18HS029473_075/
HS029489,R01,R01HS029489,5R01HS029489-03,Disrupted,Renewal overdue,A Randomized Controlled Trial of a Diagnostic Stewardship Intervention to Reduce Inappropriate Antibiotic Use for Urinary Tract Infections in Primary Care,"Abstract Urine culture is the most common microbiological test in the outpatient setting in the United States. Unfortunately, contamination during collection is prevalent and undermines test accuracy, leading to incorrect diagnosis, unnecessary treatment, wasted laboratory resources, and inflated costs. Unnecessary antibiotic treatment increases the risk of developing antimicrobial resistance, one of the most serious threats to patients and public health. We previously found that more than half of 1,265 urine cultures collected from women and men in two primary care clinics were contaminated. Prior trials that attempted to reduce urine contamination using patient education had mixed results. However, these prior studies did not include stakeholder engagement and were not preceded by pilot studies, a critical step in the process of intervention development. Until we have an effective intervention, contaminated samples will continue to give meaningless results, trigger undue antibiotic use, and inflate costs. The overarching goal of this project is to improve the accuracy of urinary diagnostic testing, thus furthering antibiotic stewardship in ambulatory care settings. We will create a novel patient education intervention that incorporates stakeholder input and addresses previously identified barriers to proper midstream clean-catch urine sample collection. Key barriers include competing nursing priorities, patient language barriers, poor health literacy, and reticence of nurses and medical assistants to discuss essential anatomic details. To address these barriers, our animated video and pictorial flyer in English and Spanish will provide step-by-step guidance for urine collection for women and men. The content and presentation of our intervention will be developed in collaboration with stakeholders central to this process: patients, nurses and medical assistants. The overall objective of the proposed project is to design and test a bilingual educational intervention to reduce urine contamination in a diverse patient population visiting safety net primary care clinics. In Aim 1 (intervention development), we will iteratively develop an educational intervention (instructional video and flyer) with input from a patient advisory board, nurses, and medical assistants. The video and flyer will provide step-by-step guidance to patients for collecting a urine sample. In Aim 2 (pilot study), we will assess and improve the intervention’s acceptability, appropriateness and feasibility using a mixed methods approach that includes a quantitative survey and qualitative interviews with stakeholders. In Aim 3 (randomized controlled trial), we will test the effectiveness of our patient education intervention at reducing urine contamination and antibiotic use associated with urine cultures. The proposed research is significant because it will develop an intervention to reduce contamination of urine cultures. The proposed research is innovative because it uses a stakeholder-centered approach. If successful, this intervention can be disseminated to other clinical settings in which urine culture contamination drives antibiotic overuse, including emergency departments and long-term care settings.","Narrative The proposed research is relevant to public health because reducing contaminated urine cultures will help reduce unnecessary antibiotic use, slow emergence of antimicrobial resistance, and preserve the effectiveness of antibiotics for current and future generations. Reducing contaminated urine cultures will also reduce waste of laboratory resources and decrease costs for patients and healthcare institutions. The proposed research is also relevant to the National Action Plan for Combating Antibiotic-Resistant Bacteria because it will improve accuracy of a diagnostic test commonly used to detect resistant bacteria.",N/A,N/A,N/A,2026-07-30,N/A,N/A,N/A,2023-08-01,2028-05-31,Agency for Healthcare Research and Quality,93.226,"RESEARCH ON HEALTHCARE COSTS, QUALITY AND OUTCOMES",PA-22-047,N/A,N/A,N/A,FALSE,BAYLOR COLLEGE OF MEDICINE,TX,HOUSTON,TX-09,"Private, R1",SCHOOLS OF MEDICINE,https://reporter.nih.gov/project-details/11087571,https://taggs.hhs.gov/Detail/AwardDetail?arg_AwardNum=R01HS029489&arg_ProgOfficeCode=7,https://www.usaspending.gov/award/ASST_NON_R01HS029489_075/
HS029513,R01,R01HS029513,5R01HS029513-03,Disrupted,Renewal overdue,Evaluating diagnostic decision support systems for patients requiring urgent primary or emergency care or with stroke,"Medical diagnosis is a critical component of effective health care but misdiagnosis, delayed diagnosis and incorrect triage is common especially in urgent or emergency care settings, and a major contributor to adverse clinical events. While improvements in health care are important in addressing misdiagnosis, patients have a key role by recognizing potentially serious symptoms and seeking care in a timely manner. These concerns are of particular importance for patients requiring urgent or emergency care with potentially life-threatening diseases, such as transient ischemic attacks (TIA), stroke or myocardial infarction. They often fail to recognize the seriousness of their symptoms and may fail to seek care promptly, resulting in missed treatments and poorer outcomes. Patients with stroke typically must be treated within 4 hours to achieve a good response, and public education campaigns have not significantly helped. Smartphone apps for medical diagnosis termed Symptom Checkers (SCs) are widely available to patients in the US and worldwide. They have been shown to be usable by patients, and can affect patient decision making and care seeking behavior. Evidence from our work and others has shown that, if used correctly, SCs can achieve accuracy of diagnosis and triage close to that of physicians (relying on symptom data). However, most studies are based on case summaries created by physicians, SC apps are not used by patients, and lack evidence on the effects of patient characteristics, or SCs influence on patient decision making.  To address these gaps we will evaluate the safety, usability, diagnostic and triage accuracy of a leading symptom checker in use by patients in an emergency department or urgent primary care, and the effect of SC outputs on patients’ decisions to seek care. In aim 1 we will recruit 700 patients to use a SC app from Ada Health when they are seen in urgent primary care or the emergency department at Rhode Island Hospital (RIH), including those with possible symptoms of TIA or stroke. This builds on our previous studies of the Ada SC with 241 patients recruited in these locations. The level of urgency of care they intend to seek will be assessed before and after use of Ada, along with a questionnaire on app usability. Diagnostic and triage accuracy will compared to the assessment of the physician who saw the patient, and the Ada results both compared with, and critiqued by, independent physicians viewing the symptom data collected by Ada. We will also evaluate the effects of different presentations of diagnosis and triage data on patient decision making.  In aim 2 we will utilize 2 unique data sets of 2300 patients with possible TIA or stroke seen in the ED at RIH, and use machine learning techniques to create new algorithms to improve early diagnosis and risk stratification. Performance will be compared with existing algorithms and guidelines on accurate diagnosis and effective management of these conditions. We will also analyze a data set of 158,000 patients with possible TIA or stroke who used the Ada app in a community setting, and evaluate the influence of patient characteristics, including age, sex, race, ethnicity, country, and socioeconomic group on their symptoms, comparing this to the RIH data set results. The results of these studies will improve our understanding of symptom checker safety, ability to recognize high risk patients and direct them to seek care, and the potential impact on health service use, for a broad range of patients including those with TIA or stroke.","Project Narrative Symptom checker apps have the potential to improve early recognition of important diseases, improving patients’ own diagnoses and decisions to seek care, but lack evidence of safety and performance. This proposal will rigorously evaluate clinical use, diagnostic and triage accuracy, and effect on patients’ care seeking decisions of a leading symptom checker in emergency and urgent primary care settings, including stroke patients. It will also utilize three unique data sets on TIA and stroke patients to evaluate effects of patient characteristics on stroke diagnosis by symptom checkers, and create new diagnostic and triage algorithms.",N/A,N/A,N/A,2026-07-30,N/A,N/A,N/A,2023-07-01,2028-05-31,Agency for Healthcare Research and Quality,93.226,"RESEARCH ON HEALTHCARE COSTS, QUALITY AND OUTCOMES",PA-18-795,N/A,N/A,N/A,FALSE,BROWN UNIVERSITY,RI,PROVIDENCE,RI-01,"Private, R1",SCHOOLS OF MEDICINE,https://reporter.nih.gov/project-details/11087635,https://taggs.hhs.gov/Detail/AwardDetail?arg_AwardNum=R01HS029513&arg_ProgOfficeCode=7,https://www.usaspending.gov/award/ASST_NON_R01HS029513_075/
HS029664,R01,R01HS029664,5R01HS029664-02,Disrupted,Renewal overdue,Medicare Advantage versus Traditional Medicare for Dual Eligible Beneficiaries,"Project Summary/Abstract Dual-eligible Medicare and Medicaid beneficiaries (“duals”) frequently have complex clinical and social needs. Compared with non-duals, dual beneficiaries are poorer, more likely to qualify for Medicare due to disability, and be racial and ethnic minorities. Structuring health benefits to meet the needs of duals is challenging due to fragmented financing and poor coordination between the two programs. Private Medicare Advantage plans could be a potentially promising vehicle for better integrating Medicare and Medicaid benefits. Duals are increasingly enrolling in MA plans with over half (56%) of 12 million duals enrolled in MA in 2022. The relative value of MA vs. Traditional Medicare (TM) remains uncertain, however, and evidence on differences in care patterns and outcomes for duals in MA vs. TM is extremely limited. Moreover, because of potential differential selection into MA, estimating causal effects of MA vs. TM on outcomes is challenging. This study will examine longitudinal enrollment patterns among Medicaid beneficiaries as they qualify for Medicare, and assess beneficiary-, county-, and state-level predictors of enrollment in MA vs. TM and enrollment continuity (Aim 1). To assess the effects of MA vs. TM on utilization and outcomes, we will compare Medicaid utilization and spending for duals in MA vs. TM, including long-term services and supports (LTSS) and Medicaid-covered behavioral health services (Aim 2), and Medicare utilization and spending (e.g., prescription drug adherence, hospitalizations, post-acute care, and mortality, Aim 3). We will use individual-level Medicaid and Medicare enrollment, claims, and managed care encounter data, 2019-2026, linked with detailed information on countylevel MA plan offerings and state-level policies to accomplish these aims. To estimate the effects of MA enrollment and address potential selection bias in Aims 2 and 3, we will leverage a natural experiment created by recent policies that permit automatic enrollment of Medicaid managed care enrollees in MA plans when they qualify for Medicare. Across all aims, we will assess variation in MA effects for dual beneficiaries who qualify for Medicare due to disability (<65 years old) vs. age (65+ years old) since disabled beneficiaries are more likely to use LTSS and behavioral health benefits covered by Medicaid. We will also assess variation in MA effects by plan features (e.g., level of integration, supplemental benefit offerings). This study supports AHRQ’s research priority of examining innovative market approaches to care delivery and financing with a focus on priority populations (e.g., low-income populations, persons with disabilities, and racial and ethnic minorities). Findings from this study will provide critically needed evidence to inform ongoing state and federal policy changes to improve care and outcomes for duals in the context of rapidly increasing MA enrollment.","Project Narrative Identifying approaches for coordinating health benefits for individuals who are dually eligible for Medicare and Medicaid is challenging. Many dual-eligible beneficiaries are enrolling in private Medicare Advantage plans, which differ from Traditional Medicare in their payment incentives, provider networks, care management, and the availability of supplemental benefits. This study will investigate enrollment patterns in Medicare Advantage versus Traditional Medicare for dual eligible beneficiaries entering Medicare and compare use, spending, and health outcomes across these groups to inform federal and state policies.",N/A,N/A,N/A,2026-07-30,N/A,N/A,N/A,2024-08-01,2029-05-31,Agency for Healthcare Research and Quality,93.226,"RESEARCH ON HEALTHCARE COSTS, QUALITY AND OUTCOMES",PA-18-795,N/A,N/A,N/A,FALSE,MASSACHUSETTS GENERAL HOSPITAL,MA,BOSTON,MA-08,N/A,Independent Hospitals,https://reporter.nih.gov/project-details/11145699,https://taggs.hhs.gov/Detail/AwardDetail?arg_AwardNum=R01HS029664&arg_ProgOfficeCode=7,https://www.usaspending.gov/award/ASST_NON_R01HS029664_075/
HS000011,T32,T32HS000011,5T32HS000011-39,Disrupted,Terminated,National Research Service Award,"ABSTRACT Over the past 37 years, Brown University's AHRQ-supported Institutional T32 Training Program has developed over 70 interdisciplinary and highly productive pre and post-doctoral health services researchers. Nearly all former trainees are employed in faculty, government or private sector research positions. Our last two awards provided support for pre-doctoral trainees in health services research, and we capitalized on that opportunity to successfully recruit talented students who have now become promising health services researchers. We attribute our success in both pre- and post-doctoral training to: 1) attracting and recruiting high quality, diverse applicants; 2) an individualized training experience to meet trainee goals; 3) a mentoring strategy consistent with multidisciplinary work; 4) an organizational culture of synergy between training and research missions; 5) an extensive research portfolio ($42 million in 2022); and 6) over 30 multidisciplinary faculty committed to pre and post-doctoral training. Major changes in health care policy and delivery system reform make it essential to have well trained researchers operating in academic, government and private sector settings who understand the factors shaping these trends and who have the skill to evaluate their impact and design alternative approaches. To address this need, our training program aims to produce health services researchers who have the leadership skills and methodologic expertise to inform policy, improve health system performance, and, promote better population health outcomes. Specific objectives of this training program are: 1) To recruit highly qualified and socio-demographically diverse post- and pre-doctoral trainees; 2) To develop scientists experienced in the use of state-of-the-art health services research methods, with specific foci in evidencebased medicine, comparative effectiveness research, chronic disease and aging, etc.; 3) To develop scientists skilled in the communication of scientific knowledge who are able to work in multidisciplinary teams in academia, government and the private sector; 4) To provide didactic as well as ""hands on"" supervised experience in research by matching trainees with externally funded research teams; and, 5) To develop scientists equipped with the leadership skills to improve health care delivery and influence health policy.","Project Narrative Our training program aims to produce health services researchers who have the leadership skills and methodologic expertise to inform policy, improve health system performance, and promote better population health outcomes.",5579505.09,1237839.5699999998,4341665.52,2025-08-29,AHRQ Source,N/A,N/A,1986-09-30,2028-06-30,Agency for Healthcare Research and Quality,93.225,NATIONAL RESEARCH SERVICE AWARDS HEALTH SERVICES RESEARCH TRAINING,RFA-HS-22-010,N/A,N/A,N/A,FALSE,BROWN UNIVERSITY,RI,PROVIDENCE,RI-01,"Private, R1",SCHOOLS OF PUBLIC HEALTH,https://reporter.nih.gov/project-details/10876304,https://taggs.hhs.gov/Detail/AwardDetail?arg_AwardNum=T32HS000011&arg_ProgOfficeCode=7,https://www.usaspending.gov/award/ASST_NON_T32HS000011_075/
HS000029,T32,T32HS000029,5T32HS000029-38,Disrupted,Terminated,Training in Health Services Research,"Building on our success over the last five decades, our plans to train the next generation of health services researchers builds on the recognition that science and context must continually evolve so that new researchers are prepared to provide the evidence needed to inform future decisions of organizations, practitioners, policy makers, communities, and patients to result in better health. The Johns Hopkins pre-doctoral AHRQ NRSA training program aims to prepare PhD-level health services researchers in three intersecting updated high priority areas: 1) Understanding how the Financing and Organization of Healthcare Services Affect Efficiency, Quality, and Equity of Care addresses how our healthcare system’s public and private financing mechanisms and organizational structure affect health; 2) Advancing Patient Safety, Quality and Patient-Centered Outcomes addresses traditional and evolving areas with the rise in person-centered care, value based purchasing, health information technology and emerging data sources, and the importance of diagnostic excellence; and 3) Promoting Health Equity for Historically Marginalized and Vulnerable Populations is designed to improve our focus on populations underserved by lack of access to quality health and social services and vulnerable groups with complex care needs that often lead to poorer quality of care and outcomes. Our pre-doctoral training builds on a common core of course work emphasizing rigorous skills including study design, statistical analysis, measurement, data/health information technology use, evaluation, and policy analysis. We base our training on a detailed set of core competencies and learning objectives developed in accordance with the 2005 AHRQ sponsored national “HSR core competencies” conference hosted by our Department and updated in 2012 and 2018. To address transformational factors and emerging problems in the U.S. health care system, we will increase our emphasis on changing financing and systems, health information technology, and promoting health equity. Trainees will gain exposure and research experience through coursework, seminars, individual involvement in faculty research, and practica. AHRQ will support three years of training for 3-4 new pre-doctoral students per year. Our program offers personalized small group and one-on-one support and guidance by experienced mentors to ensure a coordinated, successful training program experience for each trainee. Our training program is well integrated with Department, School and University active research programs and benefits from a large and diverse faculty with great breadth and depth in our priority areas and the extensive opportunities in research and policy in the Washington, DC area.","Public Health Relevance The U.S. health system continues to experience multiple pressures and dramatic transformations in the organization and delivery of care. There is great need for well-trained researchers to help assure the quality and safety of care that is delivered, to determine how it should be organized and paid for, and to assure equitable access and outcomes. The proposed training program at Johns Hopkins will prepare multidisciplinary PhD researchers to meet these needs.",7691661.92,1859431.77,5832230.15,2025-08-29,AHRQ Source,N/A,N/A,1987-09-30,2028-06-30,Agency for Healthcare Research and Quality,93.225,NATIONAL RESEARCH SERVICE AWARDS HEALTH SERVICES RESEARCH TRAINING,RFA-HS-22-010,N/A,N/A,N/A,FALSE,JOHNS HOPKINS UNIVERSITY,MD,BALTIMORE,MD-07,"Private, R1",SCHOOLS OF PUBLIC HEALTH,https://reporter.nih.gov/project-details/10869981,https://taggs.hhs.gov/Detail/AwardDetail?arg_AwardNum=T32HS000029&arg_ProgOfficeCode=7,https://www.usaspending.gov/award/ASST_NON_T32HS000029_075/
HS000032,T32,T32HS000032,5T32HS000032-36,Disrupted,Terminated,UNC-CH Training Program in Health Services Research,"Project Abstract The Cecil G. Sheps Center at the University of North Carolina at Chapel Hill requests a competing renewal for our pre- and postdoctoral interdisciplinary training program in health services research for the years 2023-28. Predoctoral trainees will be supported by the program for two years, and will have already completed their coursework. They will be drawn from multiple disciplines including, but not limited to: health policy, epidemiology, health behavior, economics, pharmacy, allied health, nursing, and sociology. Postdoctoral trainees will work with a mentor to develop and complete research related to the delivery of health services in the currently changing health care system. While some postdoctoral trainees may have had PhD level training, others will be MD, PharmD, or DDS clinicians who complete a master's degree in public health during the fellowship. Many trainees will collaborate with investigators at the Sheps Center on projects funded by the Agency for Healthcare Research and Quality, National Institutes of Health, Health Resources and Services Administration, the Patient Centered Outcomes Research Institute, and others. All trainees participate in a weekly, two-hour interdisciplinary seminar during which work in progress sessions monitor their development, as well as participate in discussions of methods issues in health services and patient-centered outcomes research, as well as career development activities. Mentoring in the fellowship is provided by an interdisciplinary faculty, led by the program director, Mark Holmes, PhD, director of the Sheps Center and an economist and health services researcher. He will be supported by seven interdisciplinary faculty who are accomplished mentors and researchers: Kathleen Thomas, PhD (mental health economics and patientcentered outcomes), Ronny Bell, PhD, MEd (pharmaceutical outcomes policy and health disparities), Tim Carey, MD, MPH (general internal medicine and comparative effectiveness research), Katrina Donahue, MD, MPH (family medicine and practice-based research networks), Larissa Jennings Mayo-Wilson, PhD, MHS (health behavior and sexual/reproductive health), Til Stürmer, MD, PhD (pharmaco-epidemiology) and Justin Trogdon, PhD (health economist and cancer care). Fellows will also have access to the facilities and resources of the Sheps Center for Health Services Research, a pan-university center currently conducting over 60 projects with an annual budget of over $18M per year, as well as the broader resources of the University of North Carolina at Chapel Hill. We are requesting funding for 5 pre-and 4 post-doctoral fellows per year. All trainees receive training in the responsible conduct of research specific to health services research. We make particular efforts to attract and train trainees from historically-excluded populations. We will build on our experience since 1989 of training fellows who advance to highly successful careers; our alumni are accomplished, highly-published, and well-funded leaders in academic and contract research organizations, state and local government, health care delivery systems, and the private sector.","Project Narrative The US health care system is rapidly transforming in response to social, economic and policy changes and requires timely research designed to be informative to and actionable by health care professionals, delivery systems, policymakers, and the public. Skilled researchers are needed to assist in these changes so as to maximize the quality, equity, and efficiency of clinical care delivery, and to address current disparities in health and health care. The Sheps Center at UNC Chapel Hill proposes to train PhD and clinical investigators in the methods of health services research toward those goals.",7615535.26,1942786.62,5672748.64,2025-08-29,AHRQ Source,N/A,N/A,1989-09-01,2028-06-30,Agency for Healthcare Research and Quality,93.225,NATIONAL RESEARCH SERVICE AWARDS HEALTH SERVICES RESEARCH TRAINING,RFA-HS-22-010,N/A,N/A,N/A,FALSE,UNIV OF NORTH CAROLINA CHAPEL HILL,NC,CHAPEL HILL,NC-04,"Public, R1",SCHOOLS OF MEDICINE,https://reporter.nih.gov/project-details/10875424,https://taggs.hhs.gov/Detail/AwardDetail?arg_AwardNum=T32HS000032&arg_ProgOfficeCode=7,https://www.usaspending.gov/award/ASST_NON_T32HS000032_075/
HS000046,T32,T32HS000046,5T32HS000046-33,Disrupted,Terminated,Los Angeles Area Health Services Research Training Program,"PROJECT SUMMARY The Department of Health Policy and Management at the UCLA Fielding School of Public Health, in collaboration with RAND Health, the Schaeffer Center for Health Economics at the University of Southern California, and the Veterans Administration Center for the Study of Healthcare Innovation, Implementation and Policy, proposes the renewal of its pre- and postdoctoral training grant, which has had an outstanding record of producing the next generation of scholars over the past 30 years. The goal of the Los Angeles Area Health Services Research Training Program is to provide comprehensive training and experience to highly-qualified pre- and postdoctoral trainees, so that they may effectively engage in, and ultimately lead, research and implementation activities aimed at improving the quality and efficiency of the U.S. health care system, and be able to effectively inform both public and private policymakers how to design and assess such activities and changes. Taking advantage of the expertise of faculty and researchers at these institutions – over three dozen of whom have agreed to be mentors – as well as a track-record of community involvement in the Los Angeles area, the Training Program focuses on several key research topics in which the collaboration has particular expertise: insurance, payment, and health system change; implementation, improvement science, and learning health systems; patient, provider, and organizational decision-making; health outcomes measurement; health equity; community-oriented population health; and health services outside of the clinic. Predoctoral trainees will complete the PhD curriculum and requirements in the UCLA Department of Health Policy and Management. The PhD program is designed to provide high-level methodological skills and applied training, with depth in study design and evaluation, statistics/econometrics, and applications to the health care sector. Moreover, each student is required to choose a cognate (examples include economics, sociology, public policy, organizational behavior, and health care outcomes research) in which they take additional courses that develop competencies in cognate-related theory, conceptual models and research methods. The postdoctoral program will provide individualized training plans for postdoctoral trainees. Unlike many such programs in the sciences, trainees are not assigned to work on particular projects. Upon entry into the program, they meet individually with key faculty involved in the Training Program at the four collaborating institutions so that they can learn about the opportunities in each institution and choose appropriate mentors and projects. During their postdoctoral experience, they collaborate with the program's faculty and researchers, develop their own research, submit journal articles, and write grant proposals to help facilitate their move to their next professional position.","PROJECT NARRATIVE COVID-19 has highlighted many of the finest and poorest aspects of the U.S. health care system - new vaccines were developed and delivered in record time through joint public-private partnerships, but there have been huge inequities in hospitalization and mortality rates among racial minoritized groups. The pandemic also highlighted a lack of preparedness: having a sufficient number of well-trained public health workers who can be mobilized on short notice as well as a sufficient stockpile of equipment such as surgical-quality masks. The proposed training program will make significant and distinctive contributions to the field by shepherding new scholars who will work in academia, research organizations, health care delivery systems and industry research groups to address this and many other of the country’s ongoing health and healthcare challenges.",8008808.72,2033565.45,5975243.27,2025-08-29,"Reported to GW, AHRQ Source",N/A,N/A,1992-07-01,2028-06-30,Agency for Healthcare Research and Quality,93.225,NATIONAL RESEARCH SERVICE AWARDS HEALTH SERVICES RESEARCH TRAINING,RFA-HS-22-010,N/A,N/A,N/A,FALSE,UNIVERSITY OF CALIFORNIA LOS ANGELES,CA,LOS ANGELES,CA-36,"Land grant, Public, R1, Tribal/Native Serving",SCHOOLS OF PUBLIC HEALTH,https://reporter.nih.gov/project-details/10875423,https://taggs.hhs.gov/Detail/AwardDetail?arg_AwardNum=T32HS000046&arg_ProgOfficeCode=7,https://www.usaspending.gov/award/ASST_NON_T32HS000046_075/
HS000053,T32,T32HS000053,5T32HS000053-33,Disrupted,Terminated,Health Services Research Training Years 32-36,"HEALTH SERVICES RESEARCH TRAINING YEARS 32-36 - ABSTRACT HEALTH SERVICES RESEARCH TRAINING THE GOAL OF THE TRAINING PROGRAM IS TO RECRUIT ACADEMICALLY PROMISING INDIVIDUALS AT BOTH THE PREDOCTORAL AND POSTDOCTORAL LEVELS INTO HEALTH SERVICES RESEARCH CAREERS, AND TO CHALLENGE THEM TO ADDRESS KEY PROBLEMS IN THE FIELD. WE DO THIS BY PROVIDING TRAINEES WITH THE CONCEPTUAL AND ANALYTIC SKILLS REQUIRED TO ADDRESS A BROAD RANGE OF HEALTH SERVICE RESEARCH ISSUES. TRAINEES WILL BE BASED IN THE DEPARTMENT OF HEALTH MANAGEMENT AND POLICY (HMP) IN THE UNIVERSITY OF MICHIGAN'S SCHOOL OF PUBLIC HEALTH AND THE CENTER FOR HEALTH CARE OUTCOMES AND POLICY (CHOP), WITH COLLABORATION FROM THE DEPARTMENT OF LEARNING HEALTH SCIENCES (LHS). THE PROGRAM ALSO TAKES ADVANTAGE OF THE BROADER RESOURCES OF THE UNIVERSITY OF MICHIGAN, INCLUDING TRAINING OPPORTUNITIES AVAILABLE THROUGH THE INSTITUTE FOR HEALTHCARE POLICY AND INNOVATION (IHPI) AND THE SIXTEEN STATEWIDE COLLABORATIVE QUALITY INITIATIVES COORDINATED THROUGH THE UNIVERSITY. TO ACHIEVE THIS GOAL, THE PROGRAM AIMS TO: (A) PROVIDE TRAINEES WITH A SOUND ACADEMIC BACKGROUND, RESEARCH TRAINING, AND SOCIALIZATION IN HEALTH SERVICES AND HEALTH SERVICES RESEARCH; (B) RECRUIT AND PROVIDE FINANCIAL SUPPORT FOR DIVERSE TRAINEES, FACULTY, AND RESEARCHERS CONCERNED WITH ISSUES OF HEALTH AND HEALTH POLICY. THE PROGRAM WILL SPONSOR FIVE PREDOCTORAL AND TWO POSTDOCTORAL TRAINEESHIP POSITIONS ANNUALLY OVER FIVE YEARS. THE TRAINEESHIP EXPERIENCE INCLUDES: COURSE WORK IN HEALTH SERVICES CONCEPTS AND ISSUES AS WELL AS HEALTH SERVICES RESEARCH METHODS; ACTIVE INVOLVEMENT IN ONGOING RESEARCH PROGRAMS; PARTICIPATION IN SEMINARS AND PROFESSIONAL CONFERENCES; STRUCTURED INTERCHANGE ACROSS DISCIPLINES AND OCCUPATIONS; AND GUIDANCE AND ETHICAL RESEARCH PRACTICES. THE TRAINING EXPERIENCE WILL PROVIDE TRAINEES THE ABILITY TO DEVELOP A SPECIFIC RESEARCH PROGRAM TO GUIDE THEIR FUTURE WORK. AS A RESULT OF THIS TRAINING, TRAINEES WILL DEVELOP SKILLS IN RELEVANT DISCIPLINARY AREAS (E.G., ECONOMICS, SOCIOLOGY, POLITICAL SCIENCE, DECISION SCIENCES/OPERATIONS RESEARCH) AND HEALTH SERVICES CONTENT AND RESEARCH METHODS.",N/A,6896811,2124505.38,4772305.62,2025-08-29,AHRQ Source,N/A,N/A,1992-07-01,2028-06-30,Agency for Healthcare Research and Quality,93.225,NATIONAL RESEARCH SERVICE AWARDS HEALTH SERVICES RESEARCH TRAINING,RFA-HS-22-010,N/A,N/A,N/A,FALSE,UNIVERSITY OF MICHIGAN AT ANN ARBOR,MI,ANN ARBOR,MI-06,"Public, R1",SCHOOLS OF PUBLIC HEALTH,https://reporter.nih.gov/project-details/10867346,https://taggs.hhs.gov/Detail/AwardDetail?arg_AwardNum=T32HS000053&arg_ProgOfficeCode=7,https://www.usaspending.gov/award/ASST_NON_T32HS000053_075/
HS000055,T32,T32HS000055,5T32HS000055-31,Disrupted,Terminated,Health Policy Training Grant,"Project Abstract We are applying for support to continue the Harvard Health Policy Training Program and seek monies over a five-year period for eight predoctoral students. This program is embedded in Harvard’s Interfaculty PhD Program in Health Policy, which aims to train a diverse set of investigators in health policy and health services research, consistent with the mission of AHRQ. Our students have written dissertations on topics related to many of AHRQ’s strategic research goals, including quality and patient safety, prevention and care management, health care access and equity, and evaluating organizational and payment interventions. The PhD Program is a collaboration among six Harvard faculties and is administered by a 57-member faculty committee that is appointed by the Dean of the Faculty of Arts and Sciences; the Committee is chaired by David Cutler, the Program Director for this grant application. The philosophy of the PhD Program is that students will work as part of an interdisciplinary research team and therefore need a discipline that they bring to the team, as well as an understanding of the disciplines of other team members or potential readers of their work. To implement this philosophy, students choose one of five disciplines (decision sciences, economics, management, methods for policy research, political analysis) in which they take most of their coursework; additionally, they take a year-long survey course in health policy, as well as coursework in three other disciplines. Students also receive instruction in grant writing, and training in oral and written presentations. Due to intensive monitoring and advising, most students finish their degree in five or six years. Of the 345 students who have ever begun the PhD Program, 257 have graduated and 67 are currently enrolled. We have had our current training grant since 1994 and over that time have appointed 135 students as AHRQ trainees, typically for two years. We have attracted a high-quality applicant pool and have many more qualified persons who could be trainees; we have always filled our training grant slots. Our trainees have taken jobs in academia, research institutions, and government, and they generally have received multiple job offers. Several have won awards for their predoctoral research and also for their research and teaching after the degree. For example, eight students from our program have received the AcademyHealth Outstanding Dissertation Award and one has received Honorable Mention, and five have received the Alice S. Hersch Emerging Leader Award from AcademyHealth.","Project Narrative Informing health policy requires a broad array of skills and knowledge. The Harvard Health Policy Training Program seeks to train investigators in health policy and health services research with the goal of improving the affordability, efficiency, equity, financing, and quality of health care. The program has successfully trained social scientists who have expanded the evidence base for the field.",6392541.19,1591208.25,4801332.94,2025-08-29,AHRQ Source,N/A,N/A,1994-09-30,2028-06-30,Agency for Healthcare Research and Quality,93.225,NATIONAL RESEARCH SERVICE AWARDS HEALTH SERVICES RESEARCH TRAINING,RFA-HS-22-010,N/A,N/A,N/A,FALSE,HARVARD MEDICAL SCHOOL,MA,BOSTON,MA-07,"Private, R1",SCHOOLS OF MEDICINE,https://reporter.nih.gov/project-details/10869974,https://taggs.hhs.gov/Detail/AwardDetail?arg_AwardNum=T32HS000055&arg_ProgOfficeCode=7,https://www.usaspending.gov/award/ASST_NON_T32HS000055_075/
HS000063,T32,T32HS000063,5T32HS000063-31,Disrupted,Terminated,Training in Child Health Services Research and Implementation Science,"ABSTRACT The Harvard-wide pediatric HSR Fellowship is a 30 year collaboration of Boston Children’s Hospital, Massachusetts General Hospital for Children, and the Harvard Department of Population Medicine/Harvard Pilgrim Healthcare Institute. This program has an amazing training record- the 154 alumni include 18 graduates from race/ethnicity groups underrepresented in medicine, 61 in leadership positions including 16 CMOs or Senior VPs, and four elected to the National Academy of Medicine. The curriculum is grounded in rigorous child health services research training and in-depth implementation science training, aligned with AHRQ learning health system (LHS) competencies. While our multisite collaborative leadership structure has remained constant for two decades, our list of multidisciplinary, innovative faculty is updated regularly. Pediatric HSR training programs are needed because critical epidemiologic, fiscal, and workforce differences, such as a mental health crisis or a relative dearth of quality measures and interventions, set pediatrics apart from adult medicine. Our overarching aim remains: to provide outstanding, comprehensive training across the spectrum of pediatric health services research methods that both advances understanding of equitable health and healthcare systems, and tests and evaluates implementation of novel approaches that demonstrably improve child health. Toward this aim, the objectives for this fellowship are to: 1) recruit and retain diverse candidates; 2) provide exemplary training in health services research and implementation science within LHS; 3) support our dedicated faculty; 4) continuously improve the training program and update the curriculum; and 5) continue to develop diverse graduates to lead the nation in innovative pediatric health services research, including research that accelerates the development of LHS. To meet this goal, training focus areas include: cutting edge and emerging methods in health systems research; application of implementation science and related methods; LHS competencies including embedded research and health equity research within health systems; and patient and family-centered research. The program will support 7 postdoctoral trainees per year for the 2-year postdoctoral fellowship to create a critical mass of trainees across subspecialties, areas of research, and methodological domains. In addition to conducting closely mentored research, each trainee will complete coursework from the Harvard T.H. Chan School of Public Health for core skills of biostatistics and epidemiology and participate in advanced health services research methods training. Over the past 30 years, our program has evolved in response to feedback from trainees, faculty, and our advisory board. In this cycle, we will expand LHS training consistent with AHRQ’s new health equity and embedded research competencies and add an alumni mentoring program. Renewal of our T32 Program will address a critical deficiency in the pediatric subspecialist and generalist healthcare delivery system scientists that will foster the development and success of learning healthcare systems to improve child health.","PROJECT NARRATIVE The Harvard-wide pediatric Health Services Research (HPHSR) Fellowship is a 30 year collaboration of Boston Children’s Hospital, Massachusetts General Hospital for Children, and the Harvard Department of Population Medicine/Harvard Pilgrim Healthcare Institute. Our multidisciplinary, well-funded faculty provide exemplary training in pediatric health services research and implementation science within leading health systems. This program has an amazing training record- the 154 alumni include 18 graduates from racial or ethnic groups underrepresented in medicine, 61 in academic or research leadership positions including 16 CMOs or Senior VPs, and four alumni elected to the National Academy of Medicine",7013136.68,2056038.46,4957098.22,2025-08-29,AHRQ Source,N/A,N/A,1994-09-30,2028-06-30,Agency for Healthcare Research and Quality,93.225,NATIONAL RESEARCH SERVICE AWARDS HEALTH SERVICES RESEARCH TRAINING,RFA-HS-22-010,N/A,N/A,N/A,FALSE,BOSTON CHILDREN'S HOSPITAL,MA,BOSTON,MA-07,N/A,Independent Hospitals,https://reporter.nih.gov/project-details/10869968,https://taggs.hhs.gov/Detail/AwardDetail?arg_AwardNum=T32HS000063&arg_ProgOfficeCode=7,https://www.usaspending.gov/award/ASST_NON_T32HS000063_075/
HS000084,T32,T32HS000084,5T32HS000084-27,Disrupted,Terminated,The University of Chicago and Northwestern University Predoctoral Health Services Research Program-Renewal,"PROJECT SUMMARY/ABSTRACT The University of Chicago is requesting continued support from the Agency for Healthcare Research and Quality (AHRQ) for the National Research Service Award (NRSA) program entitled the University of Chicago And Northwestern University Predoctoral Health Services Research Program (UCANU Predoctoral HSR Program), a joint predoctoral training program that began in 2013. The program will provide two to three years of support to outstanding candidates from participating predoctoral programs from both University of Chicago (UC) and Northwestern University (NU): Comparative Human Development (UC), Economics (UC), Psychology (UC), Sociology (UC), Public Health Sciences (UC), Business (UC), Public Policy (UC), Social Work (UC), and the Health Sciences Integrated Program (NU). The UCANU Predoctoral HSR Program draws upon the substantial and complementary resources, faculty, and expertise at both UC and NU to create new opportunities for our trainees to develop into productive health services researchers. This program links the well-established UC predoctoral training program that includes a strong disciplinary base with an eleven-yearold, interdisciplinary predoctoral program at NU. The UCANU Predoctoral HSR Program will continue to enhance the training provided by both programs by offering trainees a highly diverse group of peers and mentors, a joint UCANU seminar where trainees can present their research, formal coursework opportunities, and a wide array of settings in which to perform HSR. In this newest iteration, we will continue offering training in learning health systems research and enhance program activities to provide additional focused training in implementation science and promoting health equity. Overall, the UCANU Predoctoral HSR Program aims to produce the next generation of highly skilled health services researchers who will have the skills to conduct independent and collaborative research that will transform health care delivery and policy and advance health equity.","PROJECT NARRATIVE The University of Chicago And Northwestern University Predoctoral Health Services Research Program, referred to as the “UCANU Predoctoral HSR Program,” proposes to build and expand upon the first ten years of success of a unique, joint predoctoral training program to prepare social scientists and clinicians with the knowledge and methodological skills to address the most pressing issues in the US healthcare delivery system.",7027966.1,1602611.66,5425354.4399999995,2025-08-29,AHRQ Source,N/A,N/A,1998-07-01,2028-06-30,Agency for Healthcare Research and Quality,93.225,NATIONAL RESEARCH SERVICE AWARDS HEALTH SERVICES RESEARCH TRAINING,RFA-HS-22-010,N/A,N/A,N/A,FALSE,UNIVERSITY OF CHICAGO,IL,CHICAGO,IL-01,"Private, R1",SCHOOLS OF MEDICINE,https://reporter.nih.gov/project-details/10875425,https://taggs.hhs.gov/Detail/AwardDetail?arg_AwardNum=T32HS000084&arg_ProgOfficeCode=7,https://www.usaspending.gov/award/ASST_NON_T32HS000084_075/
HS013852,T32,T32HS013852,5T32HS013852-22,Disrupted,Terminated,UAB Health Services Research (HSR) Training Program,"Abstract We propose renewal of the University of Alabama at Birmingham (UAB) health services research (HSR) T32 training grant. UAB and our training program are situated in Alabama, in the heart of the U.S. Deep South region with a disproportionate burden of disease, lagging health indicators, and deep-seated inequities. The centerpiece of the UAB Center for Outcomes and Effectiveness Research and Education (COERE) training portfolio since 2003, the UAB HSR T32 program is as important now as it has ever been. Federal and state laws, hospital closures, and limited rural healthcare providers result in an environment with formidable barriers to Agency for Healthcare Research and Quality mission-aligned priorities of making health care safer, higher quality, more accessible, equitable, and affordable. In this context, our overarching objective is to equip diverse cohorts of pre- and postdoctoral fellows with the health services research and professional skills to become change agents in the healthcare research workforce. MPD/MPI Michael Mugavero, MD, MHSc and Emily Levitan, ScD collaborate with 9 Core Faculty and 49 Participating Faculty Mentors buttressed by an $84 million extramural funding research base to deliver rigorous didactic and experiential training via the following specific aims: 1. Cultivate a dynamic, inclusive, and engaging training environment. 2. Foster the conduct of mentored research projects. 3. Train fellows in health services and outcomes research methodology and professional skills. 4. Sponsor Certificate, Master’s, and Doctoral degrees. 5. Facilitate participation in enrichment programs. 6. Evaluate program effectiveness. Numerous training program innovations are proposed, informed by systematic program evaluation with feedback from an Advisory Committee and Alumni Council. These include an immersive training experience in newly renovated physical space, increased emphasis on health equity research methods, and the addition of hands-on Career Development Workshops and Office Hours with methodologists from diverse disciplines. With this renewal, we propose continuation of 4 predoctoral and 5 postdoctoral slots, noting all slots have been filled in the history of the program, with roughly 5 applicants per available slot (20% acceptance). We are deeply committed to promoting diversity and inclusivity, with 31% of UAB HSR T32 fellow slots appointed to persons from backgrounds underrepresented in biomedical research in the current reporting period. The performance of our trainees has been outstanding, with 100% program completion, 125 fellow publications, and 6 alumni receiving extramural K awards in the current reporting period. Overall, 79% of program alumni remaining in the healthcare research workforce. Institutional commitments include newly renovated physical space housing the COERE and UAB HSR T32 training program, and funding for training program faculty and staff salaries, an additional postdoctoral slot, and training and enrichment programs. We are deeply committed to catalyzing the careers of the next generation of change agents who improve health outcomes and overcome inequities in the U.S. Deep South and beyond.","Narrative We propose renewal of the University of Alabama at Birmingham (UAB) health services research (HSR) T32 training program, with 4 predoctoral and 5 postdoctoral slots per year. MPD/MPI Michael Mugavero, MD, MHSc and Emily Levitan, ScD collaborate with 9 Core Faculty and 49 Participating Faculty Mentors to deliver health services research and professional skills training to diverse cohorts of trainees. Our overarching goal is to train change agents who use these skills to improve health outcomes and overcome health disparities in Alabama, across the Deep South, and in other regions in the U.S.",7578286.08,2227514.92,5350771.16,2025-08-29,AHRQ Source,N/A,N/A,2003-07-01,2028-06-30,Agency for Healthcare Research and Quality,93.225,NATIONAL RESEARCH SERVICE AWARDS HEALTH SERVICES RESEARCH TRAINING,RFA-HS-22-010,N/A,N/A,N/A,FALSE,UNIVERSITY OF ALABAMA AT BIRMINGHAM,AL,BIRMINGHAM,AL-07,"Public, R1",SCHOOLS OF MEDICINE,https://reporter.nih.gov/project-details/10869967,https://taggs.hhs.gov/Detail/AwardDetail?arg_AwardNum=T32HS013852&arg_ProgOfficeCode=7,https://www.usaspending.gov/award/ASST_NON_T32HS013852_075/
HS013853,T32,T32HS013853,5T32HS013853-22,Disrupted,Terminated,University of Washington Health Services Research Training Program,"PROJECT SUMMARY/ABSTRACT Objective. The University of Washington (UW) Health Services Research Training Program provides predoctoral research training to individuals interested in careers in health services, behavioral, and clinical research that are relevant to AHRQ's mission. The Program supports AHRQ's efforts to expand and diversify the scientific workforce engaged in research to improve clinical and health systems' practices. The Program builds capacity in health services research nationally and in the Pacific Northwest region. Trainees. The Training Program supports ten predoctoral trainees per year: eight receiving broad-based training in health services research through the Health Services doctoral program and two receiving focused training in health outcomes, economic outcomes, and policy research on health care technologies through the Health Economics and Outcomes Research doctoral program. Trainees receive two years of support, typically upon entry into one of the doctoral programs. Trainees with diverse backgrounds are recruited for their potential to make a successful career in health services research. Design. Trainees obtain either a PhD in Health Services or a PhD in Health Economics and Outcomes Research. The Health Services doctoral program offers a competency-based curriculum that provides: 1) comprehensive knowledge of the health care system, health policy, and the determinants of and disparities in population health; 2) rigorous training in the theory and research methods of core health services research disciplines; disciplines; 3) expertise in an area of emphasis through intensive preparation in theory, content, and methods; and 4) training in effective communication within organizations and with scientific and lay audiences. The Health Economics and Outcomes Research doctoral program offers a competency-based curriculum that prepares trainees to compare the clinical, economic, and patient-centered effects of medicines and other health technology in patient populations and conduct patient-centered outcomes research. Trainees in both doctoral programs conduct applied, multidisciplinary research at UW research centers or external research partners. Strong mentorship produces high quality research aligned with AHRQ's mission and priority populations to facilitate the translation of findings into policy and practice. Outcomes. The Training Program has an excellent record of producing well prepared, productive health services researchers. Of the 35 predoctoral trainees who graduated with a PhD, 31 are employed in research positions in universities or other research organizations. The 35 graduated trainees and 20 current trainees published 118 papers between doctoral program entry and graduation.","The research that trainees completing the UW Health Services Research Training Program will conduct will further AHRQ's mission to make health care safer, higher quality, affordable, accessible and equitable.",6286609.63,1650509.02,4636100.609999999,2025-08-29,AHRQ Source,N/A,N/A,2003-07-01,2028-06-30,Agency for Healthcare Research and Quality,93.225,NATIONAL RESEARCH SERVICE AWARDS HEALTH SERVICES RESEARCH TRAINING,RFA-HS-22-010,N/A,N/A,N/A,FALSE,UNIVERSITY OF WASHINGTON,WA,SEATTLE,WA-07,"Public, R1, Tribal/Native Serving",SCHOOLS OF PUBLIC HEALTH,https://reporter.nih.gov/project-details/10863860,https://taggs.hhs.gov/Detail/AwardDetail?arg_AwardNum=T32HS013853&arg_ProgOfficeCode=7,https://www.usaspending.gov/award/ASST_NON_T32HS013853_075/
HS017589,T32,T32HS017589,5T32HS017589-17,Disrupted,Terminated,Yale Training Program in Health Services Research,"Project Summary This proposal requests a renewal and expansion of our existing T32 research training grant, from 4 to 6 predoctoral trainees and from 2 to 4 post-doctoral trainees annually. The Yale program is based in the Department of Health Policy and Management in the School of Public Health, engaging core faculty from two other departments within YSPH and ten other departments outside YSPH. The program is now in its fifteenth year, having supported 36 trainees (19 pre-docs and 17 post-docs). The metrics of success are clear: trainees complete the program in a timely manner; trainees have published XX unique articles based on their program engagement; 95% of those who have completed the program are currently in research-intensive or researchrelated positions, many at top-tier universities. Our rationale for the proposed expansion is based on the program’s distinctive approach to its mission: to train young scholars who are skilled at working in crossdisciplinary teams, who are committed to tackling problems of real-world importance, and who are engaged in the process not simply of creating policy-relevant findings, but also translating those findings into practice. The program design reflects these objectives. It incorporates multiple mentors for each trainee to provide them with cross-disciplinary exposure; it integrates trainees into a highly collaborative network of research preceptors, embodying our expectations that trainees will be willing and able to pursue team science throughout their careers. The program fosters a commitment to translating research into practice by requiring predoctoral trainees to pursue applied field experience (the TRIPP) to help them better understand the practical and institutional realities of the fields affected by their research. Post-doctoral trainees learn methods for community-based participatory research to complement their other methodological skills. Both pre- and postdoctoral trainees can connect with two centers advancing implementation science, one fostering innovative methods, the other exemplary stakeholder engagement. Over its history, the program has evolved to more effectively foster in young scholars a commitment to research that has lasting impact. Over the next five years, we anticipate continued evolution, most notably incorporating (a) an enriched exposure to cutting-edge methods to allow trainees not only to assess and but also to enhance healthcare equity, (b) analytic skills needed to tackle emerging health threats, such as policy modeling to inform responses to COVID and other emergent health threats, and (c) an expanded integration of clinicians into post-doctoral training in ways that enrich their abilities and those of non-clinician trainees.","Project Narrative This training program is designed to develop early career scholars who identify timely research problems, conceptualize creative responses, apply cutting-edge research techniques, and effectively guide the translation of findings into policy and practice. Our trainees are prepared to tackle the complex ways in which contemporary health and health care problems transcend disciplinary boundaries. Their published work, both during and after completing the program, has had a demonstrable impact on health care, healthcare equity, as well as the policies and practices that affect both.",5573964.83,1329777.96,4244186.87,2025-08-29,AHRQ Source,N/A,N/A,2008-07-01,2028-06-30,Agency for Healthcare Research and Quality,93.225,NATIONAL RESEARCH SERVICE AWARDS HEALTH SERVICES RESEARCH TRAINING,RFA-HS-22-010,N/A,N/A,N/A,FALSE,YALE UNIVERSITY,CT,NEW HAVEN,CT-03,"Private, R1",SCHOOLS OF MEDICINE,https://reporter.nih.gov/project-details/10863873,https://taggs.hhs.gov/Detail/AwardDetail?arg_AwardNum=T32HS017589&arg_ProgOfficeCode=7,https://www.usaspending.gov/award/ASST_NON_T32HS017589_075/
HS022241,T32,T32HS022241,5T32HS022241-12,Disrupted,Terminated,UC Berkeley-UCSF Health Services Research Training Program,"Project Summary During this time of rapid evolution and uncertain future in the US healthcare system, it is critical that the US prepare a new generation of scientific leaders with the interdisciplinary training, flexible critical thinking skills and real-world grounding to provide the necessary leadership to make sound decisions for our future. The University of California, Berkeley (UC Berkeley) and University of California, San Francisco (UCSF), widely regarded as two of the top public universities in the world, both have long-standing health services research (HSR) training programs. UC Berkeley and UCSF propose a five-year renewal of the joint HSR T32 training program for four predoctoral and two postdoctoral trainees. The overall objective of the fellowship program is to harness collaboration, complementary skills, and training capacity of the two institutions to provide an outstanding training experience that emphasizes the application of interdisciplinary advances in social, behavioral, and data sciences to real world challenges of clinicians, healthcare delivery systems, and health policy makers. The predoctoral program provides rigorous training in research methods central to HSR, including data science, quasi-experimental methods, econometrics, and implementation science, as well as opportunities to partner with health care organizations and systems to conduct research that is responsive to their priorities. Predoctoral trainees are required to have previously completed coursework in epidemiology, economics, and statistics, and during our program they complete courses in research design, advanced statistics, health economics, public policy, and organization behavior. The four predoctoral traineeships are selected on an annual basis and each can be reappointed for an additional year, depending on coursework and research performance. The postdoctoral program, administered by the UCSF Philip R. Lee Institute for Health Policy Studies, is a two-year fellowship program that provides intensive experiential HSR training to doctorally-trained social and behavioral scientists, as well as doctoral-level health professionals with the equivalent of an MPH degree. Throughout their training, trainees participate in biweekly colloquia at UCSF and UC Berkeley to expose them to cutting edge research in progress by nationally and internationally recognized health services researchers.","Project Narrative Training a new generation of scientific leaders in health services research (HSR) is crucial for improving the quality, efficiency, and equity of health care delivery in the United States. The UC Berkeley-UCSF Health Services Research T32 uses an interdisciplinary social and behavioral science approach to health services research training at both pre- and postdoctoral levels. The faculty group’s application of interdisciplinary advances -- including in data science, behavioral economics, and implementation science methods – to issues of direct relevance to policymakers and health care organization leaders, and close mentorship, equips trainees to conduct partnered health services research that can generate evidence to improve access to care, affordability, quality, patient outcomes, and to advance equity.",3226487.14,1318770.4,1907716.7400000002,2025-08-29,AHRQ Source,N/A,N/A,2013-07-01,2028-06-30,Agency for Healthcare Research and Quality,93.225,NATIONAL RESEARCH SERVICE AWARDS HEALTH SERVICES RESEARCH TRAINING,RFA-HS-22-010,N/A,N/A,N/A,FALSE,UNIVERSITY OF CALIFORNIA BERKELEY,CA,BERKELEY,CA-12,"Land grant, Public, R1, Tribal/Native Serving",SCHOOLS OF PUBLIC HEALTH,https://reporter.nih.gov/project-details/10863863,https://taggs.hhs.gov/Detail/AwardDetail?arg_AwardNum=T32HS022241&arg_ProgOfficeCode=7,https://www.usaspending.gov/award/ASST_NON_T32HS022241_075/
HS022242,T32,T32HS022242,5T32HS022242-12,Disrupted,Terminated,Training in Health Services Research for Vulnerable Populations,"ABSTRACT Since 2013, our AHRQ T32 program has successfully recruited diverse fellows and prepared them for health services research careers. We have trained 24 researchers, resulting in 35 presentations and 26 publications. Five of our trainees are still engaged in the training program and are on track to meet all our stated objectives; of the nineteen graduates, seven (six postdoctoral and one predoctoral who completed his PhD) have appointments at academic institutions and two are completing their PhDs at the BUSPH. This competitive renewal builds on our successful program in several important ways. We are expanding the diversity in content by including trainees and mentors from the Department of Surgery. We are also adding additional didactic and training and experiential opportunities and social determinants of health and health equity. Our interdisciplinary predoctoral and postdoctoral fellowship aims to produce Family Medicine, General Internal Medicine, Pediatrics, Surgery and Public Health researchers who will lead efforts to improve health care delivery for underserved patients. The four objectives of our program are to: (1) Recruit and retain high-quality, diverse candidates interested in research careers focused on improving health care quality, access, and delivery for underserved patients; (2) Provide predoctoral and postdoctoral fellows with comprehensive research training; (3) Produce graduates who will conduct research on health care quality, delivery, and health outcomes for low-income populations and whose research translates to systems change; and (4) Evaluate our program for continuous improvement. The program is led by Dr. Marc LaRochelle, an experienced researcher and mentor, and Co-Directed by an interdisciplinary team of senior scientists. We have established four pedagogical structures essential to training research fellows: (1) Intensive mentoring; (2) Boston University School of Public Health (BUSPH) courses culminating in a Master’s in Population Health for postdoctoral fellows and a PhD for predoctoral fellows; (3) Interdisciplinary academic seminars; and (4) Supervised conduct of at least two research projects. Predoctoral training includes the first 3 didactic years of the PhD program. Postdoctoral training is 2 years. Each year, we will train 3 predoctoral and 3 postdoctoral fellows. Fellows will become health service researchers focused on health care quality, delivery, and outcomes for low-income populations. We track graduates 1, 5, and 10 years after graduation (goal: >85% enter research careers focused on improving healthcare quality; >70% remain in health services research after 3 years; >50% lead efforts to implement new care models and have >1 funded research within 5 years).","PROJECT NARRATIVE In 2013, Boston Medical Center, New England’s largest safety-net hospital, established an interdisciplinary predoctoral and postdoctoral AHRQ fellowship program and have successfully trained Family Medicine, General Internal Medicine, Pediatrics, and Public Health researchers to improve health care delivery for underserved patients. This competitive renewal will expand our program by including trainees from the Department of Surgery, and add social determinants of health, health equity, and community engagement didactic and experiential learning opportunities. The four objectives of our program are to: (1) Recruit and retain high-quality, diverse candidates interested in research careers focused on improving health care quality, access, and delivery for underserved patients; (2) Provide predoctoral and postdoctoral fellows with comprehensive research training; (3) Produce graduates who will conduct research on health care quality, access and delivery for low-income populations and whose research translates to systems change; and (4) Evaluate our program for continuous improvement.",4131596.31,1541525.31,2590071,2025-08-29,AHRQ Source,N/A,N/A,2013-07-03,2028-06-30,Agency for Healthcare Research and Quality,93.225,NATIONAL RESEARCH SERVICE AWARDS HEALTH SERVICES RESEARCH TRAINING,RFA-HS-22-010,N/A,N/A,N/A,FALSE,BOSTON MEDICAL CENTER,MA,BOSTON,MA-07,N/A,Independent Hospitals,https://reporter.nih.gov/project-details/10876319,https://taggs.hhs.gov/Detail/AwardDetail?arg_AwardNum=T32HS022242&arg_ProgOfficeCode=7,https://www.usaspending.gov/award/ASST_NON_T32HS022242_075/
HS026116,T32,T32HS026116,5T32HS026116-07,Disrupted,Terminated,Postdoctoral Training in Health Services Research,"PROJECT SUMMARY/ABSTRACT This application seeks renewal of support for the University of Pennsylvania’s (Penn’s) postdoctoral training program in health services research (HSR). The program’s overall goal is to train investigators to conduct independent, rigorous, and high-impact HSR and thereby improve the quality, safety, efficiency, and equity of health care organization, financing, and delivery. Our program leverages Penn’s well-established institutions and resources dedicated to producing high-quality and high-impact HSR, including top-tier educational programs, outstanding faculty and mentorship, a robust research infrastructure, and a strong institutional commitment to HSR. Addressing the complex challenges facing the nation’s healthcare system requires diverse perspectives and partnerships across multiple academic disciplines. In recognition of this, we have designed our post-doctoral training program for both clinicians seeking to become clinician-researchers by acquiring HSR skills, as well as PhD-trained economists seeking to apply their methodological expertise to the field of HSR. Our program not only develops these competencies for both trainee groups, but also, by linking clinicianresearchers with PhD-trained postdocs in Penn’s collaborative and interdisciplinary HSR training environment, we aim to develop leaders who can build diverse and inclusive investigator teams that combine disciplinary and institutional expertise. Our T32 program will continue to be administered by Penn’s Perelman School of Medicine, which houses one of our training program’s key educational curricula—the Master of Science in Health Policy Research—and will closely collaborate with Penn’s Leonard Davis Institute for Health Economics (LDI), which runs the second key training program component—LDI’s postdoctoral program for health economists. The Perelman School and LDI have a long and robust history of successful collaborations. This program will also continue to draw on additional faculty expertise and mentoring from Penn’s Wharton School, Penn’s School of Nursing, and the Children’s Hospital of Philadelphia. Together these entities are well suited to provide the highest quality training environment to both clinician-researchers and PhD-trained economists seeking to become independent and influential health services researchers. Thus, our HSR training program capitalizes on Penn’s unique strengths and long history in fostering cutting-edge research across its schools and disciplines. Our program’s graduates will have the necessary skills to address the health care delivery system’s most pressing problems and make health care organization and delivery higher quality, safer, more efficient, and equitable.","PROJECT NARRATIVE Addressing the complex challenges facing the nation’s health care system requires diverse perspectives and disciplines. This post-doctoral training program is designed for both clinicians seeking to become clinician-researchers by acquiring health services research skills, as well as PhD-trained economists seeking to apply their methodological expertise to the field of health services research. We aim to train future leaders in health services research who will address our health care delivery system’s most pressing problems and make health care organization and delivery higher quality, safer, more efficient, and equitable.",3875424.87,2098996.04,1776428.83,2025-08-29,AHRQ Source,N/A,N/A,2018-07-01,2028-06-30,Agency for Healthcare Research and Quality,93.225,NATIONAL RESEARCH SERVICE AWARDS HEALTH SERVICES RESEARCH TRAINING,RFA-HS-22-010,N/A,N/A,N/A,FALSE,UNIVERSITY OF PENNSYLVANIA,PA,PHILADELPHIA,PA-03,"Private, R1",SCHOOLS OF DENTISTRY/ORAL HYGN,https://reporter.nih.gov/project-details/10866466,https://taggs.hhs.gov/Detail/AwardDetail?arg_AwardNum=T32HS026116&arg_ProgOfficeCode=7,https://www.usaspending.gov/award/ASST_NON_T32HS026116_075/
HS026121,T32,T32HS026121,5T32HS026121-07,Disrupted,Terminated,Patient Safety and Health Services Research Training,"1 This application requests continued funding for Columbia University Patient Safety and Health Services  2 Research Training, a novel health services research training program with a focus on patient safety in the  3 hospital setting. The program aligns with the AHRQ mission to provide evidence that improves safety, quality,  4 effectiveness, value, equity, and access in healthcare. This postdoctoral training program leverages the  5 extensive resources available at Columbia University, including the Mailman School of Public Health and Irving  6 Institute for Clinical and Translational Research (CTSA), and its affiliation with NewYork-Presbyterian/  7 Columbia University Irving Medical Center. The purpose of the training program is to provide clinician 8 researchers with the foundation and skills to become independent investigators in patient safety and health  9 services research. This training program offers a unique combination of formal research education, mentored 10 research projects, and exposure to patient safety operations at a large academic medical center. The program 11 consists of four core training components: 1) Formal Research Education; 2) Mentored Research Projects; 12 3) Patient Safety Immersion; and 4) Bi-Weekly Research Seminars. Trainees have the opportunity to work with 13 a diverse and accomplished group of Columbia faculty with a proven track record of grant funding, 14 interdisciplinary research collaboration, publication, and mentorship. Our diverse Faculty Mentors represent a 15 broad range of disciplines in the Departments of Medicine, Biomedical Informatics, Neurology, Obstetrics, 16 Pediatrics, and Psychiatry, and Schools of Nursing and Public Health. Faculty Mentors have expertise and 17 active research support in AHRQ-related focus areas, including medical errors, medication safety, healthcare18 associated infections, health informatics, quality measurement and outcomes, cost and cost-effectiveness, 19 chronic disease epidemiology, health equity, and health disparities. Trainees are mentored using a team20 mentoring model consisting of a primary Senior Research Mentor, Junior or Senior Co-Mentor, and consulting 21 advisors with expertise needed to support each Trainee and develop essential research competencies. All 22 Trainees will earn a Master of Science in a research-intensive degree program from Columbia’s Mailman 23 School of Public Health. A distinctive core component of the program is the Patient Safety Immersion, 24 consisting of an interactive and experiential patient safety curriculum and involvement in hospital patient safety 25 operations, including reviewing adverse event reports and attending root cause analyses. We request funding 26 for a total of 15 Trainees, all with a strong interest in patient safety and health services research. Candidates 27 are recruited from top-ranked residency programs through a wide range of nationwide recruitment strategies, 28 including newly established collaborations to recruit Trainees from underrepresented minority groups. The 29 program is centered in Columbia’s Department of Medicine/Division of General Medicine, which houses the 30 Section of Hospital Medicine and a well-established infrastructure to support research training activities.","Despite a heightened focus on patient safety over the past two decades, preventable harms remain excessively high with implications for mortality, morbidity, and quality of life. This innovative health services research training program focuses on patient safety in the hospital setting, with direct application to policy and patient care. This interdisciplinary postdoctoral research training program will prepare the next generation of diverse health services researchers to generate evidence to improve safety, quality, equity, and outcomes in healthcare delivery.",2438075.46,948540.95,1489534.51,2025-08-29,AHRQ Source,N/A,N/A,2018-07-01,2028-06-30,Agency for Healthcare Research and Quality,93.225,NATIONAL RESEARCH SERVICE AWARDS HEALTH SERVICES RESEARCH TRAINING,RFA-HS-22-010,N/A,N/A,N/A,FALSE,COLUMBIA UNIVERSITY HEALTH SCIENCES,NY,NEW YORK,NY-13,"Private, R1",SCHOOLS OF MEDICINE,https://reporter.nih.gov/project-details/10875422,https://taggs.hhs.gov/Detail/AwardDetail?arg_AwardNum=T32HS026121&arg_ProgOfficeCode=7,https://www.usaspending.gov/award/ASST_NON_T32HS026121_075/
HS026122,T32,T32HS026122,5T32HS026122-07,Disrupted,Terminated,Learning Health System training program: PROgRESS-- Patient/ pRactice Outcomes and Research in Effectiveness and Systems Science,"PROJECT SUMMARY The learning healthcare system is designed to “generate and apply the best evidence for the collaborative healthcare choices of each patient and provider, drive the process of discovery as a natural outgrowth of patient care, and ensure innovation, quality, safety, and value in healthcare.” Vanderbilt is committed to continuing in the development of a cadre of scientists formally trained and well versed in best methods for integrating scientific discovery, evidence implementation, and evaluation of health policies within the learning healthcare system. We have a strong track record of training fellows and improving patient outcomes. We propose to renew the Vanderbilt Patient, pRactice Outcomes and Research in Effectiveness and Systems Science (PROgRESS) Program to cross train post-doctoral investigators with a focus in the learning healthcare system's three core disciplines: 1) Patient Centered Outcomes Research - To determine which strategies are most effective for patients; 2) Implementation Science - To implement and evaluate those effective strategies into practice; and 3) Health Policy/ Community Health - To influence policy to benefit all patients and improve health of the population and community. By cross training researchers, we will draw together groups of trainees and mentors to model team science. We provide role models to junior investigators and forums that demonstrate the intellectual productivity and practical benefits of interdisciplinary research in advancing human health. We endorse team approaches to filling gaps in knowledge and translating knowledge into application that leads to improvement in the populations' health. A robust and diverse pool of talented applicants is available with more applicants each year than spaces available in the program. We have a thriving Implementation Science program, a wellpositioned Department of Health Policy, and diverse partners including Meharry Medical College and Vanderbilt University School of Nursing. PROgRESS trainees will continue to access faculty mentors with sustained federal funding who have an extensive track record of mentoring trainees. Each trainee's Scholarship Oversight Committee (SOC) will draw from an experienced pool of mentors in the three areas of focus: Patient Centered Outcomes Research, Implementation Science, and Health Policy/Community Health. The program will continue to provide: 1) advanced didactics, including a degree program or focused classwork; 2) formal mentorship that prepares trainees for K-level training; and 3) experiential learning through the conduct of a research project. Trainees will be supported by a broad array of institutional resources for training and development, including: Work in Progress, Clinical Quality and Implementation Research Scholarly Series and journal clubs, Biostatistics Seminars, clinical and translational seminars, and peer-mentoring activities. Taken together, these resources provide an optimal environment for developing the next generation of learning health system scientists.","PROJECT NARRATIVE The learning healthcare system is designed to “generate and apply the best evidence to optimize the collaborative healthcare choices of each patient and provider, drive the process of discovery as a natural outgrowth of patient care, and ensure innovation, quality, safety, and value in healthcare.” Vanderbilt is developing investigators in multiple disciplines, who are formally trained and well versed in best methods for engaging and improving the learning healthcare system. We propose to continue training future investigators in the Vanderbilt Patient, pRactice Outcomes and Research in Effectiveness and Systems Science (PROgRESS) Training Program in three distinct methodologic areas: 1) Patient Centered Outcomes Research -To determine which strategies are most effective for patients; 2) Implementation Science-To implement those effective strategies into practice; and, 3) Health Policy/ Community Health-To influence policy to benefit all patients and improve the health of the community.",3646988.31,2237259.69,1409728.62,2025-08-29,AHRQ Source,N/A,N/A,2018-07-01,2028-06-30,Agency for Healthcare Research and Quality,93.225,NATIONAL RESEARCH SERVICE AWARDS HEALTH SERVICES RESEARCH TRAINING,RFA-HS-22-010,N/A,N/A,N/A,FALSE,VANDERBILT UNIVERSITY MEDICAL CENTER,TN,NASHVILLE,TN-07,"Private, R1",Independent Hospitals,https://reporter.nih.gov/project-details/10872157,https://taggs.hhs.gov/Detail/AwardDetail?arg_AwardNum=T32HS026122&arg_ProgOfficeCode=7,https://www.usaspending.gov/award/ASST_NON_T32HS026122_075/
HS026128,T32,T32HS026128,5T32HS026128-07,Disrupted,Terminated,Stanford Health Services Research Training Program,"Project Summary/Abstract  The objective of Stanford's Health Services Research Training Program (HSRTP) is to develop independent, diverse, well-trained researchers who conduct rigorous, innovative, reproducible, and responsible health services research (HSR) with the goal of improving the U.S. healthcare system. The program is motivated by our view that excellent HSR requires a strong grasp of core methodological skills and the ability to apply them to important real-world problems, diversity in its practitioners and in its practice, inter- and multidisciplinary engagement, and interaction with both traditional and emerging research questions. We thus incorporate strong training in our core disciplinary areas of health economics, decision science, and outcomes research and evaluation methodology; training in key foundational content areas like health equity and social determinants of health, healthcare delivery, and healthcare systems; exposure to cutting-edge data science and methodologies; and engagement with a range of academic and non-academic settings. We emphasize the presence of diverse perspectives in our trainees, mentors, and research environment. Trainees work in a rich multidisciplinary environment, frequently side-by-side with trainees and faculty from areas like clinical medicine, economics, engineering, ethics, informatics, and law.  Mentored research experiences are central to our program. Trainees pursue independent research in their area(s) of interest, working with multiple mentors with complementary expertise including at least one mentor focused on career development. The program includes 42 faculty mentors, with diverse backgrounds, drawn from 16 departments or programs. Trainees will find opportunities to engage with experts in a wide variety of areas, including AHRQ priority areas of quality, safety, equity, access, affordability, and value.  Our program takes advantage of collaborations with delivery systems including Stanford Medicine and its learning health care system, Kaiser Permanente, the Veterans Administration, and Intermountain Healthcare; our location in Silicon Valley and connections to leading private sector settings doing healthrelated research like Google, Apple and Facebook; and major investments in cutting-edge data and computing resources to support HSR along with leading investigators in advanced computing, machine learning, artificial intelligence, textual processing, and their application.  The program will support 7 pre- and 3 postdoctoral trainees per year, providing 2–3 years of full-time support for each trainee. Predoctoral trainees earn a PhD in Health Policy or a related field and postdoctoral fellows with a professional degree (e.g., MD) commonly earn an MS in Health Policy. Postdoctoral trainees with a research degree focus on research complemented by our core curriculum and targeted electives. Our aim is that these trainees will strengthen the next generation of diverse HSR leaders, equipped to generate, translate, and disseminate the evidence needed to improve health care delivery in the United States.","Project Narrative The proposed training program will develop diverse researchers who conduct rigorous, innovative health services research on important challenges facing healthcare in the United States. This research will guide the development of programs, innovations, and policies that strengthen the healthcare system, advance healthcare delivery, and improve the health of Americans.",3669037.83,2257880.5300000003,1411157.2999999998,2025-08-29,AHRQ Source,N/A,N/A,2018-07-01,2028-06-30,Agency for Healthcare Research and Quality,93.225,NATIONAL RESEARCH SERVICE AWARDS HEALTH SERVICES RESEARCH TRAINING,RFA-HS-22-010,N/A,N/A,N/A,FALSE,STANFORD UNIVERSITY,CA,STANFORD,CA-16,"Private, R1",SCHOOLS OF MEDICINE,https://reporter.nih.gov/project-details/10872151,https://taggs.hhs.gov/Detail/AwardDetail?arg_AwardNum=T32HS026128&arg_ProgOfficeCode=7,https://www.usaspending.gov/award/ASST_NON_T32HS026128_075/
HS026522,R01,R01HS026522,5R01HS026522-07,Disrupted,Terminated,iMatter2: An AI-driven approach to supercharge a novel digital patient-reported outcomes tool for diabetes management,"Project Summary: Uncontrolled type 2 diabetes (T2D) is a major health problem in the US that constitutes a significant cause of morbidity and mortality, particularly in minoritized populations who continue to suffer disproportionately higher rates of complications. Despite the significant role primary care practices play in the management of T2D, they were never designed nor ideally suited to capture and address the complex psychosocial (e.g., stress) and behavioral factors (e.g., adherence to self-care) that significantly impact glycemic control. However, without incorporating the psychosocial and behavioral impacts of T2D into clinical decision-making, achievement of the outcomes desired by patients and primary care providers (PCP) will be unattainable. Application of patient-reported outcomes (PROs) to T2D care represents an ideal opportunity to capture the psychosocial and behavioral impacts of living with T2D on patients' clinical outcomes. In direct response to NOT-HS-16-015, this renewal application, which builds on our AHRQ-funded randomized control trial (RCT) evaluating the efficacy of an innovative mHealth PRO tool, will address this gap in the literature. Using a theory-driven and user-centered design approach, we will conduct the study in two phases: 1) a formative phase to refine and user-test iMatter2 in real-world settings; and 2) a clinical trial phase. The formative phase will use a mixed-methods approach to: a) integrate enhanced functionalities into our existing tool and the electronic health record (EHR) in a diverse network of primary care practices serving minoritized populations; and b) evaluate the usability of iMatter2 in a subset of patients with T2D and PCPs to optimize the tool's performance and workflow integration. For the clinical trial phase, we will evaluate in a hybrid type 1 RCT, the effectiveness of iMatter2 vs usual care (UC) on HbA1c reduction at 12-months among 353 patients with uncontrolled T2D (HbA1c>7%). Using the extended RE-AIM framework, we will apply an equity lens to measure the reach, adoption, and implementation of iMatter2. We will also explore the associations between patient's PRO responses and HbA1c reduction. PCPs will be the unit of randomization with all patients within the PCP's panel in the same group. Patients randomized to iMatter2 will receive and respond to personalized PROs via text message, receive personalized motivational and educational messages via an AI chatbot; and have access to an interactive dashboard that visualizes their daily PRO and HbA1c data. PCPs randomized to iMatter2 will have access to EHR-integrated clinical decision support tools to nudge PCPs to view the PRO reports and HbA1c data. Patients randomized to UC will receive standard T2D treatment recommendations from their PCPs; PCPs will not have access to the EHR reports. Primary outcome is mean reduction in HbA1c, extracted from home A1c kits, from baseline to 12 months. Secondary outcomes are 1) equitable reach of iMatter2 across settings and patients; 2) equitable adoption of iMatter2 across PCPs and patients; and 3) equitable engagement (implementation) with iMatter2 across PCPs and patients.","Project Narrative: The prevalence of type 2 diabetes (T2D) has grown to epidemic proportions and is largely considered one of the most significant public health problems in the US. While a great deal of effort has been spent assisting primary care providers in delivering guideline-concordant care to achieve glycemic control, less has been spent facilitating patient's perspective of their disease into care—creating a paramount need to make patient-reported data actionable and meaningful to patients and providers alike. Combining ubiquitous health information technology solutions such as the mobile phone and electronic health record with state-of-the-art artificial intelligence-supported tools could create a dynamic and scalable solution that is seamlessly integrated into care to support patients with T2D and their providers in attaining improvements in patient-reported and clinical outcomes and, in doing so, enabling efficient delivery of high-quality patient-centered care in primary care settings.",2711736.3,1609821.6,1101914.6999999997,2025-07-30,AHRQ Source,N/A,N/A,2023-07-01,2028-05-31,Agency for Healthcare Research and Quality,93.226,"RESEARCH ON HEALTHCARE COSTS, QUALITY AND OUTCOMES",PA-18-795,N/A,N/A,N/A,FALSE,NEW YORK UNIVERSITY SCHOOL OF MEDICINE,NY,NEW YORK,NY-12,"Private, R1",SCHOOLS OF MEDICINE,https://reporter.nih.gov/project-details/10876986,https://taggs.hhs.gov/Detail/AwardDetail?arg_AwardNum=R01HS026522&arg_ProgOfficeCode=7,https://www.usaspending.gov/award/ASST_NON_R01HS026522_075/
HS027619,R01,R01HS027619,5R01HS027619-04,Disrupted,Terminated,Diagnosis and management of pediatric tracheostomy-associated infections,"PROJECT SUMMARY/ABSTRACT: In children with tracheostomy (an artificial airway placed for upper airway abnormalities or chronic illness progression), bacterial respiratory infections are the most common reason for hospital admission, accounting for over 4600 hospitalizations and $300 million in U.S. hospital charges each year. Despite being the most common reason for hospital admission, there is limited evidence for the treatment of bacterial tracheostomy-associated infections (bTRAINs; bacterial pneumonia and/or tracheitis) in children. The overall objective of the current application is to evaluate what factors influence clinicians to diagnose and treat suspected bTRAINs with antibiotics. Pseudomonas aeruginosa (Pa), a bacterium with limited oral antibiotic options, is a common cause of bTRAINs. Because Pa causes 60% of bTRAINs, some clinicians presumptively treat for Pa while awaiting test results. However, because Pa growth is also common in respiratory cultures from patients with tracheostomy without clinical bTRAIN symptoms, some clinicians do not use Pa-targeted antibiotics when Pa is recovered on respiratory culture. Our preliminary data demonstrates wide variations in hospital-level diagnostic testing and treatment care practices in this population that are not associated with clinical outcomes, common use of empiric Pa-targeted antibiotics, and absence of differential outcomes when Pa is detected, regardless of receiving Pa-targeted antibiotics. Through development of a consortium of five freestanding children's hospitals, we will prospectively collect data on 1500 hospitalizations in children with tracheostomy and complete the following specific aims: 1) To determine the impact of rapid respiratory viral testing on continued antibiotic treatment in children with suspected bTRAINs; 2) To identify clinical and laboratory factors associated with antibiotic overuse in children with tracheostomy treated for bTRAINs; and 3) To define the association between bacteria-discordant antibiotic coverage, culture results and clinical outcomes in children hospitalized with bTRAINs and Pa-positive respiratory cultures. This will be the first multicenter prospective study in respiratory infections in children with tracheostomy. Findings will provide the necessary groundwork to design and implement targeted intervention trials to address heterogeneity in bTRAIN diagnosis and management, which may lead to decreased broad-spectrum antibiotic exposure and better long-term outcomes in a vulnerable population with high healthcare utilization. The proposal is responsive to the current program announcement (PA-16-423) and the AHRQ's mission to promote appropriate antibiotic use by “improv[ing] the appropriateness of antibiotic selection” through identifying “factors influencing prescriber decisions about the use and choice of antibiotics” and by examining “the role of rapid diagnostics in improving antibiotic use, including how rapid diagnostics should be integrated into clinicians' decision making about antibiotic use.” This proposal also studies several AHRQ priority populations, including children, low income populations, individuals with disabilities, and individuals who need chronic health care.","PROJECT NARRATIVE: Bacterial respiratory tract infections are the most common reason for hospitalization in children with tracheostomy (an artificial airway placed in the neck that allows children to breathe), yet there is very limited evidence available to help prevent, diagnose or treat this condition. This AHRQ R01 project will evaluate 1500 hospitalizations in children hospitalized at one of five freestanding children's hospitals to determine what factors influence clinicians to diagnose and treat suspected bacterial tracheostomy-associated infections, such as pneumonia, with antibiotics. Through our multicenter prospective study, we expect to identify strategies to reduce antibiotic exposure and hospitalizations in this vulnerable patient population that account for increased health care utilization.",1886715.17,1759910.28,126804.8899999999,2025-09-29,AHRQ Source,N/A,N/A,2021-08-01,2026-07-31,Agency for Healthcare Research and Quality,93.226,"RESEARCH ON HEALTHCARE COSTS, QUALITY AND OUTCOMES",PA-16-423,N/A,N/A,N/A,FALSE,STANFORD UNIVERSITY,CA,STANFORD,CA-16,"Private, R1",SCHOOLS OF MEDICINE,https://reporter.nih.gov/project-details/10929387,https://taggs.hhs.gov/Detail/AwardDetail?arg_AwardNum=R01HS027619&arg_ProgOfficeCode=7,https://www.usaspending.gov/award/ASST_NON_R01HS027619_075/
HS027795,R01,R01HS027795,5R01HS027795-04,Disrupted,Terminated,Efficiency And Quality In Post-Surgical Pain Therapy After Discharge - EQUIPPED,"Abstract Compassionate and effective pain management after surgery represents a foundation of humane medical care. Opioids still present the mainstay of post-surgical pain therapy: more than 80% of patients are prescribed opioids for use following surgery. During one year in the U.S., more than 17% of Americans fill at least one opioid prescription, and, per prescription, the average daily amount exceeded 45 milligram morphine equivalents. In addition to common side effects, serious risks of opioids include addiction, abuse, and overdose. Prescription overdose deaths contribute to more than one-third of all opioid overdose deaths and remain five-fold higher than in 1999. Over-prescription of opioids remains extremely common, with up to 90% of patients after common surgical procedures reporting leftover opioids. Unused opioids are stored in unsecured locations in 75% of cases and can create a reservoir that fuels the ongoing opioid epidemic. Most large-scale efforts, such as the CDC guidelines for prescribing opioids, have focused on chronic opioid use. There is an urgent need to increase access to high-quality, safe, and scalable interventions to reduce our reliance on opioids for effective postsurgical pain management at discharge. A diverse team with expertise in pain medicine, perioperative outcomes, clinical trials, biostatistics, and health economics has been assembled to conduct the Efficiency And Quality In Post-Surgical Pain Therapy After Discharge “EQUIPPED” study. Our central hypothesis is that pain therapy after surgery can and should be prescribed in a safer, patient-centered fashion, as opposed to current “one-size-fitsall” methods. To test this hypothesis, three aims are proposed: Specific Aim 1 will test a provider-facing EHRbased decision support tool that suggests outpatient opioid prescriptions based on inpatient opioid requirements. This aim will utilize a pragmatic randomized cluster multiple crossover controlled trial design in about 39,000 patients in four hospitals. Specific Aim 2 will test a patient-facing health informatics app that encourages nonopioid pain management strategies. This aim employs a randomized controlled trial design in 600 surgical patients. Two separate clinical trials are proposed because of different outcomes (amount of opioids prescribed vs. opioids used) and scopes of implementation (multisite vs. single site). The provider-facing tool will be incorporated into the trial of the patient-facing app using a 2x2 design that facilitates a detailed evaluation of the individual effects of these interventions, as well as any interactions when using the interventions together. Finally, Specific Aim 3 will include a cost-effectiveness analysis and compare the individual and combined costeffectiveness of a provider-facing and a patient-facing intervention. Completion of this project will demonstrate that the amounts of opioids prescribed and opioids taken after discharge following surgery can be reduced while ensuring effective treatment of pain. Increasing access to safe, affordable, and high-quality pain therapy for surgical patients will drive the positive impact of this application, which directly addresses Special Emphasis Notice: AHRQ Announces Interest in Health Services Research to Address the Opioids Crisis (NOT-HS-18-015).","Project narrative Following inpatient surgery, more than 80% of patients are prescribed opioids for use after discharge, yet up to 90% of patients report leftover opioids, and only 16% maximize non-opioid therapy. The proposed research seeks to test a provider-facing decision support tool and a patient-facing smartphone app to reduce the amounts of opioids prescribed and taken following discharge, while ensuring effective treatment of pain after surgery. Increasing access to safe, affordable, and high-quality pain therapy for surgical patients will drive the positive impact of this proposal.",1576867,1287720.3299999998,289146.67000000016,2025-09-29,AHRQ Source,N/A,N/A,2021-08-01,2026-07-31,Agency for Healthcare Research and Quality,93.226,"RESEARCH ON HEALTHCARE COSTS, QUALITY AND OUTCOMES",PA-18-795,N/A,N/A,N/A,FALSE,UNIVERSITY OF NEBRASKA MEDICAL CENTER,NE,OMAHA,NE-02,"Public, R1",SCHOOLS OF MEDICINE,https://reporter.nih.gov/project-details/10896189,https://taggs.hhs.gov/Detail/AwardDetail?arg_AwardNum=R01HS027795&arg_ProgOfficeCode=7,https://www.usaspending.gov/award/ASST_NON_R01HS027795_075/
HS027803,R01,R01HS027803,5R01HS027803-04,Disrupted,Terminated,Impact and sustainability of a digitally-based diabetes prevention program,"Project Summary/Abstract Prediabetes and obesity are major public health issues that disproportionately affect racial/ethnic minorities and low-income individuals in the United States (US). Approximately 84 million American adults have prediabetes. The recent increased prevalence of prediabetes is caused largely by the global epidemic of obesity. In the U.S, the prevalence of obesity was recently reported at about 40% adults. With the growing prevalence of obesity in the U.S., prediabetes is expected to become an even greater public health challenge. The Diabetes Prevention Program trial and other large trials have shown that a moderate amount of weight loss achieved by reducing total caloric intake and increasing physical activity can prevent or delay the onset of type 2 diabetes. However, these prevention programs involving in-person counseling can be expensive to implement and sustain in clinical or community settings over extended periods of time. The rapid rise of sophisticated digital devices (i.e., mobile applications, wireless activity trackers, social network) provides an opportunity to transform the way health care team deliver a diabetes prevention and weight loss program. These digital technologies are inexpensive and widely available and can reach large numbers of adults with prediabetes and obesity. However, despite their popularity and availability, the vast majority of individuals will stop using them within weeks because of lack of systematic behavior change approach (i.e. setting personalized short-term and long-term goals).Therefore, an urgent need exists in successfully incorporating these inexpensive digital devices into a diabetes prevention and weight loss program and sustain its effect over time. The goal of this project is to assess the effect and sustainability of a digitally-based diabetes prevention program in English or Spanish speaking adults with prediabetes and obesity. The primary outcomes are change in percent body weight and HbA1c from baseline, 5, and 12 months. In this proposed 12-month randomized controlled trial, we will randomize 255 participants into one of 3 groups with a 1:1:1 ratio: 1) a Control (usual care), 2) a Regular intervention group, and 3) a Plus group. While both the Regular and Plus group will receive a 5-month diabetes prevention intervention in an identical fashion, only the Plus group will receive a 7-month maintenance intervention. The Control group will receive an American Diabetes Association lifestyle brochure and wear an activity tracker, but no intervention will be provided. Our research team seeks to shift the current paradigm, by moving to the use of commonly used digital technology for diabetes prevention and weight loss programs, and test its sustainability. We believe that the findings from this RCT will provide new insights into how to design interventions as well as other lifestyle interventions.",Project Narrative Prediabetes and obesity are major public health issues that disproportionately affect racial/ethnic minorities and low-income individuals in the United States. The goal of this project is to assess the impact and sustainability of a digitally-based diabetes prevention program in changes in percent weight and HbA1c in English or Spanish speaking adults with prediabetes and obesity over the 12-month period.,1594424,1289201.3800000001,305222.6199999999,2025-09-29,AHRQ Source,N/A,N/A,2021-08-01,2026-07-31,Agency for Healthcare Research and Quality,93.226,"RESEARCH ON HEALTHCARE COSTS, QUALITY AND OUTCOMES",PA-18-795,N/A,N/A,N/A,FALSE,"UNIVERSITY OF CALIFORNIA, SAN FRANCISCO",CA,SAN FRANCISCO,CA-11,"Land grant, Public, R1",SCHOOLS OF NURSING,https://reporter.nih.gov/project-details/10893461,https://taggs.hhs.gov/Detail/AwardDetail?arg_AwardNum=R01HS027803&arg_ProgOfficeCode=7,https://www.usaspending.gov/award/ASST_NON_R01HS027803_075/
HS028001,R01,R01HS028001,5R01HS028001-04,Disrupted,Terminated,Promoting Shared Decision Making in Periviable Care: A randomized controlled trial of the Periviable GOALS Decision Support Tool,"Periviable neonates, born between 22 0/7 - 24 6/7 weeks gestational age, cannot survive outside of the womb without support. Even with support, 40% of these neonates die, and, among survivors, roughly half suffer moderate to severe disability. These births are financially and emotionally costly to families, and all of these burdens are most heavily born by Black families, as Black infants are 3 times more likely to be born extremely premature. Because mortality is high and outcomes can be poor, the American Academy of Pediatrics calls for shared decision making (SDM) when families face these decisions—so that parents are engaged in deliberations, and, ultimately, choose whether to attempt resuscitation or pursue palliation. Our preliminary research suggests that, despite these recommendations, the current model of periviable decision making is not shared, well-informed, or patient-centered. Mortality and morbidity estimates provided are variable and inaccurate; there is conflicting guidance regarding antenatal interventions; and goals of care or resuscitation preferences are not always elicited. By presenting parents with inconsistent information without eliciting and clarifying values and goals of care, providers place parents at substantial risk for misinformed decision making, decisional conflict, and decisional regret. Our previous work also shows that poor decision quality is associated with poor postpartum parental mental health. To optimize these high-stakes counseling encounters, we have utilized a novel approach to design, in partnership with patient and clinician stakeholders, a decision support intervention - the Periviable GOALS (Getting Optimal Alignment around Life Support) decision support tool (DST). This DST is meant to facilitate informed SDM regarding neonatal resuscitation. Periviable GOALS DST is designed for parents to review independent of their clinician, and is intended to supplement, not replace, clinician counseling. The focus of the DST is the provision of patient-centered outcomes information and assistance with values clarification regarding neonatal outcomes. With the completion of pilot testing, we are ready to conduct a multisite, randomized controlled trial to test the effect of the Periviable GOALS DST on: a) decision quality (i.e., shared decision-making, knowledge, decisional conflict, decision satisfaction, and decision regret), b) mental health (i.e., depression, anxiety, and post-traumatic stress in the postpartum period), and c) neonatal treatment preference (i.e., resuscitation or comfort care). We hypothesize that participants who utilize the GOALS DST will have improved decision quality, particularly in regard to SDM (primary outcome), and improved mental health outcomes. This work stands to improve the quality of periviable care by ensuring more informed and patient-centered decision-making. Our methodology is innovative, as we are offering patients a stronger voice in research design and, ultimately, clinical practice. Our results will have immediate clinical relevance because the regional and institutional diversity of our trial sites improves generalizability, allowing for broad application and dissemination of the DST.","Project Narrative Periviable birth is among the leading causes of infant death and childhood disability, with disproportionate impact in low-income and minority communities, and although relatively rare, the CDC estimates that extremely premature deliveries result in societal costs exceeding $26 billion dollars annually. To optimize high-stakes periviable counseling encounters, we propose to test, in a multisite, randomized controlled trial, a decision support intervention (i.e., Periviable GOALS DST) developed by our research team to facilitate informed, shared decision-making regarding neonatal resuscitation among women who present to labor and delivery at periviable gestations (from 22 0/7 to 24 6/7 weeks gestational age) and their physicians. The proposed work stands to improve the quality of periviable care by enabling more informed and patient-centered decisions, and our results will have immediate clinical relevance because the regional and institutional diversity of our trial sites, which improves generalizability, allowing for broad application and dissemination of the tool.",1648815,1431090.73,217724.27000000002,2025-10-30,AHRQ Source,N/A,N/A,2021-09-30,2026-08-31,Agency for Healthcare Research and Quality,93.226,"RESEARCH ON HEALTHCARE COSTS, QUALITY AND OUTCOMES",PA-18-795,N/A,N/A,N/A,FALSE,INDIANA UNIVERSITY INDIANAPOLIS,IN,INDIANAPOLIS,IN-07,"Public, R1",SCHOOLS OF MEDICINE,https://reporter.nih.gov/project-details/10916340,https://taggs.hhs.gov/Detail/AwardDetail?arg_AwardNum=R01HS028001&arg_ProgOfficeCode=7,https://www.usaspending.gov/award/ASST_NON_R01HS028001_075/
HS028007,R01,R01HS028007,5R01HS028007-03,Disrupted,Terminated,Care Transitions App for Patients with Multiple Chronic Conditions,"The goal of this project is to create an interoperable care transitions application (Care Transitions App) for patients with multiple chronic conditions that will bridge the care transition between hospital, home, and primary care clinic in order to reduce adverse events in the first 30 days after discharge. We propose to develop a Care Transitions App which will engage patients and caregivers at the two trial sites, Brigham and Women’s Hospital and Vanderbilt University Medical Center, in both inpatient and primary care settings. The Care Transitions App will incorporate components from our prior work, specifically falls-reduction content. We propose to create three new modules: 1) a digital post-discharge transitional care plan, 2) modules for multiple chronic conditions (MCC: diabetes, congestive heart failure, and/or chronic kidney disease), including condition-specific post-discharge care plans with relevant lab values and medication education, and 3) a module for patients to enter their questions and their own goals for recovery prior to the post-discharge clinic visit. This project will include usability testing and integration of the application with Epic via the fast healthcare interoperability resources (FHIR) and SMART on FHIR technology at Brigham and Women’s Hospital (BWH) in Year 1. Aim 1: Utilize participatory design to develop the Care Transitions App and a multi-component intervention, including person-based and task-based interventions delivered by a Digital Navigator. Aim 2: Pilot test the Care Transitions App at BWH and disseminate to VUMC. 2a. We will pilot test the Care Transitions App and use the RE-AIM framework to iteratively refine the intervention before launching the clinical trial at BWH in Aim 3 (Y2). Later, we will pilot test the Care Transitions App at VUMC (Y5). 2b. We will disseminate the Care Transitions App at VUMC (Y5) and use the RE-AIM framework to understand barriers and facilitators at VUMC. Lessons learned at both sites will inform a dissemination toolkit. Aim 3: Evaluate the effectiveness of the Care Transitions App through a cluster randomized trial enrolling patients over the age of 65 years old with MCC including diabetes, congestive heart failure, and/or chronic kidney disease. We will test the following hypotheses: a. The Care Transitions App will be associated with a decrease in the primary outcome, postdischarge adverse events (falls, adverse drug events, other adverse events) within 30 days of discharge. b. The Care Transitions App will be associated with improvements in secondary outcomes: 30-day readmissions, completion of post-discharge phone calls, and completion of post-discharge primary care clinic visits. c. The Care Transitions App will be associated with improvements in patient-centered outcomes: global health, selfefficacy for managing chronic conditions, out of pocket costs, Care Transitions Measure 3, patient experience. Outcome: Our team will develop, evaluate, and disseminate a multicomponent intervention including a Care Transitions App and Digital Navigator training aimed at supporting safe care transitions for patients with multiple chronic conditions and a toolkit to support widespread dissemination.","NARRATIVE Care transitions are a vulnerable period for patients, leading to post-discharge adverse events, falls, medication errors, and readmissions. Specific challenges such as poor communication among inpatient providers, patients, and the primary care team, poor quality and timeliness of discharge documentation, and suboptimal patient understanding of care plans can be improved with our proposed Care Transitions App. In a cluster randomized control trial, we will evaluate the App’s efficacy in engagement of patients and families in their health care and the App’s role in the reduction in adverse events post-discharge.",1200000,1183864.17,16135.830000000075,2025-09-29,AHRQ Source,N/A,N/A,2022-09-30,2027-07-31,Agency for Healthcare Research and Quality,93.226,"RESEARCH ON HEALTHCARE COSTS, QUALITY AND OUTCOMES",PA-20-068,N/A,N/A,N/A,FALSE,BRIGHAM AND WOMEN'S HOSPITAL,MA,BOSTON,MA-07,N/A,Independent Hospitals,https://reporter.nih.gov/project-details/10894704,https://taggs.hhs.gov/Detail/AwardDetail?arg_AwardNum=R01HS028007&arg_ProgOfficeCode=7,https://www.usaspending.gov/award/ASST_NON_R01HS028007_075/
HS028028,K08,K08HS028028,5K08HS028028-05,Disrupted,Terminated,Supporting Vaginal Birth in Illinois: the Role of Unit Culture,"SUMMARY Cesarean deliveries (cesareans), when used judiciously, save lives. However, research indicates that the use of cesareans in the United States (US) has risen well above the level of necessity and has become a contributor to maternal morbidity and mortality. Patients who have cesareans face increased risk of serious complications such as amniotic fluid embolism, catastrophic hemorrhage, placental abnormalities in future pregnancies, and death. Babies born by cesarean face increased risk of respiratory complications, and, emerging research suggests, chronic disease. For these reasons, the Healthy People 2020 goal is to reduce cesarean rates to ≤ 23.9% for first-time mothers. Currently, over one-third of all women giving birth in the United States deliver via cesarean. Hospital cesarean rates across the US range from 6% to 69%, and significant variation remains even when controlling for patient clinical factors and hospital and patient demographics. Patient request for a cesarean make up less than 1% of cesareans nationwide, and, thus, cannot explain this variation. Our prior work has found that this variation in practice is associated with labor and delivery unit culture and, moreover, that successful reduction in cesarean overuse correlates with specific aspects of unit culture, such as decreased fear of vaginal birth, physician acceptance of oversight, agreement with evidence-based practices, and belief in the importance of maternal agency. Organizational culture has been shown to be a key element in reducing variation in hospital outcomes in other clinical areas; and, underscoring its importance, the national safety bundle addressing cesarean overuse charges hospitals to “develop a unit culture that supports vaginal birth.” Unfortunately, there is evidence that this aspect of quality improvement receives the least attention from hospitals that participate in initiatives to reduce cesarean overuse. After 2 years of a California statewide initiative, about 42% of hospitals still had cesarean rates over the Healthy People 2020 goal. This is not surprising given that few tools and no rigorously designed usercentered tools exist to help hospitals implement culture change. This proposal leverages the strength and support of multiple state-level perinatal quality collaboratives at different stages of implementation and a novel, continually improving Labor Culture Survey tool. We will engage in a comprehensive user-centered design process to create, adapt, and implement a “Culture Change Toolset” for use in hospital-based, organizational culture quality improvement efforts to reduce cesarean overuse. Furthermore, we will incorporate patient perspectives and feedback as key stakeholders in the design and adaptation process. Based on our prior data, a 1-point improvement in unit culture supportive of vaginal birth would convert 331,773 cesarean deliveries or 27% of US cesarean births and 9% of all US births each year to vaginal deliveries and the low-risk, primary cesarean rate would decrease from 28% to 19%, thus achieving the Healthy People 2020 goal and improving maternal and newborn morbidity and mortality.","PROJECT NARRATIVE Cesarean delivery, when overused, is harmful to women and newborns, and raises healthcare costs without appreciable benefit; yet, despite significant efforts to reduce overuse, persistent and scalable improvement has been elusive. Organizational culture change strategies have been successful in improving outcomes in other areas of healthcare, but tend to receive little attention in statewide cesarean reduction initiatives as evidencebased tools to facilitate change are lacking. This proposal seeks to use rigorous user-centered design and implementation science principles to develop a “Culture Change Toolset” to target the most upstream causes of L&D units’ failure to adopt and sustain change in cesarean delivery rates.",580830,568053.91,12776.089999999967,2025-11-28,AHRQ Source,N/A,N/A,2021-09-30,2026-09-29,Agency for Healthcare Research and Quality,93.226,"RESEARCH ON HEALTHCARE COSTS, QUALITY AND OUTCOMES",PA-17-232,AHRQ Mentored Clinical Scientist Research Career Development Award (K08),https://grants.nih.gov/grants/guide/pa-files/PA-17-232.html,N/A,FALSE,UNIVERSITY OF ILLINOIS AT CHICAGO,IL,Chicago,IL-07,"Hispanic Serving, Public, R1, Tribal/Native Serving",SCHOOLS OF MEDICINE,https://reporter.nih.gov/project-details/10914049,https://taggs.hhs.gov/Detail/AwardDetail?arg_AwardNum=K08HS028028&arg_ProgOfficeCode=7,https://www.usaspending.gov/award/ASST_NON_K08HS028028_075/
HS028363,K01,K01HS028363,5K01HS028363-04,Disrupted,Terminated,Using natural language processing and machine learning to identify patients at high risk of potentially preventable carbapenem-resistant Enterobacterales (CRE) infection,"Project Summary Carbapenem-resistant Enterobacterales (CRE) cause more than 13,000 infections in U.S. inpatients annually, with mortality rates that can exceed 50%. In hospitals, asymptomatic colonization is emerging as a critical target for CRE infection prevention: epidemiologically, early identification of colonized patients can reduce intra-hospital spread. And clinically, colonized inpatients face significantly higher — but potentially modifiable — risks of CRE infection. Due to diagnostic limitations, however, widescale CRE colonization screening remains impractical for most U.S. hospitals. Prediction models offer alternative strategies for identifying patients at high risk of colonization and of subsequent infection. However, models face two methodological obstacles, limiting their wider utility: (1) strong colonization risk factors are “locked” in electronic health record (EHR) free-text that is unavailable for model-building unless records are reviewed manually; and (2) due to low CRE prevalence, most statistical models can only evaluate limited numbers of candidate variables. We propose to exploit state-of-the-art machine learning and natural language processing (NLP) techniques to improve identification of CRE-colonized and infected patients. We will apply these methods to EHRs from >21,000 patients screened for CRE at The University of Maryland and The Johns Hopkins hospitals. In Aim 1, we will build and validate NLP algorithms on admission histories to detect pre-admission exposures that are strong colonization risk factors but poorly captured in structured EHR data fields. NLP is a cutting-edge computational technique for “unlocking” these types of unstructured data. We will also use text-mining approaches to identify potential new or local CRE risk factors. In Aims 2 and 3, we will build and validate models from NLP-derived variables and other EHR data to predict colonization at admission (Aim 2) and progression to infection (Aim 3) using machine learning algorithms that excel on high-dimensional data. Taken together, this work will help hospitals identify patients at high risk of CRE colonization and infection early, when deleterious patient outcomes are still preventable. Because NLP is automated, successful models could be exported to other hospitals and integrated into EHRs; all algorithms resulting from this work will be made freely available. This will be the first study to deploy NLP for bacterial carriage screening and the largest U.S. study to follow CRE-colonized inpatients for infection. As a PhD-trained epidemiologist with a CRE and machine learning background, and who previously practiced FDA law, I am drawn to interdisciplinary, rigorous approaches and policies for reducing the toll of antibiotic resistance in hospitalized patients. In the short-term, Career Development Award support would allow me to build experience using sophisticated computational approaches for EHR-based information extraction and predictive modeling. In the long-term, the skills I acquire would position me as a leader at leveraging novel health information technology tools to design and test new strategies for responding to the threat of antibiotic resistance and other emerging pathogens in U.S. hospitals.","Project Narrative Asymptomatic colonization (i.e., carriage) with carbapenem-resistant Enterobacterales (CRE), a type of highly drug-resistant bacteria, poses urgent challenges in U.S. hospitals: undetected colonized patients can transmit CRE to other patients, and colonized patients themselves are at a significantly higher risk of developing CRE infections. Because widescale screening for CRE colonization remains impractical for most U.S. hospitals, hospitals miss critical opportunities to identify patients at high risk of CRE colonization and infection early, when it is still possible to prevent deleterious patient outcomes. We propose to leverage state-of-the-art machine learning and natural language processing (NLP) techniques on electronic health records (EHRs) to improve identification of CRE-colonized and infected patients by: (a) developing and validating natural language processing classifiers to detect established and new CRE risk factors from free-text, narrative EHR data; (b) using NLP-derived variables with EHR structured data to predict CRE colonization at admission; and (c) developing machine learning-based models to predict which CRE-colonized patients will progress to infection during the hospital stay, in order to guide precision medicine-based approaches for interventions.",494900,484900.97,9999.030000000028,2025-11-28,AHRQ Source,N/A,N/A,2021-09-30,2026-09-29,Agency for Healthcare Research and Quality,93.226,"RESEARCH ON HEALTHCARE COSTS, QUALITY AND OUTCOMES",PA-20-067,N/A,N/A,N/A,FALSE,UNIVERSITY OF MARYLAND BALTIMORE,MD,BALTIMORE,MD-07,"Public, R1",SCHOOLS OF MEDICINE,https://reporter.nih.gov/project-details/10906039,https://taggs.hhs.gov/Detail/AwardDetail?arg_AwardNum=K01HS028363&arg_ProgOfficeCode=7,https://www.usaspending.gov/award/ASST_NON_K01HS028363_075/
HS028523,R18,R18HS028523,5R18HS028523-04,Disrupted,Terminated,Dissemination of the WiseApp for Improving Health Outcomes Across Settings,"PROJECT SUMMARY Despite efforts to achieve UNAIDS 95-95-95 targets, marked deficits remain in antiretroviral therapy (ART) adherence and viral suppression among persons living with HIV (PLWH). Gaps in HIV treatment success are particularly pronounced in racial and ethnic minority populations and particularly among Latinos in the Northeast United States (US) and the Caribbean. Progression of HIV disease and premature deaths among PLWH have been attributed foremost to insufficient engagement in medical care and adherence to HIV treatment regimens. Timely access to ART and subsequent sustained ART adherence are central to therapeutic success and critical determinants of long-term health outcomes (e.g., viral suppression) in PLWH. To that end, our team conducted extensive formative work (CDC:U01PS003715) with racial/ethnic minority PLWH and their providers to identify the content, features, functionalities, and interface of a mobile app to improve health outcomes, including ART adherence. Building on the findings, the Agency for Healthcare Research and Quality (AHRQ) provided support to build this app and integrate it with a smart pill box (CleverCap) enabling PLWH to self-monitor their medication adherence in real-time. This innovative tool, the WiseApp, supersedes current approaches to ART adherence using a self-management mobile app linked to an electronic pill box and is currently being evaluated in a randomized controlled trial (RCT) (NCT03205982) in New York City (NYC). At the same time, there is a strong need for the development and testing of self-management interventions for Spanish speaking Latino PLWH since they are the largest and fastest growing ethnic minority group in the US and are disproportionately affected by HIV. We propose to test the transferability of the WiseApp to Latinos in the US and the Dominican Republic (DR) by translating and culturally adapting it and conducting a multi-site RCT to assess its efficacy. The proposed project is aligned with AHRQ Special Emphasis Notice NOT-HS-16-015 and will use health information technology to facilitate the collection and use of patient-reported outcomes including medication adherence, quality of life, and symptom burden. The study will address the following specific aims: 1. Adapt and ensure the usability of the WiseApp for Spanish speaking PLWH. 2. Conduct a RCT to assess the efficacy and sustainability of the WiseApp compared to a usual care control in a transnational sample of Spanish speaking PLWH at 3, 6, and 12 months. 3. Identify multi-level barriers and facilitators to the widespread implementation of the WiseApp. A mixed-methods, multi-stakeholder process evaluation of the WiseApp will be conducted guided by the Consolidated Framework for Implementation Research. The proposed project builds on our team's robust preliminary data and capitalizes on the strong linkage between Columbia University and Clínica de Familia in the DR. This project's significance is further enhanced by capitalizing on the strong presence of Latinos in the Washington Heights neighborhood of NYC, the disproportionately high rates of HIV in the DR, and the patterns of geographic mobility between NYC and the DR. Importantly, our study focuses on AHRQ Priority Populations, specifically chronically ill, inner-city, low-income, and racial/ethnic minority persons.","PROJECT NARRATIVE Progression of HIV disease and premature deaths among persons living with HIV (PLWH) have been attributed foremost to insufficient engagement in medical care and adherence to HIV treatment regimens. In response, this study will test the efficacy and implementation factors of WiseApp, an evidence-based self-management medication adherence tool with Spanish-speaking PLWH in New York City and the Dominican Republic. This application has considerable public health relevance because it is delivered to an ethnic minority group who are disproportionally affected by HIV.",1559062,1456158.51,102903.48999999999,2025-10-30,AHRQ Source,N/A,N/A,2021-09-30,2026-08-31,Agency for Healthcare Research and Quality,93.226,"RESEARCH ON HEALTHCARE COSTS, QUALITY AND OUTCOMES",PA-18-793,N/A,N/A,N/A,FALSE,COLUMBIA UNIVERSITY HEALTH SCIENCES,NY,NEW YORK,NY-13,"Private, R1",SCHOOLS OF NURSING,https://reporter.nih.gov/project-details/10906839,https://taggs.hhs.gov/Detail/AwardDetail?arg_AwardNum=R18HS028523&arg_ProgOfficeCode=7,https://www.usaspending.gov/award/ASST_NON_R18HS028523_075/
HS028569,R18,R18HS028569,5R18HS028569-03,Disrupted,Terminated,The INFLUENTIAL Trial- Inpatient FLU Vaccination Program Effectiveness: National Trial Implementing Best Practices And Learning Collaboratives,"PROJECT SUMMARY/ABSTRACT Influenza infection causes high morbidity and mortality each year in the United States. Influenza vaccination of children is one of the most effective strategies for reducing the burden of disease among individuals and communities, yet coverage levels remain suboptimal. Hospitals are a promising setting for reaching a large number of high-risk children. Recent studies, however, indicate that many influenza vaccine-eligible children fail to receive this needed vaccine during hospitalization. Local data suggest that multimodal approaches leveraging health information technology may increase influenza vaccine uptake among hospitalized children. This project will build upon this existing evidence to establish a standardized pediatric inpatient influenza vaccination program that can be readily disseminated and successfully implemented across diverse health systems. In Aim 1 of this proposal, the study team will engage parents, nurses, providers and other key stakeholders from Seattle Children’s Hospital, Children’s Hospital Colorado, and Lurie Children’s Hospital of Chicago to create a best practice implementation guide for the inpatient influenza vaccination program. Core components will include creating a multidisciplinary leadership team, maintaining end-user engagement, utilizing novel electronic health record and data analytic tools, and enhancing evidence-based education and communication of parents, nurses, and providers. The program will be piloted at the 3 lead sites and refined as needed based upon evaluation metrics. In Aim 2, the study team will conduct a cluster randomized trial using a Sequential Multiple Assignment Randomized Trial adaptive design at 12 health systems nationally to test the effectiveness of the influenza vaccination program in improving influenza vaccination rates of hospitalized children. In the first intervention season, sites will be randomized to implement the standardized influenza vaccination program using the aforementioned implementation guide or usual care. In the second intervention season, the usual care sites and lower-performing intervention sites will be re-randomized to the standardized or intensified version of the program. The latter will include a learning collaborative, with monthly meetings of site leaders as well as one-on-one meetings with the study team to facilitate successful implementation. In the third intervention season, all sites will continue their influenza vaccination program to assess sustainability. In Aim 3, the study team will use mixed methods and the Reach, Effectiveness, Adoption, Implementation, and Maintenance (RE-AIM) framework to evaluate the program, including identification of key barriers, facilitators, and considerations for future dissemination. This information will be used to optimize and expand the program. This evidence-based program, which leverages novel clinical decision support tools in one of the most utilized electronic health record systems and optimizes hospital infrastructure, has the potential to markedly increase influenza vaccination of high-risk children. It also has broad public health implications, as the program could be readily adapted and expanded to include other needed vaccines, patient populations, and healthcare settings.","PROJECT NARRATIVE Influenza vaccination is strongly recommended for hospitalized children, many of whom are at high-risk for influenza infection and associated complications, yet approximately half fail to receive this needed vaccine before hospital discharge. This project will establish a stakeholder-informed, standardized inpatient influenza vaccination program and examine its effectiveness in increasing influenza vaccination rates of hospitalized children across diverse U.S. pediatric health systems. The program has important public health implications for influenza vaccine delivery to high-risk children, with indirect benefits to other vulnerable populations including the elderly, and could be expanded to other needed vaccines, patient populations, and healthcare settings.",1199996,919300.95,280695.05000000005,2025-09-29,AHRQ Source,N/A,N/A,2022-09-30,2027-07-31,Agency for Healthcare Research and Quality,93.226,"RESEARCH ON HEALTHCARE COSTS, QUALITY AND OUTCOMES",PA-18-793,N/A,N/A,N/A,FALSE,UNIVERSITY OF COLORADO DENVER,CO,Aurora,CO-06,"Hispanic Serving, Public, R1, Tribal/Native Serving",SCHOOLS OF MEDICINE,https://reporter.nih.gov/project-details/10892095,https://taggs.hhs.gov/Detail/AwardDetail?arg_AwardNum=R18HS028569&arg_ProgOfficeCode=7,https://www.usaspending.gov/award/ASST_NON_R18HS028569_075/
HS028574,R18,R18HS028574,5R18HS028574-04,Disrupted,Terminated,Ready and Healthy for Kindergarten: A Primary Care Innovation to Promote a 360-degree View of Child Health,"PROJECT SUMMARY/ABSTRACT Education is a critical social determinant of health (SDOH). Low-income, Latino dual language learners face large gaps in school readiness, which perpetuate inequities in academic achievement and subsequent health. Primary care is an ideal setting to promote school readiness for at-risk children given its frequent near universal contact with children and the opportunity to build on established relationships with their families. In fact, school readiness is a Bright Futures priority topic at the 4 and 5-year well child visits. However, the current structure of well child visits, which seeks to address a growing list of topics during 10-15 minute appointments, is limited in its ability to achieve this goal. To date, primary care innovations to address SDOH have largely missed an opportunity to promote 360-degree child health by simultaneously addressing academic and physical readiness for school. To address this gap, we developed an online family wellness program that uses anticipatory guidance on health topics intrinsically important to school readiness (e.g., nutrition, physical activity) to introduce basic language and literacy skills to low-income, Latino dual language learners, a fastgrowing and particularly high-risk group, and their families (AHRQ priority populations). The online family wellness program was developed through a cross-sector partnership between educators and pediatric professionals and consists of parent-child workshops led by bilingual educators and reminder text messages. The program occurs during the transition into Kindergarten, a critical developmental stage, and uses promising approaches such as group structure, strategic use of technology, and partnerships with non- medical professionals. The yearlong program tightly integrates Bright Futures anticipatory guidance with the Kindergarten curriculum. During pilot testing, our team found that the family wellness program was feasible, well attended, and highly acceptable. We now propose testing the effect of the family wellness program on child and parenting outcomes using a rigorous mixed methods and community-engaged approach. In aim 1, we will conduct a developmental evaluation to refine the family wellness program and optimize the likelihood of successful implementation. In aim 2, we will conduct a randomized controlled trial testing the effects of the family wellness program on child language, literacy, and social-emotional outcomes as well parent health routines, learning activities, and self-efficacy. In aim 3, we will conduct a mixed methods process evaluation, which will provide insight into reach and implementation as well as user experience. The current proposal will yield insight into how primary care innovations can address education, which responds directly to AHRQ's interest in primary care innovations that address SDOH (NOT-HS-19-011). If effective, the online format will allow us to work with local, state, and national partners to disseminate the program rapidly to promote highquality healthcare for vulnerable populations.","PROJECT NARRATIVE Children from low-income Latino backgrounds are at elevated risk for poor school readiness, which perpetuates existing health inequities. Primary care is an ideal setting to promote optimal school readiness given its frequent contact with at-risk children. The current proposal will yield important information on the effects of an innovative family wellness program in primary care and in turn will provide insight on how primary care can promote whole person 360-degree care for at-risk children and their families.",1570332.46,1470213.22,100119.23999999999,2025-10-30,AHRQ Source,N/A,N/A,2021-09-30,2026-08-31,Agency for Healthcare Research and Quality,93.226,"RESEARCH ON HEALTHCARE COSTS, QUALITY AND OUTCOMES",PA-18-793,N/A,N/A,N/A,FALSE,RUTGERS BIOMEDICAL AND HEALTH SCIENCES,NJ,Newark,NJ-10,"Land grant, Public, R1",SCHOOLS OF MEDICINE,https://reporter.nih.gov/project-details/10928263,https://taggs.hhs.gov/Detail/AwardDetail?arg_AwardNum=R18HS028574&arg_ProgOfficeCode=7,https://www.usaspending.gov/award/ASST_NON_R18HS028574_075/
HS028589,R01,R01HS028589,5R01HS028589-03,Disrupted,Terminated,Examining the impact of healthcare systems changes on healthcare use and health outcomes for children in foster care,"Project Summary Children exposed to poverty experience poorer health compared to their peers; for children in foster care, these risks are compounded by maltreatment and out-of-home placement, resulting in even worse physical and behavioral health outcomes. Variation in healthcare use and health outcomes for foster youth is the result of the child welfare system, the caregiver, the individual child’s characteristics, and the healthcare system. Unfortunately, communication across healthcare and child welfare systems is disjointed, compounding health risk and increasing reactive and emergent healthcare use. The goals of this study are to evaluate the impact of healthcare delivery models on health outcomes for foster youth and understand factors associated with variation in healthcare use and health outcomes among children in foster care. To provide a holistic view of children’s functioning, this study leverages 12 years of linked child welfare and EHR data (N ~ 9,600 patients) in combination with Medicaid claims data and caregiver and self-reported health status for a subset of youth (N = 200) to accomplish three aims: 1) Evaluate models of healthcare delivery on healthcare use and health outcomes among foster youth as a result of: a) mandated visits alone; b) primary care, mandated visits, and specialty care delivered within the same healthcare system; and c) coordinated information sharing between healthcare and child welfare systems. 2) Identify causes of variation in healthcare use and health outcomes related to child welfare system (e.g., foster care status) and caregiver characteristics (e.g., perceptions of healthcare). 3) Understand how child characteristics (e.g., diagnoses, health risk behaviors, age, gender, race and ethnicity) contribute to variation in healthcare use and health outcomes over time. This is the most comprehensive examination of drivers of healthcare use and health outcomes among foster youth to date. Mechanisms identified through this grant that account for the most variation in health outcomes will be targeted in future studies evaluating how to modify healthcare delivery practices and collaboration across healthcare and child welfare systems to improve health outcomes for foster youth. By examining healthcare use and health outcomes, we will be better positioned to articulate where healthcare systems interventions parlay to better health outcomes.","PROJECT NARRATIVE (PUBLIC HEALTH RELEVANCE) Children in foster care are exposed to poverty, maltreatment, and out-of-home placement, contributing to poorer physical and behavioral health outcomes than other children in poverty. This study seeks to improve the health of children in foster care by using 12 years of linked child welfare and electronic health records (EHR) data (N ~ 9,600 patients) in combination with Medicaid claims data and caregiver and self-reported health status to evaluate the impact of healthcare delivery models on health outcomes for foster youth and examine factors associated with variation in healthcare use and health outcomes. Understanding relations between healthcare use and health outcomes can inform healthcare systems interventions that parlay to better health outcomes, with potential for spread, leading to long-term improvements in health for foster youth nationwide.",1199997,1043723.2,156273.80000000005,2025-09-29,"Reported to GW, AHRQ Source",N/A,N/A,2022-09-30,2027-07-31,Agency for Healthcare Research and Quality,93.226,"RESEARCH ON HEALTHCARE COSTS, QUALITY AND OUTCOMES",PA-18-795,N/A,N/A,N/A,FALSE,CINCINNATI CHILDRENS HOSP MED CTR,OH,CINCINNATI,OH-01,N/A,Independent Hospitals,https://reporter.nih.gov/project-details/10885022,https://taggs.hhs.gov/Detail/AwardDetail?arg_AwardNum=R01HS028589&arg_ProgOfficeCode=7,https://www.usaspending.gov/award/ASST_NON_R01HS028589_075/
HS028630,R01,R01HS028630,5R01HS028630-03,Disrupted,Terminated,Impact of a Novel Community-Based Biobehavioral Chronic Pain Team Training Program (4PCP) on Practitioner and Patient Outcomes,"Impact of a Novel Community-Based Biobehavioral Chronic Pain Team Training Program (4PCP) on Practitioner and Patient Outcomes ABSTRACT  Although primary care medical practitioners (PCPs) provide the first and sometimes only line of treatment for patients with chronic pain, surveys show they are generally not comfortable with its management. This may reflect a dual shortcoming in their educational preparation. First the average medical school spends 0 to 6 hours on chronic pain, when pain organizations like the International Association for the Study of Pain (IASP) suggest 74 hours. Second, medical training is primarily oriented towards a biopharmacologic framework. While drugs may help the nociceptive component of pain, and anxiety or depression, they offer little to address the core emotional, cognitive and behavioral roots of chronic pain. This biopharmacologic mindset, that a drug might “do it all”, may have set a stage for today's opioid crisis.  Managing these deeper chronic pain issues requires a biopsychosocial framework, that views a chronic pain syndrome as a brain disorder, reinforced by years of negative cognitive, emotional and behavioral habits, requiring retraining through physical & behavioral activation, and cognitive restructuring. However, since this framework and skillset are foreign to most PCPs, they remain ill-prepared to manage the totality of a chronic pain syndrome. In the 4PCP (Primary Practice Physician Program for Chronic Pain) pilot, we demonstrated that PCPs eagerly learned and implemented this new framework into their practice, increasing confidence with chronic pain management, reducing visit times, and improving patient pain. That study did not formally address opioids, though physicians tapered opioids spontaneously.  We now ask 2 new questions: (1) Will a dissemination-ready, fully codified, intensive version of 4PCP produce better outcomes, sustained for 2 years? (2) Will practitioners find new confidence and skills in managing pain as a team and taper opioids? In 27 practices (4 practitioners each, 108 total) in 4 cities (Bozeman, Cleveland, Madison, Milwaukee) we will teach the new curriculum, 3 practices at a time every 2 months over 18 months, using a stepped cluster design. Practices will co-train with a paired psychologist and PT to build a clinical team. For each practitioner, we will identify 10 patients with chronic pain, ideally on opioids (1080 total) for patient outcomes. We will measure 3 types of outcomes before and for 2 years after the training intervention: (1) patient improvement; (2) the change in practitioner satisfaction with care rendered and practitioner burnout; (3) the change in opioid prescribing in the enrolled patients based on state records.","PROJECT NARRATIVE Drugs may help the sensory part of chronic pain and the anxiety and depression that follow, but they do not address its core emotional, cognitive and behavioral roots, which require a biobehavioral approach, typically foreign to most primary care practitioners (PCPs). Our prior work showed that PCPs skillfully appropriate and implement this approach with 4PCP, a training program for PCP's to manage chronic pain effectively, resulting in greater work satisfaction and improved patient outcomes. Here we propose to train 27 practices in 4 cities using an intensive, codified and dissemination-ready version of the training and measure whether over the ensuing 2 years: (1) patients have less pain and (2) PCP's are happier with their work, and (3) fewer opioids are prescribed.",1199966,990024.7600000001,209941.23999999987,2025-11-28,AHRQ Source,N/A,N/A,2022-09-30,2027-09-29,Agency for Healthcare Research and Quality,93.226,"RESEARCH ON HEALTHCARE COSTS, QUALITY AND OUTCOMES",PA-18-795,N/A,N/A,N/A,FALSE,VIRGINIA COMMONWEALTH UNIVERSITY,VA,RICHMOND,VA-04,"Public, R1, Tribal/Native Serving",SCHOOLS OF MEDICINE,https://reporter.nih.gov/project-details/10928120,https://taggs.hhs.gov/Detail/AwardDetail?arg_AwardNum=R01HS028630&arg_ProgOfficeCode=7,https://www.usaspending.gov/award/ASST_NON_R01HS028630_075/
HS028636,R01,R01HS028636,5R01HS028636-04,Disrupted,Terminated,Computable social factor phenotyping using EHR and HIE data,"Most health systems attempt to measure patients' social risk factors, but such data collection is typically fraught with operational and conceptual difficulties. Multi-domain screening questionnaires face reliability, validity, and workflow challenges. Area-level data are not valid proxies for individual characteristics. Diagnosis codes are underutilized. The day-to-day use of natural language processing (NLP) to extract social factors from text is beyond the capacity of most organizations. Thus, health care organizations need more implementable and valid approaches to measuring social factors. With implementable and valid approaches, health systems will more effectively address the negative cost, quality and health outcomes associated with patients' social risk factors. The objective of this proposal is to assess the validity of patient-level computable social factor phenotypes for use in predicting patients' risk of increased healthcare costs and utilization. Computable phenotypes are composites of characteristics defined through single data elements or a collection of data elements, observations or events. Because these phenotypes derive from existing healthcare operations and electronic data systems, they are well-positioned for widespread implementation. Our central hypothesis is that phenotypes computed from existing structured demographic, clinical, and business operations data will support equally or more valid inferences about patient social risks than other measurement approaches. Building upon strong preliminary data and direction from experts in the field, we will determine the validity and usefulness of six novel social factor phenotypes computed from already collected information within EHRs and health information exchanges (HIE) through the following aims: Aim 1, Assess the concurrent validity of patient-level computable social factor phenotypes, compares the concurrent validity of computed phenotypes, multi-domain questionnaires, and NLP against gold standard measures of social factors in two health systems. Aim 2, Assess the predictive validity of patient-level computable social factor phenotypes, will assess the validity of computable phenotypes, multi-domain questionnaires, NLP, and combined approaches in predicting costs and utilization. Aim 3, Assess the reliability (bias) of patient-level computable social factor phenotypes across patient gender, race, ethnicity, and age, assesses the reproducibility of measurement approaches across underserved populations. We will employ a multi-method research approach to identify and mitigate potential bias. This project will lead to more valid and implementable approaches to patient social factor measurement. The proposed research is significant because it directly addresses the challenges organizations face in addressing patients' social risks and will provide key inputs to support organizations efforts at achieving a learning health system. This proposal is innovative by advancing the psychometrics of social factors and identifying novel usages of EHR and HIE data. By working with multiple and diverse populations, we address the priority populations of socioeconomically disadvantaged, racial minority populations, and the elderly.","The proposed research is relevant to public health because unmet social needs negatively influence health, increase utilization, perpetuate disparities, and increase health care costs. The proposed research is relevant to AHRQ's mission to safer, higher quality, and more affordable care by supporting efficient and effective delivery of services.",1594159,1377420.5699999998,216738.43000000017,2025-10-30,AHRQ Source,N/A,N/A,2021-09-30,2026-08-31,Agency for Healthcare Research and Quality,93.226,"RESEARCH ON HEALTHCARE COSTS, QUALITY AND OUTCOMES",PA-18-795,N/A,N/A,N/A,FALSE,INDIANA UNIVERSITY INDIANAPOLIS,IN,INDIANAPOLIS,IN-07,"Public, R1",SCHOOLS OF DENTISTRY/ORAL HYGN,https://reporter.nih.gov/project-details/10918183,https://taggs.hhs.gov/Detail/AwardDetail?arg_AwardNum=R01HS028636&arg_ProgOfficeCode=7,https://www.usaspending.gov/award/ASST_NON_R01HS028636_075/
HS028637,R01,R01HS028637,5R01HS028637-04,Disrupted,Terminated,Disparities in Infection in Home Health and Patients/Caregivers' Perceptions (Dis-Infection in HHC),"Home health care (HHC) is one of the largest and most rapidly growing health care sectors in the nation. HHC patients are at risk for healthcare associated infections (HAIs); socioeconomically disadvantaged HHC patients may be more prone to infections due to limited access to healthcare resources and presence of environmental hazards that increase infection risk. Only two studies have examined HHC patients' socioeconomic status (SES) and infection risk, and they are limited by the age of data, local scope of inquiry, and failure to measure the complex socio-economic composition of communities where HHC patients reside. Infection prevention and control (IPC) in HHC is prominent during the COVID-19 pandemic as HHC serves a vulnerable population. However, we found IPC is suboptimal in HHC and HHC clinicians reported that poor housing conditions and difficulties with patient/informal caregiver compliance with recommended practices pose specific challenges to IPC in HHC. Building upon our previous studies and guided by the Social-Ecological Model, we propose a 5year, multi-site, mixed methods research study to address following aims: 1) examine socio-economic disparities in infection events, including COVID-19, among HHC patients before and during the COVID-19 pandemic; 2) describe IPC-related knowledge, attitudes, and practices among HHC patients (or informal caregivers) and examine associated factors; 3) explore IPC practices from the perspectives of HHC patients (or informal caregivers) and HHC provider; and 4) develop and pilot test a multi-modal intervention to improve knowledge and practice of IPC in HHC patients (or informal caregivers). We will merge multiple national datasets from 2019-2020 with the latest Area Deprivation Index (ADI) file, a multidimensional SES measure of neighborhoods, to study infection-related health disparities before and during the COVID-19 pandemic. We will study hospital transfers or emergency care visits due to four commonly reported HAIs in HHC (respiratory, urinary tract, wound and intravenous catheter-related) that occur 2 days after HHC admission as well as COVID-19 infections. Patients with high and very high risk of infection and/or their informal caregivers (n = 250) from two HHC agencies serving patients with diverse socioeconomic backgrounds in large geographic areas will be surveyed to understand their IPC-related knowledge, attitudes, practices and environmental risk factors. Using innovative dyadic interview analysis of both patient (or informal caregiver) and HHC provider interviews (40 pairs), we will better understand patient/caregivers’ barriers to IPC and explore how best to enhance patient (or informal caregiver)-HHC provider interactions and improve IPC practices at home. Finally, we will triangulate the results from Aims 1-3 to develop a multimodal intervention to improve IPC knowledge and practices among HHC patients and informal caregivers, and pilot test it among 30 patients across all racial/ethnic and SES backgrounds. Conducted by a multi-disciplinary team, findings of this project will be used to guide future clinical IPC practices in HHC settings.","PROJECT NARRATIVE Over 3.4 million patients received home healthcare (HHC) in 2018, and this number is expected to increase due to an aging population. Socioeconomically disadvantaged HHC patients may be more prone to infection. This study will be the first to examine health disparities in infections in HHC, explore infection prevention and control (IPC) related knowledge, attitudes, practices among HHC patients and/or their caregivers and develop and pilot test a multi-modal intervention to improve IPC practices at home.",1977284,1806229.01,171054.99,2025-10-30,AHRQ Source,N/A,N/A,2021-09-03,2026-08-31,Agency for Healthcare Research and Quality,93.226,"RESEARCH ON HEALTHCARE COSTS, QUALITY AND OUTCOMES",PA-17-008,N/A,N/A,N/A,FALSE,COLUMBIA UNIVERSITY HEALTH SCIENCES,NY,NEW YORK,NY-13,"Private, R1",SCHOOLS OF NURSING,https://reporter.nih.gov/project-details/10909147,https://taggs.hhs.gov/Detail/AwardDetail?arg_AwardNum=R01HS028637&arg_ProgOfficeCode=7,https://www.usaspending.gov/award/ASST_NON_R01HS028637_075/
HS028650,R01,R01HS028650,5R01HS028650-03,Disrupted,Terminated,Intervention INC: An interactive family-centered mHealth tool to reduce obesity risk in urban minority preadolescents,"ABSTRACT Childhood obesity continues to be a serious public health issue in the United States (US), with disproportionate rates among low-income, minority children. Effective, yet engaging interventions need to be designed to capture the attention of children and their parents/caregivers living in a multi-media environment. Our work demonstrates the novelty, appeal, and effect of multi-modal narratives in the form of comics, which convey messages in graphics and minimal language, as a format to deliver health messages to the younger populations. Additionally, interventions delivered on web-based/mHealth platforms can be engaging and scalable to support health behavior change in families and also enhance and extend the impact of clinic visits by providing online resources that reinforce health messages delivered in-person by healthcare providers. In collaboration with our community partner, Children’s Aid (one of the oldest and largest US child welfare organizations), an AHRQ-funded R21 study supported development and pilot testing of Intervention INC, a family-centered, interactive, web-based health promotion tool focused on reducing childhood obesity risk. The tool is tailored to meet the needs and preferences of low-income, black/African-American (AA) and Latino children ages 9 to 12 and their parents/caregivers. Results of a pilot feasibility study were highly promising as not only was the tool feasible to deliver and acceptable to our child and parent populations, children receiving the comic tool demonstrated greater improvements (p<0.05) in vegetable, water, and sugar intake compared to the control group, from pre- to post-intervention. However, knowledge gaps regarding tool effectiveness and implementation in real world settings still exist. To fill these gaps, we propose a study with the following aims. In Aim 1, formative research will be conducted with healthcare practitioners/administrators and child-parent dyads to identify organizational (clinic) and family characteristics relevant to implementing such a tool in a clinic setting, while in Aim 2, the tool will be adapted (based on Aim 1 findings) and usability testing of it will be conducted. In Aim 3, a full-scale RCT will be conducted in Children’s Aid community clinics, to test the effect of the adapted and extended tool, which will comprise a 12-week comic intervention and a 6-month maintenance intervention, on child BMI z-score. In Aim 4, contextual factors at the clinic-, provider-, and family-level that influence tool implementation will be explored. We believe that this family-centered web-based tool is unique given its focus on innovative communication approaches and mHealth platform to enhance accessibility and engagement with an often hard to reach, diverse population. It also has strong","PROJECT NARRATIVE Intervention INC: An interactive family-centered mHealth tool to reduce obesity risk in urban minority preadolescents study will test the effectiveness of the adapted tool on child BMI z-score, with a full-scale randomized controlled trial. Critical preliminary data will also be collected on perceptions of the intervention at the organizational and family levels and characteristics of recipients (clinic staff, children, and parents), as well as the contextual factors that influence the tool’s implementation in a health care setting. This study has strong public health relevance as not only does the tool use innovative communication approaches to deliver complex health messages in a simple and meaningful way to engage an often hard to reach population, but the data collected will ultimately inform the more efficient and effective delivery and use of culturally relevant health care resources for a diverse, at-risk population.",1198294,943957.0599999999,254336.94000000006,2025-09-29,AHRQ Source,N/A,N/A,2022-09-30,2027-07-31,Agency for Healthcare Research and Quality,93.226,"RESEARCH ON HEALTHCARE COSTS, QUALITY AND OUTCOMES",PA-18-795,N/A,N/A,N/A,FALSE,TUFTS UNIVERSITY BOSTON,MA,BOSTON,MA-07,"Private, R1",SCHOOLS OF MEDICINE,https://reporter.nih.gov/project-details/10930841,https://taggs.hhs.gov/Detail/AwardDetail?arg_AwardNum=R01HS028650&arg_ProgOfficeCode=7,https://www.usaspending.gov/award/ASST_NON_R01HS028650_075/
HS028655,R01,R01HS028655,5R01HS028655-03,Disrupted,Terminated,Multilevel Intervention Strategies to Transform Kidney Care and Improve Pursuit of Transplant in an Integrated Healthcare Delivery System,"PROJECT SUMMARY Approximately 15% of the U.S. population has chronic kidney disease, and ~700,000 patients are in full kidney failure also called end-stage kidney disease (ESKD). The optimal treatment for ESKD is living donor kidney transplantation (LDKT), followed by deceased donor kidney transplantation (DDKT); however, the standard of care continues to be ongoing dialysis, which has poor clinical outcomes in comparison to LDKT and DDKT. Best practices to transform kidney care recommended by the Centers for Medicare and Medicaid Services (CMS), the American Society of Nephrology (ASN) and the 2019 Executive Order Advancing American Kidney Health Initiative include earlier detection of patients whose kidneys are deteriorating rapidly, introducing transplant as a potential treatment option earlier, optimally before their kidneys fail, improved dissemination of health literate transplant education tools, often through digital technology or mHealth, and increasing LDKT rates by helping patients locate living donors or motivating others to donate. Barriers at the patient-, support network-, clinicianand system-levels of the Socio-Ecological Model persist, including poor identification of high-risk patients, insufficient clinician time to discuss transplant, poor transplant knowledge, reluctance or insufficient support to ask living donors to donate, and disengaged friends and relatives, some of whom who might become living donors. While extensive policy and intervention efforts are underway, none have achieved significant increases in pursuit and receipt of transplant, especially LDKT rates. In 2017, Kaiser Permanente Southern California (KPSC), an integrated care system serving 24,000 CKD patients, partnered with the Transplant Research and Education Center (TREC) at Houston Methodist Research Institute (HMRI) and J.C. Walter Jr. Transplant Center Houston Methodist Hospital (HMH) to launch a multi-year plan for transforming CKD and ESKD care. We now propose to conduct a pragmatic stepped wedge cluster randomized trial of a novel multilevel intervention to improve CKD and ESKD care, improve transplant rates and reduce disparities. One innovative component of the multilevel intervention is a state-of-the-art technology-supported Grove Kidney Health mHealth application, developed in partnership with patients, to engage patients, family members, and potential living donors to improve their CKD knowledge, view transplant success stories, and seek kidney-related support to pursue transplant, including learning how to find living donors. We also seek to identify moderators at various socioecological levels, especially factors influencing variations in effectiveness across different settings and among underserved patient subgroups known to have reduced access to transplant and build implementation tools to increase access to and pursuit of transplant within large integrated health systems including comparable systems (commercial, academic, safety net) across the U.S.","PROJECT NARRATIVE The Transplant Research and Education Center (TREC) at Houston Methodist Research Institute (HMRI) and J.C. Walter Jr. Transplant Center Houston Methodist Hospital (HMH) and Kaiser Permanente Southern California (KPSC) will partner to improve CKD care and transplant rates for patients in the KPSC health system through system changes, inclusion of a peer mentoring program, and dissemination of an innovative technology-supported (mHealth) application to engage patients, family members, and potential living donors in pursuing transplant, including learning how to find living donors. The investigators will conduct a steppedwedge cluster randomized controlled trial of the multilevel intervention in 12 KPSC medical centers and examine its effects on referral for transplant (primary outcome) and secondary outcomes including engagement in transplant education, level of patient knowledge, clinician and health system adherence to best practice recommendations, transplant wait-listing, and increased LDKT rates. After examining factors that moderate the intervention’s effectiveness across settings and underserved subgroups, they will develop implementation resources to facilitate intervention spread within commercial, academic, and safety net healthcare systems across the U.S.",1199998,958038.8799999999,241959.1200000001,2025-09-29,AHRQ Source,N/A,N/A,2022-08-15,2027-01-31,Agency for Healthcare Research and Quality,93.226,"RESEARCH ON HEALTHCARE COSTS, QUALITY AND OUTCOMES",PA-18-795,N/A,N/A,N/A,FALSE,METHODIST HOSPITAL RESEARCH INSTITUTE,TX,HOUSTON,TX-09,N/A,Other Domestic Non-Profits,https://reporter.nih.gov/project-details/10894654,https://taggs.hhs.gov/Detail/AwardDetail?arg_AwardNum=R01HS028655&arg_ProgOfficeCode=7,https://www.usaspending.gov/award/ASST_NON_R01HS028655_075/
HS028662,R01,R01HS028662,5R01HS028662-04,Disrupted,Terminated,Real-time symptom monitoring using ePROs to prevent adverse events during care transitions,"ABSTRACT Adverse events (AE) during care transitions range from 19-28% and may lead to readmissions, representing an ongoing threat to patient safety. Early identification and escalation of patient-reported symptoms to inpatient and ambulatory clinicians is critical, especially for patients with multiple chronic conditions (MCC). Clinically integrated digital health apps have the potential to more accurately predict post-discharge AEs and improve communication for patients, their caregivers, and the care team. Such tools can provide individualized risk assessments of AEs by systematically collecting relevant patient-reported outcomes (PROs) and leveraging standardized application programming interfaces (API) to combine them with electronic health record (EHR) data. While patient-reported outcomes (PROs) are increasingly used in ambulatory settings, their use for realtime symptom monitoring and escalation during transitions from the hospital is novel and potentially transformative–by both empowering patients to better understand their individualized risks of post-discharge AEs, and improving monitoring while transitioning out of the hospital. Our proposed intervention is grounded in evidence-based frameworks for care transitions, and scaling and spread of digital health tools. To inform our intervention, we propose developing and validating a predictive model of post-discharge AEs for hospitalized MCC patients using relevant PRO questionnaires and electronic health record (EHR) derived variables. We will then combine, adapt, extend, and refine our previously developed EHR-integrated hospital and ambulatory-focused digital health infrastructure to support MCC patients in real-time symptom monitoring using PROs when transitioning out of the hospital. Our intervention uses interoperable, data exchange standards and APIs to seamlessly integrate with existing vendor patient portal offerings, thereby addressing critical gaps and supporting the complete continuum of care. Our multidisciplinary team uses principles of user-centered design and agile software development to rapidly identify, design, develop, refine, and implement requirements from patients and clinicians. Our team will rigorously evaluate this intervention in a large-scale randomized controlled trial in which we compare our real-time symptom monitoring intervention to usual care for patients with MCCs transitioning out of the hospital. Finally, we will conduct a robust mixed methods evaluation to generate new knowledge and best practices for disseminating, implementing, and using this interoperable intervention at similar institutions with different EHR vendors.","PROJECT NARRATIVE Adverse events during care transitions are frequent, can lead to readmissions, and represent an ongoing threat to patient safety. To address this problem, we will combine, adapt, and extend interoperable digital health tools that leverage patient-reported outcomes and electronic health record data to engage patients with multiple chronic conditions in understanding their individualized risks and reporting global health symptoms during transitions. We will assess the effect of this intervention on rates of adverse events during care transitions in a randomized controlled trial, and evaluate the feasibility of implementation and use for similar institutions with different electronic health records.",1596629,1596629,0,2025-10-30,AHRQ Source,N/A,N/A,2021-09-30,2026-08-31,Agency for Healthcare Research and Quality,93.226,"RESEARCH ON HEALTHCARE COSTS, QUALITY AND OUTCOMES",PA-20-068,N/A,N/A,N/A,FALSE,BRIGHAM AND WOMEN'S HOSPITAL,MA,BOSTON,MA-07,N/A,Independent Hospitals,https://reporter.nih.gov/project-details/10909844,https://taggs.hhs.gov/Detail/AwardDetail?arg_AwardNum=R01HS028662&arg_ProgOfficeCode=7,https://www.usaspending.gov/award/ASST_NON_R01HS028662_075/
HS028669,R01,R01HS028669,5R01HS028669-04,Disrupted,Terminated,Characterizing the ImPact of COVID-19 on Antibiotic PreScribing in AcutE Care and IDentifying Resilient Stewardship Strategies (POISED),"Project Summary/Abstract The ongoing coronavirus disease 2019 (COVID-19) pandemic, caused by severe acute respiratory syndrome coronavirus 2 (SARS-CoV-2), has resulted in over 26 million infections and overwhelmed healthcare systems throughout the U.S. The novel nature of COVID-19 has generated unprecedented diagnostic and therapeutic dilemmas. One area of emerging concern is the collateral impact of the pandemic on increased antibiotic prescribing and an associated acceleration of bacterial resistance. For instance, early reports indicate that a high percentage of patients hospitalized with COVID-19 receive antibiotics despite few having confirmed bacterial co-infections. In addition to the public health implications, overuse of antibiotics is also a threat to patient safety due to the risk of serious adverse drug events and Clostridioides difficile colitis. In January 2021, the Society for Healthcare Epidemiology of America issued a white paper outlining research priorities related to COVID-19 that highlighted an urgent need to “identify the impact of changes in health care utilization and delivery on antibiotic prescribing” and “develop and implement optimal Antimicrobial Stewardship Program (ASP) strategies to improve antimicrobial use and patient outcomes while adapting to changing healthcare delivery during COVID-19”. This project is specifically designed to address this call to action as we aim to comprehensively characterize the impact of the COVID-19 pandemic on antibiotic prescribing and bacterial resistance trends in acute care hospitals and identify strategies that effectively promote resilient antibiotic stewardship. The assembled team is uniquely qualified to conduct this project given our expertise in evaluating antibiotic prescribing patterns, access to data from ~350 U.S. hospitals and extensive experience using systems engineering methods to analyze stewardship interventions. For the quantitative analyses, we will first characterize overall and condition specific antibiotic prescribing trends before and after COVID-19 using an interrupted time series analysis. Next, we will identify patient and hospital level factors that increased the risk of non-indicated antibiotic prescribing during the COVID-19 pandemic, with the goal of identifying potential intervention targets. Finally, we will complete a systems engineering guided qualitative analysis, focused on hospitals that least and most effectively mitigated the impact of COVID-19 on antibiotic prescribing, to identify systems-level contextual factors and strategies. These results will be used in a multidisciplinary co-design process to develop an antibiotic stewardship implementation toolkit that enhances resiliency during operational upheaval and is transferable between organizations. Given the dynamic nature of the pandemic (e.g. variant strains), it is imperative to classify the previous, ongoing and future adverse impacts on antibiotic prescribing to guide development of tailored stewardship strategies for widespread dissemination. This work represents a vital contribution to AHRQ’s ongoing efforts to combat both COVID-19 and the longstanding pandemic of antimicrobial-resistant infections.","Project Narrative Significant concern exists about the COVID-19 pandemic causing increased antibiotic prescribing in hospitals and accelerating the public health threat of bacterial resistance. In this project, we will measure the impact of COVID-19 on overall and condition specific antibiotic prescribing and bacterial resistance patterns using data from a diverse, nationally representative group of over 350 U.S. hospitals. We will then conduct interviews with healthcare professionals at hospitals with varying alterations in antibiotic prescribing during the pandemic to identify effective strategies for inclusion in a resilient antibiotic stewardship implementation toolkit.",1963478,1847148.1600000001,116329.83999999985,2025-10-30,AHRQ Source,N/A,N/A,2021-09-30,2026-08-31,Agency for Healthcare Research and Quality,93.226,"RESEARCH ON HEALTHCARE COSTS, QUALITY AND OUTCOMES",PA-16-423,N/A,N/A,N/A,FALSE,UNIVERSITY OF WISCONSIN-MADISON,WI,MADISON,WI-02,"Land grant, Public, R1",SCHOOLS OF MEDICINE,https://reporter.nih.gov/project-details/10906028,https://taggs.hhs.gov/Detail/AwardDetail?arg_AwardNum=R01HS028669&arg_ProgOfficeCode=7,https://www.usaspending.gov/award/ASST_NON_R01HS028669_075/
HS028671,R01,R01HS028671,5R01HS028671-03,Disrupted,Terminated,Impact of EMTALA on Access to and Quality of Emergency Care,"Project Summary Before the 1986 enactment of the Emergency Medical Treatment and Labor Act (EMTALA), emergency departments (EDs) could legally turn away patients with emergency conditions based upon condition or ability to pay. EMTALA imposed a duty to treat, requiring that all patients presenting to an ED receive a timely medical screening evaluation, stabilization, and transfer if specialized stabilizing services are needed, regardless of condition or ability to pay. Hospitals are required to accept transfer of patients from other EDs if the receiving facility has specialized services required to stabilize their condition. Compliance with EMTALA is a condition of Medicare participation, and failure to comply with EMTALA can result in termination of a hospital’s Medicare provider agreement, a serious consequence that can result in hospital closure. EMTALA is actively enforced with a quarter of U.S. hospitals cited for violating the law within the past decade. Faced with an EMTALA citation, hospitals have two principal options to improve EMTALA compliance. First, they could enhance policies, procedures and service availability - improving access to and quality of care. Alternatively, hospitals could eliminate service lines reducing both responsibilities under EMTALA as well as access to care for the population served by the hospital. Indirect evidence suggests that some hospitals have responded to EMTALA enforcement in ways that might paradoxically reduce access to or quality of emergency care, likely exacerbating disparities. However, no publications directly evaluate how EMTALA enforcement impacts access to or the quality of emergency care. Nor is it known how hospitals responded to EMTALA enforcement in the wake of the COVID19 pandemic. To address this knowledge gap, we propose to build on an existing dataset and create a file including all EMTALA citations from 2011-present and link with data from the Healthcare Cost and Utilization Project (HCUP) State Emergency Department Databases (SEDD), the State Inpatient Databases (SID), Hospital Compare data to complete a study with the following Aims: (1) To evaluate whether access to emergency care improves following EMTALA citation (2) To assess whether disparities in access to care change in response to EMTALA citation, (3) To determine if quality of emergency care changes in response to EMTALA citations, (4) To quantify whether these effects varied during the COVID-19 pandemic, and finally (5) To characterize corrective action plans proposed by hospitals in response to citation to determine which actions and operational changes are associated with change in access to or quality of care. Understanding whether EMTALA enforcement impacts access to and quality of emergency care, and which corrective action plans serve as likely mechanisms for observed changes will be imperative to informing future efforts to enhance or improve the statute to ensure access to quality emergency care for historically underserved populations, and in particular low-income and minority groups, all AHRQ priority populations.","Project Narrative Enacted in 1986, the Emergency Medical Treatment and Labor Act (EMTALA) imposed a duty to treat – prior to EMTALA emergency departments could legally turn away patients with emergency conditions based upon ability to pay. Despite its intent to protect vulnerable populations, there is indirect evidence suggesting that EMTALA as currently enforced may exacerbate health disparities, because some hospitals have adapted to EMTALA in ways that might paradoxically reduce access to or quality of emergency care. Understanding whether EMTALA enforcement is associated with measurable changes in access to quality emergency care is needed to inform efforts to enhance and improve the statute.",1183420,976275.0900000001,207144.90999999992,2025-06-29,AHRQ Source,N/A,N/A,2022-07-01,2027-04-30,Agency for Healthcare Research and Quality,93.226,"RESEARCH ON HEALTHCARE COSTS, QUALITY AND OUTCOMES",PA-18-795,N/A,N/A,N/A,FALSE,UNIVERSITY OF SOUTHERN CALIFORNIA,CA,Los Angeles,CA-37,"Private, R1",SCHOOLS OF PHARMACY,https://reporter.nih.gov/project-details/10828378,https://taggs.hhs.gov/Detail/AwardDetail?arg_AwardNum=R01HS028671&arg_ProgOfficeCode=7,https://www.usaspending.gov/award/ASST_NON_R01HS028671_075/
HS028682,K08,K08HS028682,5K08HS028682-03,Disrupted,Terminated,Averting Diagnostic Error Through Improved Recognition of Child Abuse,"Project Summary/Abstract Dr. Irit R. Rasooly’s goal is to become an independent clinician scientist dedicated to promoting accurate, timely, and equitable pediatric diagnosis. To further develop the novel skillset necessary to apply data-driven, systems-informed approaches to improve diagnosis, Dr. Rasooly’s career development plan incorporates mentored research and training in clinical informatics, longitudinal analysis, human factors engineering, implementation science, and trauma informed care. She will be mentored by experienced investigators with whom she has established, productive collaborative relationships: Dr. Christopher P. Bonafide (Primary Mentor) is an expert in developing, evaluating, and implementing interventions at the intersection of patient safety and technological innovation. Dr. Joanne N. Wood (Co-Mentor) is an expert in child physical abuse research whose scholarship has focused on racial disparities and variation in abuse evaluations. Dr. Kathy Shaw (Co-Mentor) is a national and intuitional leader in patient safety science and diagnostic error. The Children’s Hospital of Philadelphia and University of Pennsylvania are deeply supportive of Dr. Rasooly’s work and provide an unparalleled research training environment. Missed diagnosis of child abuse, in which abusive injury goes unrecognized or is misattributed to accidental trauma, is among the gravest examples of pediatric diagnostic error and a serious threat to pediatric health. While electronic health record (EHR) clinical decision support (CDS) has shown promise in improving timeliness and reducing disparities in abuse diagnosis in emergency department settings, there is a critical need for strategies to support diagnosis in primary care, where most pediatric care is delivered and where there may be opportunity to intervene before children sustain serious injuries. To lay the groundwork for creation of CDS to improve abuse diagnosis in primary care, the objective of this work is to apply EHR data- and systems-analysis to inform identification of strategies to support diagnosis of child physical abuse in primary care. Specific aims are to: (1) Detect and validate markers of physical abuse in longitudinal, clustered, EHR-derived data to distinguish young children experiencing abuse from matched controls, (2) Determine causes of abuse-related diagnostic error in primary care by conducting scenario-based high-fidelity human factors engineering EHR simulations, and (3) Identify and prioritize feasible, acceptable, and appropriate CDS strategies through a consensus approach. Findings will inform development of CDS to be tested in a future multi-center, R01 funded clinical trial. Completion of the proposed research and training will position Dr. Rasooly to launch an independent research career advancing pediatric diagnostic excellence and reducing health disparities in primary care, thereby addressing multiple AHRQ research priority areas.","Project Narrative Missed diagnosis of child abuse, in which abusive injury goes unrecognized or is misattributed to accidental trauma, is among the gravest examples of pediatric diagnostic error. At the same time, there are striking disparities in child abuse evaluation. To lay the groundwork for improved accuracy and equity of abuse diagnosis in pediatric primary care, the objectives of this proposal are to 1) identify markers of abuse in primary care EHR data, 2) characterize clinician diagnostic-process failure modes using EHR-based simulation, and 3) develop and prioritize strategies for improving primary care diagnosis of abuse.",429160,417833.09,11326.909999999974,2025-11-28,AHRQ Source,N/A,N/A,2022-09-30,2027-09-29,Agency for Healthcare Research and Quality,93.226,"RESEARCH ON HEALTHCARE COSTS, QUALITY AND OUTCOMES",PA-17-232,AHRQ Mentored Clinical Scientist Research Career Development Award (K08),https://grants.nih.gov/grants/guide/pa-files/PA-17-232.html,N/A,FALSE,CHILDREN'S HOSP OF PHILADELPHIA,PA,PHILADELPHIA,PA-03,N/A,Independent Hospitals,https://reporter.nih.gov/project-details/10911109,https://taggs.hhs.gov/Detail/AwardDetail?arg_AwardNum=K08HS028682&arg_ProgOfficeCode=7,https://www.usaspending.gov/award/ASST_NON_K08HS028682_075/
HS028683,K08,K08HS028683,5K08HS028683-03,Disrupted,Terminated,Provision of Definitive Care for Children in Rural Hospitals,"Project Summary/Abstract  This proposal describes a five-year research training program that will prepare Dr. McDaniel to achieve her long-term goal of becoming an independent physician-scientist dedicated to supporting the delivery of highquality, equitable care to children hospitalized in rural settings. With more than 12 million children living in rural communities in the United States and with almost half of rural counties not providing definitive general pediatric inpatient care, children in rural areas experience both poorer health status and limited access to pediatric healthcare infrastructure and resources relative to children from urban areas. Addressing inequity in access for children in rural areas in the setting of scarce resources and limited infrastructure requires health policy change and innovative initiatives. Dr. McDaniel’s project goal is to establish system-level (e.g., provider, hospital, community) facilitators for the provision of pediatric care in rural hospitals that may improve access to and delivery of equitable inpatient care for children in rural communities  In the first aim of this proposal, using a difference-in-differences approach, Dr. McDaniel will determine if there is an association between the state-level provision of cost-based reimbursement for critical access hospitals, a federal designation to promote the retention of services within rural communities, and the maintenance of pediatric services (1a). Then she will examine the hospital and system characteristics of rural hospitals associated with loss, gain, or sustained provision of general pediatric inpatient services across the US from 2010 to 2018 (1b). Together, these will identify these will identify hospital, county, and state-level characteristics associated with sustained provision of general pediatric inpatient services in rural counties over time. In the second aim, using a consensus methodology with key stakeholders from seven partnering rural hospitals, Dr. McDaniel will develop an intervention-bundle to support the provision of general pediatric inpatient care. The bundle will build off preliminary qualitative data identifying rural hospital strategies to support care and the contextual factors identified in Aim 1. In the third aim, Dr. McDaniel will conduct a pilot implementation trial at three rural hospitals of the developed intervention bundle. She will assess 4 primary implementation outcomes: acceptability, feasibility, appropriateness, and adoption. These will create a framework for future multi-site interventions evaluating the effectiveness of interventions to promote the sustained provision of high-quality general pediatric inpatient care.  Dr. McDaniel’s research will be supported by an outstanding group of mentors with expertise in patientcentered outcomes research, rural healthcare disparities, qualitative and mixed-methods, and econometrics. Her mentors are dedicated to ensuring the success of this project and her development as an independent clinical investigator. By accomplishing the aims of this proposal, Dr. McDaniel will have the necessary skills for a research career dedicated to improving care and reducing disparities for children hospitalized in rural areas.","Project Narrative The inability for children to receive definitive general pediatric inpatient care within rural communities creates significant inequities in quality and access to care. Addressing these inequities for children in setting of scarce resources and limited infrastructure requires health policy change and innovative initiatives specifically designed for the rural community. This proposal aims to establish system-level (e.g., provider, hospital, community) facilitators for the provision of general pediatric inpatient care in rural hospitals.",427464,427464,0,2025-10-30,AHRQ Source,N/A,N/A,2022-09-01,2027-08-31,Agency for Healthcare Research and Quality,93.226,"RESEARCH ON HEALTHCARE COSTS, QUALITY AND OUTCOMES",PA-17-232,AHRQ Mentored Clinical Scientist Research Career Development Award (K08),https://grants.nih.gov/grants/guide/pa-files/PA-17-232.html,N/A,FALSE,SEATTLE CHILDREN'S HOSPITAL,WA,SEATTLE,WA-07,N/A,Independent Hospitals,https://reporter.nih.gov/project-details/10903724,https://taggs.hhs.gov/Detail/AwardDetail?arg_AwardNum=K08HS028683&arg_ProgOfficeCode=7,https://www.usaspending.gov/award/ASST_NON_K08HS028683_075/
HS028684,K08,K08HS028684,5K08HS028684-03,Disrupted,Terminated,Impact of the ESRD Treatment Choices Model on Home Dialysis Uptake and Disparities,"PROJECT SUMMARY/ABSTRACT  Dr. Sri Lekha Tummalapalli is a nephrologist and health services researcher whose long-term goal is to become a leading national expert studying healthcare policies and delivery system interventions to optimize the quality and equity of care for patients with kidney disease. If awarded, this K08 mentored career development award will provide Dr. Tummalapalli with the necessary protected time and training to develop into an independent physician-investigator. Dr. Tummalapalli will be mentored primarily by Dr. Lawrence Casalino, the Livingston Farrand Professor of Population Health Sciences and an expert in alternative payment models and the organization of the healthcare delivery system. Under the guidance of a multidisciplinary mentorship team, Dr. Tummalapalli will engage in a rigorous training and career development plan in the following 3 areas: (1) qualitative research for evaluating healthcare delivery systems (Dr. Lawrence Casalino), (2) quasi-experimental research designs (Dr. Yuhua Bao) and advanced epidemiologic methods (Dr. Michelle Estrella), and (3) the use of large claims databases to examine quality and equity of care (Dr. Sumit Mohan, Dr. Said Ibrahim). Dr. Tummalapalli will conduct her research and training in the outstanding environment of Weill Cornell Medicine’s Department of Population Health Sciences, surrounded by internationally recognized experts in health services research, health economics, epidemiology, and biostatistics.  End-stage renal disease (ESRD) requiring dialysis causes an enormous clinical and economic burden, affecting over 550,000 Americans and costing ~$49 billion annually. Home dialysis is a preferred treatment for ESRD, offering better quality of life than in-center hemodialysis at reduced cost. Yet, uptake of home dialysis is low and there are stark racial/ethnic and socioeconomic disparities in uptake. There is limited understanding of organizational structures and processes that lead to higher home dialysis uptake and reduced disparities. This proposal applies rigorous health services research techniques to examine the ESRD Treatment Choices (ETC) Model, a randomized alternative payment model that incentivizes home dialysis uptake. Leveraging qualitative interviews and national large claims databases, this research aims to (1) Identify changes in structures and processes of care in response to the ETC Model; (2) Identify facility and practice structures and processes of care associated with home dialysis uptake; and (3) Assess the impact of the ETC Model on socioeconomic and racial/ethnic disparities in home dialysis uptake. The knowledge gained in this project is highly likely to influence healthcare policy and the delivery of kidney disease care on the national scale by revealing effective structures of care, processes of care, and policy levers that increase home dialysis uptake and reduce disparities. This work will equip Dr. Tummalapalli with the skills and research experience to become one of the few independent physician-investigators studying nephrology payment and delivery system reform.","PROJECT NARRATIVE  Home dialysis is a preferred treatment for end-stage renal disease but is substantially underutilized, particularly among socially disadvantaged populations. This project leverages a national, randomized alternative payment model that incentivizes home dialysis to identify the structures and processes of care that are associated with higher home dialysis uptake. It also evaluates whether the alternative payment model led to reductions in socioeconomic and racial/ethnic disparities in home dialysis uptake.",461724,414601.96,47122.03999999998,2025-09-29,AHRQ Source,N/A,N/A,2022-08-01,2027-07-31,Agency for Healthcare Research and Quality,93.226,"RESEARCH ON HEALTHCARE COSTS, QUALITY AND OUTCOMES",PA-17-232,AHRQ Mentored Clinical Scientist Research Career Development Award (K08),https://grants.nih.gov/grants/guide/pa-files/PA-17-232.html,N/A,FALSE,WEILL MEDICAL COLL OF CORNELL UNIV,NY,NEW YORK,NY-12,"Private, R1",SCHOOLS OF MEDICINE,https://reporter.nih.gov/project-details/10896944,https://taggs.hhs.gov/Detail/AwardDetail?arg_AwardNum=K08HS028684&arg_ProgOfficeCode=7,https://www.usaspending.gov/award/ASST_NON_K08HS028684_075/
HS028732,K01,K01HS028732,5K01HS028732-03,Disrupted,Terminated,The effect of rurality and the COVID-19 pandemic on telemedicine and preventive healthcare use,"Project Summary This resubmission is responding to Special Emphasis Notices NOT-HS-21-014 Health Services Research to Advance Health Equity and NOT-HS-22-002 Supporting Primary Care Research Career Development Awards. Residents in rural areas have higher rates of chronic diseases, infant mortality, disability, ambulatory care sensitive hospitalizations, and age-adjusted mortality than their urban counterparts. People living in rural areas, particularly those with fewer financial resources, also face many challenges accessing primary care. To date, little is known about the acute and intermediate effects of the COVID-19 pandemic on primary care utilization and quality of care among rural patients. The rapid and wide-scale adoption of telemedicine (TM) resulting from the COVID-19 pandemic provides a unique opportunity to understand if TM can improve utilization or quality of preventive healthcare for rural patients. Research is critically needed to examine whether differences in preventive care utilization among rural/urban patients is increasing and whether TM has improved or worsened disparities in preventive care use and quality of care. To meet this need we propose to address the following aims: (1) assess changes in frequency of preventive care visits and method of preventive care received (e.g., in-person, video, phone, patient portal) among rural and urban patients as a result of the COVID-19 pandemic; (2) examine differences in the use of TM and the type of primary care for which TM was used among rural and urban patients as a result of the COVID-19 pandemic; and (3) evaluate the effect of TM use on the quality and equity of care for chronic physical and mental health conditions among rural and urban patients as a result of the COVID-19 pandemic. We will use electronic health record (EHR) data from a network of 800+ community health centers in 20 states that are hosted and standardized by OCHIN. The EHR data are geocoded to patient addresses and linked to US Census and USDA Rural Urban Commuting Area data. These unique features will allow use of communitylevel data and geospatial analysis to identify communities with unmet needs and help identify contextual factors affecting use of primary care and outcomes for underserved, rural patients. Use of this data also represents a significant advancement in the study of rural populations because data on patients without insurance or lapses in insurance, of which rural patients are overrepresented, are missing from claims data often used in health services research. Rural populations are a priority for AHRQ, and Healthy People 2020 and the National Institute of Health identified rural health disparities and the lack of research on rural health as top priorities. Findings from this research will advance knowledge on the impact of the COVID-19 pandemic on low-income, rural populations and the effect of TM on use and quality of primary care. This innovative research project has the potential to improve healthcare access and quality of care for low-income, rural patients.","Project Narrative Healthy People 2020 and the National Institute of Health have identified rural health disparities and the lack of research on rural health as top priorities, yet little is known about the effects of the COVID-19 pandemic on primary care utilization among rural patients. The goal of the proposed study is to advance knowledge on how the COVID-19 pandemic and subsequent wide-scale expansion of telemedicine has affected the use of primary care services and quality of preventive care among rural, low-income patients compared to those residing in urban areas. This innovative research project will help inform efforts to improve healthcare access and quality of care for low-income, rural patients.",426149,416087,10062,2025-09-29,AHRQ Source,N/A,N/A,2022-08-01,2027-07-31,Agency for Healthcare Research and Quality,93.226,"RESEARCH ON HEALTHCARE COSTS, QUALITY AND OUTCOMES",PA-20-067,N/A,N/A,N/A,FALSE,"OCHIN, INC.",OR,PORTLAND,OR-01,N/A,Other Domestic Non-Profits,https://reporter.nih.gov/project-details/10894054,https://taggs.hhs.gov/Detail/AwardDetail?arg_AwardNum=K01HS028732&arg_ProgOfficeCode=7,https://www.usaspending.gov/award/ASST_NON_K01HS028732_075/
HS028783,R18,R18HS028783,5R18HS028783-03,Disrupted,Terminated,Newborn Circumcision Care Redesign,"PROJECT SUMMARY/ABSTRACT  Circumcision is one of the most common surgical procedures performed in the United States. Periprocedural risk is lowest, costs are lowest, and health benefits (e.g., decreased risk of urinary tract and sexually transmitted infections) are greatest when circumcision is performed as a neonatal circumcision (NC) under local anesthesia, rather than as an operative circumcision (OC) under general anesthesia later in life. However, young boys for whom an infant circumcision was desired commonly present for elective OC after the neonatal period. Previous research indicates that boys of lower socioeconomic status have more difficulty accessing NC such that the increased risks and decreased health benefits of OC disproportionally affect boys of lower socioeconomic status. Recent data show that changes in Medicaid coverage of NC disproportionately affect Black/African American boys compared with boys of other racial/ethnic backgrounds. Available data indicate that both healthcare operational and insurance coverage factors contribute to the disparity in access to NC. Chicago-Area clinician interviews have identified multiple operational barriers to NC, including clinical logistical challenges and lack of standardized processes that compound substantial variation in NC reimbursement that dis-incentivizes some birth hospitals from uniformly offering NC.  The proposed study aims to address the operational barriers to providing NC to desirous families. The World Health Organization’s evidence-based Standards and Procedures for high-quality, high-volume NC programs will be used as a framework (developed for low- and middle-income countries) and adapted for utilization in multiple clinical settings in the United States (US). The goals of this proposal are to (1) leverage the WHO Standards and Procedures to develop and implement safe, efficient, and contextually-adapted NC programs at 3 hospitals that promote equity of NC; (2) evaluate each NC program’s impact on patient outcomes; and (3) provide a cost analysis of the NC program to support dissemination. A multidisciplinary team (pediatrics, obstetrics, pediatric urology, health services research, health economics, and global health) has been assembled to execute the study. Findings from this study will provide US birthing hospitals with examples of safe, efficient, and contextually adaptable NC programs, based on the evidence-based WHO Standards and Procedures. These examples will include cost analyses from both hospital and patient perspectives to facilitate dissemination. Ultimately, by implementing NC programs that overcome both structural and health system barriers, equity in NC should improve.","PROJECT NARRATIVE  Currently, not all families who want a circumcision for their newborn sons are able to obtain the procedure soon after birth, even though this is the safest time for a circumcision to be performed. The goal of this study will be to create and test a new, more efficient way to deliver newborn circumcision care. The public health impact of this study will be to provide a way for newborn circumcisions to be done for more families who want one, which will particularly benefit families of lower socioeconomic status.",1191714,1177595.82,14118.179999999935,2025-09-29,AHRQ Source,N/A,N/A,2022-09-30,2026-07-31,Agency for Healthcare Research and Quality,93.226,"RESEARCH ON HEALTHCARE COSTS, QUALITY AND OUTCOMES",PA-18-793,N/A,N/A,N/A,FALSE,LURIE CHILDREN'S HOSPITAL OF CHICAGO,IL,CHICAGO,IL-05,N/A,Independent Hospitals,https://reporter.nih.gov/project-details/10886580,https://taggs.hhs.gov/Detail/AwardDetail?arg_AwardNum=R18HS028783&arg_ProgOfficeCode=7,https://www.usaspending.gov/award/ASST_NON_R18HS028783_075/
HS028817,K08,K08HS028817,5K08HS028817-03,Disrupted,Terminated,The cost of illness: The impact of COVID-19 on patient financial outcomes,"PROJECT SUMMARY/ABSTRACT Candidate: Nora Becker, MD, PhD, is a primary care physician, health economist, and early career health services researcher. Her long-term career objective is to become an independent physician-investigator and national expert on the impact of illness on financial outcomes for women and vulnerable populations in order to inform policies to reduce disparities and protect patients from financial harm. Research Context: The financial consequences of illness—termed “financial toxicity”—are important patient outcomes. Financial toxicity has two components, objective financial burden and subjective financial distress, but the lack of available data has made it difficult to measure objective financial burden. Further, the existing measures of subjective financial distress are limited and heterogeneous. The SARS-CoV-2 (COVID-19) pandemic has made it even more important to develop new ways to estimate and understand the magnitude of financial toxicity following acute illness. Specific Aims: 1) Identify patient subgroups at highest risk for objective financial burden after COVID-19 infection; 2) Estimate the causal effect of COVID-19 infection on objective financial burden independent of economic trends during the pandemic and describe heterogeneity in outcomes by patient subgroup; 3) Assess subjective financial distress related to COVID-19 infection. Research Plan: In Aims 1 and 2, Dr. Becker will perform a novel data linkage of commercial credit report data, Blue Cross Blue Shield of Michigan (BCBSM) insurance claims, and zip code-level social determinants of health. In Aim 1 she will use machine learning methods to identify which patients are at highest risk of poor credit report outcomes after COVID-19 infection, and in Aim 2 she will use advanced econometric methods to estimate the effect of COVID-19 infection on credit report outcomes, independent of overall economic trends during the pandemic, and describe heterogeneity in outcomes by patient subgroups. In Aim 3, Dr. Becker will adapt, pilot, and administer a new COVID-19-specific survey measure of subjective financial distress. Together, these aims will comprehensively estimate the financial toxicity of COVID-19 infection. Career Development Plan: Dr. Becker will develop expertise in 1) machine learning methods, 2) newly developed advanced econometric methods, 3) primary data collection and survey methods, and 4) leadership and communication skills to disseminate her work effectively to inform policy change. Dr. Becker's training will be supported by close mentorship, advanced didactic coursework, participation in career development activities, and engagement with media and policymakers to share the results of her research. Research Goals: The goal of this research is to identify the financial effects of COVID-19 infection, and which patients are most at risk of financial harm following infection, to inform the development of policies to reduce disparities in financial outcomes and better protect patients from the financial consequences of illness.","PROJECT NARRATIVE The U.S. social safety net provides little financial assistance to most patients following illness, and financial toxicity after acute illness is poorly measured and understood. The SARS-CoV-2 (COVID-19) pandemic has created millions of new survivors of acute illness in the U.S., making it even more urgent that we develop new ways to measure financial toxicity. The overarching goal of this proposal is to 1) use novel data to better measure objective financial burden, 2) use rigorous empirical methods to estimate the effect of COVID-19 infection on financial burden and explore heterogeneity of effects across different groups of patients, and 3) create a COVID-19-specific measure of subjective financial distress, with the ultimate goal of informing the creation of policies to better protect vulnerable patients from the financial consequences of illness.",458960,459607.28,-647.2800000000279,2025-10-30,AHRQ Source,N/A,N/A,2022-09-01,2027-08-31,Agency for Healthcare Research and Quality,93.226,"RESEARCH ON HEALTHCARE COSTS, QUALITY AND OUTCOMES",PA-17-232,AHRQ Mentored Clinical Scientist Research Career Development Award (K08),https://grants.nih.gov/grants/guide/pa-files/PA-17-232.html,N/A,FALSE,UNIVERSITY OF MICHIGAN AT ANN ARBOR,MI,ANN ARBOR,MI-06,"Public, R1",SCHOOLS OF MEDICINE,https://reporter.nih.gov/project-details/10903780,https://taggs.hhs.gov/Detail/AwardDetail?arg_AwardNum=K08HS028817&arg_ProgOfficeCode=7,https://www.usaspending.gov/award/ASST_NON_K08HS028817_075/
HS028822,R01,R01HS028822,5R01HS028822-03,Disrupted,Terminated,ACHIEVE: Successfully achieving and maintaining euglycemia during pregnancy for type 2 diabetes through technology and coaching,"Project Summary Type 2 diabetes (T2D) in pregnancy increases the risk of adverse outcomes for both the mother and infant. Over 1 in 3 infants born to individuals with T2D will experience an adverse outcome, including large for gestational age at birth, preterm birth, birth trauma, neonatal hypoglycemia, and stillbirth. Strict maternal glycemic control throughout pregnancy is key to optimizing perinatal outcomes. This is possible with insulin pharmacotherapy, vigilant glucose monitoring, lifestyle modifications including diet and exercise, and team-based prenatal care. Medicaid-enrolled pregnant individuals with T2D experience non-medical social needs that limit their ability to achieve glycemic control, including lack of reliable transportation to attend prenatal visits, access to resources to engage in diet and exercise changes, and convenient methods to log self-monitored glucose values and adjust insulin dosing. A multi-faceted provider-patient based approach is needed with proven strategies to improve glycemic control. We propose “ACHIEVE: Successfully achieving and maintaining euglycemia during pregnancy for type 2 diabetes through technology and coaching.” Our intervention is multicomponent, including a mobile health (mHealth) application (app), provider dashboard, DEXCOM continuous glucose monitoring (CGM), and care team coaching for medical and social needs. This intervention empowers Medicaid-enrolled pregnant individuals with T2D and their healthcare providers to achieve and maintain glycemic control, improve access to care, and provide patient education and support. Each sub-component of the proposed intervention is grounded in Social Cognitive Theory (SCT), and emphasizes on individuals’ skills, knowledge and beliefs, and self-efficacy to achieve glycemic control. We propose three aims: AIM 1: Develop the tailored ACHIEVE mHealth app and provider dashboard for Medicaid-enrolled pregnant individuals with T2D and their healthcare team through active stakeholder engagement; AIM 2: Conduct an RCT and measure the effect of the intervention (mHealth app with CGM, provider dashboard, and care team coaching) compared to current standard care (prenatal visits, self-monitored blood glucose, and certified diabetes care and education specialist) on achieving glycemic control (hemoglobin A1c <6.5% in the third trimester). We hypothesize a 25% absolute increase in the proportion of participants in the intervention group who will meet the target hemoglobin A1c <6.5% in the third trimester compared to the standard care group; and AIM 3: Identify multi-level patient and provider barriers and facilitators to satisfaction, engagement, and use of the intervention and its subcomponents.","Project Narrative Type 2 diabetes (T2D) in pregnancy affects over 100,000 individuals annually in the U.S., of which >50% are enrolled in Medicaid, and most enter prenatal care with suboptimal glycemic control. We propose “ACHIEVE: Successfully achieving and maintaining euglycemia during pregnancy for type 2 diabetes through technology and coaching,” a multi-component intervention that includes a mobile health (mHealth) application, provider dashboard, continuous glucose monitoring (CGM), and team-based coaching for medical and social needs. ACHIEVE empowers Medicaid-enrolled pregnant individuals with T2D and their healthcare providers to achieve and maintain glycemic control, improve access to care, and provide patient education and support.",1185533,1120416.3199999998,65116.68000000017,2025-09-29,AHRQ Source,N/A,N/A,2022-09-30,2027-07-31,Agency for Healthcare Research and Quality,93.226,"RESEARCH ON HEALTHCARE COSTS, QUALITY AND OUTCOMES",PA-18-795,N/A,N/A,N/A,FALSE,OHIO STATE UNIVERSITY,OH,Columbus,OH-03,Public,SCHOOLS OF MEDICINE,https://reporter.nih.gov/project-details/10894049,https://taggs.hhs.gov/Detail/AwardDetail?arg_AwardNum=R01HS028822&arg_ProgOfficeCode=7,https://www.usaspending.gov/award/ASST_NON_R01HS028822_075/
HS028840,R01,R01HS028840,5R01HS028840-03,Disrupted,Terminated,Effects of Preconception Care on Maternal Outcomes in Medicaid,"ABSTRACT Maternal mortality and severe maternal morbidity (SMM) continue to rise in the United States, and women from low-income communities, minoritized racial/ethnic groups, and those with Medicaid or who are uninsured face increased risk. Hospital care at the time of delivery, and prenatal care during pregnancy, both occur late in the progression of conditions that are important to maternal outcomes. Therefore, expanding access to preconception care is a promising approach to improving maternal health and outcomes. Evidence-based preconception interventions include counseling patients on healthy behaviors (e.g. taking folic acid), managing chronic health conditions, and providing contraceptive care to plan timing of pregnancy. For many low-income women, a major barrier to receiving preconception care has been lack of health insurance coverage. The Affordable Care Act (ACA) reduced the uninsured rate among reproductive age women, giving women greater access to preconception care. Some states began implementing the ACA’s Medicaid coverage expansion in 2014, and women’s report of receiving counseling on preconception health increased significantly in Medicaid expansion states compared to non-expansion states. Prior research has identified an association between preconception care and decreased risk of SMM, particularly among women with a chronic disease. However, further research is needed to establish a causal effect. This study will harness the study team’s access to nationwide Medicaid claims data and leverage Medicaid expansion as a natural experiment to estimate the causal effect of preconception care on SMM for women insured by Medicaid. Analyzing existing Medicaid claims data will allow us to describe change in preconception care and SMM rates in expansion and nonexpansion states (Aim 1). We will then use quasi-experimental design enabled by variation in state policy (i.e. timing of adopting Medicaid expansion) to estimate the causal effect of preconception care on risk of SMM, both in the Medicaid population overall and in sub-groups at highest risk based on medical history (e.g. chronic disease or history of prior SMM) or sociodemographic characteristics (Aim 2). We will also gain the nuanced perspectives of patients at high risk for SMM and clinicians who care for them, using qualitative focus groups and key informant interviews (Aim 3). By combining quantitative Medicaid claims and qualitative analyses, we will identify preconception interventions and approaches with high likelihood of reducing SMM, particularly for women at highest risk. We will translate these findings to develop a novel preconception care model that will be tested in future work.","PROJECT NARRATIVE Maternal mortality and severe maternal morbidity (SMM) continue to rise in the United States, and women from low-income communities, minoritized racial/ethnic groups, and those with Medicaid or who are uninsured face increased risk. This study will combine quantitative Medicaid claims and qualitative key informant analyses to examine the potential impact of preconception care in reducing maternal SMM, particularly for women at highest risk.",1199997,1138347.22,61649.78000000003,2025-09-29,AHRQ Source,N/A,N/A,2022-09-30,2027-07-31,Agency for Healthcare Research and Quality,93.226,"RESEARCH ON HEALTHCARE COSTS, QUALITY AND OUTCOMES",PA-18-795,N/A,N/A,N/A,FALSE,UNIVERSITY OF CHICAGO,IL,CHICAGO,IL-01,"Private, R1",SCHOOLS OF MEDICINE,https://reporter.nih.gov/project-details/10887462,https://taggs.hhs.gov/Detail/AwardDetail?arg_AwardNum=R01HS028840&arg_ProgOfficeCode=7,https://www.usaspending.gov/award/ASST_NON_R01HS028840_075/
HS028847,K08,K08HS028847,5K08HS028847-03,Disrupted,Terminated,"Optimizing targeted, equitable use of neuroimaging in cases of suspected infant physical abuse","PROJECT SUMMARY/ABSTRACT The purpose of this Career Development Award is to prepare Dr. Maria Kate Henry, MD, MSCE for her longterm goal to serve as an independent clinical investigator developing evidence-based clinical decision support that optimizes the equitable use of imaging to inform the identification, care, and protection of victims of child abuse. Infants with identified injuries that raise concerns regarding potential abuse (e.g., femur fracture) can also have brain injuries that are clinically occult and only detectable by neuroimaging (computed tomography, magnetic resonance imaging). Detection of a clinically occult head injury (e.g., subdural hematoma) guides medical care, dramatically increases the level of diagnostic certainty regarding abuse, and informs child protection decision making. Neuroimaging, however, is not without risk, forcing clinicians to weigh the risks of missing an intracranial injury with the risks of radiation or sedation. While clinicians have clear guidance on use of plain radiography to detect occult fractures when abuse is suspected, they lack clear guidance on use of neuroimaging, contributing to variation and disparities in care. In the proposed study, Dr. Henry will develop the Child Abuse Pediatrics Risk of Intra-Cranial Injury (CAPRICI) clinical decision rule (CDR) that identifies which well-appearing infants with concern for abuse warrant neuroimaging. Specifically in Aim 1, Dr. Henry will use a machine learning approach to adapt and improve a predictive model quantifying risk of intracranial injury among infants undergoing evaluations for abuse in CAPNET, a multicenter child abuse research network. In Aim 2, Dr. Henry will use the RAND/UCLA Appropriateness Method to determine the thresholds at which screening for intracranial injury is warranted based on the probability of injury identification. Based on the findings from Aims 1 and 2, Dr. Henry will create a clinically-informed CAPRICI CDR. This proposal and Dr. Henry’s long-term goals align squarely with AHRQ’s mission of producing evidence to make health care safer, higher quality, and equitable, as well as AHRQ’s research priority of “harnessing data and technology to improve health care quality” in an AHRQ priority population (children). Towards Dr. Henry’s goal of becoming an independent clinical investigator, she and her mentors have developed a comprehensive 5-year career development plan that integrates with the research proposal to ensure that Dr. Henry develops skills in (1) rigorous analysis of multicenter data, (2) CDR development and implementation, (3) modified consensus methodology, and (4) professional development (grant writing, mentorship, presentation, and leadership skills). This plan includes tailored mentorship from local and national leaders, formal didactics, professional development, and an innovative research approach. At the conclusion of this award, Dr. Henry will be wellpositioned to apply for a multicenter R01 assessing the impact of implementation of the CDR on clinical practice in CAPNET.","PROJECT NARRATIVE Infants with injuries concerning for abuse (e.g., extremity fracture) can have additional important injuries (e.g., brain injuries, certain additional fractures) that are clinically occult and only revealed with imaging. While neuroimaging can identify clinically occult head injuries from abusive head trauma, clinicians must weigh the neuroimaging-associated risks of sedation or radiation with the risks of missing a clinically or forensically important injury, while having little clinical guidance to inform their decisions. The proposed research is designed to benefit an AHRQ priority pediatric population through development of a clinical decision rule (CDR) that identifies which well-appearing infants undergoing abuse evaluations are at high risk of intracranial injury from abusive head trauma and warrant neuroimaging.",428337,409043.52,19293.47999999998,2025-11-28,AHRQ Source,N/A,N/A,2022-09-30,2027-09-29,Agency for Healthcare Research and Quality,93.226,"RESEARCH ON HEALTHCARE COSTS, QUALITY AND OUTCOMES",PA-17-232,AHRQ Mentored Clinical Scientist Research Career Development Award (K08),https://grants.nih.gov/grants/guide/pa-files/PA-17-232.html,N/A,FALSE,CHILDREN'S HOSP OF PHILADELPHIA,PA,PHILADELPHIA,PA-03,N/A,Independent Hospitals,https://reporter.nih.gov/project-details/10929358,https://taggs.hhs.gov/Detail/AwardDetail?arg_AwardNum=K08HS028847&arg_ProgOfficeCode=7,https://www.usaspending.gov/award/ASST_NON_K08HS028847_075/
HS028871,R33,R33HS028871,4R33HS028871-03,Disrupted,Terminated,"Digital Health Intervention for Children with ADHD: Improving Mental Health Intervention, Patient Experiences, and Outcomes","Given the chronic and pervasive impairments associated with Attention Deficit Hyperactivity Disorder (ADHD), high rates of comorbidity with other mental health disorders, and heightened problems in child social interactions and relationships, these children remain at risk for poor outcomes despite readily available medical treatments. Moreover, the COVID-19 pandemic, which led to disruption in receipt of some services – particularly educational supports – may lead to increased mental health problems among children with ADHD and increased stress and conflict in their families, as they cope with increases in behavioral problems and the loss of social and institutional supports. Technology-enabled interventions can potentially fill this gap, but the availability of such interventions is limited, and research evidence is scarce. Effective treatment requires communication and collaboration between patients, providers, and caregivers at multiple points of care including clinics, home, and school. Current approaches to information-sharing depend on subjective recall, on-the-fly conversations, phone calls, and a variety of messaging applications. This often results in a lack of reliable and valid information sharing, a less targeted and effective treatment approach, and delays in initiation or titration of treatment or other needed interventions. Moreover, monitoring symptoms and adhering to treatment recommendations requires considerable self-regulation in children and parents; self-regulation is impaired in children with ADHD, and the multiple stressors associated with ADHD may challenge parent self-regulation. To address these critical barriers to progress, our DHI uses Patient-Centered Digital Healthcare Technologies to promote self-regulation (child/parent), capture patient data, support efficient healthcare delivery by improving communication and access to reliable data, and facilitate shared decision-making. In the proposed innovative and developmental work (R21), we will work with stakeholders to identify, refine, and add features to our prototype to support multiple points of care. This participatory design work will inform further development of the current system with additional design features that will: 1) reinforce mental health intervention, 2) address adherence to treatment for children with ADHD and their caregivers, 3) use sensors, self-reports, and caregiver reports to capture and create visualizations of daily health behaviors and symptoms, and 4) provide reporting options to facilitate communication, shared decision-making, and tracking of progress over time. In the subsequent phase (R33), we will conduct a randomized clinical trial (RCT) to evaluate the impact of the DHI on patient, parent/caregiver, and provider experiences and outcomes. We expect that this system will integrate treatment across multiple points of care and will enable health care providers, caregivers, and children to share reliable and targeted information that will facilitate collaborative decision-making, which in turn will improve patient experiences and outcomes, particularly among children at high risk for poor outcomes.","The overarching goal of our proposal is to revolutionize mental health intervention by providing a model for evidence-based digital health intervention (DHI) to enhance and sustain mental health treatment for children with Attention Deficit Hyperactivity Disorder (ADHD). Our DHI uses Patient-Centered Digital Healthcare Technologies to promote co-regulation (child/parent), capture patient data, support efficient healthcare delivery, enhance patient engagement, and facilitate shared decision-making, thereby improving access to timely and targeted mental health intervention for children at risk for poor outcomes.",551852,439010.20999999996,112841.79000000004,2025-11-28,AHRQ Source,N/A,N/A,2022-09-30,2027-09-29,Agency for Healthcare Research and Quality,93.226,"RESEARCH ON HEALTHCARE COSTS, QUALITY AND OUTCOMES",PA-21-164,N/A,N/A,N/A,FALSE,UNIVERSITY OF CALIFORNIA RIVERSIDE,CA,RIVERSIDE,CA-39,"Hispanic Serving, Land grant, Public, R1, Tribal/Native Serving",GRADUATE SCHOOLS,https://reporter.nih.gov/project-details/11140845,https://taggs.hhs.gov/Detail/AwardDetail?arg_AwardNum=R33HS028871&arg_ProgOfficeCode=7,https://www.usaspending.gov/award/ASST_NON_R33HS028871_075/
HS028916,K01,K01HS028916,5K01HS028916-03,Disrupted,Terminated,Policy effects on gender minority health and evidence from the implementation of gender affirming coverage in Medicaid,"PROJECT SUMMARY/ABSTRACT This AHRQ Mentored Research Scientist Career Development Award (K01) will establish Dr. Alex McDowell as a national expert in sexual and gender minority (SGM) health policy, leading health services research that identifies policy approaches to address SGM health inequities. With the support of this K01, Dr. McDowell will use Medicaid claims and encounter data to evaluate the impact and implementation of gender affirming coverage policies in Medicaid, generating novel and timely evidence that stakeholders can use to inform federal and state policies. Using the staggered introduction of gender affirming coverage policies across states, 2016-2022, this study will employ difference-in-differences methods to estimate the effect of these policies on use of gender affirming health care services (e.g., hormones and surgery) among gender minority (i.e., transgender and gender diverse, GM) individuals. Given notable mental health inequities among the GM population in the U.S. and the demonstrated link between use of gender affirming services and improved mental health outcomes for GM individuals, Dr. McDowell will also study the effects of adoption of gender affirming coverage policies in Medicaid on adverse mental health outcomes, including psychiatric hospitalizations and suicidality, among GM enrollees. Lastly, Dr. McDowell will use the Consolidated Framework for Implementation Research (CFIR) and semi-structured interviews with Medicaid stakeholders to identify barriers and facilitators to implementation of gender affirming coverage policies in Medicaid, including differences across Medicaid financing models (e.g., fee-for-service vs. managed care). This project will combine rigorous quasi-experimental policy evaluation with contextual data on the barriers and facilitators to implementation to provide a comprehensive understanding of the impact of Medicaid gender affirming coverage policies on GM health and health care. The proposed research builds upon and extends Dr. McDowell’s training in health services research methods and prior research in GM health policy among commercially insured individuals. Her training plan will support her goals of developing expertise in Medicaid financing and managed care, acquiring skills in the measurement of gender affirming care, and gaining proficiency in implementation science research. Through the research and training in this K01, Dr. McDowell will be prepared to lead studies that systematically evaluate the effects and implementation of ongoing policy changes affecting GM individuals at the state and federal levels and to be a leading expert in sexual and gender minority health policy.","PROJECT NARRATIVE State and federal policymakers have increasingly expanded insurance coverage for gender affirming services, which could reduce health inequities for the nearly 2 million gender minority (i.e., transgender and gender diverse) individuals in the U.S. This study will examine the implementation of gender affirming coverage policies in Medicaid to inform ongoing policy debates regarding the adoption of such policies. Through the research and training in this Mentored Research Scientist Career Development Award, the candidate will be prepared to pursue innovative research to improve health care access and outcomes for sexual and gender minority communities.",467197,467197,0,2025-11-28,"Reported to GW, AHRQ Source",N/A,N/A,2022-09-30,2027-09-29,Agency for Healthcare Research and Quality,93.226,"RESEARCH ON HEALTHCARE COSTS, QUALITY AND OUTCOMES",PA-20-067,N/A,N/A,N/A,FALSE,MASSACHUSETTS GENERAL HOSPITAL,MA,BOSTON,MA-08,N/A,Independent Hospitals,https://reporter.nih.gov/project-details/10914007,https://taggs.hhs.gov/Detail/AwardDetail?arg_AwardNum=K01HS028916&arg_ProgOfficeCode=7,https://www.usaspending.gov/award/ASST_NON_K01HS028916_075/
HS028984,R01,R01HS028984,5R01HS028984-02,Disrupted,Terminated,"A Measure for Shared Decision Making in Maternity Care through Communicating CHOICes, CHildbirth Options, Information, and person-Centered Explanation","PROJECT SUMMARY/ABSTRACT (30 lines maximum) Improving maternity care including the morbidity and mortality disparities amongst birthing people is a national priority. U.S. professional perinatal care organizations recommend shared decision-making (SDM) in maternity care as the way to provide person-centered, high-quality care to pregnant and birthing people during their perinatal care; yet there is no valid and reliable measure of SDM for use by patients. To address the SDM measurement gap, a reliable and valid measure is needed so that the impact of SDM can be determined. The main objective of this proposal is to test the psychometric properties of a revised previously developed measure of SDM. The measure, CHildbirth Options, Information, and person-Centered Explanation (CHOICEs) evaluates SDM from the birthing person's perspective and covers both prenatal and intrapartum hospital care. Pilot data provided preliminary support for the psychometric properties of the CHOICEs items, but additional items are needed to comprehensively measure SDM. The Revised-CHOICES and will be translated culturally and linguistically into Spanish. To reach a representative, national sample, we will recruit 505 people who have given birth within the previous six months through the Everyday Health apps: What to Expect, the Baby Center, and What to Expect Español. To reach populations that do not traditionally participate in research, we will use social networking recruitment through a community based, federally qualified healthcare center, Mary's Center. The following aims will be addressed: Aim 1: Establish the psychometric properties of a measure of shared decision-making in perinatal care in English and Spanish. We will determine the score reliability, score validity and scalability of the RevisedCHOICEs for prenatal and intrapartum care based on Rasch analysis and a Mokken non-parametric scalability analysis. Validity testing will be conducted using Fit Indices from a Rasch analysis and confirmatory factor analysis. Aim 2: Determine whether the shared decision-making items perform equally across different clinical situations (first birth) and demographic groups (race, ethnicity, age, education, income and insurance type). We will conduct statistical tests of mean differences in scores across groups and differential item functioning (DIF) analysis based on Rasch analysis. Upon completion of the proposed project, our expected outcome is a reliable and valid Revised-CHOICEs measure of SDM for general use in perinatal care with instructions for interpretation of the scores. Future research using the Revised-CHOICEs instrument will be done to focus on the impact of the use of the measure on relevant clinical outcomes. This research aligns with AHRQ's mission to develop, test, and evaluate meaningful person-centered measures addressing inequity and health outcomes.","The main objective of this proposal is to revise, based on previous pilot testing, our measure of Shared Decision-Making (SDM) for use in perinatal care. The Revised-CHildbirth Options, Information, and personCentered Explanation (Revised-CHOICEs) evaluates SDM from the birthing person's perspective and more comprehensively considers decision points in perinatal care. This study will test the reliability and validity of Revised-CHOICES and determine whether the measure performs equally across different clinical situations and demographic groups.",762551,672030,90521,2025-08-29,AHRQ Source,N/A,N/A,2023-07-01,2026-06-30,Agency for Healthcare Research and Quality,93.226,"RESEARCH ON HEALTHCARE COSTS, QUALITY AND OUTCOMES",PA-18-795,N/A,N/A,N/A,FALSE,UNIVERSITY OF MARYLAND BALTIMORE,MD,BALTIMORE,MD-07,"Public, R1",SCHOOLS OF MEDICINE,https://reporter.nih.gov/project-details/10876983,https://taggs.hhs.gov/Detail/AwardDetail?arg_AwardNum=R01HS028984&arg_ProgOfficeCode=7,https://www.usaspending.gov/award/ASST_NON_R01HS028984_075/
HS028985,R01,R01HS028985,5R01HS028985-03,Disrupted,Terminated,Examining payment and delivery model impacts on health equity using novel quasi-experimental causal inference methods,"60 million people are enrolled in Medicare and 75 million in Medicaid, making these programs among the most influential in the US health care system. Through them, federal and state governments regularly experiment with new models of payment and delivery, trying out policy ideas on millions of beneficiaries. A key laboratory for this experimentation is the Center for Medicare and Medicaid Innovation (the Innovation Center), which has recently committed to “make equity a centerpiece of every model.” New payment and delivery models may either widen disparities (e.g., through inadequate risk adjustment and selection), ameliorate them (e.g., by addressing social determinants of health with flexible reimbursement), or both (across different outcomes and subgroups). However, existing methods are not well suited to estimate these programs' impacts on health equity. Medicare and Medicaid programs and policies, because they are rarely randomized, are evaluated using observational causal inference methods. One popular such method is difference-in-differences (diff-in-diff), which compares changes in outcomes for people exposed to a new model versus changes over the same time in a comparison group of people not exposed to the model. While useful for overall program impacts, standard diff-in-diff methods are not suited to equity evaluations. The target estimands are not formulated for equity questions, they do not accommodate varying responses across subgroups, and they do not account for variation in treatment effects. In addition, the methods are not grounded in frameworks for health equity and thus fail to use causal assumptions tailored for groups who experience disproportionate disadvantage. Partly because of these methodological shortcomings, existing evidence on equity impacts of Medicare alternative payment models is sparse and mixed. Primary care transformation models have received even less attention. We propose to develop and apply novel methods to study how Comprehensive Primary Care Plus (CPC+) affects health care for Black Medicare beneficiaries. This national advanced primary care medical home model was introduced across 18 regions in 2017-18 and will continue through 2021. Our specific aims are 1) To estimate impacts of CPC+ on health care and health equity for Black Medicare beneficiaries, 2) To estimate variation in responses to CPC+ within subgroups of Black Medicare beneficiaries with intersecting identities of gender, disability, and dual eligibility for Medicaid, and 3) To explore variation in responses to CPC+ across two contextual dimensions: primary care practice characteristics and the local health care and socioeconomic environment. This application is in response to NOT-HS-21-014 Special Emphasis Notice (SEN): AHRQ Announces Interest in Health Services Research to Advance Health Equity.","We develop innovative causal inference methods grounded in health equity frameworks and apply these to estimate the impacts of Comprehensive Primary Care Plus on the health care of Black Medicare beneficiaries. We study variation in program impacts across subgroups with intersecting identities of gender, disability, and dual eligibility and across provider characteristics and environmental contexts. This proposal advances science and public health by enabling researchers to formulate causal questions, assumptions, and estimation methods appropriate for health equity evaluations.",1173707,869357.4000000001,304349.59999999986,2025-07-30,AHRQ Source,N/A,N/A,2022-08-01,2027-05-31,Agency for Healthcare Research and Quality,93.226,"RESEARCH ON HEALTHCARE COSTS, QUALITY AND OUTCOMES",PA-18-795,N/A,N/A,N/A,FALSE,HARVARD MEDICAL SCHOOL,MA,BOSTON,MA-07,"Private, R1",SCHOOLS OF MEDICINE,https://reporter.nih.gov/project-details/10840334,https://taggs.hhs.gov/Detail/AwardDetail?arg_AwardNum=R01HS028985&arg_ProgOfficeCode=7,https://www.usaspending.gov/award/ASST_NON_R01HS028985_075/
HS029026,R01,R01HS029026,5R01HS029026-03,Disrupted,Terminated,Understanding and Addressing Variation in Healthcare-Associated Infections After Adult Cardiac Surgery,"Project Summary/Abstract Nearly 250,000 patients annually undergo surgical coronary revascularization and/or valve repair or replacement in the US. Despite improvements in operative care and technology, patients remain at substantial risk of postoperative complications that adversely impact quality of life and survival. Healthcare-acquired infections “HAIs” (e.g., pulmonary, bloodstream, deep-sternal wound) occur in ~10% of patients undergoing these operations and significantly increase 90-day payments by $10-$13K. Patients at higher versus lower HAI tercile hospitals have higher (18% versus 9%) risk of major morbidity and mortality, p < 0.001. Despite existing efforts focused on in-hospital HAI prevention practices (e.g., appropriate timing and type of antibiotics, nursing intensive care unit bundle adherence), substantial interhospital variability persists in HAI rates. Only 2% of hospital variation in HAI rates is explained by traditional factors, highlighting the need to identify significant determinants. Our team has mapped provider care delivery networks serving cardiac surgery patients that reflect coordination of patient disease management and care optimization (e.g., communication and information exchange) to accomplish collaborative tasks (e.g., patient selection, timing of surgery, intensive care unit recovery, postdischarge care) across multiple provider specialties and settings. We have merged national administrative claims with clinical registry data among patients undergoing durable left ventricular assist devices and found: (1) networks serving racially segregated communities display greater care fragmentation (i.e., weaker connectivity among care providers) than those serving more integrated communities; (2) increased care fragmentation of these networks operating at the hospital level is significantly associated with an increase in the probability of 90day HAIs and (3) the relationship between care fragmentation (a measure of network performance) and postdischarge payments is significantly mediated by postoperative HAIs. Understanding the barriers and facilitators for enhancing care delivery networks across phases of care delivery (pre-admission, index admission, postdischarge) for the most commonly performed cardiac surgical operations would serve as the foundation for targeted improvement strategies to address interhospital HAI variability. Community-based partnerships, that help patients access community and health system resources as well as address healthcare inequities, would serve as a novel focus for developing evidence-based, action-oriented HAI prevention recommendations. The objective of this proposal is to identify areas of intervention within care delivery networks that enhance HAI outcomes. This large-scale mixed methods proposal addresses the following aims: (1) Evaluate provider care delivery networks as significant determinants of postoperative infections after cardiac surgery; (2) Develop a comprehensive understanding of structural barriers and facilitators to optimal care delivery and (3) Develop a best practices toolkit to address the impact of provider care delivery networks on infections after cardiac surgery.","Project Narrative Healthcare-associated infections are a common post-cardiac surgical complication, impact a patient’s risk of morbidity and mortality and vary in rate across hospitals. Provider care delivery networks that support coordination of patient disease management and care optimization vary in their performance across hospitals and contribute to higher rates of postoperative infections in some settings. The objective of this proposal is to identify areas of intervention within care delivery networks that enhance infection outcomes after coronary revascularization and valve surgery by: (1) Evaluating provider care delivery networks as significant determinants of postoperative infections after cardiac surgery; (2) Developing a comprehensive understanding of structural barriers and facilitators to optimal care delivery and (3) Developing a best practices toolkit to address the impact of provider care delivery networks on infections after cardiac surgery.",1432570,1314466,118104,2025-08-29,AHRQ Source,N/A,N/A,2022-09-02,2027-06-30,Agency for Healthcare Research and Quality,93.226,"RESEARCH ON HEALTHCARE COSTS, QUALITY AND OUTCOMES",PA-21-265,N/A,N/A,N/A,FALSE,UNIVERSITY OF MICHIGAN AT ANN ARBOR,MI,ANN ARBOR,MI-06,"Public, R1",SCHOOLS OF MEDICINE,https://reporter.nih.gov/project-details/10864996,https://taggs.hhs.gov/Detail/AwardDetail?arg_AwardNum=R01HS029026&arg_ProgOfficeCode=7,https://www.usaspending.gov/award/ASST_NON_R01HS029026_075/
HS029109,R18,R18HS029109,5R18HS029109-03,Disrupted,Terminated,Realizing Improved Patient Care through Human-centered Design for Pediatric mental and behavioral health in the Emergency Department(RIPCHD.PED),"PROJECT SUMMARY Most emergency departments (ED) in the United States are poorly designed, organized and equipped to provide safe and effective care for children with mental and behavioral health (MBH) conditions. Safety concerns for children with MBH conditions in the ED include delays in care, lack of appropriate psychiatric consults during visits, patient self-harm, harm against others or the environment, and involuntary restraint use resulting in patient and staff injury. A systems approach is needed to address the many latent conditions in the ED that impact MBH patient and provider safety. The purpose of the proposed ‘Realizing Improved Patient Care through Humancentered Design for Pediatric mental and behavioral health in the Emergency Department (RIPCHD.PED)’ patient safety learning lab (PSLL) is to develop and implement pediatric MBH health work systems in the ED that promote safe, efficient and effective care by minimizing unnecessary stressors for patients while also improving provider well-being. This PSLL will include a focus on the needs of children and their caregivers from minority communities in order to address disparities in MBH care in the ED. Further, the PSLL will focus on rural and urban EDs to ensure that proposed solutions address a range of resource constraints typically found in EDs across the US. A multidisciplinary team from Clemson University, Prisma Health and University of South Carolina School of Medicine will collaborate using a systems engineering approach involving in-depth problem analysis, design, development, implementation and evaluation. The specific aims of this project include, Aim 1: Use systems engineering methods to develop a shared in-depth understanding of the work system facilitators and barriers involved in the pediatric MBH ED caregiving workflow, Aim 2: Design and develop human-centered work systems for pediatric MBH patients in the ED that will improve access to timely MBH care, reduce adverse events and improve efficiency for ED healthcare providers and Aim 3: Integrate, implement and evaluate innovative interventions within pediatric MBH work systems in the ED that will improve outcomes for ED patients and healthcare providers. The team will use a range of methods including workflow analysis, journey mapping and space syntax analysis to understand barriers and facilitators and identify opportunities for improvement. An iterative design process will be used to design and develop solutions related to the physical environment, tools and technology and tasks and workflow. This PSLL strongly aligns with AHRQs mission by focusing on safety, quality, equity and access to appropriate mental health care for children with mental and behavioral health conditions. The project will support AHRQ’s strategic focus on children as a priority population by contributing to all 6 goals outlined in AHRQ’s strategic plan. Further, the PSLL will include a focus on underserved rural populations as well as children from Black and Latino communities. RIPCHD.PED PSLL will be the most comprehensive effort ever undertaken to improve work systems for pediatric MBH in the emergency department.","PROJECT NARRATIVE Safety concerns for children receiving mental and behavioral health care in the emergency department (ED) include delays in care, lack of appropriate psychiatric consults during visits, self-harm, harm against others or the environment, and involuntary restraint use resulting in patient and staff injury. Given the alarming rise in the utilization of the ED for pediatric mental and behavioral health care, there is a critical need to design the work systems in the ED to support safe and effective care. A highly experienced multi-disciplinary team of clinicians, scientists and engineers, will develop safer work systems in the ED for pediatric mental and behavioral health care using a combination of innovative techniques, to address the threats to patient safety.",1439719,1417126.83,22592.169999999925,2025-11-28,AHRQ Source,N/A,N/A,2022-09-30,2026-09-29,Agency for Healthcare Research and Quality,93.226,"RESEARCH ON HEALTHCARE COSTS, QUALITY AND OUTCOMES",PA-21-266,N/A,N/A,N/A,FALSE,CLEMSON UNIVERSITY,SC,CLEMSON,SC-03,"Land grant, Public, R1",BIOMED ENGR/COL ENGR/ENGR STA,https://reporter.nih.gov/project-details/10914806,https://taggs.hhs.gov/Detail/AwardDetail?arg_AwardNum=R18HS029109&arg_ProgOfficeCode=7,https://www.usaspending.gov/award/ASST_NON_R18HS029109_075/
HS029111,R01,R01HS029111,5R01HS029111-02,Disrupted,Terminated,The Safety Integration Stakeholders (SAINTS) program to integrate worker and patient safety in Oregon rural hospitals,"PROJECT SUMMARY/ABSTRACT The COVID-19 pandemic accentuated the inextricable link between worker and patient safety. Yet most hospitals have separate initiatives for either patient or worker safety. A case in point is safe patient handling and mobility (SPHM), where most programs are implemented by Employee Health and Safety without coordination with other quality or patient safety departments. This disconnect is significant because adverse and costly outcomes such as patient falls or workers’ patient-assist injuries have overlapping risk factors that must be addressed together. One promising response is through a program that integrates stakeholders, including influential front-line workers, to address overlapping risk factors for patient falls and patient-assist injuries. Our preliminary research pre-tested an integrated safety program at a rural hospital in Oregon that demonstrated 12-month effectiveness in improving leading indicators and reduction of patient-assist injury rates. The program had four main components: 1) the involvement of patient and worker safety stakeholders; 2) the innovative application of Social Network Analysis (SNA) to identify peer-recognized safety leaders instead of self- or supervisor-nominated workers who may not have the influence required to effect change; 3) training stakeholders on safety leadership, and 4) implementation of quality improvement (QI) cycles to reduce safety barriers. Based on these promising results, we plan to build a new scalable intervention to be tested in a rigorous multi-hospital trial. The objective of this proposal is to conduct a cluster randomized controlled trial in six rural hospitals to evaluate the effectiveness and process of a safety program titled Safety Integration Stakeholders (SAINTS). We will test the central hypothesis that relative to usual practice controls, the three hospitals randomly assigned to the SAINTS program will have reduced risk factors for patient falls and patientassist injuries 12 months after the end of the program. The rationale is that the SAINTS program will positively impact outcomes by identifying and training key players on strategies to boost environmental, administrative, and educational precautions relevant to SPHM. We propose two aims: Aim 1: Determine the SAINTS' effectiveness in reducing overlapping risk factors for patient falls and patient-assist injuries. Effectiveness will be determined by surveying in-patient unit workers on risk factors for patient-assist injuries and patient falls at baseline, six months after program initiation, and 12 months after the end of implementation (primary endpoint). The trial is powered to detect changes in leading indicators, but we will also examine lagging effects on the incidence rates of patient falls, patient-assist injuries, entries in reporting systems, and staff turnover. Aim 2: Identify safety precaution measures produced by the SAINTS program. Given the semi-structured design, we will conduct a multi-method process evaluation to identify the extent to which the program was delivered as planned and if it led to the adoption of preventative measures.","NARRATIVE The COVID-19 pandemic stresses the deep interconnection between patient and worker safety, yet most hospitals had separate initiatives for either patient or worker safety. One promising approach to respond to this need is through a program that integrates stakeholders, including influential front-line workers, to address overlapping risk factors for patient falls and patient-assist injuries. Building on a successful pilot program focused on safe patient handling and mobility (SPHM), the objective of this proposal is to conduct a cluster randomized controlled trial in rural hospitals in Oregon to evaluate the effectiveness and process of an integrated SPHM program titled Safety Integration Stakeholders (SAINTS).",762982,646177.52,116804.47999999998,2025-10-30,AHRQ Source,N/A,N/A,2023-09-30,2028-08-31,Agency for Healthcare Research and Quality,93.226,"RESEARCH ON HEALTHCARE COSTS, QUALITY AND OUTCOMES",PA-18-795,N/A,N/A,N/A,FALSE,OREGON HEALTH & SCIENCE UNIVERSITY,OR,PORTLAND,OR-01,"Public, R2",SCHOOLS OF PUBLIC HEALTH,https://reporter.nih.gov/project-details/10925371,https://taggs.hhs.gov/Detail/AwardDetail?arg_AwardNum=R01HS029111&arg_ProgOfficeCode=7,https://www.usaspending.gov/award/ASST_NON_R01HS029111_075/
HS029117,R18,R18HS029117,5R18HS029117-03,Disrupted,Terminated,Safe and Equitable Telehealth for Chronic Conditions (SafE-T C2) Learning Laboratory,"ABSTRACT The objective of the proposed research is to develop a patient safety learning laboratory that will identify prominent patient safety issues associated with telehealth (synchronous video and phone visits), with a focus on patients with chronic conditions, and design, develop, implement, and evaluate novel safety solutions. The Safe and Equitable Telehealth for Chronic Conditions (SafE-T C2) learning laboratory addresses numerous Agency for Healthcare Research and Quality priorities and will focus on improving safety, quality, and value of healthcare. The laboratory will address chronic conditions, health equity and vulnerable populations, and primary care. At the foundation of the learning laboratory is a socio-technical system engineering framework that considers multiple factors that may contribute to patient safety issues including technology, people, processes, and policies. Aim 1 is the problem analysis phase and a multipronged approach will be used to identify telehealth related patient safety issues. Aim 2 is the solution design and development phase. In this phase a diverse set of stakeholders, including industry partners, will co-design and develop safety solutions. Aim 3 is the implementation and evaluation phase. Developed solutions will be implemented in different outpatient clinics across multiple healthcare systems and process measures and outcome measures will be used to determine effectiveness of the solutions in addressing the intended patient safety issues. The research effort is a unique collaboration between MedStar Health, Stanford Health Care, and Intermountain Healthcare. This project utilizes the extensive expertise of the diverse research team which includes system engineers and human factors experts, health equity researchers, clinicians and operational leaders, data scientists and clinical application developers, as well as implementation scientists. The laboratory also includes industry partners, a health equity advisory team, a health equity community advisory board, and a patient and family advisory board that will inform all aspects of the project. Contributions from this research will include identification of prominent safety issues, development and implementation of safety solutions that can be scaled across different healthcare facilities, and new knowledge of which safety solutions are most effective to improving telehealth safety. Our rigorous dissemination plan includes communication of results to policymakers and advocacy groups, clinical leaders and other organizations that serve to improve clinical practice, as well as academic audiences. Results will be available within 4-6 months of project start and we will disseminate our findings throughout the course of the proposed four-year project.",PROJECT NARRATIVE This project is relevant to public health because it applies system engineering and human factors techniques to identify and address patient safety issues associated with telehealth. The safety learning laboratory will identify prominent patient safety issues and develop solutions to address these issues using an iterative process. Solutions will be implemented and evaluated for their effectiveness at improving patient safety.,1483993,1371570.03,112422.96999999997,2025-11-28,AHRQ Source,N/A,N/A,2022-09-30,2026-09-29,Agency for Healthcare Research and Quality,93.226,"RESEARCH ON HEALTHCARE COSTS, QUALITY AND OUTCOMES",PA-21-266,N/A,N/A,N/A,FALSE,MEDSTAR HEALTH RESEARCH INSTITUTE,MD,Columbia,MD-03,N/A,Research Institutes,https://reporter.nih.gov/project-details/10923892,https://taggs.hhs.gov/Detail/AwardDetail?arg_AwardNum=R18HS029117&arg_ProgOfficeCode=7,https://www.usaspending.gov/award/ASST_NON_R18HS029117_075/
HS029123,R18,R18HS029123,5R18HS029123-03,Disrupted,Terminated,"Applying Human Factors Science, Design Thinking and Systems Engineering to Mitigate Threats to Neonates Undergoing Resuscitation and Stabilization","Project Summary  In the U.S., approximately 400,000 newborns require resuscitation every year. The decisions made and interventions performed in those first minutes of life can determine whether the child lives, dies or survives with significant lifelong morbidity. Neonatal resuscitation is a time-pressured activity requiring teams to coordinate invasive procedures in a specific sequence of steps. Because error rates in excess of 50% during neonatal resuscitation have been reported, enhancing the effectiveness and safety of those interventions will have a profound impact on the number of lives saved, the quality of life for survivors, and the annual cost of neonatal intensive care (which currently surpasses $25B). This work will focus on improving three specific aspects of neonatal resuscitation: the design of the physical workspace, decision making during this invasive procedure, and human-technology interaction.  We will assess the range of neonatal resuscitation environments currently in use and, via simulation and iterative design, explore different room configurations to determine the layouts that facilitate enhanced team performance. We will investigate how to display key anatomic and physiologic data, detect data that is trending negatively, and alert staff before an actual threat becomes manifest. We will also experiment with methods of minimizing patient handling and reducing the need for manual adjustments of devices that produce imprecise results and interfere with patient care procedures. To accomplish these aims this proposal brings together experts in clinical neonatology, resuscitation, engineering, human factors, human-centered design and healthcare simulation.  This project is significant in several ways. First, by taking a systems engineering approach to neonatal resuscitation, examining how individual subsystems (patients, healthcare professionals, physical environments, equipment, supplies, interventions, data, regulations, culture) impact the overall system, we will develop a comprehensive model that identifies multiple potential points of intervention for improving patient care. Second, because even the most uncomplicated delivery occurring in a low-acuity, low-volume hospital or birth center can evolve within minutes to become a life-threatening emergency for the newborn, the benefits of this work will be generalizable to every facility where pregnant women give birth – rural, inner city, urban and suburban. Third, this study focuses on neonates, including those born to Black, Latino, Indigenous and Native American, Asian American, Pacific Islander and LGBTQ+ women, all of whom represent AHRQ priority populations. Finally, the results of this work will extend well beyond the neonatal population, as they will be applicable to improving human and system performance in other complex, safety-critical, time-pressured healthcare domains involving the surgical, emergency and intensive care of pediatric, obstetric and adult patients.","Project Narrative Newborn resuscitation is a time-pressured activity requiring teams of healthcare professionals to carry out invasive procedures in a specific sequence of steps in order to reduce neonatal mortality and morbidity as well as the subsequent emotional and financial burden to families and society. This project will combine expertise in human factors science, design thinking, engineering, simulation and neonatal resuscitation to study the system of neonatal resuscitation, identify threats to neonatal survival and quality of life, and develop strategies and technologies to remediate these threats to our most vulnerable patients. This comprehensive study of the system of neonatal resuscitation is an ideal undertaking for an established patient safety learning laboratory and highly experienced and qualified team of investigators.",1434528,1189506.46,245021.54000000004,2025-11-28,AHRQ Source,N/A,N/A,2022-09-30,2026-09-29,Agency for Healthcare Research and Quality,93.226,"RESEARCH ON HEALTHCARE COSTS, QUALITY AND OUTCOMES",PA-21-266,N/A,N/A,N/A,FALSE,STANFORD UNIVERSITY,CA,STANFORD,CA-16,"Private, R1",SCHOOLS OF MEDICINE,https://reporter.nih.gov/project-details/10927281,https://taggs.hhs.gov/Detail/AwardDetail?arg_AwardNum=R18HS029123&arg_ProgOfficeCode=7,https://www.usaspending.gov/award/ASST_NON_R18HS029123_075/
HS029159,R01,R01HS029159,5R01HS029159-03,Disrupted,Terminated,Improving Maternal and Child Health in the Year After Birth: An Early Evaluation of Postpartum Medicaid Eligibility Extensions,"PROJECT SUMMARY State Medicaid programs pay for nearly half of all births in the United States (U.S.), financing over 1.6 million births in 2019. Federal law requires states to provide pregnancy-related Medicaid coverage to low-income pregnant individuals through 60 days postpartum, after which 1 in 4 become uninsured. A substantial and increasing proportion of adverse pregnancy-related outcomes, including maternal morbidity and mortality, are occurring among individuals with Medicaid-paid births and after pregnancy-related Medicaid coverage ends. Postpartum Medicaid eligibility extensions (PMEs) to one year postpartum are an emerging strategy for improving insurance enrollment, healthcare access, and health for low-income mothers and children. Passed in response to the COVID-19 Public Health Emergency, two federal laws have accelerated implementation of PMEs. First, the Families First Coronavirus Response Act (FFCRA) of March 2020 prevented states from disenrolling Medicaid beneficiaries during the public health emergency. In turn, the FFCRA created a national de facto PME. Second, the American Rescue Plan Act (ARPA) of March 2021 allows states to adopt PMEs starting in April 2022 with federal matching funds. Rigorous evaluations of these policies are urgently needed to inform state decisions to adopt PMEs and determine whether these polices are having the intended effect of improving maternal, child, and pregnancy-related health in the year after birth. To inform ongoing, evidence-based policymaking and fill this significant gap in maternal and child health research, our multi-disciplinary team will conduct rigorous, quasi-experimental evaluations that exploit state variation in policy adoption to provide timely data on the FFCRA and ARPA and associated changes in 1) maternal insurance enrollment, healthcare use, and health; 2) children’s insurance enrollment, healthcare use, and health; and 3) outcomes among subsequent pregnancies including rates of short interpregnancy interval and preterm births (NOT-HS-14-004). Given that a disproportionate share of those with Medicaid-paid births and experiencing adverse health events in the postpartum year are low-income and Black, Indigenous, or people of color (AHRQ priority populations), we will also measure the impact of PMEs on racial health equity (NOT-HS-21-014). The proposed set of evaluations will produce data directly informing whether these unprecedented, large-scale policy interventions have been associated with improvements in maternal and child health or racial and ethnic disparities in the year after birth. We will generate timely findings to inform ongoing, evidence-based policymaking to address the U.S. maternal health crisis. Ultimately, we aim to improve health and reduce disparities in the year after birth among low-income mothers and children at the population level.","PROJECT NARRATIVE High levels of postpartum uninsurance among individuals with Medicaid-paid births contribute to rising rates of maternal morbidity and mortality in the United States. Passed in response to the COVID-19 Public Health Emergency, the Families First Coronavirus Response Act (FFCRA) and the American Rescue Plan Act (ARPA) allow for federal (FFCRA) and state (ARPA) extensions of pregnancy-related Medicaid eligibility through the first year postpartum. Our study will produce data of high scientific value to inform whether these large-scale interventions are an effective tool for improving maternal and child health and racial health equity in the year after birth.",1199999,853602.74,346396.26,2025-09-29,AHRQ Source,N/A,N/A,2022-09-30,2027-07-31,Agency for Healthcare Research and Quality,93.226,"RESEARCH ON HEALTHCARE COSTS, QUALITY AND OUTCOMES",PA-18-795,N/A,N/A,N/A,FALSE,UNIVERSITY OF MICHIGAN AT ANN ARBOR,MI,ANN ARBOR,MI-06,"Public, R1",SCHOOLS OF MEDICINE,https://reporter.nih.gov/project-details/10878796,https://taggs.hhs.gov/Detail/AwardDetail?arg_AwardNum=R01HS029159&arg_ProgOfficeCode=7,https://www.usaspending.gov/award/ASST_NON_R01HS029159_075/
HS029167,R01,R01HS029167,5R01HS029167-02,Disrupted,Terminated,Optimizing Choice of Health Insurance For Diabetes (OrCHID),"PROJECT ABSTRACT Diabetes affects 10% of the U.S. population and is responsible for $237 billion in direct medical costs annually. Primary care and specialist visits, medications and testing supplies, durable medical equipment, lab testing, and potential emergency and hospital visits can be costly. Patients with diabetes report a high level of financial burden relative to patients without diabetes, struggling to pay for necessary health care, food, housing, and retirement. Cost-related non-adherence (delaying filling a prescription or taking less medicine) for patients with diabetes is high, and subsequently, patients in health insurance plans with poor coverage for needed services and resources experience adverse outcomes like hyper- or hypoglycemia, acute cerebrovascular disease, and ischemic heart disease due to delayed or forgone care. Therefore, choosing a health insurance plan that meets your needs is critical to improve health, especially for patients with low income socioeconomic status. Unfortunately, many consumers struggle to choose a health plan from among the many offered, focusing on a single factor like costs, using heuristics to make decisions, falling subject to biases that challenge rational decision-making theory, and failing to weigh trade-offs between plan features. We hypothesize that health economic stated preference methods like discrete choice experiments and multicriteria decision analyses can be used to elicit health plan preferences and values. These tools specifically ask patients to weigh trade-offs between multiple plan features and can assess which features influence patient decisions the most. In this observational natural experiment study, we will use stated preference surveys to systematically assess patient preferences for health plans that adequately cover diabetes care. We will leverage our access to health plan and claims data from Harvard Pilgrim Health Care and the Tufts Health Plan, two New England-based insurers with a combined 2.2 million covered lives. We will analyze the concordance between patient preferences and their real-world health plan. Finally, we will assess the relationship between preference-aligned health plan enrollment and adverse diabetes health outcomes, costrelated treatment non-adherence, receipt of appropriate high-quality diabetes care, health care costs and utilization, patient financial burden, and plan satisfaction. If preference-aligned health plans are associated with better health and health care outcomes, future work will develop a decision aid that allows patients to clarify their values and preferences for health care and choose a plan that will enable them to use preventive care that reduces adverse health events and lowers their financial burden. If not, future research can use study results to design a decision aid that directs consumers to plans with features associated with improved health, health care utilization, health care costs, and consumer satisfaction.","PROJECT NARRATIVE Choosing the wrong health insurance plan could put patients at risk for poor health and economic outcomes, especially for patients with a chronic disease like diabetes. This study will use health economic research methods to assess patient preferences for health plans and the relationship between enrollment in a preference-aligned health plan and health care outcomes. Future research will develop a decision aid based on study findings to help guide patients toward a health plan that will improve their outcomes.",798467,604355.17,194111.82999999996,2025-07-30,AHRQ Source,N/A,N/A,2023-08-03,2028-05-31,Agency for Healthcare Research and Quality,93.226,"RESEARCH ON HEALTHCARE COSTS, QUALITY AND OUTCOMES",PA-18-795,N/A,N/A,N/A,FALSE,"HARVARD PILGRIM HEALTH CARE, INC.",MA,Canton,MA-08,N/A,Other Domestic Non-Profits,https://reporter.nih.gov/project-details/10898740,https://taggs.hhs.gov/Detail/AwardDetail?arg_AwardNum=R01HS029167&arg_ProgOfficeCode=7,https://www.usaspending.gov/award/ASST_NON_R01HS029167_075/
HS029170,R01,R01HS029170,5R01HS029170-02,Disrupted,Terminated,Policies to Inform Safe and Equitable Opioid Access for Patients with Advanced Cancer Near End of Life,"PROJECT SUMMARY/ABSTRACT For patients with advanced cancer, pain is a common and disabling symptom for which opioids remain a mainstay of treatment. The current epidemic of opioid misuse and addiction has led to widespread changes in opioid-related policies, including prescription drug monitoring programs (PDMPs) and laws limiting dose and duration of opioid prescriptions. Many such policies exclude patients with cancer; however, recent declines in opioid prescribing by oncologists and opioid use among patients dying of cancer highlight potential unintended consequences of opioid prescribing policies. Of particular concern is the potential impact on patients who are Black, low-income, elderly or reside in rural areas, since these groups are already at highest risk for inadequate pain treatment. To date, the impacts of opioid prescribing policies on patients with advanced cancer near end of life are not well understood. This represents a critical knowledge gap because understanding impacts of opioid-limiting legislation for patients with advanced cancer is essential to inform policies that effectively confront the dual public health crises of opioid misuse and inadequate pain treatment. This project investigates how state-level opioid policies can be structured to ensure safe and equitable opioid access for the roughly 600,000 adults who die from cancer annually in the United States. We will use over 10 years of claims data from Optum for national samples of patients with advanced breast, lung, and colorectal cancers near end of life. Patient data will be merged with detailed quarterly state policy data, which will be updated and synthesized with expert stakeholder input. In particular, we will examine the intended and unintended consequences of mandatory PDMP query laws, opioid prescribing cap laws limiting the dose/duration of opioid prescriptions, and state-specific cancer-related exemptions impacting opioid fills on patterns of use and pain-related outcomes. We will further investigate how state policy responses have impacted disparities in these outcomes. Finally, we will draw on stakeholder expertise to triangulate quantitative findings and inform policy recommendations. Our specific aims are to (1) assess impacts of statelevel opioid prescribing policies on opioid access and end-of-life cancer pain management across a diverse national sample of decedents with advanced cancer using difference-in-difference models; (2) examine heterogeneity of policy impacts, with a focus on historically underserved patient groups; and (3) engage a stakeholder panel to inform, synthesize, and augment findings from Aims 1 and 2 and develop policy recommendations. This research will be the first analysis combining claims and policy data to comprehensively assess effects of state-level policies on opioid access, safety, and equity in this population. It will have a high impact because it will clarify impacts of wide-reaching opioid legislation for the more than 600,000 Americans who die annually with advanced cancer.","PROJECT NARRATIVE For patients with advanced cancer, pain is a common and disabling symptom for which opioids remain a mainstay of treatment. The current epidemic of opioid misuse and addiction has led to widespread changes in opioid-related policies, and the impacts of these policies on patients with advanced cancer near end of life are not well understood. This project will inform how state-level opioid policies can be structured to ensure safe and equitable opioid access for the roughly 600,000 adults who die from cancer annually in the United States.",799998,598525.24,201472.76,2025-08-29,AHRQ Source,N/A,N/A,2023-07-01,2027-06-30,Agency for Healthcare Research and Quality,93.226,"RESEARCH ON HEALTHCARE COSTS, QUALITY AND OUTCOMES",PA-18-795,N/A,N/A,N/A,FALSE,UNIVERSITY OF PITTSBURGH AT PITTSBURGH,PA,PITTSBURGH,PA-12,Public,SCHOOLS OF PUBLIC HEALTH,https://reporter.nih.gov/project-details/10878850,https://taggs.hhs.gov/Detail/AwardDetail?arg_AwardNum=R01HS029170&arg_ProgOfficeCode=7,https://www.usaspending.gov/award/ASST_NON_R01HS029170_075/
HS029172,R01,R01HS029172,5R01HS029172-03,Disrupted,Terminated,Targeting Surgical Site Infections through a Perioperative Antibiotic Clinical Decision Support Tool,"PROJECT SUMMARY / ABSTRACT More than 500,000 patients acquire Surgical Site Infections (SSIs) each year, making them the leading cause of hospital-acquired infections. SSIs account for billions of dollars in added health care costs and are associated with up to 11 times higher risk of post-surgical mortality. Despite near universal adherence to Surgical Care Improvement Project (SCIP) guidelines for prophylactic antibiotic administration, SSI rates remain stagnant. As compared to SCIP, the Infectious Disease Society of America (IDSA) provides far more comprehensive guidelines for surgical antibiotic prophylaxis. Beyond the SCIP measures, which focus mostly on antibiotic timing with respect to surgical incision, IDSA guidelines additionally include: 1) more specific antibiotic selection for several surgical procedures, 2) weight-adjusted antibiotic dosing, and 3) timely antibiotic re-dosing during prolonged surgeries. Each of these is a crucial aspect of antibiotic administration and is not addressed by SCIP guidelines that inform the majority of perioperative antibiotic practice. In preliminary work using a national dataset, we found that non-adherence to at least one of the components of IDSA guidelines occurred in over one-third of surgical cases. We also found that IDSA non-adherence is markedly higher during unplanned scenarios such as surgeries involving multiple blood product transfusions and emergency surgeries indicating there may be a situational component to the non-adherence. We believe promoting adherence to IDSA guidelines can markedly reduce SSIs and can be achieved by targeting healthcare provider workflow barriers and knowledge deficits using a provider centered clinical decision support (CDS) tool. We propose to Aim 1: Measure the association of nonadherence to IDSA guidelines and its components (antibiotic choice, timing, dosing, and intraoperative redosing) with SSI occurrence by analyzing merged data from two robust national registries: the National Surgical Quality Improvement Program (NSQIP), which captures detailed postoperative outcomes, with the Multicenter Perioperative Outcomes Group (MPOG) that captures detailed perioperative data. Additionally, we will examine differences in nonadherence (disparities in care) across several AHRQ priority groups to identify opportunities for SSI reduction within these subgroups. Aim 2: Identify factors associated with deviation from IDSA guidelines in practice through semi structured interviews of perioperative healthcare providers and incorporate these to develop a CDS tool that promotes IDSA adherent antibiotic practices. Aim 3: Assess the real-world performance of the CDS tool and provider feedback using the RE-AIM (Reach, Effectiveness, Adoption, Implementation, Maintenance) framework of implementation evaluation. Public Health Significance: SSIs are common, costly, and largely avoidable. The proposed study will a) help determine relationships between IDSA guideline nonadherence and SSIs including among AHRQ priority groups; b) identify barriers to guideline adherence; and c) test a readily usable intervention for implementation in a future large pragmatic trial powered to detect reduction in SSI outcomes.","PROJECT NARRATIVE Antibiotic prophylaxis at the time of surgery is a critical component to reduce Surgical Site Infections (SSIs). Although explicit guidelines from the Surgical Care Improvement Project (SCIP) have near universal adherence, these guidelines do not encompass key components of antibiotic best practice as recommended by the Infectious Disease Society of America (IDSA). The present application examines the association of IDSA-nonadherence with SSIs in a nationwide sample and envisages the development and testing of an Electronic Health Record (EHR)-based intervention based on healthcare provider needs, to improve guideline adherent perioperative antibiotics prophylaxis and decrease rates of SSIs.",1449940,1416056.74,33883.26000000001,2025-09-29,AHRQ Source,N/A,N/A,2022-09-30,2027-07-31,Agency for Healthcare Research and Quality,93.226,"RESEARCH ON HEALTHCARE COSTS, QUALITY AND OUTCOMES",PA-21-265,N/A,N/A,N/A,FALSE,MASSACHUSETTS GENERAL HOSPITAL,MA,BOSTON,MA-08,N/A,Independent Hospitals,https://reporter.nih.gov/project-details/10886594,https://taggs.hhs.gov/Detail/AwardDetail?arg_AwardNum=R01HS029172&arg_ProgOfficeCode=7,https://www.usaspending.gov/award/ASST_NON_R01HS029172_075/
HS029179,R01,R01HS029179,5R01HS029179-02,Disrupted,Terminated,Improving safety and quality of emergency care using machine learning-based clinical decision support at triage,"Abstract Current emergency department (ED) triage systems across the U.S. lead to mis-triage in up to one third of patient encounters, worsening ED crowding and contributing to delays and disparities in care. Early studies showed triage prediction models outperformed the subjective triage systems used in most EDs by prioritizing sicker patients, although significant gaps remain. Early models did not: 1) predict outcomes other than hospital admission, even though 80-90% of ED visits do not result in hospital admission; 2) include pediatric patients, even though pediatric patients contribute up to 25% of visits; 3) consider health equity in design or evaluation of prediction models; or 4) study impacts on key patient safety and quality measures, such as timeliness of care. Our proposal addresses these unmet needs and responds to two AHRQ Special Emphasis Notices, HS21-014 (Health Services Research to Advance Health Equity) and HS-22-004 (Research on Digital Healthcare Safety). Our study team has completed significant preliminary analyses, including: 1) study cohort build of over 6 million ED encounters across the 21 EDs in our health system; 2) assessment of significant limitations of triage in study setting; and 3) development of machine-learning models to predict patient acuity and resource needs at triage. In Aim 1, we will refine triage models that predict: 1) critical illness; 2) hospital admission; and 3) fast-track eligibility (<2 resources needed, no hospital admission or critical outcomes). We will measure algorithm biases and explore strategies to improve equity in triage model predictions. In Aim 2, we will map probability thresholds for each outcome into clinically relevant triage category recommendations. We will use a human factors framework and significant stakeholder engagement to design, build, and evaluate clinicianfacing triage clinical decision support (CDS). Lastly, we will build the CDS into our electronic health record to efficiently display personalized risk predictions for each outcome as part of standard triage workflows. In Aim 3, we will assess the impact of the CDS in real time in a pragmatic, step-wedged cluster randomized trial across 21 hospital-based EDs and one free-standing ED. Our primary outcomes will be: 1) timeliness of care for critically ill patients; 2) appropriate early identification of fast-track eligible patients; and 3) ED length of stay. In addition, to test the equity-driven calibrations in our models, we will assess for bias by race, gender, and socioeconomic status among primary outcomes. Our secondary outcomes will be CDS reach, adoption, and implementation. Upon successful completion of the proposed research, we expect to demonstrate the extent to which a novel point-of-care digital technology that uses advanced predictive analytics can lead to safer, higher quality, and more equitable care.","Project Narrative The proposed research is relevant to public health because it proposes a novel digital health solution to address the major challenges of crowding, delays in care, and disparities in emergency care in the United States. The proposed solution will use advanced predictive analytics and patient electronic health record data to prioritize patient needs and acuity more optimally at the time of patient arrival to the emergency department. The proposed research is relevant to AHRQ’s mission of producing evidence to make healthcare safer, higher quality, and more equitable.",780508,515826.58,264681.42,2025-09-29,AHRQ Source,N/A,N/A,2023-09-30,2028-07-31,Agency for Healthcare Research and Quality,93.226,"RESEARCH ON HEALTHCARE COSTS, QUALITY AND OUTCOMES",PA-18-795,N/A,N/A,N/A,FALSE,KAISER FOUNDATION RESEARCH INSTITUTE,CA,Oakland,CA-12,N/A,Research Institutes,https://reporter.nih.gov/project-details/10928186,https://taggs.hhs.gov/Detail/AwardDetail?arg_AwardNum=R01HS029179&arg_ProgOfficeCode=7,https://www.usaspending.gov/award/ASST_NON_R01HS029179_075/
HS029195,K08,K08HS029195,5K08HS029195-02,Disrupted,Terminated,Estimating the Causal Effect of Liver Allocation Policy Reflecting the Heterogeneity from Age and Geography,"Project Summary / Abstract An optimal organ allocation policy for liver transplantation remains a critical yet unmet need. Fair and efficient organ allocation are often incompatible goals. Although the transplant community has made incremental changes to allocation policies over the years, disparities including, but not limited to, geographic region, age, and disease type persist. This is problematic, as organs represent severely limited resources (e.g., In 2020, median pretransplant mortality rate remained high [12.2 per 100 waiting list-years]) that are allocated in a lifeand-death context. One major challenge in this arena is that randomized controlled trials are virtually impossible. Nevertheless, evidence-based policy making is necessary, making it difficult to accurately assess the causal effects of policies. Thus, it is essential to estimate the causal effects of these policies using observational data and rigorous methods that emulate the randomized trial. This Career Development Award aims to prepare the applicant for a career as a health policy/services researcher focusing on causal inference applied to chronic liver diseases / transplantation and whose work addresses a variety of health disparities. This will be strengthened by the applicant’s solid clinical domain expertise in chronic liver disease and liver transplantation. This goal will be accomplished within the infrastructure of the University of Iowa College of Medicine and College of Public Health through (a) specific graduate coursework, (b) a Mentorship Advisory Committee, (c) carefully selected conferences and workshops, and (d) a mentored research plan. The specific aims of the proposed studies are to estimate (1) the causal effects of the fundamental liver allocation policies (the Share-35 and the Acuity Circle policies), which designate different geographic boundaries and cutoffs for the criterion (Model of End-stage Liver Disease score; MELD) that is used to determine medical priority for allocation, (2) the causal effect of existing liver allocation priority rules in pediatric and adolescent candidates and (3) the potential causal impact of formulating a policy proposing to match the age of donors and recipients (donor-recipient age matching) and the cost-effectiveness of the potential policy implementation, all in the United States (U.S.). These estimates will be computed rigorously using natural- and quasi-experiments with an overlying causal inference framework, using a well-established nationwide observational transplant cohort. At the end of this Career Development Award, the candidate will be well-prepared to become an independent scientist with expertise in health policy, health services, epidemiology, and causal inference frameworks/econometrics focused on various disparities in healthcare (i.e., race, gender, age, geography, socioeconomic factors, and disease type), with specific expertise in chronic liver disease including liver transplantation. Our study findings will inform revisions to the current liver allocation policy in the U.S. and future studies designed to understand the causal effects of health policies guiding chronic liver disease/liver transplantation, which will form the foundation of the candidate's first R01 submission.","Project Narrative Approximating justice in solid organ allocation when balancing the competing goals of equity and utility remains an urgent public health challenge. By applying natural- and quasi-experiment design with causal inference framework using data from a well-established registry-based nationwide transplant cohort, this study elucidates the causal effect of the existing liver allocation policy related to geographic boundaries and particular age group (children and elderly) in the United States on liver transplant candidates and recipients, which will be critical in evaluating (health) policies in contexts where randomized trials are most often unrealistic. The findings and career development strategy will help prepare the applicant for an independent investigator with expertise in integrating health care policy and health services evaluation, epidemiology, and causal inference frameworks/econometrics with specific strengths in chronic liver disease and solid organ transplantation that addresses multiple sources of health disparity.",295879,291813.9,4065.0999999999767,2025-09-29,AHRQ Source,N/A,N/A,2023-08-01,2028-07-31,Agency for Healthcare Research and Quality,93.226,"RESEARCH ON HEALTHCARE COSTS, QUALITY AND OUTCOMES",PA-22-232,N/A,N/A,N/A,FALSE,UNIVERSITY OF IOWA,IA,IOWA CITY,IA-01,"Public, R1",UNIVERSITY-WIDE,https://reporter.nih.gov/project-details/10887536,https://taggs.hhs.gov/Detail/AwardDetail?arg_AwardNum=K08HS029195&arg_ProgOfficeCode=7,https://www.usaspending.gov/award/ASST_NON_K08HS029195_075/
HS029278,K01,K01HS029278,5K01HS029278-02,Disrupted,Terminated,"Implications of hospital-physician integration for urban-rural equity in access, care coordination, and outcomes.","PROJECT SUMMARY Dr. Brady Post’s long-term goal is to explain how system-level integration affects quality and equity, specifically for rural residents. The American health care system has moved quickly toward greater integration between hospitals and physicians. As a way to organize healthcare services, hospital-physician integration has generated much controversy within the health policy community. Advocates hope for more efficiency and care coordination while skeptics raise concerns over costs and quality. This pressing policy issue, poised to be a defining issue in health care for decades to come, requires dedicated scholars. Dr. Brady Post has focused his scholarship on this topic since his doctoral studies at the University of Michigan and he continues to build the evidence base as an Assistant Professor at Northeastern University. A natural next step in his career is to advance the science on hospital-physician integration using a more sophisticated set of methodological approaches that will round out his skillset and, simultaneously, help to fill persistent gaps in the literature. Through a comprehensive training plan that includes formal coursework and mentored, project-based learning, this project will equip Dr. Post with (1) deep knowledge of rural health needs, policy, and service delivery (2) qualitative and mixed-methods techniques, and (3) survey design and measurement theory needed for survey research. This unique combination will position Dr. Post to direct innovative studies of how hospital-physician integration reshapes health care in rural communities. This training will build his skills as an independent researcher and prepare him to successfully compete for R01-level grants. This project will examine the effects of hospital-physician integration on care coordination, patient access to care, and disparities in health outcomes across rural and urban areas. It will leverage rich survey data to highlight patients’ perspectives and use in-depth interviews to highlight physicians’ and mangers’ perspectives. With this award, Dr. Post will bring new concepts and new approaches to the literature on hospital-physician integration at a time when the Centers for Medicare and Medicaid Services, the Federal Trade Commission, and other policymakers are actively weighing the benefits and drawbacks of increased integration. This proposal directly answers AHRQ’s request for health services research to advance health equity (NOT-HS-21-014) and focuses on the AHRQ priority population of rural residents. This award will support Dr. Post’s transition to independence, establishing him as a leading scholar on the quality and equity implications of increasingly integrated health care systems.","Public Health Relevance Project Narrative: The goal of this career development award is to transition Dr. Brady Post to independence as a health services researcher with a long-term research agenda focused on how system-level integration of providers affects quality and equity. Rapid and widespread integration between hospitals and cardiologists has unknown consequences for health equity, particularly among rural residents. This grant will apply mixed methods to collect insights from physicians, managers, and patients, providing the evidence needed to develop an effective policy response to the opportunities and dangers presented by widespread hospital-physician integration.",297748,268329.2,29418.79999999999,2025-10-30,AHRQ Source,N/A,N/A,2023-09-01,2028-08-31,Agency for Healthcare Research and Quality,93.226,"RESEARCH ON HEALTHCARE COSTS, QUALITY AND OUTCOMES",PA-22-255,N/A,N/A,N/A,FALSE,NORTHEASTERN UNIVERSITY,MA,BOSTON,MA-07,Private,SCH ALLIED HEALTH PROFESSIONS,https://reporter.nih.gov/project-details/10910096,https://taggs.hhs.gov/Detail/AwardDetail?arg_AwardNum=K01HS029278&arg_ProgOfficeCode=7,https://www.usaspending.gov/award/ASST_NON_K01HS029278_075/
HS029307,U18,U18HS029307,5U18HS029307-03,Disrupted,Terminated,Consumer Assessment of Healthcare Providers and Systems (CAHPS) VI,"Summary/Abstract This application proposes a program of research, development, and evaluation of the use of consumers’ assessments of health care for informing health care choices and quality improvement. The goals of the program are organized in five areas: (1) Survey and supplemental item set development, revision of surveys, and trademarking; (2) Survey methods research aimed at achieving equity in patients’ experience of care; (3) Analysis and reporting of patient experience data, including assessments of how well different subgroups in the population are represented in survey responses; (4) Patient experience quality improvement studies based on CAHPS data; and (5) Developing internal and external program communication strategies to critical stakeholders. The proposed methods include focus groups, cognitive interviewing, interviewing of expert informants, establishing technical expert panels with nationally recognized experts, and field tests of draft surveys. The team will use standard psychometric statistical techniques to analyze survey data. The team will conduct experiments to assess reporting strategies and quality improve initiatives. The applicants are a consortium of experts in consumer survey design, report development, experimental assessment of consumer perceptions and medical care choice behavior, patient experience quality improvement, evaluation research, and communication and dissemination from the Yale School of Public Health, Mass General Brigham healthcare system and Harvard Medical School, the Center for Survey Research at the University of Massachusetts, the University of Pennsylvania, Columbia University, and several nationally known independent researchers and consultants. This consortium proposes maintaining continuity in the CAHPS development process by continuing critical activities and well-established collaborations from previous CAHPS projects and Centers for Medicare & Medicaid Services (CMS) projects, while strengthening the team to bring new skills, perspectives, and expertise to the project. The team has close partnerships with collaborating demonstration sites and has established relationships with public and private organizations that share an interest in refining and assessing CAHPS products for improved consumer decision making and quality improvement.","Project Narrative The CAHPS VI team will develop, test, and maintain CAHPS surveys; survey methods and protocols; and analysis programs. In addition, the team will conduct and evaluate quality improvement projects. The study results, surveys, reporting materials, and quality improvement methods will be communicated and promoted to improve patients’ care experiences.",4397499,3479634.53,917864.4700000002,2025-11-28,AHRQ Source,N/A,N/A,2022-09-30,2027-09-29,Agency for Healthcare Research and Quality,93.226,"RESEARCH ON HEALTHCARE COSTS, QUALITY AND OUTCOMES",RFA-HS-22-007,N/A,N/A,N/A,FALSE,YALE UNIVERSITY,CT,NEW HAVEN,CT-03,"Private, R1",SCHOOLS OF MEDICINE,https://reporter.nih.gov/project-details/10928107,https://taggs.hhs.gov/Detail/AwardDetail?arg_AwardNum=U18HS029307&arg_ProgOfficeCode=7,https://www.usaspending.gov/award/ASST_NON_U18HS029307_075/
HS029310,R01,R01HS029310,5R01HS029310-02,Disrupted,Terminated,Sustainable Solutions to Translating Best Practices for Informed Consent,"Project Summary/Abstract Current approaches to informed consent hinder rather than help research recruitment. Informed consent templates often include legal jargon, technical wording, and numerous repetitive and confusing sections. The consent process and templates can increase disparities in study participation among racially minoritized populations, rural-residing populations and older adults. Fortunately, we and colleagues have developed tools and recommendations to improve understanding and adoption of evidence-informed practices for consent in clinical trials. Yet these tools and recommendations are not widely used in practice. In this project, we will used mixed-methods to address this gap between knowledge and practice. We aim to: (1) Engage with key stakeholders to improve these forms and processes in a way that is feasible, acceptable, and sustainable; (2) Prepare an improved consent template and process for implementation; (3) Implement and test the consent template and process in three studies (1 per institution at 3 institutions). We will use Expert Recommendations for Implementing Change (ERIC) strategies to ready sites for implementation, focusing on strategies to increase capability, opportunity, and motivation to implement change. A community advisory board will actively engage in the study for its duration to ensure that each step of the process aligns with their needs. Our strong study team has expertise in research ethics, health literacy, health communication, health decision making and implementation science. This study will overcome barriers to translation by providing: (1) A toolkit to facilitate adoption of an evidence-based informed consent template and process, and (2) a national model for participant-centered informed consent, meeting regulatory requirements without overburdening participants or researchers. We will test our intervention’s robustness in different environments with different regulatory systems for research and unique institutional strengths.","Project Narrative: Informed consent templates aim to provide clear, transparent information; however, they often include legal jargon, technical wording, and confusing and repetitive sections. The complex consent process can increase disparities in study participation and thus disparities in study benefits. Fortunately, we and colleagues have developed tools and recommendations to improve understanding and adoption of evidence-informed practices for consent in clinical trials. This study will use mixed-methods to adapt, implement and test revised evidencebased consent templates and processes in three different institutions in the U.S.",791261,749588.1599999999,41672.840000000084,2025-08-29,AHRQ Source,N/A,N/A,2023-09-01,2027-06-30,Agency for Healthcare Research and Quality,93.226,"RESEARCH ON HEALTHCARE COSTS, QUALITY AND OUTCOMES",PA-18-795,N/A,N/A,N/A,FALSE,WASHINGTON UNIVERSITY,MO,SAINT LOUIS,MO-01,"Private, R1",SCHOOLS OF MEDICINE,https://reporter.nih.gov/project-details/10917307,https://taggs.hhs.gov/Detail/AwardDetail?arg_AwardNum=R01HS029310&arg_ProgOfficeCode=7,https://www.usaspending.gov/award/ASST_NON_R01HS029310_075/
HS029321,U18,U18HS029321,5U18HS029321-03,Disrupted,Terminated,Consumer Assessment of Healthcare Providers and Systems (CAHPS) VI,"PROJECT SUMMARY/ABSTRACT The Consumer Assessment of Healthcare Providers and Systems (CAHPS®) VI project will advance the Agency for Healthcare Research and Quality (AHRQ) CAHPS mission of improving patients’ experiences with health care overall and equity of care by developing and evaluating strategies for survey measurement, reporting and quality improvement. We propose a 5-year effort to advance the science and practice of patient experience assessment, ensure relevance to current health service delivery and implement best survey practices, further the science of reporting, and evaluate CAHPS quality improvement efforts. We will develop survey items targeted at perceived bias/discrimination, communication with non-English language preferring patients, and functional limitations. In addition, we will use stakeholder consensus methods to update the CAHPS health plan 5.0/5.1 and Clinician and Group 3.0/3.1 surveys. Moreover, we will evaluate alternatives to the standard CAHPS modes of data collection and conduct analyses of non-response patterns to elucidate the combination of mode of administrations best suited for racial and ethnic minorities. We will assess racial/ethnic bias in Amazon Comprehend and Google’s AutoML natural language processing of narrative data and evaluate quality improvement communication strategies designed to improve the experiences of care of patients of safety net providers.  The project team is well suited to achieving the study objectives given its prior accomplishments and established working relationships. The work is innovative and designed to (1) refine CAHPS surveys and enhance their use via data collection methods that improve response rates, (2) facilitate reporting and use of CAHPS survey data, and (3) strengthen efforts to improve experience with health care in the United States (U.S.). It builds upon the team’s past accomplishments as part of the CAHPS consortium to ensure that the quality of health care is optimized for the socioeconomically disadvantaged and those for whom Spanishlanguage is preferred. The project contributes substantially to the reduction of health data poverty by improving representation of the diversity within the United States population with the objective of equity in voice and benefits from healthcare in the United States.","PROJECT NARRATIVE This project will advance public health by developing new CAHPS survey items targeted at underserved groups of the U.S. population, evaluate alternative methods of data collection designed to improve response rates, enhance the collection and analysis of patient narrative reports about health care, and assess the impact of CAHPS surveys and reports on quality improvement efforts and patient experiences with care. We will use a health equity focus to better represent and enhance the experiences of care for traditionally underserved patients: racial/ethnic minorities, those with Spanish-language preference, and those with functional limitations. The products include new targeted items, updates to the standard CAHPS health plan and clinician and groups surveys, information about optimal data collection methods, methods to minimize bias in analyzing patient narrative data, and quality improvement demonstrations that improve patient care and promote equity.",4499998,3669991.09,830006.9100000001,2025-11-28,AHRQ Source,N/A,N/A,2022-09-30,2027-09-29,Agency for Healthcare Research and Quality,93.226,"RESEARCH ON HEALTHCARE COSTS, QUALITY AND OUTCOMES",RFA-HS-22-007,N/A,N/A,N/A,FALSE,RAND CORPORATION,CA,SANTA MONICA,CA-36,Private,Research Institutes,https://reporter.nih.gov/project-details/10928106,https://taggs.hhs.gov/Detail/AwardDetail?arg_AwardNum=U18HS029321&arg_ProgOfficeCode=7,https://www.usaspending.gov/award/ASST_NON_U18HS029321_075/
HS029340,R01,R01HS029340,5R01HS029340-02,Disrupted,Terminated,The role of telehealth in improving access to and costs of unscheduled care among lower-income individuals,"PROJECT ABSTRACT Immediate (or “urgent”) care treats injuries or illnesses that lie between primary and emergency care. During the COVID-19 pandemic, virtual immediate care made up the largest share of visits in the new, expanded telehealth infrastructure. The rise of virtual immediate care has important implications for health care access and costs, especially among those with Medicaid. Access to and costs associated with immediate care are especially important considerations for this marginalized group, who are less likely to engage in primary care, rely more heavily on expensive emergency department care for non-urgent conditions, and use more immediate care than those with higher incomes. Though virtual care is widely thought to increase care access and reduce costs, there are well-documented reasons to believe that these benefits might be offset among Medicaid enrollees. For example, those with lower incomes are less likely to have broadband access, rendering virtual care largely inaccessible. When it comes to spending, shifting urgent care visits away from the emergency department represents an important cost-savings opportunity. However, telehealth visits may also increase costs, by acting as a complement to in-person care, rather than a substitute, and by inducing new demand that otherwise would not have occurred. Further complicating the picture, the impact of virtual immediate care on access and costs likely differs across different types of telehealth models, and across different marginalized subpopulation (e.g., those living in rural areas, racial and ethnic minority groups, individuals with special health care needs, and women). To date, no study has measured the impact of virtual immediate care among Medicaid enrollees. Yet, as the public health emergency draws to a close in May 2023, state Medicaid agencies face important decisions on whether to permanently extend COVID-era telehealth policies. Our study’s purpose is to generate urgentlyneeded evidence to inform the policy conversation regarding telehealth and Medicaid, curating results that will be immediately useful to policy-makers. Using a mixed-methods approach, we will conduct quantitative analyses using extensive health record data from major health care systems across three states, followed by stakeholder interviews with both Medicaid administrators and health systems leaders. Our aims are 1) Measure the impact of different telehealth delivery models on immediate care access and use among low-income individuals, overall and by subpopulations; 2) Calculate the impact of different virtual immediate care delivery models on health care episode costs, accounting for downstream care and new health care use that would not have otherwise occurred, overall and by subpopulations; 3) Conduct semi-structured interviews with Medicaid administrators and health system leaders to transform study results into practicable knowledge for policymakers.","PROJECT NARRATIVE This project will provide fundamental knowledge on the ways virtual immediate care influences healthcare access and costs among those with Medicaid. The project studies how this new technology may widen or narrow disparities among Medicaid enrollees in general, and several AHRQ priority populations. Results from this mixed methods study will help guide the development of equitable telehealth policy.",791789,519515.26,272273.74,2025-09-29,AHRQ Source,N/A,N/A,2023-09-30,2027-07-31,Agency for Healthcare Research and Quality,93.226,"RESEARCH ON HEALTHCARE COSTS, QUALITY AND OUTCOMES",PA-18-795,N/A,N/A,N/A,FALSE,NORTHWESTERN UNIVERSITY,IL,CHICAGO,IL-05,"Private, R1",SCHOOLS OF MEDICINE,https://reporter.nih.gov/project-details/10932315,https://taggs.hhs.gov/Detail/AwardDetail?arg_AwardNum=R01HS029340&arg_ProgOfficeCode=7,https://www.usaspending.gov/award/ASST_NON_R01HS029340_075/
HS029343,R01,R01HS029343,5R01HS029343-03,Disrupted,Terminated,Development and Implementation of the REmote Telehealth User-Reported caNcer Surveillance (RETURNS) Program for Lung Cancer,"ABSTRACT  Although lung cancer is the leading cause of cancer-related death in the United States, over 540,000 Americans survive with treatment, making it the 4th leading diagnosis of cancer survivors.1,2 Surveillance is an essential part of survivorship care to detect recurrent disease and/or a second primary lung cancer, monitor treatment toxicity, reinforce smoking cessation, and manage patient fear of potential recurrence.3,4 Given recent advances in lung cancer treatment, the number of new lung cancer patients needing surveillance care is expected to increase faster than for any other cancer with 20% more lung cancer survivors eligible for surveillance in 2022 than the decade prior.2 Indeed, the importance of research to improve cancer surveillance was recognized by the Institute of Medicine as a “top 25 priority” for comparative effectiveness research.5  Consensus surveillance guidelines recommend surveillance visits, with a chest computed tomography (CT) and symptom review, every 6 months for the first 2 years following resection and, then, yearly thereafter. Unfortunately, only 26% of patients receive the guideline-recommended CT and 39% are lost to all follow-up after lung cancer resection.9-11 Patients have identified numerous barriers to surveillance visits, including travel distance, time away from work, cost, and inconvenience to family members, factors that disproportionately affect minority and low income populations, and may exacerbate disparities.12  However, signs and symptoms of recurrence can be gathered from patients and caregivers using remote assessments of Patient-Reported Outcomes (PROs), such as the Patient-Reported Outcomes Measurement Information System (PROMIS), developed at our institution13-24 and travel and time barriers can be mitigated by telehealth.25 However, use of PROs and telehealth for cancer surveillance remains poorly optimized. In 2019, our group implemented a REmote Telehealth User-Reported caNcer Surveillance (RETURNS) that uses PROMIS instruments to remotely elicit select signs and symptoms,13-24 asynchronous review of electronically submitted chest CT scans, followed by a telehealth visit. Preliminary data demonstrate considerable patient enthusiasm for surveillance using telehealth, high degree of provider engagement, and economic feasibility.26 Nevertheless, “one size does not fit all” and it is, therefore, important to determine which patients are appropriate candidates for remote PRO assessment and a telehealth visit. To do so, we will assess “end” user (patients, caregivers, lung cancer clinicians) perspectives, at five diverse hospitals, to inform a usercentered design of a Decision Aid to guide appropriate patient selection for RETURNS and to optimize the delivery of RETURNS. Finally, we will evaluate the effect of RETURNS on patient and provider satisfaction and its potential to improve adherence to surveillance guidelines, reduce surveillance disparities, and reduce patient and healthcare system costs. The proposal aligns with NOT-HS-16-015 and will provide fundamental information to facilitate appropriate, equitable, patient-centered, surveillance care for cancer survivors.","PROJECT NARRATIVE Although lung cancer is the leading cause of cancer-related death in the United States, over 540,000 Americans survive with treatment, making it the fourth leading diagnosis among cancer survivors, a 20% increase in 2022. Lung cancer surveillance plays an important role in survivorship care through the detection of both recurrent disease and new, `second primary' lung cancer, monitoring of toxicity associated with adjuvant treatment, reinforcement of smoking cessation, and management of fear and anxiety over potential recurrence; yet only 26% of patients receive the guideline-recommended imaging and 39% are lost to all follow-up after lung cancer resection. This proposal seeks to leverage RETURNS, a telehealth lung cancer surveillance program, to develop and test a remote lung cancer surveillance approach, combining Patient Reported Outcome (PRO) and community chest computed tomography (CT) assessment, in a learning health system to improve adherence to recommended surveillance guidelines by reducing barriers and making care more efficient and effective for patients, providers, and the healthcare system.",799293,268048.58,531244.4199999999,2025-09-29,AHRQ Source,N/A,N/A,2023-09-30,2028-07-31,Agency for Healthcare Research and Quality,93.226,"RESEARCH ON HEALTHCARE COSTS, QUALITY AND OUTCOMES",PA-18-795,N/A,N/A,N/A,FALSE,UNIVERSITY OF MICHIGAN AT ANN ARBOR,MI,ANN ARBOR,MI-06,"Public, R1",SCHOOLS OF MEDICINE,https://reporter.nih.gov/project-details/11192774,https://taggs.hhs.gov/Detail/AwardDetail?arg_AwardNum=R01HS029343&arg_ProgOfficeCode=7,https://www.usaspending.gov/award/ASST_NON_R01HS029343_075/
HS029356,R18,R18HS029356,5R18HS029356-03,Disrupted,Terminated,The Patient-Partnered Diagnostic Center of Excellence,"PROJECT SUMMARY Diagnostic errors are a significant public health concern and the leading cause of harm due to medical care in the U.S. Estimates suggest that one of every twenty patients seeking healthcare in the U.S. experiences a diagnostic error, half of which result in serious harm. There are many reasons for diagnostic failures. Failures in the process of diagnosis are multifocal, and may relate to patient, clinician, or systems breakdowns and lead to potential patient harm. While there have been modest improvements in reducing diagnostic error, much of this research has focused on defining the scope of the problem and developing tools for doctors to prevent errors, largely ignoring the critical role of the patient in finding and fixing errors in their own healthcare. Our teams prior work shows that patients and their families provide valuable information often missing in medical records that can inform safety problems across different care settings; this includes diagnostic safety events. Furthermore, making accurate and timely diagnoses requires a patient-centered, team-based approach involving collaboration among multiple healthcare professionals, with the patient and their family at its core and recognition of the importance of input from patients across the spectrum of patient populations. The Patient-Partnered Diagnostic Center of Excellence (the Center) will fill these gaps by conducting research that has been identified and prioritized by patients as important to advance diagnostic safety research. The Center is governed by experienced patient-partnered scientists and directed by a committee of patients and an advisory panel of experts who collectively will develop expertise in Safety I error detection and prevention to decrease diagnosis error frequency and Safety II methods of resilience to improve safer care. The Center takes the novel approach of examining diagnostic safety using a Safety I and II lens from the patient's experience of the diagnostic journey. We are committed to meaningfully partnering with minority and equity seeking communities to drive meaningful solutions with broad application for reaching historically marginalized patients. Our Center convenes around three aims, organized into four workstreams led by a co-PI/co-I with demonstrated expertise in that workstream. Our workstreams will work together to inform solution development, cocreating improvements in detection and driving diagnostic safety system resilience in partnership with diverse patients. Our Center benefits from strong scientific expertise in diverse, relevant disciplines; diverse organizational and cultural research sites partnered with care delivery systems; but most importantly meaningful engages patients and community partners in codesign of solutions to prevent diagnostic errors. The Center's findings will inform other Diagnostic Centers of Excellence and patient-centered outcomes research. Our aggressive attention to the inclusion of equity seeking populations in codesign and evaluation will yield diagnostic safety solutions that will be adopted broadly by diverse care settings, patients, and the clinicians that serve them.","PROJECT NARRATIVE Diagnostic errors are a significant public health concern and the leading cause of harm due to medical care in the U.S.; yet research to date has principally focused on the clinician as the center of both the problems and the solutions. The Patient-Partnered Diagnostic Center of Excellence will shift this paradigm by convening diverse scientists and patients around research questions developed and prioritized by patients yielding patientcentered diagnostic safety solutions and reductions in diagnostic safety events. By providing clear evidence by measuring the problem (Safety I) and devising solutions to build diagnostic team resilience (Safety II), our Center has high potential to improve diagnostic safety for all patients in the U.S.",2974128,2580626.78,393501.2200000002,2025-11-28,AHRQ Source,N/A,N/A,2022-09-30,2026-09-29,Agency for Healthcare Research and Quality,93.226,"RESEARCH ON HEALTHCARE COSTS, QUALITY AND OUTCOMES",RFA-HS-22-008,N/A,N/A,N/A,FALSE,MEDSTAR HEALTH RESEARCH INSTITUTE,MD,Columbia,MD-03,N/A,Research Institutes,https://reporter.nih.gov/project-details/10923866,https://taggs.hhs.gov/Detail/AwardDetail?arg_AwardNum=R18HS029356&arg_ProgOfficeCode=7,https://www.usaspending.gov/award/ASST_NON_R18HS029356_075/
HS029358,R18,R18HS029358,5R18HS029358-03,Disrupted,Terminated,Center to Improve Clinical Diagnosis,"Abstract: Diagnostic errors are common and frequently extremely serious. Unfortunately, strategies to identify diagnostic standards and best diagnostic practices for a variety of problems are scarce. The focus of the Center to Improve Clinical Diagnosis will be to tackle diagnostic problems using a data and consensus driven approach. The goals of the Center are to (a) assemble a diverse, multidisciplinary team to provide formal input about standards and best practices; (b) to implement a 4-step strategy to develop recommended diagnostic practices; and (c) to sustain the Center by creating a set of policies, methods, a future agenda, and partnerships within and outside our organization. Our Center will be fully integrated into a larger health services research center within University Hospitals Health System. Our general 4-step process to develop recommended practices includes (1) identifying problems which are common, associated with high rates of diagnostic error, and for which guidance is lacking and identify current diagnostic practice (or practices in response to diagnostic interventions) (2) identify outcomes of diagnostic practices; (3) in collaboration with a panel of diagnosticians, review data about practice and outcomes and formulate recommendations; (4) implement recommendations and monitor their impact. We have chosen three problems as demonstration projects based on how common and serious they are and the expertise and experience of our research team: (1) The best approach to identifying and evaluating unintentional weight loss in adults; (2) The best approach to screening for hypertension in African American adolescents using home-BP devices; (3) Improved diagnosis of sepsis in children in community emergency department (ED) settings, and adults in community (ED) and inpatient settings through implementation and most importantly, refinement of electronic sepsis trigger tools. We believe our systematic approach to developing standards and best practices for these and future problems will provide a system for badly needed diagnostic guidance that is useful for patients, clinicians, and health systems.",The Center to Improve Diagnosis will focus upon developing diagnostic standards and recommendations for common diagnostic problems. Our strategy will be both data and consensus driven. Recommendations for best diagnostic practices will be formulated by a panel of diagnosticians in collaboration with the research team.,2942188,1950550.45,991637.55,2025-11-28,AHRQ Source,N/A,N/A,2022-09-30,2026-09-29,Agency for Healthcare Research and Quality,93.226,"RESEARCH ON HEALTHCARE COSTS, QUALITY AND OUTCOMES",RFA-HS-22-008,N/A,N/A,N/A,FALSE,UNIVERSITY HOSPITALS OF CLEVELAND,OH,CLEVELAND,OH-11,N/A,Independent Hospitals,https://reporter.nih.gov/project-details/10932854,https://taggs.hhs.gov/Detail/AwardDetail?arg_AwardNum=R18HS029358&arg_ProgOfficeCode=7,https://www.usaspending.gov/award/ASST_NON_R18HS029358_075/
HS029362,R18,R18HS029362,5R18HS029362-03,Disrupted,Terminated,Safety II Together: Coupling teaming science with patient engagement and health information transparency to coproduce diagnostic excellence,"Ambulatory diagnostic error is a vexing problem because events unfold across time with shifting team members. Accurate and timely diagnosis relies on keeping patients and health care professionals (HCPs) on the same page, both in and between clinic visits. Experts urge shared mental models (SMMs) of the diagnostic process (DxP), because research shows their central role for effective team communication and coordination. Yet little is known about how patients and HCPs develop and sustain SMMs, especially in the dynamic setting of the DxP. While we have many examples of diagnostic errors in Safety-I research, there are few models of “what good looks like” using a Safety-II lens. Since diagnostic excellence relies on factors and interactions beyond any single HCP, progress will require identifying specific teaming behaviors that help patients and HCPs to coproduce safety at known DxP risk points. We will close this foundational knowledge gap. We will then develop and disseminate tools to support patients, care partners, interpreters and clinicians as active contributors to the DxP through 3 partnering national organizations. In our current AHRQ grant, we learned that patients have unique insights about the DxP, including identification of “diagnostic blindspots” – events or conditions pertaining to DxP safety that HCPs or systems may not observe. These include events occurring between visits, omissions, and misalignments stemming from lack of a SMM between patients and HCPs. Interestingly, online access to visit notes (“open notes”) – now nearly universal through 2021 federal legislation – may help development of SMMs because patients can gain context on HCP perspectives and potential gaps in their understanding by reading notes. One sobering finding was that the most common contributing factor to patient-reported diagnostic error was not feeling heard. Based on these data, we designed an online tool – OurDX – to elicit patient priorities, histories, and potential concerns. We found that patients with limited English proficiency (LEP) were 5x as likely to report not feeling heard, and older patients with poorer health were more likely to identify a diagnostic blindspot. Teams that work need new approaches to share information, to listen, and to respond, especially since harnessing the unique knowledge of each member (including early identification of otherwise undetected blindspots) can increase system resilience. Our diagnostic center of excellence – Safety2gether – is based on innovative and disciplined coupling of teaming science with patient engagement to coproduce diagnostic safety, with a focus on safety-II principles and priority populations: LEP and elderly patients with chronic illness and their care partners. Safety2gether will partner with patients, train learners, define future research questions, foster collaborations, and share multistakeholder tools through 3 national organizations to both learn from, and serve as a resource for, other DCEs. Our team is specifically curated with over a decade of expertise in teaming, diagnostic safety and patient engagement, and is uniquely poised to help build safety equity through an evidence-based emphasis on listening and resilience.","Ambulatory diagnostic error is a vexing problem because events unfold across time with shifting team members, and accurate and timely diagnosis relies on keeping patients and health care professionals (HCPs) on the same page, both in and between clinic visits. Yet little is known about how patients and HCPs develop and sustain a shared mental model of the diagnostic process. We will identify the specific teaming behaviors that help patients and HCPs to coproduce safety at known diagnostic process risk points, and then develop and disseminate tools to support patients, care partners, interpreters and clinicians as active contributors to the diagnostic process.",2923544,2010355.8199999998,913188.1800000002,2025-11-28,AHRQ Source,N/A,N/A,2022-09-30,2026-09-29,Agency for Healthcare Research and Quality,93.226,"RESEARCH ON HEALTHCARE COSTS, QUALITY AND OUTCOMES",RFA-HS-22-008,N/A,N/A,N/A,FALSE,UNIVERSITY OF TEXAS HLTH SCI CTR HOUSTON,TX,HOUSTON,TX-18,"Public, R1",SCHOOLS OF MEDICINE,https://reporter.nih.gov/project-details/10928222,https://taggs.hhs.gov/Detail/AwardDetail?arg_AwardNum=R18HS029362&arg_ProgOfficeCode=7,https://www.usaspending.gov/award/ASST_NON_R18HS029362_075/
HS029396,K08,K08HS029396,5K08HS029396-02,Disrupted,Terminated,Family-Centered Community Health Worker Support for Children with Chronic Conditions and Unmet Social Needs,"PROJECT SUMMARY/ABSTRACT Addressing both care coordination needs and unmet social needs for children with chronic conditions is a highpriority goal for the United States health care system. Many children with chronic conditions live in poverty and have associated unmet social needs, such as food insecurity and housing instability, which can limit their access to care and lead to poor health outcomes. Their caregivers must navigate both complex health care systems and complex social service systems to access resources their children need to stay healthy. In my preliminary studies, I found that 51% of caregivers of children hospitalized with multiple chronic conditions reported having unmet social needs, and these caregivers expressed a desire for longitudinal care coordination support and assistance addressing their social needs after hospital discharge. In addition, I found that care coordination burdens disproportionately impact low-income, Black, and Hispanic children and are associated with forgone health care, perpetuating inequities in child health outcomes. To promote health equity and increase access to high quality medical care for low-income children with chronic conditions, there is an urgent need for effective family-centered interventions addressing both care coordination needs and social needs. Individualized Management for Patient-Centered Targets (IMPaCT) is a standardized, theory-based, community health worker (CHW)-led approach to addressing care coordination needs and social needs for low-income adults with multiple chronic conditions. The intervention builds on CHW's lived experience and expertise and their unique ability to serve as a bridge between health systems and communities. IMPaCT includes three key components: (1) development of a detailed, patient-centered care plan, (2) longitudinal support focused on addressing medical and social needs, and (3) connection with needed follow-up care. In multiple randomized controlled trials in adults, IMPaCT has been found to improve patient-reported quality of care while reducing acute care utilization. The goal of this application is to target, develop, and test a pediatric adaptation of IMPaCT targeting both care coordination needs and social needs for hospitalized children with multiple chronic conditions. My specific aims are to 1) Identify social needs that are associated with decreased access to preventive care and increased acute care use among hospitalized children with complex chronic conditions, 2) develop an adapted IMPaCT intervention for pediatric patients with complex chronic conditions and unmet social needs, and 3) determine feasibility and acceptability and assess preliminary efficacy of the pediatric IMPaCT intervention. This work is relevant to Special Emphasis Notice (SEN): NOT-HS-21-014: Health Services Research to Advance Health Equity, given its focus on adapting and implementing an evidence-based intervention to advance equity within healthcare delivery systems, care delivery for persons with multiple chronic conditions, and integration of social determinants of health and social needs care within healthcare delivery.","PROJECT NARRATIVE Many low-income and minoritized children with chronic conditions live in poverty and therefore have both care coordination needs and unmet social needs, such as food insecurity and housing instability, which can lead to decreased access to care and poor health outcomes. To promote health equity and increase access to health care for low-income and minoritized children with chronic conditions, there is an urgent need for effective family-centered interventions addressing both care coordination needs and unmet social needs. The goal of this application is to develop and test the first-ever pediatric adaptation of the evidence-based Individualized Management for Patient-Centered Targets (IMPaCT) community health worker intervention, tailored to the unique needs of hospitalized children with complex chronic conditions and their caregivers.",288154,268197.54,19956.46000000002,2025-11-28,AHRQ Source,N/A,N/A,2023-09-30,2028-09-29,Agency for Healthcare Research and Quality,93.226,"RESEARCH ON HEALTHCARE COSTS, QUALITY AND OUTCOMES",PA-22-050,N/A,N/A,N/A,FALSE,CHILDREN'S HOSP OF PHILADELPHIA,PA,PHILADELPHIA,PA-03,N/A,Independent Hospitals,https://reporter.nih.gov/project-details/10928211,https://taggs.hhs.gov/Detail/AwardDetail?arg_AwardNum=K08HS029396&arg_ProgOfficeCode=7,https://www.usaspending.gov/award/ASST_NON_K08HS029396_075/
HS029430,R18,R18HS029430,5R18HS029430-02,Disrupted,Terminated,Evaluating the Feasibility of Lung Cancer Screening in High-Risk Black Women,"PROJECT SUMMARY. Every year, approximately 6,800 and 37,000 Black women in the United States die from lung cancer and cardiovascular diseases, respectively. Most Black women diagnosed with lung cancer and cardiovascular diseases are diagnosed at advanced stages, which are associated with significantly higher mortality and greater healthcare-related costs. As such, strategies to increase the early detection of lung cancer and cardiovascular diseases among Black women are urgently needed. Lung cancer screening with low-dose computed tomography (LDCT) has been shown to result in earlier detection of lung cancer and significant reductions in lung cancer mortality in two large randomized trials. Additionally, research has shown that LDCT scans can be used to predict cardiovascular disease risk. Thus, LDCT lung cancer screening offers an opportunity to increase the early detection of lung cancer and cardiovascular diseases among Black women. However, while LDCT screening is recommended by the United States Preventive Services Task Force (USPSTF) for individuals classified as high-risk, current USPSTF screening eligibility criteria exclude many Black women who are actually high-risk but do not meet the criteria. In our previous study of participants in the Black Women’s Health Study (BWHS), we found that over 66% of Black women diagnosed with lung cancer would have been ineligible for lung cancer screening under the 2021 USPSTF guidelines. Lung cancer risk-prediction models can account for lung cancer risk factors other than age and smoking (e.g., COPD) and are a promising strategy to increase the number of high-risk Black women eligible for screening. However, the effectiveness of such models in selecting high-risk Black women for screening has never been studied prospectively. Given the tremendous potential for LDCT screening to increase the early detection of lung cancer and cardiovascular diseases, studies investigating more effective approaches for lung cancer screening among Black women are needed to enhance the benefits of screening among this population. Our overall objective is to conduct a single-arm (n=400) pilot study of U.S. Black women participating in the BWHS—a cohort of 58,973 self-identified Black women from across the U.S.—to examine the feasibility, acceptability, and performance of LDCT screening among this population. We will recruit Black women aged > 50 years with any history of smoking. We aim to 1) evaluate the feasibility and acceptability of LDCT screening among U.S. Black Women; 2) evaluate the performance of LDCT for lung cancer detection among our cohort and compare it to U.S. Black women in the National Lung Screening Trial (historical control), and 3) validate a deep learning image analysis pipeline for cardiovascular disease detection among our cohort. The findings of this pilot study will provide a strong foundation for a large-scale study that further evaluates the optimal risk-based screening strategies to select high-risk Black women for lung cancer screening. In addition, the findings of this pilot study will provide preliminary data that can be used to inform a future large-scale study using deep learning networks to predict cardiovascular risk on LDCT scans.","PROJECT NARRATIVE. Every year, approximately 6,800 and 37,000 Black women in the United States die from lung cancer and cardiovascular diseases, respectively. Lung cancer screening with low-dose computed tomography is an evidence-based approach to reduce lung cancer mortality and can be extended to the early detection of cardiovascular diseases. However, most Black women at high risk for lung cancer are currently ineligible for lung cancer screening. The overarching goal of this research is to conduct a single-arm pilot study of U.S. Black women with a history of smoking who may not meet current eligibility criteria to examine the feasibility, acceptability, and performance of LDCT screening for lung cancer detection among this population. In addition, we will validate a deep learning image analysis pipeline for cardiovascular disease detection among this population.",999288,854214.47,145073.53000000003,2025-09-29,AHRQ Source,N/A,N/A,2023-08-01,2026-07-31,Agency for Healthcare Research and Quality,93.226,"RESEARCH ON HEALTHCARE COSTS, QUALITY AND OUTCOMES",RFA-HS-22-001,N/A,N/A,N/A,FALSE,MASSACHUSETTS GENERAL HOSPITAL,MA,BOSTON,MA-08,N/A,Independent Hospitals,https://reporter.nih.gov/project-details/10893382,https://taggs.hhs.gov/Detail/AwardDetail?arg_AwardNum=R18HS029430&arg_ProgOfficeCode=7,https://www.usaspending.gov/award/ASST_NON_R18HS029430_075/
HS029453,R01,R01HS029453,5R01HS029453-02,Disrupted,Terminated,"Integrating Medicare and Medicaid coverage in managed care: effects on quality, utilization, and disparities","PROJECT SUMMARY / ABSTRACT Policymakers are pursuing strategies to integrate coverage for dual-eligibles—individuals with Medicare and Medicaid—to better coordinate care across these programs. Dual-Eligible Special Needs Plans (D-SNPs)— Medicare Advantage plans that exclusively serve duals—have emerged as the largest category of plans intended to serve as a platform for integration. However, D-SNPs vary in their level of integration with Medicaid. While many D-SNPs meet only a minimum level of integration (primarily related to care coordination), a growing number of plans have attained greater integration by covering Medicare and Medicaid spending for the same patients. CMS continues to refine integration standards for D-SNPs and policymakers have called for designing these standards to improve the quality, efficiency, and equity of care for duals—a priority given this population’s medical and social vulnerability. Yet little evidence exists about the extent to which differences among D-SNPs, including plan attributes and state policies affecting integration, are linked to quality, care patterns that drive spending, or disparities. Further, there is no evidence about how policy levers to expand enrollment in integrated D-SNPs affect care. One such lever is default enrollment—a mechanism that allows certain Medicaid managed care plans to automatically enroll Medicaid beneficiaries into integrated D-SNPs when they become dual eligibles (e.g., at age 65). Although only some D-SNPs are permitted to use default enrollment, there is interest in expanding this mechanism. To inform policy, this project will provide new evidence about variations in the performance of D-SNPs, including by factors affecting these plans’ level of Medicaid integration (Aim 1); assess plan performance and disparities in vulnerable subgroups of duals, including Black and Hispanic duals, duals with a disability, and those with behavioral health conditions (Aim 2); and investigate the effects of using default enrollment to integrate coverage, leveraging variation between plans permitted to use this mechanism and a quasi-experimental difference-in-differences design (Aim 3). To measure key aspects of plan performance relevant to integration, we will use Medicaid T-MSIS data, Medicare Advantage encounter data, and nursing facility assessment data linked at the beneficiary level (Aims 1-3) and CAHPS patient experience surveys (Aims 1-2). Continuous updating of these data allows us to monitor changes in performance as CMS phases in new D-SNP integration standards, enabling us to evaluate and inform evolving policy. This project is directly related to AHRQ priorities and priority populations through its focus on how the design of D-SNPs—an emerging managed care model for complex patients—affects quality, efficiency, and equity of care. To maximize this project’s impact, we will work with a Policy Advisory Committee of experts in integration policy from the government, research, and insurance sectors, building on the team’s track record of translating health services research to inform policy.","PROJECT NARRATIVE Dual Eligible Special Needs Plans (D-SNPs) have emerged as the largest category of managed care plans intended to integrate Medicare and Medicaid coverage for the nation’s 12.2 million dual eligibles and have evolved to attain different levels of integration. This project will use national Medicare and Medicaid administrative data, nursing facility assessment data, and patient experience surveys to identify attributes of DSNPs and state Medicaid policies associated with higher quality, efficient, and equitable care, and it will use a difference-in-differences design to identify effects of integrating coverage, leveraging variation in default enrollment into integrated plans. Findings from this project will provide evidence to guide how policymakers improve D-SNPs to address the health care needs of their medically and socially vulnerable enrollees.",719201,625473.1100000001,93727.8899999999,2025-09-29,AHRQ Source,N/A,N/A,2023-09-30,2028-07-31,Agency for Healthcare Research and Quality,93.226,"RESEARCH ON HEALTHCARE COSTS, QUALITY AND OUTCOMES",PA-18-795,N/A,N/A,N/A,FALSE,UNIVERSITY OF PENNSYLVANIA,PA,PHILADELPHIA,PA-03,"Private, R1",SCHOOLS OF MEDICINE,https://reporter.nih.gov/project-details/10932121,https://taggs.hhs.gov/Detail/AwardDetail?arg_AwardNum=R01HS029453&arg_ProgOfficeCode=7,https://www.usaspending.gov/award/ASST_NON_R01HS029453_075/
HS029454,R01,R01HS029454,5R01HS029454-02,Disrupted,Terminated,Scalable Digital Communication Intervention to Support Older Adults and Care-partners Transitioning Home After Major Surgery,"PROJECT SUMMARY In this R01 proposal, we outline a comprehensive 5-year research proposal that will support development and rigorous testing of a scalable intervention to improve integration of geriatric principles into surgical care of older adults with the goal of improving patient and care-partner quality of life from transitions into and out of the hospital around the time of surgery. This significant and innovative plan aims to improve care transitions for this high risk patient population as they are discharged home after major surgery. Background: Surgeons try to prepare and support older adults through the perioperative transitions to the hospital and back home, with variable success. Most surgeons are not fully equipped to address geriatric needs that exist among the rising number of older adults presenting to surgical attention. Addressing health outcomes that older adults prioritize when considering surgery is an important opportunity to improve surgical care quality in this growing patient population through development of novel interventions. Specific aims and research design: We aim to develop the first version of myPOSH, a digital intervention to improve the care of older patients undergoing surgery including development of content and application with methodology for implementation through 1) interviews with older adults undergoing major surgery and their care-partners when available (up to n=30) (Aim 1.1), with additional input from 2) key clinical stakeholder focus groups (i.e., surgeons, geriatricians, and nurses) (n=4; at least 24 clinicians) (Aim 1.2). Next, we will examine the preliminary feasibility and acceptability of myPOSH via an open pilot (n=20 patients, n=2 surgical teams across 2 sites) with exit interviews and pre-post assessments. myPOSH will be refined (Aim 2). Finally, we will examine the feasibility and acceptability of myPOSH versus usual surgical care (n=84 patients; 42 patients per arm) in a pilot RCT following predetermined benchmarks (Aim 3). These findings will inform a hybrid efficacy trial through future funding with plans to extend this work to other surgical clinic sites. Relevance: This R01 is in line with the goal of this funding announcement to develop scalable interventions to improve care transitions among high risk patient populations. Impact: As surgeons with expertise in surgical systems change, we recognize the critical need to improve surgical care quality among older adults transitioning home after surgery. Experiences gained through this proposal are foundational to future research to improve caregiver preparedness and reduce patient anxiety in the perioperative setting.","PROJECT NARRATIVE Smartphone-based education and remote self-monitoring are scalable solutions that can address unmet information needs and address poor care coordination, anxiety, and caregiver burden among older adults transitioning home after major surgery. This proposal outlines the development and refinement of the myPOSH intervention, a digital health solution to support the needs of older adults undergoing major surgery and their care-partners. The findings from this work can be scaled and spread to increase the value of care provided for a variety of health conditions and will drive future efforts to improve transitions home after major surgery.",641661,281436.78,360224.22,2025-08-29,AHRQ Source,N/A,N/A,2023-09-01,2028-06-30,Agency for Healthcare Research and Quality,93.226,"RESEARCH ON HEALTHCARE COSTS, QUALITY AND OUTCOMES",PA-20-068,N/A,N/A,N/A,FALSE,HARVARD UNIVERSITY D/B/A HARVARD SCHOOL OF PUBLIC HEALTH,MA,BOSTON,MA-07,"Private, R1",UNIVERSITY-WIDE,https://reporter.nih.gov/project-details/10916336,https://taggs.hhs.gov/Detail/AwardDetail?arg_AwardNum=R01HS029454&arg_ProgOfficeCode=7,https://www.usaspending.gov/award/ASST_NON_R01HS029454_075/
HS029477,R01,R01HS029477,5R01HS029477-02,Disrupted,Terminated,Cognitive Behavioral Faith-based Depression Intervention For African American Adults (CB-FAITH): An Effectiveness And Implementation Trial,"PROJECT ABSTRACT Recent research shows the prevalence of depression symptoms in the US was more than 3-fold higher during COVID-19 compared with before the COVID-19 pandemic. Prevalence of depression among Blacks preCOVID was 8.4% and during-COVID pandemic 24.2%. Although the prevalence of depression is comparable among Blacks and Whites, the difference is dramatically reversed for severe depression. African Americans/Blacks have higher symptom levels for chronicity and disability, 56.5% vs. 38.6% for Whites. These disparities are even more stark for African Americans in the Madison, Wisconsin the proposed research site. Blacks in Wisconsin are 50% more likely than Whites to report having frequent mental distress. Despite the burden of living with depression, African Americans do not seek mental health services at comparable rates to other demographic groups. National mental health service use data show Whites use at 23.0% and African Americans at 13.6% in the past 12 months. Culturally adapted treatments designed for African American adults have the potential to address and potentially stop these health disparities; research shows culturally adapted treatments to be four times more effective than standardized care. Despite growing literature indicating African Americans are more likely to use religious coping when experiencing mental illness, empirically validated culturally adapted faith-based depression interventions do not exist for this group. To address this gap, the PI forged transformative partnerships with the African American Council of Churches to develop a faith-based intervention: Cognitive Behavioral Faith Fellowship to Improve Thy Health (CB-FAITH). CB FAITH is spirituallybased whereby spiritual/religious themes, stories, and scripture are integrated in the core cognitive behavioral content. The 13-treatment modules focus on increasing knowledge of depression and healthy coping behaviors. It is designed to be co-delivered by African American licensed mental health clinicians and African American pastors at churches. We propose conducting a hybrid type 1 effectiveness-implementation trial employing a stepped wedge cluster randomized design with church groups as the unit of randomization, providing simultaneous testing of the intervention and assessment of barriers and facilitators to implementation of the intervention. The sample will be comprised of 10 groups, each with 12 individuals (N=120) who identify as African American men and women (age 25 and older) with clinical depression. Clinical outcomes will be measured at baseline, weeks 6 and 12 during the intervention, and post-intervention at 3 and 6 months. For the implementation arm of the study, we will use the RE-AIM conceptual framework to examine implementation. Use of surveys and semi-structured interviews focusing on RE-AIM concepts at individual and organizational level will be conducted during and at the end of the intervention implementation. Results of this trial has the potential to advance the AHRQ’s goal of achieving equity in the delivery of healthcare services. .","Project Narrative Using a hybrid type 1 effectiveness-implementation trial employing a stepped wedge cluster randomized design, we will examine effectiveness and implementation of a faith-based depression intervention among African Americans delivered in churches. Five church groups, each with 24 people (N=120) is the sample. If validated, this intervention will be the first evidence-based, faith-based intervention for African Americans.",784890,657633.18,127256.81999999995,2025-07-30,AHRQ Source,N/A,N/A,2023-08-01,2028-05-31,Agency for Healthcare Research and Quality,93.226,"RESEARCH ON HEALTHCARE COSTS, QUALITY AND OUTCOMES",PA-18-795,N/A,N/A,N/A,FALSE,UNIVERSITY OF WISCONSIN-MADISON,WI,MADISON,WI-02,"Land grant, Public, R1",SCHOOLS OF MEDICINE,https://reporter.nih.gov/project-details/10894012,https://taggs.hhs.gov/Detail/AwardDetail?arg_AwardNum=R01HS029477&arg_ProgOfficeCode=7,https://www.usaspending.gov/award/ASST_NON_R01HS029477_075/
HS029482,R01,R01HS029482,5R01HS029482-02,Disrupted,Terminated,Reducing Overuse of Antibiotics at Discharge: The ROAD Home Trial,"PROJECT SUMMARY/ABSTRACT The Reducing Overuse of Antibiotics at Discharge (ROAD) Home trial is a 40-hospital cluster randomized trial to evaluate the effectiveness and understand factors influencing implementation of the ROAD Home intervention. Antibiotic overuse at hospital discharge is common, costly, and harmful. While evidence-based antibiotic stewardship strategies exist to improve prescribing, they are not reaching patients as they transition across care settings. Hospital discharge represents one care transition in critical need of effective stewardship interventions that can be used across a variety of contexts. In the US, antibiotics prescribed at discharge account for half of antibiotic use—and up to 90% of days of overuse—related to hospitalization. Dischargespecific stewardship strategies (e.g., audit and feedback at discharge) are effective at optimizing prescribing; however, they are resource-intensive and often infeasible to implement across hospitals with variable resources. Thus, there is a critical need for interventions to improve discharge prescribing that are tailored to local context, feasible, and effective for diverse hospitals. To address this need, the ROAD Home study team developed the ROAD Home Framework which specifies evidence-based stewardship strategies to improve discharge antibiotic prescribing. The ROAD Home Framework is the foundation for the ROAD Home Intervention, a participatory intervention that supports hospitals in implementing evidence-based stewardship strategies to improve discharge antibiotic use. The ROAD Home Intervention includes three components: 1) discharge stewardship needs assessment, 2) facilitated selection of strategies using the ROAD Home Framework, and 3) an implementation blueprint. The overarching goal of this study is to evaluate the effectiveness and understand the implementation context of the ROAD Home Intervention. The central hypothesis is that hospitals participating in the ROAD Home Intervention will have fewer days of antibiotic overuse at discharge compared to usual care hospitals. The proposed trial will leverage the researcher’s extensive prior success conducting antibiotic stewardship research with the Michigan Hospital Medicine Safety Consortium (HMS), a group of 69 hospitals working to improve care for hospitalized patients. The specific aims are: (1) within HMS, conduct a 40-hospital parallel cluster randomized trial to test the effectiveness of the ROAD Home Intervention on days of antibiotic overuse at discharge in hospitalized adults with CAP and UTI, (2) conduct a mixed-methods concurrent process evaluation to identify contextual factors influencing implementation of the ROAD Home Intervention, and (3) create and refine a ROAD Home discharge stewardship toolkit. There is an urgent need to improve antibiotic prescribing at hospital discharge. Building on prior AHRQ-funded work, this study will rigorously evaluate the innovative ROAD Home Intervention and inform broad national dissemination efforts to ensure that reductions in harm and improvements in quality due to antibiotic stewardship are equitably distributed, reaching all patients regardless of where they receive care.","PROJECT NARRATIVE Antibiotic overuse at hospital discharge is common, costly, and harmful. Despite evidence that dischargespecific stewardship interventions can improve antibiotic prescribing, these interventions are not feasible for most hospitals. To address this need, we will conduct a 40-hospital cluster randomized trial to evaluate the effectiveness and understand factors influencing implementation of the Reducing Overuse of Antibiotics at Discharge (ROAD) Home intervention, a participatory intervention that helps hospitals select strategies to improve their discharge antibiotic prescribing based on their needs, context, and capacity.",1000000,911026.13,88973.87,2025-10-30,AHRQ Source,N/A,N/A,2023-09-01,2028-08-31,Agency for Healthcare Research and Quality,93.226,"RESEARCH ON HEALTHCARE COSTS, QUALITY AND OUTCOMES",PA-22-047,N/A,N/A,N/A,FALSE,UTAH STATE HIGHER EDUCATION SYSTEM--UNIVERSITY OF UTAH,UT,SALT LAKE CITY,UT-01,"Public, R1",SCHOOLS OF MEDICINE,https://reporter.nih.gov/project-details/10907571,https://taggs.hhs.gov/Detail/AwardDetail?arg_AwardNum=R01HS029482&arg_ProgOfficeCode=7,https://www.usaspending.gov/award/ASST_NON_R01HS029482_075/
HS029523,K08,K08HS029523,5K08HS029523-02,Disrupted,Terminated,Development and Testing of an Intervention to Facilitate Shared Decision-Making in Pediatric Patients with Abdominal Pain Presenting to the Community Emergency Department Setting,"PROJECT SUMMARY ABSTRACT: Candidate: Dr. Courtney Mangus is a pediatric emergency medicine (EM) physician and health services researcher at the University of Michigan (U-M) Medical School. She is interested in identifying and testing ways to improve diagnostic safety and patient engagement via shared decision-making (SDM) in the community emergency department (ED) setting, which is under-resourced compared to tertiary care EDs. Her goal is to become an independent investigator and leader in the field, improving the quality of care for children evaluated for common pediatric conditions, such as abdominal pain, in community EDs. Research Context: The most common pediatric surgical emergency, appendicitis, is ideally diagnosed with ultrasonography. However, 85% of children seek care in community EDs, which often have limited resources. As such, children presenting with abdominal pain in this setting are more likely to undergo computed tomography (CT). CT imaging is the most sensitive diagnostic test for appendicitis, but it exposes children to ionizing radiation and ultimately increases their risk of developing cancer. Risk stratification tools exist to help clinicians determine which children with abdominal pain require imaging, but for the ~50% children in community EDs who fall into the group of intermediate risk for appendicitis, clinicians often face a dilemma regarding next diagnostic steps. Data suggest most clinicians choose either 1) CT imaging or 2) watchful waiting (observation or discharge with scheduled follow-up). Because this dilemma is so common, a systematic, family-centered approach is needed to communicate diagnostic options, including risks/benefits, and engage families in the decision-making process. Development and implementation of an intervention to facilitate SDM in this scenario has the potential to reduce unnecessary CT scans and increase family engagement in the diagnostic process. Research Aims: In this project, Dr. Mangus will utilize an iterative, user-centered design approach to develop and refine a risktailored intervention to facilitate SDM in the diagnosis of pediatric abdominal pain in the community ED setting (Aims 1a/1b) and pilot the intervention via a randomized controlled trial of 100 ED patients presenting with signs and symptoms of appendicitis to a community ED (Aim 2). The research will be conducted at Hurley Medical Center (HMC), a community hospital in Flint, Michigan, which serves a large population of racial/ethnic minority and low-income children (AHRQ priority populations). Career Development Plan: Dr. Mangus will undertake the proposed research plan under the expert mentorship of Drs. Mahajan, Manojlovich, Schoenfeld and Singh. Her career development curriculum is focused on mixed methods research, training in SDM intervention development, and clinical trial methodology. The proposal utilizes the resources of the U-M Department of EM, U-M’s Center for Bioethics and Social Sciences in Medicine, the U-M Institute for Healthcare Policy and Innovation, and HMC. In alignment with the mission of AHRQ, Dr. Mangus’ long-term goals are to improve patient-centered care and diagnostic safety for children requiring emergency care.","PROJECT NARRATIVE: In well-resourced, tertiary care emergency departments (EDs), ultrasonography or magnetic resonance imaging are typically used to diagnose appendicitis, the most common pediatric surgical emergency, in children presenting to the ED with abdominal pain. Clinicians in resource-limited settings such as community EDs, however, encounter a diagnostic dilemma in these situations: they must often choose between computed tomography (CT), which carries the risk of radiation exposure, and watchful waiting, which carries the risk of delayed diagnosis. We aim to develop and test a shared decision-making intervention that would allow ED clinicians and patients/families to make the decision about diagnostic next steps together, with the goal of optimizing resource utilization, increasing patient/family engagement, and reducing unnecessary CT scans without increasing the risk of delayed diagnosis of acute appendicitis.",301276,281656.87,19619.130000000005,2025-09-29,AHRQ Source,N/A,N/A,2023-08-01,2028-07-31,Agency for Healthcare Research and Quality,93.226,"RESEARCH ON HEALTHCARE COSTS, QUALITY AND OUTCOMES",PA-22-232,N/A,N/A,N/A,FALSE,UNIVERSITY OF MICHIGAN AT ANN ARBOR,MI,ANN ARBOR,MI-06,"Public, R1",SCHOOLS OF MEDICINE,https://reporter.nih.gov/project-details/10894055,https://taggs.hhs.gov/Detail/AwardDetail?arg_AwardNum=K08HS029523&arg_ProgOfficeCode=7,https://www.usaspending.gov/award/ASST_NON_K08HS029523_075/
HS029525,K01,K01HS029525,1K01HS029525-01A1,Disrupted,Terminated,Advancing Shared Decision-Making for Labor Induction among Women with Obesity,"PROJECT SUMMARY Obesity, the most common medical condition among women of reproductive age, increases maternal-fetal risks that may prompt specialized obstetric intervention. A key decision is whether and when to initiate delivery, often by inducing labor before its spontaneous onset (i.e., induction of labor, IOL). While IOL planning should follow principles of shared decision-making (SDM) – centering women's values and preferences for different birth outcomes in choices for delivery mode and timing – multiple evidentiary gaps impede SDM for IOL with obesity. Perinatal risks of obesity compound the complexity of IOL counseling and decision-making and, in addition to biological risks, weight stigma and bias challenge quality of care and birth experience. Moreover, Black women have higher rates of maternal obesity than White women, and Black women with obesity have the highest rates of IOL. Given the maternal health crisis among Black women in the US, a patient-centered approach is essential. Growing literature suggests that weight bias may contribute to the overuse of interventions including IOL. Further, women with obesity often describe obstetric care as depersonalized and overly focused on weight. Experts urge shifting away from weight-centric care paradigms and toward the AHRQ-stated goal of whole-person, 360degree care. The proposed project will address critical research and practice gaps by discovering new approaches to obesity phenotyping tied to individualized care models for racially and ethnically diverse patients. Aim 1 will empirically derive maternal obesity phenotypes using latent class analysis and evaluate subtype associations with pregnancy outcomes in data from 9000 racially, ethnically, and geographically diverse nulliparous women. Aim 3 will use these phenotypes in Aim 2 interviews with clinicians to elicit contextual barriers and facilitators to SDM with diverse patient profiles and organize themes along AHRQ's SHARE SDM framework. Aim 3 will adapt an existing IOL patient decision aid (PDA) to the obesity context and pair the PDA with implementation strategies, informed by Aim 2 interviews, to overcome barriers to use. The mentor/advisor team will function as an “Implementation Team” to incorporate findings into a SDM toolkit through iterative workshops. Building on the applicant's background in perinatal epidemiology, qualitative research methods, and health care quality and equity, the proposed training program of formal coursework, mentoring, and professional development will build expertise in (1) latent class and cluster analysis, 2) shared decision-making, and (3) implementation science. The collective research and training will generate preliminary data and culminate in the submission of an R01 proposal for an equity-focused implementation-effectiveness trial on SDM adherence, decision quality, patient experience, and perinatal outcomes. The proposed K01 Mentored Research Scientist Career Development Award will establish the applicant as a leading independent investigator in the design and implementation of decision tools and practice guidelines for person-centered obstetric care of perinatal women with obesity, with the long-term goal of advancing equitable, evidence-based, and values-aligned obstetric care.","PROJECT NARRATIVE Maternal obesity, the most common medical condition among women of reproductive age, complicates achievement of shared decision-making (SDM) for induction of labor (IOL), which is a standard of informed and person-centered labor and delivery care. The proposed project seeks to shift current research and clinical paradigms for obstetric care among patients with obesity by discovering new evidence for individualized, unbiased IOL counseling. The specific aims will investigate phenotypes of diverse women with obesity in pregnancy, elucidate clinician perspectives on IOL decisional complexity and SDM barriers/facilitators, and engage patients in adapting a PDA for IOL planning with racially and ethnically diverse women with obesity.",151317,102672.59000000001,48644.40999999999,2025-11-28,AHRQ Source,N/A,N/A,2024-09-30,2029-09-29,Agency for Healthcare Research and Quality,93.226,"RESEARCH ON HEALTHCARE COSTS, QUALITY AND OUTCOMES",PA-22-255,N/A,N/A,N/A,FALSE,ICAHN SCHOOL OF MEDICINE AT MOUNT SINAI,NY,NEW YORK,NY-13,"Private, R2",SCHOOLS OF MEDICINE,https://reporter.nih.gov/project-details/10887275,https://taggs.hhs.gov/Detail/AwardDetail?arg_AwardNum=K01HS029525&arg_ProgOfficeCode=7,https://www.usaspending.gov/award/ASST_NON_K01HS029525_075/
HS029526,K08,K08HS029526,1K08HS029526-01A1,Disrupted,Terminated,Machine-learning prediction model for personalized urinary tract infection care in children,"PROJECT SUMMARY The overarching goal of Dr. Wang’s proposal is to reduce the known risk of renal injury from febrile urinary tract infection (fUTI) in children by implementing a practical, validated clinical decision support algorithm to promptly identify unsafe anatomy before injury occurs. Dr. Wang’s proposal has identified significant care gaps in the care of fUTI children. The long-term goal is to contribute to optimal management for fUTI in children through implementation of novel, high-value, self-renewing machine learning (ML) models. The overall objective is to identify those critical elements necessary for the development and implementation of predictive modeling to identify children who would benefit most from early vs later voiding cystourethrogram (VCUG) in primary care (NOT-HS-22-011). The central hypothesis is that ML models can provide accurate prediction of risky fUTI, and thus assist clinicians/families to choose the best timing for VCUG. The rationale is to offer a scientific roadmap and pilot new strategies that incorporate and implement prediction models to provide true value-based care (NOT-HS-19-011) and equitable resource utilization for children (NOT-HS-21-015, NOT-HS-21-014). This hypothesis has been formulated based on Dr. Wang’s previous work that demonstrates 1) high variability in post-UTI VCUG practice patterns; and 2) ML models can serve as a promising basis to reliably identify children with high risk for damaging UTI. Leveraging the data from a large pediatric practice network within Boston Children’s Hospital, the following specific aims are proposed: 1) assess determinants for successful ML algorithm implementation for pediatric fUTI care, 2) prospectively collect data to optimize and validate novel ML algorithms in fUTI children, 3) pilot prediction of pediatric fUTI algorithm implementation to iteratively testing, implementing, and adapting the algorithm using the principles of implementation and behavioral science to maximize adoption and sustained implementations. In this proposal, Dr. Wang has assembled a multidisciplinary mentorship team consisting of experts in, qualitative methods, informatics, infectious disease, machine learning, implementation, and behavioral science to help him achieve his goals and has designed a comprehensive training plan to acquire necessary expertise. Dr. Wang’s unique background combined with his career development plan, and the rich supporting environment (Boston Children’s Hospital, Harvard system, and MIT) position him well to attain the proposed training goals and specific aims, and eventually lead to his transition to independent surgeon-scientist. Combining machine-learning technology and real-life implementation to tackle the challenge and change the status quo by translating actionable ML results to the bedside is novel and innovative. The study is significant in that successful implementation of an algorithm for UTI will be proof-of-concept to catalyze a similar approach to optimal clinical decision support for other conditions. This work has broad impact and can be scaled to other institutions and conditions, facilitating interactive improvements that empower clinicians and caregivers to meet the diverse clinical needs of children.","PROJECT NARRATIVE Unlike in adults, febrile urinary tract infection in children can be a silent and dangerous condition because it is challenging to diagnose with potential risk of progression to severe infection and permanent loss of kidney function. This proposal seeks to minimize the risk by implementing a practical, validated machine-learning algorithm to promptly identify unsafe anatomy before injury occurs. The result of this proposed machinelearning implementation is expected to open the horizon and be scaled to other institutions, ultimately facilitating interactive improvements in the algorithm and decision support suitable for wide adoption in diverse contexts.",153050,150345.14,2704.859999999986,2025-08-29,AHRQ Source,N/A,N/A,2024-07-01,2029-06-30,Agency for Healthcare Research and Quality,93.226,"RESEARCH ON HEALTHCARE COSTS, QUALITY AND OUTCOMES",PA-22-232,N/A,N/A,N/A,FALSE,BOSTON CHILDREN'S HOSPITAL,MA,BOSTON,MA-07,N/A,Independent Hospitals,https://reporter.nih.gov/project-details/10983858,https://taggs.hhs.gov/Detail/AwardDetail?arg_AwardNum=K08HS029526&arg_ProgOfficeCode=7,https://www.usaspending.gov/award/ASST_NON_K08HS029526_075/
HS029527,K01,K01HS029527,1K01HS029527-01A1,Disrupted,Terminated,Developing and piloting an intervention to reduce HPV vaccination disparities in rural adolescents,"ABSTRACT The Centers for Disease Control and Prevention (CDC) recommends initiating human papillomavirus (HPV) vaccination at ages 11-12 to confer protection against anogenital and oropharyngeal cancers, though it can be started as young as age 9. Two doses by age 13 is considered “up-to-date” (UTD), i.e. protected before the onset of sexual activity. Nationally, UTD coverage was only 62% in 2021. In North Carolina (NC), a largely rural state, UTD HPV vaccination coverage is only 47% in rural adolescents. Novel approaches are needed to alleviate barriers to HPV vaccination coverage in rural areas, where adolescents may have less access to health care or a pediatrician who routinely recommends HPV vaccination. Recommending HPV vaccination at age 9 could increase UTD coverage in rural adolescents by allowing earlier completion of the series and more time to achieve UTD coverage, promoting maximal and timely HPV prevention. Achieving parity in rural HPV vaccination rates can greatly reduce urban-rural cancer disparities, including cervical cancer. The goals of the proposed K01 project are to 1) define optimal systems for recommending HPV vaccination at age 9 years in rural NC clinics; 2) assess acceptability and appropriateness of age-9 vaccination among rural caregivers; and 3) conduct a hybrid effectiveness-implementation study of age-9 HPV vaccination in rural clinics. Specific Aim 1 will collaborate with health care personnel in rural clinics to measure appropriateness and acceptability of age-9 HPV vaccination, identify opportunities for clinic-based interventions to promote it, and incorporate these insights into a preliminary intervention plan. In Specific Aim 2, we will gauge rural caregivers’ acceptability of age-9 HPV vaccination for their children, and modify the intervention plan as needed to maximize acceptability. Finally, Specific Aim 3 will pilot the intervention in four rural clinics, using electronic medical records to measure UTD HPV vaccination coverage in a cohort of 9year-old patients over two years. My technical skills in study design and data analysis will be complemented by extensive training in clinical research and implementation science to successfully complete this project, relying on mentorship from experts in pediatric and adolescent health care, implementation science, rural health, development and evaluation of clinical interventions, and research with health care personnel. By establishing collaborative relationships with clinic research networks, understanding the key factors associated with rural health disparities, and becoming adept at developing, implementing, and measuring evidence-based interventions, my research career promises to increase vaccination behaviors in areas that are most vulnerable to infections and their consequences. In addition, I will become a well-rounded and nimble vaccine researcher, studying myriad health areas that could benefit from the introduction of novel vaccines or improved delivery of existing vaccines. This training will prepare me to lead R01-funded studies, including large scale clinical trials to reduce health care disparities in underserved areas.","PROJECT NARRATIVE Human papillomavirus (HPV) vaccination is a critical cancer prevention intervention, but adolescents in rural areas of the United States have lower vaccination rates compared to their urban counterparts. We hypothesize that recommending HPV at the earliest possible opportunity (i.e. age 9, as compared to the current standard of 11-12 years) and aligning HPV vaccination with annual well-child visits can increase timely HPV vaccination, particularly in rural areas where receipt of primary care and pediatric care are less convenient and accessible to patients. We propose 1) to develop an acceptable and feasible clinic-based intervention that promotes recommending HPV vaccination to 9-year-old patients; 2) incorporate qualitative insights from caregivers into the intervention plan to minimize caregiver hesitancy; and 3) to pilot this intervention in four rural clinics in North Carolina to assess the hybrid effectiveness-implementation of the intervention under real-world, pragmatic conditions.",157744,147246.37,10497.630000000005,2025-09-29,AHRQ Source,N/A,N/A,2024-08-01,2028-07-31,Agency for Healthcare Research and Quality,93.226,"RESEARCH ON HEALTHCARE COSTS, QUALITY AND OUTCOMES",PA-22-255,N/A,N/A,N/A,FALSE,UNIV OF NORTH CAROLINA CHAPEL HILL,NC,CHAPEL HILL,NC-04,"Public, R1",SCHOOLS OF MEDICINE,https://reporter.nih.gov/project-details/10887284,https://taggs.hhs.gov/Detail/AwardDetail?arg_AwardNum=K01HS029527&arg_ProgOfficeCode=7,https://www.usaspending.gov/award/ASST_NON_K01HS029527_075/
HS029530,K08,K08HS029530,1K08HS029530-01A1,Disrupted,Terminated,Achieving Excellence in Lung Cancer Diagnosis through System-Level Analysis of Diagnostic Performance,"PROJECT SUMMARY Lung cancer remains the most lethal cancer in the United States, with its diagnosis often hindered by delays. The complexity of these delays stems from a patient's diagnostic journey that spans across multiple care systems. In many instances, key decision-influencing factors are unrecorded, and medical records frequently miss essential elements of the patient's experience. Recognizing this, the focus of my career development and current research proposal is to undertake a multi-faceted analysis utilizing a mixed-methods approach to characterize the lung cancer diagnostic journey, incorporating both physicians' and patients' perspectives to construct a comprehensive narrative of the diagnostic process. The project will answer key questions: Q1: How does the diagnostic process begin? Q2: How do patients progress from presentation to diagnosis? Q3: How long does the diagnostic process take? Q4: Are there risks or harms associated with a prolonged diagnostic process? Q5: Are minority patients at a higher risk of experiencing extended diagnosis durations and/or associated harm? Q6: Do healthcare use patterns suggest earlier diagnosis could be possible? Q7: Could anything has been done differently to reach the correct diagnosis sooner? The proposed research project will develop novel measurement and intervention strategies to prevent lung cancer diagnostic delay and harm by generating novel insights about patients' journeys toward lung cancer diagnosis. We seek to apply the Theory of Constraints paradigm to identify the weakest links in the diagnostic process chain for lung cancer. Leveraging data from the Johns Hopkins Health System, we will (1) measure delays in patient, provider, and system time intervals for the lung cancer diagnostic journey; (2) estimate associated harms and health disparities, and identify if certain clinical presentations were more likely to be missed or lead to diagnostic delay; and (3) conduct in-depth mixed-methods case reviews, provider input, and patient interviews to identify obstacles that could impact diagnostic performance and patients' health outcomes. This study will yield novel insights that answer the seven key questions above related to lung cancer diagnosis. These answers will inform subsequent efforts to prevent avoidable harm due to lung cancer diagnostic delay more broadly in Maryland as well as nationally. The proposed study and training activities will uniquely position me to launch a career as an independent investigator developing and testing potential intervention strategies to improve lung cancer diagnostic safety. I anticipate a pilot intervention study during the follow-on R01 phase.","PROJECT NARRATIVE Delays in lung cancer diagnosis result in death or other serious harms for tens of thousands of Americans each year. This comprehensive study of the lung cancer diagnostic process aims to describe patient, provider, and system-related factors contributing to these delays. The outcomes of this research will deepen understanding of the diagnostic process for lung cancer, lay the groundwork for developing tailored interventions to improve diagnostic safety and equity, and ultimately yield better patient outcomes in Maryland and nationwide.",154008,148672.59,5335.4100000000035,2025-09-29,AHRQ Source,N/A,N/A,2024-08-01,2029-07-31,Agency for Healthcare Research and Quality,93.226,"RESEARCH ON HEALTHCARE COSTS, QUALITY AND OUTCOMES",PA-22-232,N/A,N/A,N/A,FALSE,JOHNS HOPKINS UNIVERSITY,MD,BALTIMORE,MD-07,"Private, R1",SCHOOLS OF PUBLIC HEALTH,https://reporter.nih.gov/project-details/10984732,https://taggs.hhs.gov/Detail/AwardDetail?arg_AwardNum=K08HS029530&arg_ProgOfficeCode=7,https://www.usaspending.gov/award/ASST_NON_K08HS029530_075/
HS029532,K08,K08HS029532,5K08HS029532-02,Disrupted,Terminated,Improving Inclusion in Surgical Residency to Advance Workforce Diversity and Health Equity,"PROJECT SUMMARY Physician diversity reduces health disparities. Yet, despite powerful pro-diversity statements from the Institute of Medicine, the American Medical Association, the Association of American Medical Colleges, the Accreditation Council for Graduate Medical Education, the American College of Surgeons, and the American Surgical Association, diversity remains elusive at all levels in surgery. Lack of inclusion in surgical residency underlies this lack of workforce diversity. To date, efforts to improve inclusion in healthcare have focused on individual beliefs or skills, such as implicit bias training. However, data from organizational psychology, the scientific field that applies sociocultural psychology to understand human behavior in the workplace, demonstrate that such training does not result in sustained behavioral change. Rather, behavior is understood to reflect organizational culture. Culture, the shared and fundamental beliefs, normative values, and related social practices of a workplace, profoundly impacts work engagement, relationships with colleagues, and the ability to collaborate to achieve common goals. In order to meaningfully increase inclusion, interventions must address organizational culture. The candidate, a pediatric surgeon, is seeking to develop, contextually adapt, and implement theoretically driven, evidence-based interventions to improve inclusion in surgical residency programs. To accomplish the aims of the proposed project, the candidate needs to acquire knowledge, skills, and experience in (1) organizational psychology; (2) user-centered design, and (3) applied implementation science. The project proposes to (1) examine the features of organizational culture (e.g., policies, practices) that support or detract from inclusion in both high- and low-performing US general surgery residency programs; (2) develop targeted, user-informed interventions to address the organizational culture of low-inclusion programs; and (3) implement and conduct a pilot study of the interventions in low-inclusion programs to dually assess implementation (feasibility, scalability, acceptability) and preliminary effectiveness (perceptions of inclusion, diversity, well-being, explicit and implicit biases; surgical patient satisfaction). This field of research is important for surgeons and their patients. Inclusive work and learning environments are expected to improve the recruitment and retention of a diverse workforce, as well as work engagement for all; this work has implications for reducing disparities and improving quality. This proposal is responsive to AHRQ’s Special Emphasis Notice of Interest in Health Services Research to Advance Health Equity (NOT-HS-21-014). The career development plan and research project capitalize on the many strengths of the principal investigator’s research and the research environment at Northwestern University, including access to world-class mentors and experts in innovative methods at the Kellogg School of Management, the Segal Design Institute, and the Surgical Outcomes and Quality Improvement Center, as well as a large, well-established learning collaborative of 212 US general surgery residency programs.","PROJECT NARRATIVE Despite ample evidence supporting physician diversification as a mechanism for reducing health disparities, diversity remains elusive at all levels in surgery. The inability to recruit and/or retain a diverse surgeon workforce is a direct result of lack of inclusion in the surgical training environment. The proposed research seeks to understand and leverage organizational culture to improve inclusion in surgical residency programs; with input from experts and key stakeholders, we will develop and contextually adapt interventions that target organizational policies and practices (rather than individual beliefs or skills) to enhance inclusion.",298546,243682.45,54863.54999999999,2025-11-28,AHRQ Source,N/A,N/A,2023-09-30,2028-09-29,Agency for Healthcare Research and Quality,93.226,"RESEARCH ON HEALTHCARE COSTS, QUALITY AND OUTCOMES",PA-22-232,N/A,N/A,N/A,FALSE,LURIE CHILDREN'S HOSPITAL OF CHICAGO,IL,CHICAGO,IL-05,N/A,Independent Hospitals,https://reporter.nih.gov/project-details/10928189,https://taggs.hhs.gov/Detail/AwardDetail?arg_AwardNum=K08HS029532&arg_ProgOfficeCode=7,https://www.usaspending.gov/award/ASST_NON_K08HS029532_075/
HS029562,K08,K08HS029562,1K08HS029562-01A1,Disrupted,Terminated,Using mixed methods to reduce disparities in renal colic care: a model for surgical value transformation,"PROJECT SUMMARY Value-based purchasing (VBP) reforms in the United States (e.g. pay-for-performance) seek to improve care efficiency by reducing wasteful health care practices, which may harm patients and account for ~30% of the $4.1 trillion spent annually on US healthcare. Surgical care, which comprises over 50% of Medicare spending, is a logical target for these reforms given it’s episodic and cost-intensive nature. However, surgical episodes are targeted by just one-third of VBP arrangements, none of which have achieved net cost savings. As such, there is a critical need to identify novel models of surgical care that provide insights/solutions to the failings of existing surgical VBP efforts. Symptomatic urinary stone disease—aka renal colic—is a common (1 in 10 US adults) and costly ($10 billion annually) surgical condition characterized by high levels of variation in perioperative outcomes and costs, making it a condition ideally suited to evaluate drivers of perioperative care variation. Current surgical VBP arrangement shortcomings may in part be due to misguided policies that reward strategies seeking to minimize post-operative care variation rather than streamlining the sequence of episode-specific clinical events preceding surgery. For example, there is growing literature demonstrating an association between improved pre-operative functional status and post-operative health outcomes. Similarly, addressing patients’ social needs ahead of surgery appears to improve 30-day post-operative outcomes. Consequently, developing and deploying value-based interventions in the pre-operative period that target clinical and non-clinical risk factors may be particularly effective at reducing variation in perioperative care, and by proxy surgical disparities. This proposal will employ an explanatory sequential mixed-methods design using a combination of claims data and patient/provider interviews to 1) identify social risk factors associated with variation in both pre- and postoperative expenditures/outcomes related to an episode of renal colic (Aim 1), 2) assess patient/provider perspectives on facilitators/barriers to timely and effective surgical care provided for an episode of renal colic (Aim 2), and 3) design and pilot a clinical decision support tool that personalizes follow-up for patients discharged from the emergency department with renal colic and who will subsequently undergo surgery (Aim 3). Ultimately, these efforts will 1) inform how social risk impacts surgical outcomes, 2) align surgical VBP efforts with the patient-provider experience, and 3) serve as the basis for a future R01-funded trial assessing the impact of a risk-adjusted clinical decision support tool on perioperative outcomes/expenditures following a renal colic diagnosis.","PROJECT NARRATIVE United States value-based reforms targeting surgical conditions have had a modest effect on perioperative costs and outcomes, which may be related to misguided policies that reward strategies seeking to minimize post-operative care variation rather than streamlining the sequence of episode-specific events preceding surgery. Reframing current value-based surgical reforms to capture both patient/provider perspectives and a broader set of episode-specific clinical and non-clinical events will have the dual effect of improving surgical value and better aligning policies with patient/provider needs. By employing a mixed methods approach to surgical episode modeling and evaluation, this proposal will lay the foundation for a future clinical decision aid that targets at-risk populations with structural interventions to improve surgical value by reducing variation in perioperative care intensity and duration.",159255,140137.36,19117.640000000014,2025-09-29,AHRQ Source,N/A,N/A,2024-08-01,2029-07-31,Agency for Healthcare Research and Quality,93.226,"RESEARCH ON HEALTHCARE COSTS, QUALITY AND OUTCOMES",PA-22-050,N/A,N/A,N/A,FALSE,UNIV OF NORTH CAROLINA CHAPEL HILL,NC,CHAPEL HILL,NC-04,"Public, R1",SCHOOLS OF MEDICINE,https://reporter.nih.gov/project-details/10985581,https://taggs.hhs.gov/Detail/AwardDetail?arg_AwardNum=K08HS029562&arg_ProgOfficeCode=7,https://www.usaspending.gov/award/ASST_NON_K08HS029562_075/
HS029581,T32,T32HS029581,5T32HS029581-02,Disrupted,Terminated,The University of Chicago and Northwestern University Postdoctoral Health Services Research Program,"Project Summary Because of widespread concerns about health care quality and safety, disparities in access and outcomes for vulnerable populations, and the desire to rapidly move evidence-based therapies into practice, there is a critical need to train and develop a highly competent, multidisciplinary workforce of future leaders in health services research (HSR). This application proposes to build on a nine-year history of successful joint training programs and research collaborations to launch a new University of Chicago And Northwestern University Postdoctoral HSR Program, referred to as the “UCANU Postdoctoral HSR Program”, which will use an innovative, competency-based curriculum to train candidates from diverse personal and professional backgrounds in traditional HSR, learning health system methods, implementation science, health disparities research, data science, and systems science. Our robust, comprehensive training architecture incorporates didactics, mentored research, and professional development activities that maximize the complementary strengths of University of Chicago (UC) and Northwestern University (NU) in the diverse metropolitan city of Chicago. Together, we will train the next generation of health services researchers who will conduct and lead rigorous, reproducible health services research using both experimental and observational study designs and quantitative, qualitative, and mixed methods research. To achieve this goal, we will: (1) administer a two-institution (UC and NU) training program that integrates numerous complementary resources for training and career development, including didactics, conferences (including joint seminars with all UCANU trainees and faculty), mentoring, and other professional development activities; and (2) leverage the exceptional expertise of faculty mentors at both institutions to ensure that fellows attain the knowledge, skills, and experiences required to transition into careers that sustain innovative, independently-funded health services research. Our program will invite applications from a diverse pool of candidates who have completed a PhD or clinical doctoral training and residency or fellowship (e.g., MD, DPT), and it will support the training of four positions per year (two at UC, two at NU). Fellows will have their primary home at the institution that best fits their needs for faculty mentorship and training, including access to graduate degree programs. Fellows may earn a Master of Science in Public Health Sciences for Clinical Professionals at UC or a Master of Science in Health Services and Outcomes Research at NU. An advisory board will oversee all training along with a Postdoctoral HSR Program Steering Committee that intentionally includes leadership and faculty mentors from both NU and UC to optimize coordination and collaboration between the two sites. Over the next five years, we will leverage the vast, remarkable strengths of our combined universities to train and prepare the next generation of diverse scientists whose careers will employ the power of rigorous and innovative HSR to improve healthcare delivery and access, increase implementation of evidence, maximize health outcomes, and eliminate health disparities.","Project Narrative The University of Chicago And Northwestern University Postdoctoral Health Services Research Program, application referred to as the “UCANU Postdoctoral HSR Program,” proposes a multi-institutional, competency-driven postdoctoral training program that will use mentored research, didactics, and professional development activities to train social scientists and clinicians in health services research, implementation science, learning health system methods, health equity and disparities research, systems science, and data science. We aim to develop future leaders whose careers will increase implementation of evidence-based practices, reduce health disparities, and improve health care organization and delivery in the United States.",880529,175514.57,705014.4299999999,2025-08-29,AHRQ Source,N/A,N/A,2023-07-01,2028-06-30,Agency for Healthcare Research and Quality,93.225,NATIONAL RESEARCH SERVICE AWARDS HEALTH SERVICES RESEARCH TRAINING,RFA-HS-22-010,N/A,N/A,N/A,FALSE,NORTHWESTERN UNIVERSITY,IL,CHICAGO,IL-05,"Private, R1",SCHOOLS OF MEDICINE,https://reporter.nih.gov/project-details/10872152,https://taggs.hhs.gov/Detail/AwardDetail?arg_AwardNum=T32HS029581&arg_ProgOfficeCode=7,https://www.usaspending.gov/award/ASST_NON_T32HS029581_075/
HS029585,T32,T32HS029585,5T32HS029585-02,Disrupted,Terminated,Emory Health Services Research Center Training Grant,"Project Summary This is an application for the Emory Health Services Research Center Training Grant for postdoctoral trainees (MD and PhD) at Emory University. The goal of this program is to train diverse candidates in the study of health services research and health inequities, based on factors such as race/ethnicity, sex/gender, socioeconomic status, geographical residence, healthcare access, and physical/mental disability, with a focus on the underlying systemic, behavioral, and environmental mechanisms. A distinguishing feature of our program is the utilization of a multidisciplinary approach to expose trainees to multiple methods and research areas, from epidemiology and biostatistics to behavioral and social sciences, biological sciences, and health policy and implementation. Each trainee has a primary mentor but works within a mentoring team with diverse expertise. A maximum of 4 postdoctoral trainees will be in the program at any time point, each supported for 2 years. Training will include multidisciplinary mentoring along with coursework, inter-departmental seminars, hands-on research, grant writing and career development. Our main source of postdoctoral applicants will be split between MD and PhD fellows. Postdoctoral fellows will be MDs pursuing a research career in health services, or PhD graduates in epidemiology, health policy, health economics, or other relevant areas. Post-doctoral trainees will have the opportunity to obtain an MS in Clinical Research or a Certificate in Clinical and Translational Research and can select a personalized training pathway with didactic coursework, supplemented with online trainings from the Institute for Healthcare Improvement and other health systemengaged experiences. The program will concentrate on successful training and career development, promoted by solid collaborations among the Rollins School of Public Health, the School of Medicine, and the School of Nursing. We will strive to appoint fellows from racial/ethnic minority groups and other underrepresented groups. Our program responds to several emphasis areas for the AHRQ T32 program, including multidisciplinary training, collaborative research, diversity of trainees, data sciences, translation research, presentation skills, and project management, with strong emphasis on mentorship and career development. Addressing health services inequities is a top priority of the strategic vision of the AHRQ. The ultimate goal of this program is to prepare diverse individuals for leadership positions in health services research in order to reduce inequalities in health care and health care systems.","Project Narrative Inequities in access and outcomes of health services are a pervasive problem that has remained essentially unchanged over the past several decades in the United States, particularly in the Southeastern United States. This T32 post-doctoral fellow application proposes to train the next generation of health services researchers to receive multidisciplinary training in methods to both describe and address inequities in access to care, outcomes of care, and healthcare delivery in order to reduce health inequities in health services.",804113,450322.6399999999,353790.3600000001,2025-08-29,AHRQ Source,N/A,N/A,2023-07-01,2028-06-30,Agency for Healthcare Research and Quality,93.225,NATIONAL RESEARCH SERVICE AWARDS HEALTH SERVICES RESEARCH TRAINING,RFA-HS-22-010,N/A,N/A,N/A,FALSE,EMORY UNIVERSITY,GA,ATLANTA,GA-05,"Private, R1",SCHOOLS OF MEDICINE,https://reporter.nih.gov/project-details/10878869,https://taggs.hhs.gov/Detail/AwardDetail?arg_AwardNum=T32HS029585&arg_ProgOfficeCode=7,https://www.usaspending.gov/award/ASST_NON_T32HS029585_075/
HS029590,T32,T32HS029590,5T32HS029590-02,Disrupted,Terminated,ACCELERATE: Accelerating HSR at OSU,"Project Summary Our proposed T32 training program in health services research (HSR) at The Ohio State University (OSU), “ACCELERATE: Accelerating HSR at OSU,” will prepare the next generation of researchers and clinician researchers for careers in health services and health systems research. Each year we will recruit four postdoctoral trainees from research and clinically oriented backgrounds to participate in our collaborative, multidisciplinary training program. Our goal is to have a diverse pool of recruits who bring a wide range of backgrounds and experiences to our program. Trainees will enroll in a two-year program designed to provide individualized mentoring and training to prepare participants for independent careers as health services researchers. Training elements will include a strong experiential component of health services and health systems research content and methods alongside didactic instruction in relevant topics. Improving health equity and increasing diversity and inclusion will be central themes throughout the program and related curriculum. Together, trainee-mentorship teams will create individualized development plans focused on the trainee’s areas of interest and career goals. Trainees will be expected to disseminate their research through publications and presentations at national conferences, participate in the annual NRSA trainees research conference, and prepare a competitive research proposal by the end of their program. The ACCELERATE T32 Program will be led by a team of three experienced principal investigators who are nationally recognized in health services and health systems research. Three additional co-investigators will provide supplemental methodological and HSR content expertise. An Advisory Committee comprised of ten senior HSR leaders from across OSU will provide strategic direction for program development and evaluation. Unique aspects of ACCELERATE include being anchored in one of the most diverse colleges of medicine in the country, capitalizing on the unparalleled depth and breadth of academic programs at OSU, focusing on developing mentorship skills of junior faculty in partnership with experienced senior mentors to build the pipeline of HSR mentors, and recruiting and training both non-clinician and clinician researchers to study and tackle the myriad important challenges in HSR. Our goal is to train health services researchers to address the most pressing issues in healthcare delivery, using data and innovative processes to help people increase their wellbeing and access affordable, safe, and effective care throughout their lives.","Project Narrative Our proposed T32 training program, “ACCELERATE: Accelerating HSR at OSU,” will prepare the next generation of researchers for careers in health services research. ACCELERATE will match experienced mentors with exceptional postdoctoral trainees in a collaborative, multidisciplinary environment at one of the most diverse colleges of medicine in the country. With a foundational emphasis on health equity, our trainees will be equipped to address the most pressing issues in the delivery of healthcare, using data and innovative processes to help people increase their well-being and access to affordable, safe, and effective care throughout their lives.",694659,677023.67,17635.329999999958,2025-08-29,AHRQ Source,N/A,N/A,2023-07-01,2028-06-30,Agency for Healthcare Research and Quality,93.225,NATIONAL RESEARCH SERVICE AWARDS HEALTH SERVICES RESEARCH TRAINING,RFA-HS-22-010,N/A,N/A,N/A,FALSE,OHIO STATE UNIVERSITY,OH,Columbus,OH-03,Public,SCHOOLS OF MEDICINE,https://reporter.nih.gov/project-details/10872156,https://taggs.hhs.gov/Detail/AwardDetail?arg_AwardNum=T32HS029590&arg_ProgOfficeCode=7,https://www.usaspending.gov/award/ASST_NON_T32HS029590_075/
HS029600,R13,R13HS029600,1R13HS029600-01A1,Disrupted,Terminated,"Auburn University Harrison College of PharmacyCenter for Opioid Research, Education, and Outreach Multi-Year Conference Plan","PI: Hohmann, Lindsey A PROJECT SUMMARY  Opioid misuse continues to be a major public health issue in the United States. This is especially critical in the Deep South where the opioid prescribing rate is disproportionately higher, with the state of Alabama having the highest opioid prescribing rate in the nation. Furthermore, there are limited substance use disorder treatment facilities and naloxone access points in the Deep South. These scarce resources lead to disparities and care gaps, with over 86% of people not receiving needed OUD therapy. It is critical to understand which populations are most affected by this care gap as the first step in finding a solution.  Older adults and elderly (≥65 years), racial and ethnic minorities (Black, Latinx, and Indigenous), and lesbian, gay, bisexual, transgender, and queer (LGBTQ+) are at increased risk of harm from opioids, underserved, and/or disproportionately affected by the opioid crisis. Specifically, these individuals experience greater rates of OUD and barriers to accessing harm reduction services. Thus, it is crucial that healthcare providers are aware of and address these specific disparities when treating vulnerable populations. However, healthcare professionals lack training and awareness regarding opioid misuse harm reduction strategies in these priority populations and may be influenced by stigmatizing attitudes. To address this, the Auburn University Harrison College of Pharmacy (HCOP) Center for Opioid Research, Education, and Outreach (COACH) will host a series of three annual health professions conferences on June 20-21 in 2025, June 19-20 in 2026, and June 18-19 in 2027 focused on safe opioid use and harm reduction strategies in older adult, racial and ethnic minority, and LGBTQ+ populations, respectively. The conferences will be located in the HCOP auditorium in Auburn, AL (2025); University of South Alabama conference facility in Mobile, AL (2026); and University of Alabama at Birmingham auditorium in Huntsville, AL (2027). This conference falls under AHRQ’s “Dissemination and Implementation” conference type and has three objectives: 1) describe current guidelines for safe opioid prescribing and harm reduction strategies; 2) apply safe opioid practices to older adult, racial and ethnic minority, and LGBTQ+ patient cases; and 3) establish a network of interdisciplinary healthcare professionals for future collaborative research, education, and outreach efforts in priority populations. Achievement of objectives will be assessed via pre- and post-conference surveys. Impact: The proposed COACH conference aligns with AHRQ’s mission and priority area to improve healthcare and patient safety for people who use opioids. The conference will result in formation of a network of interdisciplinary healthcare providers focused on the opioid crisis, and findings will inform a future grant submission to AHRQ (R03 PA-18-794) to pilot OUD initiation and retention strategies in vulnerable patients.","PI: Hohmann, Lindsey A PROJECT NARRATIVE  Opioid misuse continues to be a major public health issue in the United States, especially in the Deep South where the opioid prescribing rate is disproportionately higher and a scarcity of opioid harm reduction services leads to disparities and gaps in access to care among vulnerable populations including older adults and elderly (≥65 years), racial and ethnic minorities (Black, Latinx, and Indigenous), and lesbian, gay, bisexual, transgender, and queer (LGBTQ+). It is crucial that healthcare providers are aware of and address these disparities when treating vulnerable populations; however, healthcare professionals lack training and awareness regarding opioid harm reduction strategies in these priority populations and may be influenced by stigmatizing attitudes. To address this, the Auburn University Harrison College of Pharmacy (HCOP) Center for Opioid Research, Education, and Outreach (COACH) will host a series of three annual conferences among an interdisciplinary mix of healthcare professionals focused on safe opioid use and harm reduction strategies in vulnerable populations with three objectives: 1) describe current guidelines for safe opioid prescribing and harm reduction strategies; 2) apply safe opioid practices to older adult, racial and ethnic minority, and LGBTQ+ patient cases; and 3) establish a network of interdisciplinary healthcare professionals for future collaborative research, education, and outreach efforts in priority populations.",50000,40585.65,9414.349999999999,2025-11-28,AHRQ Source,N/A,N/A,2024-09-30,2027-09-29,Agency for Healthcare Research and Quality,93.226,"RESEARCH ON HEALTHCARE COSTS, QUALITY AND OUTCOMES",PA-22-238,N/A,N/A,N/A,FALSE,AUBURN UNIVERSITY AT AUBURN,AL,Auburn,AL-03,"Land grant, Public, R1",SCHOOLS OF PHARMACY,https://reporter.nih.gov/project-details/11000188,https://taggs.hhs.gov/Detail/AwardDetail?arg_AwardNum=R13HS029600&arg_ProgOfficeCode=7,https://www.usaspending.gov/award/ASST_NON_R13HS029600_075/
HS029605,R03,R03HS029605,1R03HS029605-01A1,Disrupted,Terminated,College Health Provider Attitudes and Practices Regarding HPV Vaccine,"Program Director/Principal Investigator (Last, First, Middle): Liebermann, Erica Project Summary/Abstract Human papillomavirus (HPV) is the most common sexually transmitted infection in the US; there were 43 million HPV infections in the US in 2018 and most of those infections were in teens and young adults. Though many infections may resolve on their own, persistent infection with HPV can cause cervical cancer and other types of cancers. The HPV vaccine is a critical tool for preventing HPV infection but has been underutilized in the US to date. HPV Vaccine completion remains well below the Healthy People 2030 targets of 80% vaccine completion for adolescents. The Centers for Disease Control and Prevention (CDC)'s Advisory Committee on Immunization Practices (ACIP) recommends vaccinating children ages 11-12 with two doses of HPV vaccine 6-12 months apart; the ACIP also recommends catch-up vaccination for unvaccinated adolescents and adults up to age 26, with three doses of vaccine. The college student population represents an important group for catch-up vaccination as many students have insurance coverage, have access to student health services, and are beginning to make their own health decisions. However, recent surveys indicate that only about half of college students report they have completed HPV vaccination. College health centers are an ideal setting in which to identify teens and young adults who have not yet completed HPV vaccination. Offering HPV vaccine to unvaccinated or under-vaccinated students is an important public health intervention to reduce the burden of HPV infection and its future health consequences. The aim of the proposed mixed methods study is to better understand college healthcare providers' attitudes, beliefs and practices related to HPV vaccination and identify their barriers and facilitators to vaccinating college students. There is limited information about college healthcare provider practices related to HPV vaccine (assessing HPV vaccination history, recommending and offering vaccine). We propose a sequential explanatory mixed methods study that will examine healthcare provider attitudes and beliefs and the multi-level influences of healthcare provider practices related to HPV vaccine. The study utilizes quantitative data regarding college healthcare providers' HPV vaccine-related attitudes and behaviors/practices from a national study of college healthcare providers from 480 colleges across the US. Guided by the Consolidated Framework for Implementation Research (CFIR), we will conduct follow-up interviews with a subsample of college healthcare providers who participated in the national survey to explore individual provider-level (e.g., knowledge, attitudes, beliefs) and multisystem-level factors (e.g., college type, state policies, organizational climate, relative priority, change capacity) influencing HPV vaccine uptake in the college health setting. The long-term goal of this research is to generate new knowledge regarding factors affecting HPV vaccine uptake in college health settings and to inform future interventions to improve HPV vaccination rates in the college student population. OMB No. 0925-0001/0002 (Rev. 03/2020 Approved Through 02/28/2023) Page Continuation Format Page","Program Director/Principal Investigator (Last, First, Middle): Liebermann, Erica PROJECT NARRATIVE HPV Vaccination is a critical tool for the prevention of cervical cancer and other HPV-related cancers; as such, evidence-based guidelines are to vaccinate children ages 11-12 and provide catch-up HPV vaccination for adolescents and adults up to age 26. Reaching unvaccinated college students for catch-up vaccination is an important strategy to improve HPV vaccination rates in the US. This study will explore college healthcare providers' current beliefs and practices related to assessing HPV vaccine history and offering and recommending HPV vaccination for students in their college health settings. OMB No. 0925-0001/0002 (Rev. 03/2020 Approved Through 02/28/2023) Page Continuation Format Page",51227,36373.44,14853.559999999998,2025-09-29,AHRQ Source,N/A,N/A,2024-08-01,2026-07-31,Agency for Healthcare Research and Quality,93.226,"RESEARCH ON HEALTHCARE COSTS, QUALITY AND OUTCOMES",PA-18-794,N/A,N/A,N/A,FALSE,UNIVERSITY OF RHODE ISLAND,RI,KINGSTON,RI-02,"Land grant, Public, R1",UNIVERSITY-WIDE,https://reporter.nih.gov/project-details/10986181,https://taggs.hhs.gov/Detail/AwardDetail?arg_AwardNum=R03HS029605&arg_ProgOfficeCode=7,https://www.usaspending.gov/award/ASST_NON_R03HS029605_075/
HS029629,R18,R18HS029629,5R18HS029629-02,Disrupted,Terminated,Resilient EMS PSLL: Using a Systems Engineering Approach to Enhance EMS Cognitive Work and Safety for Older Adults During Prehospital Care.,"Project Summary- Prehospital Emergency Medical Services (EMS) are an indispensable component of the US health care system, occupying a crucial role at the intersection of medical care, public health, and public safety. EMS professionals' work is unique, extraordinarily demanding at cognitive and physical levels, and requires highly adaptive, unwaveringly resilient performances. The unpredictable nature of each dispatch, scene setting and patient presentation brings together a myriad of performance shaping factors that often very dynamic and highly variable. Study of `real time' pre-hospital cognitive work, at the individual (EMS professionals) and distributed/ team-based levels (EMS interactions with patients/caregivers, 911 dispatch) is limited despite being fundamental for navigating fluctuating degrees of risk inherent in prehospital emergency care. In response to the need for targeted research in support of overlooked areas of EMS cognitive work, we propose to establish the Resilient_EMS Patient Safety Learning Lab (PSLL), focused on enhancing and supporting safety, quality, and equity within pre-hospital emergency care. This project will focus particularly on prehospital care of older adults (≥ 65 yrs). The Resilient_EMS PSLL is tailored to use systems and human factors engineering approaches to innovate in support of EMS professionals' cognitive work as individuals (e.g., decision making) and in a distributed manner (e.g., sharing mental models). As such, we will conduct a 4year, multi-site, multi-method field study of geriatric pre-hospital emergency care to achieve 3 specific aims: Aim 1. To identify and define individual and distributed cognitive work system characteristics that impact safety, quality, and equity along the continuum of prehospital resuscitative care (dispatch call transition of care) for older adults presenting with a `potentially critical' chief medical (non- trauma related) complaint (e.g., respiratory distress, acute onset of altered mental status etc.). Aim 2. To co-design with key stakeholders (EMS professionals, patients (older adults)/ caregivers, other professionals) potential solutions to support cognitive work of EMS professionals (individual and team/based levels) required for dynamic resilient performances using `human-centered/ inclusive design' principles and methodologies. Aim 3. To implement and evaluate proposed design/redesign solutions using a multi-pronged approach for improving safety/ quality/ equity along the continuum of resuscitative care for older adults through support and enhancement of EMS professionals' individual and distributed cognitive team-based work. Resilient_EMS PSLL's long term impact will be new insights into the very challenging domain of prehospital care that will aid in creation of innovative and inclusive/ human-centered solutions. Our research team is composed of experts in patient safety, human factors, systems engineering, communication, prehospital care, emergency medicine, geriatrics, nursing, health disparities, and patient/family partners. The study will address several AHRQ priority populations (older adults, low income, racial/ ethnic minorities, rural/inner-city residents, women).","Project Narrative Research on clinical safety of prehospital emergency care, particularly for older adult patients, has lagged significantly behind other clinical domains despite being an essential component of the continuum of health care. In response to the urgent need for enhancing and supporting safety, and quality, and equity within prehospital emergency care, we propose to establish the Resilient_EMS Learning Lab. The Resilient_EMS Learning Lab is tailored to use systems and human factors engineering approaches to generate results salient to developing interventions to support `real time' cognitive work of emergency medical technicians/ paramedics, using a prospective systems-based approach in a variety of EMS pre-hospital care environments (rural, suburban, urban).",999204,885821.5,113382.5,2025-09-29,AHRQ Source,N/A,N/A,2023-09-30,2027-07-31,Agency for Healthcare Research and Quality,93.226,"RESEARCH ON HEALTHCARE COSTS, QUALITY AND OUTCOMES",PA-21-266,N/A,N/A,N/A,FALSE,JOHNS HOPKINS UNIVERSITY,MD,BALTIMORE,MD-07,"Private, R1",SCHOOLS OF MEDICINE,https://reporter.nih.gov/project-details/10934528,https://taggs.hhs.gov/Detail/AwardDetail?arg_AwardNum=R18HS029629&arg_ProgOfficeCode=7,https://www.usaspending.gov/award/ASST_NON_R18HS029629_075/
HS029638,R18,R18HS029638,5R18HS029638-02,Disrupted,Terminated,The SafeCare@Home4Kids Learning Lab: Designing Safer Healthcare at Home for Children,"PROJECT SUMMARY/ABSTRACT  Children with medical complexity are a growing population of medically fragile patients with disability. Children with medical complexity experience ~70% of unplanned hospital readmissions and have a 10x higher odds of mortality compared to other children. These children’s daily survival requires parents and home nurses to safely administer intricate medication regimens through implanted devices, such as a tube inserted into the stomach. While we know that medication errors or device-related adverse events are happening at home, no home healthcare reporting or response standards exist to address and prevent them. Voluntary reporting does not equitably capture events in children of minority backgrounds or necessarily address prevention. Parents express fear of losing their child’s nursing care or their child’s custody if they raise safety concerns, especially those of racial minority backgrounds. While home is an essential healthcare site for CMC, no scientific approaches exist to make sure healthcare safety events do not happen at home. There is a critical need to identify, communicate, and prevent safety errors and adverse events that occur in the home by diverse parents and home healthcare providers in a manner that will make sure the children are okay, notifies the children’s care providers, prevents recurrence, and is equitable to all patients and families.  Our specific aims are to 1) construct the SafeCare@Home4Kids multidisciplinary lab of experts, including in patient safety, human factors engineering, nursing, pediatrics, HHC, informatics, and lived family experience to work together to design innovative, effective, and equitable approaches to prevent healthcare safety errors and adverse events experienced by diverse CMC at home; 2) determine how family caregivers and home nurses currently identify, communicate, and prevent medication and device-related errors and adverse events in the context of the home work system; and 3) co-design, implement, and evaluate a safety toolkit that addresses these elements of medication and device safety using input from families, home nurses, prescribing providers, and our lab experts, to improve patient safety at home.  Our pediatric PSLL will be an innovative paradigm shift in safety research by focusing on the home as a fundamental healthcare practice setting for CMC. This work is significant because SafeCare@Home4Kids serves intersecting AHRQ priority populations who may not otherwise be empowered or supported to address the safety of their healthcare and addresses common reasons children with medical complexity use the emergency department or are hospitalized. By using a human factors engineering approach with national interdisciplinary experts, partnering with patient family leaders, and recruiting a linguistically and racially diverse participant population, we will advance whole-person 360-degree by equitably impacting the safety of care no matter where a child calls home.","PROJECT NARRATIVE The healthcare system does not currently provide ways to identify and reduce healthcare safety threats, such as medication errors and device complications, that occur in the homes of children with complex medical conditions, especially for children from minority groups. This research will bring together experts, including diverse families, for a long-term, equity-focused collaborative Patient Safety Learning Lab that co-designs ways to identify, communicate, and prevent safety events that occur to children with complex medical conditions at home.",970387,645444.03,324942.97,2025-09-29,AHRQ Source,N/A,N/A,2023-09-30,2027-07-31,Agency for Healthcare Research and Quality,93.226,"RESEARCH ON HEALTHCARE COSTS, QUALITY AND OUTCOMES",PA-21-266,N/A,N/A,N/A,FALSE,LURIE CHILDREN'S HOSPITAL OF CHICAGO,IL,CHICAGO,IL-05,N/A,Independent Hospitals,https://reporter.nih.gov/project-details/10931486,https://taggs.hhs.gov/Detail/AwardDetail?arg_AwardNum=R18HS029638&arg_ProgOfficeCode=7,https://www.usaspending.gov/award/ASST_NON_R18HS029638_075/
HS029639,R18,R18HS029639,5R18HS029639-02,Disrupted,Terminated,"Adaptation of an Evidence-Based Curriculum to Teach the Prevention, Evaluation and Treatment of Maternal Medical Emergencies for Pre-hospital & Hospital Healthcare Workers in Rural Context","PROJECT SUMMARY/ABSTRACT Maternal mortality and severe maternal morbidity are increasing in the United States (US) despite most of these outcomes being preventable with timely and appropriate care. Most medical responders are not optimally proficient in caring for patients who experience maternal medical emergencies, including maternal cardiac arrest. This gap exists among first responders and across medical specialties, and even for OB-specialists trained in Advanced Cardiovascular Life Support. Leading organizations in women’s health care and resuscitation have all called for efforts to better prepare healthcare workers (HCWs) for maternal medical emergencies, and increasingly federal agencies and state legislatures are incentivizing or requiring hospitals to provide this education and training. Nonetheless, the implementation of evidence-based education for maternal medical emergencies in health systems across the US is inconsistent and national credentialing standards do not exist. The study team developed Obstetric Life SupportTM (OBLSTM), the first of its kind interdisciplinary simulation curriculum to train hospital-based and prehospital HCWs on preventing, recognizing, and managing maternal medical emergencies. Preliminary data from a randomized, cross-over trial shows significant improvement in clinical competencies, knowledge, and confidence for the intervention group compared to the controls. To date, OBLSTM training has been implemented with HCWs in high-resource settings with access to optimal resuscitation resources (e.g., massive transfusion protocol, extracorporeal membrane oxygenation, medical responder trained in resuscitative cesarean delivery). However, HCWs in rural and low-resource settings may face pressures (e.g., financial, workforce shortages, underdeveloped infrastructure) that differ from high-resource settings, and require adaptations to OBLSTM’s learning objectives, content, and delivery mode to optimize medical emergency care in these contexts. The objective of this project is to adapt OBLSTM for implementation in rural and low-resource settings. Rural will be defined based on Rural-Urban Commuting Area (RUCA) codes. Low-resource settings are counties designated by March of Dimes as having low or no access to maternity care. The study will be conducted at UCONN Health in partnership with the Northeast Rural Hospital Association and the Dartmouth Health Center for Rural Emergency Services and Trauma. The Consolidated Framework for Implementation Research and Intervention Mapping will guide the implementation planning and adaptation process. Specifically, the study aims to: (1) Identify barriers and facilitators to implementation of OBLSTM in rural and low-resource settings; (2) Systematically adapt OBLSTM for HCWs practicing in rural and low-resource settings; and (3) Implement and evaluate the adapted curriculum (OBLSTM – Remote Access) in rural communities in New England. A mixed methods approach will be employed. Findings from this study will be used to promote national scale-up of this important health care innovation with the goal of improving patient safety and reducing inequities in maternal morbidity and mortality.","PROJECT NARRATIVE Obstetric Life SupportTM (OBLSTM) is a validated simulation curriculum to train prehospital and hospital-based health care workers on preventing, recognizing, and managing maternal medical emergencies. This project will identify barriers and facilitators to implementation of OBLSTM in rural and low-resource settings, and adapt and test the intervention for these contexts. Findings will be used to promote national scale-up of this important health care innovation with the goal of improving patient safety and reducing inequities in maternal mortality and severe maternal morbidity.",757007,595594.61,161412.39,2025-08-29,AHRQ Source,N/A,N/A,2023-09-01,2028-06-30,Agency for Healthcare Research and Quality,93.226,"RESEARCH ON HEALTHCARE COSTS, QUALITY AND OUTCOMES",PA-18-793,N/A,N/A,N/A,FALSE,UNIVERSITY OF CONNECTICUT SCH OF MED/DNT,CT,FARMINGTON,CT-05,"Hispanic Serving, Land grant, Public, R1, Tribal/Native Serving",SCHOOLS OF MEDICINE,https://reporter.nih.gov/project-details/10918214,https://taggs.hhs.gov/Detail/AwardDetail?arg_AwardNum=R18HS029639&arg_ProgOfficeCode=7,https://www.usaspending.gov/award/ASST_NON_R18HS029639_075/
HS029658,R01,R01HS029658,5R01HS029658-02,Disrupted,Terminated,Culture of Patient Safety in Black Serving and Non-Black Serving Hospitals,"PROJECT SUMMARY/ABSTRACT Patient safety events are an important leading cause of morbidity and mortality globally; harm from patient safety events can be an important driver of health disparities. Black patients are at increased risk of patient safety events compared to White patients. Black patients also receive care at lower quality hospitals than White patients. In part this is due to the fact that in the US, hospital care is highly segregated with 25% of hospitals caring for 90% of elderly Black patients. Hospitals that care for a high proportion of Black patients are known as Black serving hospitals. Black serving hospitals perform worse on several Agency for Healthcare Research Quality (AHRQ) patient safety indicators including those at the individual-provider level, surgical related events, and hospital resource-dependent events. While higher patient safety events in Black serving hospitals is likely due to several factors, one area of research that has not been conducted is examining the differences in the culture of safety in Black serving versus non-Black serving hospitals. Evidence indicates that health systems with a robust patient safety culture have fewer adverse safety events. Disparities in patient safety culture may contribute to such inequities in patient safety in Black and non-Black serving hospitals. Given these gaps, we propose in response to AHRQ’s Special Emphasis Notice for Health Services Research to Advance Health Equity a mixed-methods study guided by Donabedian’s Quality Framework and the National Institute on Minority Health and Health Disparities Research Framework with the aims to: 1) Identify and compare patterns in patient safety culture for Black and non-Black serving hospitals; 2) Examine associations of patient safety culture with financial resources and with patient safety outcomes in Black and non-Black serving hospitals; and 3) Describe perceived facilitators and barriers that contribute to organizational support and promotion of patient safety and identify best patient safety practices for diverse settings. In Aim 1, we will use de-identified data from AHRQ’s Hospital Survey on Patient Safety Culture (HSOPS) to compare patient safety culture in Black and non-Black serving hospitals. In Aim 2, we will link Medicare, American Hospital Association, and other publicly available hospital characteristics datasets to identified HSOPS data to examine the association of patient safety culture with patient safety events (PSEs) and identify other factors associated with disparities in HSOPS and PSEs. In Aim 3, we will conduct group interviews with hospital leaders (financial executive, clinician, patient safety officer) in Black and non-Black serving hospitals to identify facilitators and barriers to effective patient safety culture practices and strategies to improve patient safety. Our work will identify root causes of disparities in patient safety, explore differences in barriers to health equity, and highlight best patient safety practices to improve hospital care quality and reduce health inequities as well as engage with key stakeholders to accelerate dissemination of these best practices in Black serving and nonBlack serving hospitals with the ultimate aim of reducing morbidity and mortality of hospitalized Black patients.","PROJECT NARRATIVE Black patients receive care at lower quality hospitals and are at increased risk of patient safety events compared to White patients. Our goal is to understand the currently unknown patterns of hospital patient safety culture and its association with financial resources, other hospital characteristics, and patient safety events for hospitals that predominantly serve Black patients and compare those to hospitals that do not predominantly care for Black patients. Our work will identify any disparities in patient safety culture and explore differences in barriers to health equity, with specific attention to identifying pragmatic strategies and best patient safety practices that aim to improve patient care and reduce health inequities in hospitals.",794178,580649.01,213528.99,2025-11-28,AHRQ Source,N/A,N/A,2023-09-30,2027-03-31,Agency for Healthcare Research and Quality,93.226,"RESEARCH ON HEALTHCARE COSTS, QUALITY AND OUTCOMES",PA-18-795,N/A,N/A,N/A,FALSE,RAND CORPORATION,CA,SANTA MONICA,CA-36,Private,Research Institutes,https://reporter.nih.gov/project-details/10928208,https://taggs.hhs.gov/Detail/AwardDetail?arg_AwardNum=R01HS029658&arg_ProgOfficeCode=7,https://www.usaspending.gov/award/ASST_NON_R01HS029658_075/
HS029673,R01,R01HS029673,1R01HS029673-01A1,Disrupted,Terminated,Understanding the screening to care transition for marginalized rape survivors,"Project Summary The goal of this study is to understand the timing and patterns of treatment seeking after rape. Rape survivors have high, varied, and long-term health needs after rape, and research is contradictory as to when and what kind of healthcare services rape survivors may over- or under-utilize. Screening programs are often implemented with the intent of improving access to care or directed referrals to care. Yet, outside of the Veterans Health Administration, screening programs have little evidence of effectiveness. By recruiting a large, diverse sample of mostly marginalized, mostly women rape survivors and following them for years, we will be able to observe naturalistic screening practices and treatment seeking across a variety of treatment needs and contexts. Thus, the data collected in this study will be a new foundation for understanding the features of screening programs and nature of treatment-seeking after rape.",Project Narrative This project will observe the screening and treatment seeking experiences of approximately 600 rape survivors. This information will be used to develop more effective rape screening and referral programs.,398601,146058.43,252542.57,2025-09-29,AHRQ Source,N/A,N/A,2024-09-30,2029-07-31,Agency for Healthcare Research and Quality,93.226,"RESEARCH ON HEALTHCARE COSTS, QUALITY AND OUTCOMES",PA-18-795,N/A,N/A,N/A,FALSE,UNIVERSITY OF MISSOURI KANSAS CITY,MO,KANSAS CITY,MO-05,"Public, R1",SCHOOLS OF NURSING,https://reporter.nih.gov/project-details/10978906,https://taggs.hhs.gov/Detail/AwardDetail?arg_AwardNum=R01HS029673&arg_ProgOfficeCode=7,https://www.usaspending.gov/award/ASST_NON_R01HS029673_075/
HS029677,R01,R01HS029677,1R01HS029677-01A1,Disrupted,Terminated,Supporting shared decision making in childhood nephrotic syndrome to improve care for children of racial and ethnic minority and low income background,"Project Summary/Abstract Childhood nephrotic syndrome is a leading chronic kidney disease among children and adolescents that disproportionally affects racial and ethnic minority children who face higher disease incidence, risk of treatment failure, risk of hospitalizations and kidney failure. Treatment for childhood nephrotic syndrome is formidable for children and their families. The treatment options require complex dosing and result in significant and varied side effects and monitoring needs. Patients and their families, particularly those who are socially disadvantaged, have difficulty participating in treatment selection due to barriers including lack of information, lower health literacy, and less access to and engagement with providers. Without patient and family participation, the chosen treatment may not meet patient expectations or align with their preferred side-effect to efficacy trade-off, threatening adherence and downstream clinical outcomes. Our objective is to create tools to support patients and families in shared decision making for childhood nephrotic syndrome treatment selection in order to achieve patient-centered care and improve outcomes for vulnerable low income and racial and ethnic minority children. We proposed a mixed-methods study with the following aims: 1) Elicit the experiences of providers and parents and adolescent patients of diverse socioeconomic backgrounds with choosing therapeutic agents using in-depth interviews informed by the Ottawa Decision Support Framework in order to systematically identify influences on shared decision making, 2) Collaboratively create SDM support tools with stakeholders in accordance with the International Patient Decision Aid Standards and assess the content validity, understandability, and actionability of the developed tools to determine their relevance for promoting SDM in childhood NS treatment selection, and 3) Assess preliminary effectiveness and feasibility of the tools in a quasi-experimental, 2-group design in two large pediatric nephrology centers in the Southeast U.S. Our theory and evidence-informed study is an innovative application of shared decision making support to address health inequities in childhood nephrotic syndrome. Our goals align with AHRQ's interest to improve healthcare quality for low income and minority groups through rigorous formative research, expert and stakeholderengaged development of patient-centered, culturally sensitive shared decision making support tools, and pilot testing in real-world clinical settings.","Project Narrative Pharmacotherapy for childhood nephrotic syndrome is effective albeit highly complex. In this proposed study, we will carry out a systematic evaluation of factors that influence the ability of socially disadvantaged patients and families to choose the right treatment for them, and then create tools to support them in decision making centered around their needs. We anticipate that the findings will contribute to the understanding of influences on medication selection in this complex childhood kidney disease and produce the first tools to support shared decision making to improve care quality and reduce health disparities in childhood nephrotic syndrome.",285658,162410.26999999996,123247.73000000004,2025-09-29,AHRQ Source,N/A,N/A,2024-09-30,2029-07-31,Agency for Healthcare Research and Quality,93.226,"RESEARCH ON HEALTHCARE COSTS, QUALITY AND OUTCOMES",PA-18-795,N/A,N/A,N/A,FALSE,EMORY UNIVERSITY,GA,ATLANTA,GA-05,"Private, R1",SCHOOLS OF MEDICINE,https://reporter.nih.gov/project-details/10978376,https://taggs.hhs.gov/Detail/AwardDetail?arg_AwardNum=R01HS029677&arg_ProgOfficeCode=7,https://www.usaspending.gov/award/ASST_NON_R01HS029677_075/
HS029683,R01,R01HS029683,1R01HS029683-01A1,Disrupted,Terminated,Implementing Structurally Competent Critical Time Intervention for Transgender and Gender-Diverse Patients,"Project Summary The approximately 1.6 million Americans who are Transgender or Gender Diverse (TGD)—individuals with gender identities that differ from their sex assigned at birth—are impacted by an extraordinarily high incidence of negative mental and physical health outcomes compared to their cisgender peers. Such outcomes include mental distress, suicide, substance use issues, and HIV and other sexually transmitted infections. These health inequities are attributable to “upstream” or structural factors, including systematic societal, political, and economic marginalization, medical pathologization, and violence. Research points to rampant multilevel access barriers for TGD people and major social needs that undermine engagement in healthcare. There is a public health imperative to develop healthcare interventions to reduce disparities for TGD people by facilitating access to and engagement with appropriate services, addressing their unique Social Determinants of Health (SDoH), and integrating them into the social fabric of communities. Structural interventions target the social causes of illhealth, inadequate and fragmented treatment, and inequalities affecting TGD people. In partnership with TGD community members, we created a structurally competent adaptation of the evidence-based Critical Time Intervention (CTI), a robust case management program originally developed for persons with serious mental illness transitioning from institutions into communities, to ameliorate the disparities that impede the full integration of TGD people into healthcare systems. We will rigorously implement and evaluate this TGD-specific adaptation (CTI-T) in New Mexico service systems and analyze impacts on TGD people exiting institutional settings, including shelter care and residential programs, hospitals, and jails/prisons. We will cultivate meaningful collaboration and inclusion of diverse partners to enable structural competency and CTI-T uptake at the multiple levels where care barriers exist by applying Implementation Mapping, a participatory process for planning and selecting implementation strategies (methods to adopt and implement interventions). We will leverage a seminal implementation model, the Interactive Systems Framework, to guide efforts to embed CTI-T in professional service delivery contexts. A real-time evaluation of implementation and impact using a mixed-methods approach will facilitate dual testing of the CTI-T and its implementation strategies. By innovating CTI to prioritize structurally competent approaches, this study responds to the dearth of evidence-based intervention research targeting the SDoH responsible for the well-documented access barriers and excessive morbidity and mortality faced by TGD people.","Project Narrative Compared to their cisgender peers, Transgender or Gender Diverse (TGD) people—individuals with gender identities that differ from their sex assigned at birth—are impacted by an extraordinarily high prevalence of negative mental and physical health outcomes and have major unmet social needs due to structural factors, including systematic societal, political, and economic marginalization, medical pathologization, and violence. Using a structural competency framework that considers the external forces shaping health outcomes at levels above individual interaction, this study will implement and evaluate a TGD-specific adaptation of the Critical Time Intervention (CTI), an evidence-based case management program, for TGD people, and develop implementation strategies to facilitate its uptake in under-resourced health and human service systems. This theory-driven, mixed-methods research will produce data targeting the structural factors responsible for the well-documented access barriers and excessive morbidity and mortality faced by TGD people.",397248,311059.39,86188.60999999999,2025-09-29,AHRQ Source,N/A,N/A,2024-09-30,2029-07-31,Agency for Healthcare Research and Quality,93.226,"RESEARCH ON HEALTHCARE COSTS, QUALITY AND OUTCOMES",PA-18-795,N/A,N/A,N/A,FALSE,PACIFIC INSTITUTE FOR RES AND EVALUATION,MD,BELTSVILLE,MD-04,N/A,Research Institutes,https://reporter.nih.gov/project-details/10982055,https://taggs.hhs.gov/Detail/AwardDetail?arg_AwardNum=R01HS029683&arg_ProgOfficeCode=7,https://www.usaspending.gov/award/ASST_NON_R01HS029683_075/
HS029692,K08,K08HS029692,1K08HS029692-01A1,Disrupted,Terminated,"Acceptability, Feasibility, and Appropriateness of Digital Autism Screening, Clinical Decision Support, and Research Engagement for Black Children","PROJECT SUMMARY/ABSTRACT Early detection of autism and delivery of evidence-based services are crucial because they can lessen the degree of long-term disability associated with the condition. Black children however, continue to experience disparities in access to services due, in part, to inaccurate screening, lack of referrals for autism evaluations, and underrepresentation of culturally and linguistically diverse participants in research samples. The proposed study will address important gaps in autism research. Few studies have been conducted to understand the feasibility, appropriateness, and acceptability of digital screening tools from the perspective of culturally and linguistically diverse end-users. There is little knowledge of how the cultural appropriateness of provider communication about screening results and clinical decision support influences Black caregivers’ decisions to link their child to services. Moreover, information on determinants of culturally and linguistically diverse children’s recruitment and retention in autism studies is lacking. These gaps will be addressed in the proposed study through three aims. The first aim is to describe acceptability, feasibility, and appropriateness of communication about screening results to Black families within the context of clinical decision support. The second aim will explore the acceptability, feasibility, and appropriateness of a digital autism screener for Black families. The third aim is to identify determinants of Black caregivers’ enrollment and continued engagement in autism studies of digital screening tools. Dr. Fannin is an investigator looking to expand her capacity for independent research. She has established an interdisciplinary mentoring team with expertise in psychiatry, biology, education, and population health science. Dr. Fannin’s career development plan capitalizes on the mentoring team’s guidance for selection of didactic training and professional development to address gaps in research skills, as well as their individualized mentoring to apply what she has learned to the research. The proposed research contributes to the knowledge base concerning equitable identification and access to autism services, as well as strategies to help generalize evidence-based intervention to culturally and linguistically diverse populations. Through examination of how Black caregivers believe providers can customize screening procedures, improve conversations about screening results, and promote study recruitment and retention, the resultant data can foster development of culturally responsive clinical procedures to improve the quality of life for autistic children and their families.","PROJECT NARRATIVE The goal of this project is to improve clinical practice for autistic children by eliciting Black caregivers’: a) suggestions for clinical decision support customization; b) perceptions of a novel digital autism screener and c) thoughts on facilitators and barriers to study engagement. Early intervention can mitigate long-term disability associated with autism, but Black children continue to experience disparities in access to early services due, in part, to inaccurate screening, lack of evaluation referrals resulting in limited linkage to services after positive screening results, and underrepresentation in research samples. The proposed research is relevant to AHRQ goals because it can advance knowledge concerning improvement of the quality, equity, and accessibility of health care for autistic children.",152250,92090.48999999999,60159.51000000001,2025-06-29,AHRQ Source,N/A,N/A,2024-05-01,2029-04-30,Agency for Healthcare Research and Quality,93.226,"RESEARCH ON HEALTHCARE COSTS, QUALITY AND OUTCOMES",PA-22-232,N/A,N/A,N/A,FALSE,NORTH CAROLINA CENTRAL UNIVERSITY,NC,DURHAM,NC-04,"HBCU/Predominantly Black, Public, Research",UNIVERSITY-WIDE,https://reporter.nih.gov/project-details/10886402,https://taggs.hhs.gov/Detail/AwardDetail?arg_AwardNum=K08HS029692&arg_ProgOfficeCode=7,https://www.usaspending.gov/award/ASST_NON_K08HS029692_075/
HS029695,K08,K08HS029695,5K08HS029695-02,Disrupted,Terminated,Patient-centered decision making to improve opioid use disorder treatment,"Opioid use disorder (OUD), a physical and psychological reliance on opioids, kills more than 60,000 Americans each year and has cost the United States healthcare system more than $30 billion. Continuous treatment with pharmacotherapy (e.g., buprenorphine) for the duration of physical and psychological reliance is crucial to optimal outcomes. Many patients with OUD now struggle with stimulant use disorder (StimUD), which significantly increases the risk of relapse and overdose by complicating OUD treatment. While the best approach to preventing relapse and overdose is by using long-term monitoring and individualized treatment, there is limited guidance for treating comorbid disorders and monitoring treatment effectiveness for tailored therapy. Given the barriers to accomplishing continuous pharmacotherapy, interventions are urgently needed that routinely incorporate patient-reported outcome measures (PROMs) and patient preferences in monitoring and clinical decision making. The research planned for this K08 award aims to (1) create a PROM-based intervention that supports patient-centered care during treatment of OUD and StimUD, (2) test the hypothesis that compared to routine care, patient-provider dyads will perceive enhanced decision-making using the PROM-based intervention in a simulated setting, and (3) test the hypothesis that compared to standard care, the PROM-based intervention will increase adherence to buprenorphine in a pilot clinical trial. Importantly, this project will increase our understanding of treating comorbid substance use disorders and develop methods of using PROMs, patient preferences, and clinical decision support that can be used for other chronic conditions. Findings from this research will provide preliminary data for an R-level award to evaluate the PROM-based intervention in a multicenter randomized trial. Support from this Mentored Career Development Award will enable Thomas J Reese, PharmD, PhD to acquire additional skills he needs to position himself as a proficient learning health system researcher. Dr. Reese is board-certified pharmacist and clinical informatician at Vanderbilt University Medical Center. He has a track record of productive collaborations and patient-oriented research. This project expedites Dr. Reese’s path to research independence in the health system innovation pipeline by combining his prior training and experience with an excellent research environment. His training domains include (1) advanced research methods; (2) health equity and patient-centered care; (3) improvement and implementation science; and (4) engagement, leadership, and research management. Dr. Reese will acquire skills in each of these domains through a purposeful mentorship program, as well as didactic and experiential training that will advance his knowledge about OUD and StimUD and enable him to apply a patient-centered approach to treatment decision making. Dr. Reese’s path to research independence will be guided by a multidisciplinary mentorship team with expertise in each training domain.","PROJECT NARRATIVE Opioid use disorder, a physical and psychological reliance on opioids, kills more than 60,000 Americans each year and has cost the United States healthcare system more than $30 billion. Continuous treatment with pharmacotherapy for the duration of physical and psychological reliance is crucial to optimal outcomes of opioid use disorder but faces barriers with co-occurring substance use disorders. Findings from this study will support the development of health information technology that can help overcome these barriers by routinely incorporating patient needs in clinical decision making.",289241,247812.76,41428.23999999999,2025-11-28,AHRQ Source,N/A,N/A,2023-09-30,2028-09-29,Agency for Healthcare Research and Quality,93.226,"RESEARCH ON HEALTHCARE COSTS, QUALITY AND OUTCOMES",PA-22-232,N/A,N/A,N/A,FALSE,VANDERBILT UNIVERSITY MEDICAL CENTER,TN,NASHVILLE,TN-07,"Private, R1",Independent Hospitals,https://reporter.nih.gov/project-details/10928201,https://taggs.hhs.gov/Detail/AwardDetail?arg_AwardNum=K08HS029695&arg_ProgOfficeCode=7,https://www.usaspending.gov/award/ASST_NON_K08HS029695_075/
HS029701,K01,K01HS029701,5K01HS029701-02,Disrupted,Terminated,"Not-For-Profit Hospital Community Benefit: Multi-Sectoral Collaboration in Local Health Planning to Improve Population Health, Equity, and Hospital Investment in the Social Determinants of Health","Project Summary  Federal and State-level community benefit (CB) requirements for not-for-profit hospitals (NFP) have been around for decades. Historically, most of hospital CB spending is on unreimbursed patient care despite the expectation that NFPs align their CB spending with broader community needs that often require investments in non-clinical areas. Federal regulations aside, a few states have experimented with CB regulations to increase NFPs’ investment in community health and to focus their CB activities on specific community health priorities. New York, Ohio, and Oregon are among the first states to require NFPs to collaborate with local health departments (LHD) and other community partners in assessing and prioritizing community needs. Additionally, Oregon set a minimum CB spending floor using a formula that calculates the threshold based on the financial health of hospitals. While these NFP regulations and the decision to implement them predated the pandemic, the regulations have the potential to leverage CB investments in alleviating long-standing inequities and addressing social determinants of health (SDOH) worsened by the pandemic. The purpose of the study is to estimate the effect of NY, OH, and OR regulations on NFP spending in non-clinical categories of CB, SUDfocused health outcomes, and health equity. To accomplish this, the study will use different causal inference methods and longitudinal CB spending data, data on emergency department utilization and transitions of care, and information from NFPs’ implementation strategies. The in-depth case studies will elucidate the mechanisms through which the requirement for collaboration works, refine the theoretical framework, inform the improvement of existing policies and implementation in other jurisdictions, and to generate new hypotheses.  This K01 support will help me acquire the necessary experience to develop rigorous theoretical frameworks by integrating organizational and management science with economic theory. Additionally, this K01 will support my development in innovative conceptualization of health equity and community-engaged qualitative research. This project will lead to an application for R01 funding to examine the impact of multi-sectoral collaboration on a broader set of population health outcomes and health equity. The R01 proposal will expand the multi-sectoral collaboration to include additional community partners. This K01 is well-aligned with AHRQ’s overarching goals. First, the focus on “the role of partnerships between the community and health systems in impacting SDOH and improving health outcomes” will inform AHRQ’s goal of “achieving a high value healthcare system”. Second, the focus on the effectiveness of NFP-LHD collaboration to address the SUD epidemic is linked to AHRQ’s goal to understand “the SUD crisis and provide solutions for addressing it”. Finally, the study examines the impact of NFP-LHD collaboration on outcomes by race, ethnicity, and geography which aligns with the agency’s goal to advance health equity while focusing on specific priority populations.","Project Narrative  Collaboration between health systems and community partners have the potential to effectively address the social determinants of health and improve population health equity. The community benefit program for notfor-profit hospitals can be leveraged to require multi-sectoral collaboration and provides a natural experiment to understand whether multi-sectoral collaboration if effective. This proposal, through a supervised mentorship and training program, aims to examine the impact of collaboration between hospitals, health departments, and other community partners on population health equity and hospital investment in SDOH.",281138,273674.08,7463.919999999984,2025-11-28,AHRQ Source,N/A,N/A,2023-09-30,2028-09-29,Agency for Healthcare Research and Quality,93.226,"RESEARCH ON HEALTHCARE COSTS, QUALITY AND OUTCOMES",PA-22-255,N/A,N/A,N/A,FALSE,TULANE UNIVERSITY OF LOUISIANA,LA,NEW ORLEANS,LA-01,"Private, R1",SCHOOLS OF PUBLIC HEALTH,https://reporter.nih.gov/project-details/10931452,https://taggs.hhs.gov/Detail/AwardDetail?arg_AwardNum=K01HS029701&arg_ProgOfficeCode=7,https://www.usaspending.gov/award/ASST_NON_K01HS029701_075/
HS029710,K01,K01HS029710,1K01HS029710-01A1,Disrupted,Terminated,A patient-informed approach to measuring and mitigating inequity in primary care,"Project Summary/ Abstract Racial and ethnic health inequities persist despite decades of evidence showing how societal structures drove their development. Quality improvement (QI Initiatives, seemingly intended to promote equity, have great potential to exacerbate disparities if there is not intentional focus on benefitting the population(s) experiencing inequity. Attempts at equity-focused QI have underperformed by 1) focusing on improvement for all, rather than on erasing disparities, 2) deploying a top-down stakeholder approach, rather than a community-informed approach, 3) lacking a framework for considering quality measures through the contexts of systemic racism, and 4) prioritizing ease of measurement over measures that are a priority to patients and communities. Recent calls have been made for QI interventions that leverage partnerships between communities experiencing inequities, providers serving these populations, and QI researchers to reduce health care disparities using outcome measures that measure quality in ways meaningful to all stakeholders. Data and technology can be harnessed to improve health equity by stratifying electronic health record (EHR) data by race, ethnicity, and language (REaL) to create equity-focused QI dashboards to identify inequitable patterns in clinical processes and health outcomes and inform QI initiatives to reverse them. However, if dashboard metrics and the interventions to address them are not cooperatively designed by patients and providers, this limits their influence and effectiveness. The study proposed within this K-Award is intended to be a first step in a larger program of research that will serve to bridge health inequities research with medical informatics tools at the intersection of Quality Improvement and Implementation Science, by 1) Identifying healthcare quality measures using a community-informed, equity-focused approach, 2) Incorporate community-informed healthcare quality measures into QI dashboards, and 3) using community-engaged intervention mapping to design strategies to decrease health inequity. Equity-focused dashboards will provide concrete, real-time data to both inform strategies and measure improvement, whether they be advanced structural competency training for providers, changes to clinic policy and workflow, or interventions to address unmet social needs. This career development award is designed to provide critical training in the fundamentals of quality improvement, implementation science, community-engaged intervention design, and medical informatics that are necessary for developing community-informed, practical, and measurable approaches to decrease racial health inequities in primary care populations. This K01 will facilitate the development of patient-informed quality indicators and innovative implementation strategies to improve health equity in primary care. The proposed study is responding to the AHRQ Special Emphasis Notice for Health Services Research to Advance Health Equity (NOT-HS-23-013).","Project Narrative This project will identify patient-prioritized, equity-informative measures of health care quality in primary care and incorporate them into existing quality improvement (QI) dashboards. Furthermore, identified priority measures will inform the community-engaged design of interventions to decrease racial and ethnic health inequity. The goal is to generate QI metrics meaningful to both patients and providers useful to inform and measure health equity improvement strategies in primary care.",145139,129398.16,15740.839999999997,2025-09-29,AHRQ Source,N/A,N/A,2024-08-01,2029-07-31,Agency for Healthcare Research and Quality,93.226,"RESEARCH ON HEALTHCARE COSTS, QUALITY AND OUTCOMES",PA-22-255,N/A,N/A,N/A,FALSE,UNIVERSITY OF KANSAS MEDICAL CENTER,KS,KANSAS CITY,KS-03,"Public, R1",SCHOOLS OF MEDICINE,https://reporter.nih.gov/project-details/10983591,https://taggs.hhs.gov/Detail/AwardDetail?arg_AwardNum=K01HS029710&arg_ProgOfficeCode=7,https://www.usaspending.gov/award/ASST_NON_K01HS029710_075/
HS029737,P30,P30HS029737,5P30HS029737-02,Disrupted,Terminated,Washington Learning Health System Embedded Scientist Training and Research Center (WA LHS E-STAR Center),"OVERALL - SUMMARY Primary care is essential to improving population health outcomes and reducing health disparities but struggles to meet the burgeoning needs in the areas of chronic illness and prevention, mental health and addiction, and social needs, and faces challenges in access, patient experience and staff shortages. Learning health systems (LHS) hold promise for transforming primary care but the feasibility and impact of the LHS is uncertain in community settings without embedded research expertise. For LHSs to make meaningful, equitable improvements in care, they must reach systems serving individuals with low income and a disproportionate burden of illness and disparities. The Washington LHS E-STAR Center will respond by building a consortium of research organizations that are leaders in LHS training and research, and diverse primary care organizations across the state, where diverse embedded LHS researchers receive training and mentorship. The E-STAR Center is 2 premier research organizations, Kaiser Permanente Washington Health Research Institute and the University of Washington and 6 primary care organizations (PCOs)—2 integrated systems and 4 Federally Qualified Health Centers (FQHCs). Our novel LHS model for primary care transformation builds on our successful CATALyST LHS K12 training program, adding 3 innovations: increased participatory research, formalized stakeholder engagement, and a health equity focus. Mentoring teams will include expertise in community-based participatory research, and health equity in addition to expertise in PCOR/CER. We enhance participatory research by including PCO leaders in training sessions and dissemination of findings, extending our learning community beyond scholars and mentors. We move from opportunistic partnerships to formal, sustainable partnerships with diverse PCOs to support embedded research. We add healthcare impact goals and metrics, including on equity, to scholars’ development plans that set and track their training and research objectives and progress. The benefits of this new model include bidirectional learning, enhanced relevance of LHS research, proactively defining the value of research and building LHS capacity in partner PCOs. The Center will (1) build new infrastructure for bidirectional research-health care partnerships, (2) train 7 earlycareer researchers in embedded LHS research in partnership with PCO leaders, and (3) lead embedded LHS research in participating PCOs. These activities will enable the Center to achieve its goals of producing a diverse set of independent scientists with a solid foundation in LHS research who can change the paradigm of primary care research through embedded research that rapidly develops and implements evidence; and simultaneously building LHS capacity in safety net primary care settings.","OVERALL - NARRATIVE The Washington LHS E-STAR Center will build a consortium of research organizations that are leaders in LHS training and research, and diverse primary care organizations (PCOs) across the state, where early career scientists receive training and mentorship for the purpose of transforming primary care. The Center will (1) build new infrastructure for bidirectional research-health care partnerships, (2) train 7 early-career researchers in embedded LHS research in partnership with PCO leaders, and (3) lead embedded LHS research in participating PCOs. These activities will enable the Center to achieve its goals of producing a diverse set of independent scientists with a solid foundation in LHS research who can change the paradigm of primary care research through research that rapidly develops and implements evidence; and simultaneously building LHS capacity in safety net primary care settings.",1995702,1649824.31,345877.68999999994,2026-03-01,AHRQ Source,N/A,N/A,2024-01-01,2028-12-31,Agency for Healthcare Research and Quality,93.226,"RESEARCH ON HEALTHCARE COSTS, QUALITY AND OUTCOMES",RFA-HS-23-001,N/A,N/A,N/A,FALSE,KAISER FOUNDATION RESEARCH INSTITUTE,CA,Oakland,CA-12,N/A,Research Institutes,https://reporter.nih.gov/project-details/11004300,https://taggs.hhs.gov/Detail/AwardDetail?arg_AwardNum=P30HS029737&arg_ProgOfficeCode=7,https://www.usaspending.gov/award/ASST_NON_P30HS029737_075/
HS029738,P30,P30HS029738,5P30HS029738-02,Disrupted,Terminated,Learning Health System Embedded Scientist Training and Research Center,"ABSTRACT – UCSF E-STaR OVERALL The aspirations of an integrated Learning Health System (LHS) are to deliver care that is of the highest quality, is safe, and is optimally efficient. These goals guide all UCSF-affiliated health systems, including UCSF Health, SF Health Network/Zuckerberg SF General and the SF Veterans Affairs Medical Center. The diversity of patient populations and delivery systems represented by UCSF-affiliated health systems, along with their evolution as integrated LHS, is a ripe, natural training environment for developing LHS scientists. To achieve greater impact, UCSF needs a larger workforce of LHS scientists from diverse backgrounds, working in teams with clinical operators, data stewards and informaticians, and engaged with multiple stakeholders (patients, caregivers, clinicians, institutional leadership) to co-produce real-time improvements in practice patterns, patient-centered outcomes, and health system performance. As an AHRQ/PCORI-sponsored LHS K12 Career Development Program and LHS Center of Excellence, UCSF has designed an outstanding research training and career development program for 8 individuals who have already demonstrated an impact. This UCSF ESTaR Center proposal will create and scale up LHS-specific training and research infrastructure: Aim 1. To establish multidisciplinary Cores that share resources and facilities with healthcare systems to support research and training for LHS scientists, particularly in areas of embedded research training, patient and stakeholder engagement, informatics, and outcome evaluation. The Administrative Core (AC) will provide overarching Center leadership, stakeholder engagement and coordination, recruitment, program evaluation, and internal and external communications. The Research Education Core (REC) will implement the Scholar training program; the Research and Data Analysis Core (RDAC) will provide consultation and services for study design and analysis, facilitating data access and dedicated IT support; Aim 2. To enroll Scholars from diverse backgrounds, and provide them with the research, engagement, and leadership skills necessary to pursue successful careers as LHS scientists. The AC and REC will coordinate recruitment, training, and retention activities. Performance and outcomes will be captured in the Program Evaluation; Aim 3. To enable embedded research that advances and continuously improves healthcare quality, equity, and patient-centered outcomes, and to disseminate results locally and nationally. RDAC will implement processes to systematically ensure patient-centered outcomes are measured, captured, and aggregated across embedded research projects. Expected Outcomes: At end of 5 years, the UCSF LHS E-STaR Center will have trained >60 Scholars across at least 6 unique health systems, and provided consultative LHS support to >100 additional scientists. Their research projects will increase the quality and health outcomes for patients of all backgrounds, with results disseminated through local health systems, publications in the medical literature, and presentations at national meetings.","PROJECT NARRATIVE – UCSF E-STaR OVERALL A Learning Health System delivers high quality, safe, and optimally efficient care, at the right time to the right people, optimizing the care delivery system’s performance by generating and acting on meaningful data from the process of care. The UCSF E-STaR Center will speed the integration of interventions/evaluations into practice change, using methodologies that advance and continuously improve health care quality, equity, and patient-centered outcomes, disseminating findings and processes to local and national audiences.",1999372,1703752.97,295619.03,2026-03-01,AHRQ Source,N/A,N/A,2024-01-01,2028-12-31,Agency for Healthcare Research and Quality,93.226,"RESEARCH ON HEALTHCARE COSTS, QUALITY AND OUTCOMES",RFA-HS-23-001,N/A,N/A,N/A,FALSE,"UNIVERSITY OF CALIFORNIA, SAN FRANCISCO",CA,SAN FRANCISCO,CA-11,"Land grant, Public, R1",SCHOOLS OF MEDICINE,https://reporter.nih.gov/project-details/11004302,https://taggs.hhs.gov/Detail/AwardDetail?arg_AwardNum=P30HS029738&arg_ProgOfficeCode=7,https://www.usaspending.gov/award/ASST_NON_P30HS029738_075/
HS029742,P30,P30HS029742,5P30HS029742-02,Disrupted,Terminated,Michigan Embedded LHS Scientist Training and Research (MEL-STaR) Center,"Abstract/Summary The University of Michigan (U-M) Department of Learning Health Sciences (DLHS) proposes to establish an embedded Learning Health System scientist training and research (“MEL-STaR”) center to support the didactic and experiential training of embedded learning health system scientists focused on principles of patient centeredness to improve patient outcomes and experience, health system operations, quality, and health equity. MEL-STaR Scholars will be embedded in settings (“labs”) where LHS activity is ongoing. These labs include U-M departments, statewide Collaborative Quality Initiatives, VA centers for quality improvement, networks of federally qualified health centers, and the PaTH network of PCORnet. DLHS’ multi-disciplinary MS and PhD program in Health Infrastructures and Learning Systems (HILS), started in 2016, is predicated on the AHRQ LHS competencies, and remains the only predoctoral LHS-focused degree program in the US. HILS trainees (40 currently enrolled and 25 graduates) blend coursework in informatics, implementation science, analytics, and health policy and ethics with an embedded, ‘real-world’ practicum spanning a wide range of health problems and domains related to LHS. An online HILS MS program was launched in 2021. The proposed MEL-STaR center is structured around three cores: Administrative, Research and Education (REC), and Research and Data Analysis (RDAC). The Administrative Core will carry out management, coordination, and communication functions of the center. A Patient Engagement and Health Equity Catalyst (PEHEC) will be embedded in the Administrative Core to ensure all aspects of the center include authentic, ongoing stakeholder engagement, patient-centeredness, and an intentional focus on advancing health equity. The Catalyst will work with all cores and labs to shape how scholars are selected, trained, what research they focus on, and the methods they use to optimize both patient-centeredness and health equity in their training and ultimately in their research careers. Similarly, a Program Evaluation Unit will also be embedded in the Administrative Core to design and conduct evaluation with clear impact metrics linked to improvements in health system performance and patient centered outcomes. The REC will support designated “MEL-STaR Scholars” in didactic and experiential embedded experiences, enabling them to function professionally as LHS scientists who will transform health systems in ways necessary to improve health and healthcare. The RDAC will provide resources to enrich the embedded experiences of the MEL-STaR Scholars and a broader range of LHS-related research activities through advanced resources that reflect the expertise and achievements of U-M faculty. The three integrated cores--built on nine years of DLHS activity as an academic department, seven years of operation of the HILS degree program grounded in the AHRQ competencies, and the robust activities of the “labs” as homes to embedded experiences--will achieve the goals of the MEL-STaR center program at the highest level.","Project Narrative The University of Michigan (U-M) Department of Learning Health Sciences (DLHS) proposes to establish an embedded Learning Health System (LHS) scientist training and research (“MEL-STaR”) center to support the experiential training of embedded learning health system scientists. Future LHS scientists will focus on principles of patient centeredness to improve patient outcomes and experience, health system operations, quality, and health equity as they prepare for careers through embedded experiences in settings where LHS activity is ongoing such as within U-M departments, statewide Collaborative Quality Initiatives, VA centers for quality improvement, networks of federally qualified health centers and community mental health centers, and national research networks (e.g. PCORnet).",1867632,1707724.85,159907.1499999999,2026-03-01,AHRQ Source,N/A,N/A,2024-01-01,2028-12-31,Agency for Healthcare Research and Quality,93.226,"RESEARCH ON HEALTHCARE COSTS, QUALITY AND OUTCOMES",RFA-HS-23-001,N/A,N/A,N/A,FALSE,UNIVERSITY OF MICHIGAN AT ANN ARBOR,MI,ANN ARBOR,MI-06,"Public, R1",SCHOOLS OF MEDICINE,https://reporter.nih.gov/project-details/11004285,https://taggs.hhs.gov/Detail/AwardDetail?arg_AwardNum=P30HS029742&arg_ProgOfficeCode=7,https://www.usaspending.gov/award/ASST_NON_P30HS029742_075/
HS029744,P30,P30HS029744,5P30HS029744-02,Disrupted,Terminated,Learning Health System Embedded Scientist Training and Research (LHS E-STaR) of theNorth (LEaRN),"PROJECT SUMMARY (Overall) A lag between biomedical research discoveries and the implementation of findings in clinical care is widely recognized and primarily attributed to a disconnect between researchers and practitioners. One study found that over the course of 17 years, only 14% of clinical research findings led to direct patient benefit. A reason research findings are often do not implemented in clinical practice is because health services research takes place over extended timeframes and researchers place an emphasis on publishing their findings in scientific journals with less attention to application. Moreover, most researchers are typically external to healthcare systems, conducting their research in universities or research firms. Closing the gap in translating research findings to clinical care requires a new way of conducting research by embedding researchers in health care systems, allowing them to engage in rapid, iterative learning in which evidence informs practice, and practice informs evidence. The vision of the proposed Learning Health System Embedded Scientist Training and Research (LHS E-STaR) of the North (LEaRN) Center is to leverage and extend existing infrastructure and partnerships established at the University of Minnesota (UMN) under the Minnesota Learning Health System K12 Mentored Career Development Program (MN-LHS) and its Center for Learning Health System Sciences (MN-CLHSS). The LEaRN Center will accelerate the professional development and patient-centered outcomes and comparative effectiveness research (PCOR/CER) conducted by specially trained, embedded LHS researchers in the Minnesota health care system and beyond. The LEaRN Center represents a partnership between UMN and five hub partner sites with established traditions of academic excellence and collaboration between clinicians and embedded scientists with demonstrated success achieving the long-term goal to expand and diversify the LHS-research trained workforce. Led by MPIs Timothy Beebe and Genevieve Melton-Meaux, the LEaRN Center will leverage the unique strengths of five hub partners to provide diverse didactic and experiential research and training opportunities to LHS scientists to equip them with the LHS tools and expertise to make meaningful differences in health care settings serving children, the elderly, under-represented and rural populations, Veterans, and individuals with multiple disorders. The LEaRN Center will address five Aims: leverage and expand existing LHS infrastructure and partnerships to identify and nurture a new generation of embedded LHS scholars (Aim 1); enhance the diversity of LHS scientists, their science and their mentors (Aim 2); create a novel LHS infrastructure that supports the conduct, dissemination, implementation, and use of PCOR/CER in healthcare system (Aim 3); create learning communities and networks to convene, deliberate, and share knowledge (Aim 4); and implement a rigorous system for program evaluation and improvement (Aim 5). The LEaRN Center will cultivate the next generation of LHS scientists with the expertise, field experience, and community and professional partnerships to close the gap between researchers and clinicals and assume LHS leadership roles.","Project narrative The purpose of the Learning Health System Embedded Scientist Training and Research (LHS E-STaR) of the North (LEaRN) Center is to create a dynamic training and research environment for scholars to learn in, and meaningfully improve, healthcare systems within and outside of Minnesota.",2000000,1780533.86,219466.1399999999,2026-03-01,AHRQ Source,N/A,N/A,2024-01-01,2028-12-31,Agency for Healthcare Research and Quality,93.226,"RESEARCH ON HEALTHCARE COSTS, QUALITY AND OUTCOMES",RFA-HS-23-001,N/A,N/A,N/A,FALSE,UNIVERSITY OF MINNESOTA,MN,MINNEAPOLIS,MN-05,"Land grant, Public, R1, Tribal/Native Serving",SCHOOLS OF PUBLIC HEALTH,https://reporter.nih.gov/project-details/11004318,https://taggs.hhs.gov/Detail/AwardDetail?arg_AwardNum=P30HS029744&arg_ProgOfficeCode=7,https://www.usaspending.gov/award/ASST_NON_P30HS029744_075/
HS029745,P30,P30HS029745,5P30HS029745-02,Disrupted,Terminated,Patient-Oriented Research and Training to Accelerate Learning (Penn PORTAL),"Contact PD/PI: HALPERN, SCOTT PROJECT SUMMARY  The University of Pennsylvania (Penn) proposes to establish the Patient-Oriented Research and Training to Accelerate Learning, or Penn PORTAL, to build and diversify capacity in deploying patientcentered outcomes research (PCOR) within LHSs. Penn PORTAL will integrate operations leaders, mentors who are expert in all Learning Health System (LHS) competencies, community partners, and all health systems in the City of Philadelphia with several leading LHS research centers at Penn. We will develop and test interventions that are informed by our expertise in changing human behavior and using the most rigorous and ethical comparative effectiveness and implementation science research methods. Penn PORTAL will be led by 3 physician-scientists with diverse personal backgrounds, clinical disciplines, career stages, and methodologic expertise: Scott Halpern, Meghan Lane-Fall, and Mucio (Kit) Delgado. These MPIs will lead PORTAL’s Administrative Core and be joined on its Steering Committee by 7 senior investigators and operations leaders in overseeing and synchronizing the work of a Research Education Core (REC), Research & Data Analysis Core (RDAC), and Equity & Community Engagement (ECE) unit that will ensure principles of diversity, equity, and inclusion pervade all PORTAL activities.  The REC will be co-led by Jen Myers, Director of Penn’s Center for Healthcare Improvement and Patient Safety, and Rachel Werner, Director of its Leonard Davis Institute of Health Economics. Drs. Myers and Werner bring complementary expertise in training embedded scientists with system leadership roles and independently-funded LHS investigators, enabling us to train both types of scientists in a 2-year program blending didactic and experiential learning and intensive mentorship that we developed during our current AHRQ/PCORI K12 award. The RDAC will be co-led by Kevin Johnson, an internationally recognized leader in building and leading informatics-informed LHSs, and Michael Harhay, a statistical epidemiologist and expert in developing methods for pragmatic clinical trials. The ECE will be led by Jaya Aysola, Director of the Center for Health Equity Advancement – a first-of-its-kind health equity center embedded within a large health system enterprise. Led by the ECE, PORTAL will partner with the Philadelphia Department of Health, several community organizations, and all Philadelphia health systems, the latter through an initiative funded by the region’s largest payer to combat racism and health inequities across the City. These partnerships will diversify the pool of LHS scientists we train and amplify our opportunities to implement effective interventions across all Philadelphia-area health systems. Finally, guided by an Internal Advisory Board that includes the Deans of Penn’s Schools of Medicine, Nursing, and Business (Wharton), and an External Advisory Board that includes 11 national LHS leaders, PORTAL will realize the ideals of an LHS imbued with an equity-first focus.","Contact PD/PI: HALPERN, SCOTT PROJECT NARRATIVE The University of Pennsylvania Patient-Oriented Research and Training to Accelerate Learning (Penn PORTAL) will develop new learning health system (LHS) Scientists and conduct state-of-the-art research to build LHS capacity. With three integrated cores, an equity and community engagement unit, and governmental, community, and health system partnerships across Philadelphia, this program will achieve the ideals of an LHS in which each patient encounter is informed by prior patient encounters, and all encounters contribute to equitable outcomes.",1975058,1227039.1400000001,748018.8599999999,2026-03-01,AHRQ Source,N/A,N/A,2024-01-01,2028-12-31,Agency for Healthcare Research and Quality,93.226,"RESEARCH ON HEALTHCARE COSTS, QUALITY AND OUTCOMES",RFA-HS-23-001,N/A,N/A,N/A,FALSE,UNIVERSITY OF PENNSYLVANIA,PA,PHILADELPHIA,PA-03,"Private, R1",SCHOOLS OF MEDICINE,https://reporter.nih.gov/project-details/11004319,https://taggs.hhs.gov/Detail/AwardDetail?arg_AwardNum=P30HS029745&arg_ProgOfficeCode=7,https://www.usaspending.gov/award/ASST_NON_P30HS029745_075/
HS029752,P30,P30HS029752,5P30HS029752-02,Disrupted,Terminated,Boston Health Equity & community-Aligned Learning Health System (Boston-HEALHS),"PROJECT SUMMARY - OVERALL The Boston Health Equity & community-Aligned Learning Health System (Boston HEALHS) e-STAR proposal will expand existing Learning Health System (LHS) capacity in a combined academic-safety net system to create a robust and innovative program of research and training in LHS science. The integrated efforts of three distinct cores will be managed by an experienced team of researchers and health system leaders, working closely with and informed by a network of patients, community groups, clinicians, educators, and other local stakeholders to ensure that the LHS research and training are community-engaged, patient-centered, and of the highest quality, and that findings from LHS research are rapidly employed to improve care delivery. The Administrative (Admin) Core will coordinate the overall activities of Boston HEALHS, creating an organizational structure that provide efficient, responsive, and inclusive governance, with a particular focus on engaging community, patient, and health system stakeholders in collaborative decision-making. The Admin Core will oversee the recruitment and retention of LHS scientists participating in the training program, centering diversity and equity at all stages, from job descriptions and initial outreach, through candidate selection, to long-term professional development and retention. The Admin core will conduct a data-informed, communityengaged process to identify priority topics for embedded LHS research, selecting those for which rapid-cycle research results will have a meaningful impact on clinical operations and patient outcomes. The Research Education Core (REC) will implement the LHS scientist recruitment, training, and retention. REC leadership will fully develop the recruitment plans, drawing on multiple existing programs in our academicsafety net partnership that promote equity. The LHS scientists matriculating in the program will be linked with mentorship teams including both experienced researchers and health system leaders and will work with them on detailed individual development plans that will be continuously updated during and beyond the training period. The REC includes a large group of experts in the AHRQ-defined LHS competency domains who will provide the LHS scientists with the tools to master these competencies, and the curriculum team will work with scientists to identify didactic training opportunities in the PCORI methodology standards. The Research and Data Analysis Core (RDAC) will connect LHS scientists participating in the training program, as well as embedded LHS researchers across the institution, with linked data resources ideally suited for rapid-cycle, clinically impactful research. The RDAC will employ community-engaged participatory research principles to inform the selection of priority research topics, while simultaneously developing innovative methods for the rigorous conduct of comparative effectiveness and patient-centered outcomes research in a safety-net setting.","PROJECT NARRATIVE The Boston Health Equity & community-Aligned Learning Health System (Boston HEALHS) e-STAR proposal builds upon existing Learning Health System resources and training programs to train scientists to tackle refractory problems of health disparities within a safety net system. The organizational infrastructure stimulated with the award will provide the scaffolding upon which to build a robust, sustainable Learning Health System that trains a new generation of diverse, methodologically rigorous, clinically embedded, and communityengaged scientists to design more effective, efficient, and equitable health systems.",1962453,1489011.66,473441.3400000001,2026-03-01,AHRQ Source,N/A,N/A,2024-01-01,2028-12-31,Agency for Healthcare Research and Quality,93.226,"RESEARCH ON HEALTHCARE COSTS, QUALITY AND OUTCOMES",RFA-HS-23-001,N/A,N/A,N/A,FALSE,BOSTON MEDICAL CENTER,MA,BOSTON,MA-07,N/A,Independent Hospitals,https://reporter.nih.gov/project-details/11004269,https://taggs.hhs.gov/Detail/AwardDetail?arg_AwardNum=P30HS029752&arg_ProgOfficeCode=7,https://www.usaspending.gov/award/ASST_NON_P30HS029752_075/
HS029755,P30,P30HS029755,5P30HS029755-02,Disrupted,Terminated,PEDSnet Scholars: A National Pediatric Learning Health System Embedded Scientist Training and Research Program,"PEDSnet Scholars: A National Pediatric Learning Health System Embedded Scientist Training and Research Program SUMMARY Creating integrated learning health systems (LHSs) that improve child health will require a new generation of pediatric scientists with diverse backgrounds who will be embedded in healthcare organizations’ clinical and research operations. We propose to address this need by creating a Pediatric LHS Embedded Scientist Training and Research Center. The Center will be integrated within PEDSnet, a PCORnet Clinical Research Network and a national pediatric LHS with 11 institutional members that provide care for 10% of the nation’s children. The Center will extend and enhance the successful PEDSnet Scholars program, which is an AHRQ LHS Center of Excellence (K12) and has trained 29 junior faculty. The aims for the Center are: Aim 1 (Center Organization and Integration): Establish a national, pediatric embedded LHS scientist training and research center with administrative, education and training, research and data analysis, and scientist development cores; Aim 2 (Scholar Development): Select, retain, and mentor a diverse cadre of pediatric scientists, called PEDSnet Scholars, who are within 5 years of their initial academic appointment or those making a mid-career transition, creating a community of national leaders who will help realize the promise of LHS science for children; Aim 3 (Education Program): Deliver a core curriculum that builds competence in LHS science with an emphasis on authentic stakeholder engagement and patientcentered outcomes research; Aim 4 (Research Support): Provide project management, engagement, methodological, and dissemination and implementation resources and support to PEDSnet Scholars and their research projects; and, Aim 5 (Program Evaluation): Evaluate the impact of the Center and its activities on scientists’ professional development and patient and system outcomes. We anticipate using AHRQ/PCORI funding for 14 individuals and up to an additional 16 can be funded by their institutions. Scholars will conduct projects that are meaningful, impactful, and outcomes-focused addressing health and healthcare challenges facing children, their families, and the health systems that serve them. We have added a Scientist Development Core, which will implement an innovative Diversity Plan, mentoring, and all activities related to Scholar professional development. The three MPIs have complementary expertise and are national leaders in LHS science, multi-institutional research, faculty training, enhancing workforce diversity, and the science of health equity. The PEDSnet Scholars working within the Center will become institutional and national leaders in advancing outcomes and the leaders who will forge the national pediatric LHS system of the future. The PEDSnet Scholars program is not a project for PEDSnet or its member institutions; it is part of a strategic campaign to create an integrated LHS for the nation’s children.","PEDSnet Scholars: A National Pediatric Learning Health System Embedded Scientist Training and Research Program NARRATIVE Creating integrated learning health systems (LHSs) that improve child health will require a new generation of pediatric scientists with diverse backgrounds who will be embedded in healthcare organizations’ clinical and research operations. We propose to address this need by creating a Pediatric LHS Embedded Scientist Training and Research Center. The Center will be integrated within PEDSnet, a PCORnet Clinical Research Network and a national pediatric LHS with 11 institutional members that provide care for 10% of the nation’s children.",1941641,1422981.79,518659.20999999996,2026-03-01,AHRQ Source,N/A,N/A,2024-01-01,2028-12-31,Agency for Healthcare Research and Quality,93.226,"RESEARCH ON HEALTHCARE COSTS, QUALITY AND OUTCOMES",RFA-HS-23-001,N/A,N/A,N/A,FALSE,CHILDREN'S HOSP OF PHILADELPHIA,PA,PHILADELPHIA,PA-03,N/A,Independent Hospitals,https://reporter.nih.gov/project-details/11004308,https://taggs.hhs.gov/Detail/AwardDetail?arg_AwardNum=P30HS029755&arg_ProgOfficeCode=7,https://www.usaspending.gov/award/ASST_NON_P30HS029755_075/
HS029756,P30,P30HS029756,5P30HS029756-02,Disrupted,Terminated,Learning Health systems training to improve Disability and chronic condition care (LeaHD),"ABSTRACT: OVERALL Rehabilitation and long-term services and supports (LTSS) are high-value, effective interventions for improving the lives of persons with disability and chronic conditions. As with most health care, inequities in access to and quality of rehabilitation and LTSS exist. Efforts to address these inequities have never been more important, given that chronic conditions affect more than half of U.S. adults, with 27% having multiple chronic conditions (MCC), and one in four US adults living with a disability. MCCs are associated with preventable and high healthcare costs, hospitalizations, emergency department utilization, and disability. Chronic conditions are costly, accounting for 75% of US healthcare dollars. Furthermore, the proportion of persons living with MCC and/or disability is steadily increasing, disproportionately affecting persons 65 years and older, those living in poverty, and those from some racial or ethnic minority groups. A learning health systems (LHS) approach offers potential solutions to minimizing disparities in rehabilitation and LTSS, by embedding knowledge and best practices into care delivery, thereby supporting improvement, innovation, and equity. This application seeks to create the Learning Health systems training to improve Disability and chronic condition care (LeaHD) center which will build upon an established, NIH-funded P2C resource center, the Learning Health Systems Rehabilitation Research network (LeaRRn). LeaHD’s long term goal is to improve the health-related quality of life of persons with disability and chronic conditions by improving access to and quality of rehabilitation and LTSS. Our overarching objective is to train embedded scientists to conduct PCOR/CER and dissemination and implementation (D&I) research that will inform improvements in health system operations, quality of care, and, thus, health outcomes for persons with disability and chronic conditions. LeaHD will build upon a wellestablished infrastructure and collaborative relationships at Brown University, University of Pittsburgh, and Boston University, faculty expertise and nine health system partners. Our specific aims are to: 1) establish meaningful and inclusive health system partnerships to identify and develop important questions focused on rehabilitation and LTSS for persons with disability and chronic conditions; 2) recruit and develop a diverse cadre of highly-skilled scientists poised to conduct embedded research; 3) leverage existing resources to provide mentored training for embedded scientists through core LHS research training, individualized training plans, and experiential learning; 4) facilitate embedded PCOR, CER, and D&I research through mentorship and methodological and operational expertise and support; and 5) utilize a comprehensive evaluation framework to assess LeaHD’s impact on embedded scientist professional development, health systems operations, and individual, family, and community-level outcomes.","PROJECT NARRATIVE: OVERALL The Learning Health systems training to improve Disability and chronic condition care (LeaHD) center will train embedded scientists to conduct PCOR/CER and dissemination and implementation research that will inform improvements in health system operations and quality of care. LeaHD will train a cadre of learning health systems (LHS) scientists who will be poised to transform the delivery, quality, and outcomes of care for persons with disability and chronic conditions by focusing on rehabilitation and long term services and supports (LTSS). LeaHD will build upon a well-established infrastructure and collaborative relationships between Brown University, University of Pittsburgh, and Boston University, extensive faculty expertise, and established and emerging partnerships with a diverse group of nine health system partners.",1973548,1536336,437212,2026-03-01,AHRQ Source,N/A,N/A,2024-01-01,2028-12-31,Agency for Healthcare Research and Quality,93.226,"RESEARCH ON HEALTHCARE COSTS, QUALITY AND OUTCOMES",RFA-HS-23-001,N/A,N/A,N/A,FALSE,BROWN UNIVERSITY,RI,PROVIDENCE,RI-01,"Private, R1",UNIVERSITY-WIDE,https://reporter.nih.gov/project-details/11004323,https://taggs.hhs.gov/Detail/AwardDetail?arg_AwardNum=P30HS029756&arg_ProgOfficeCode=7,https://www.usaspending.gov/award/ASST_NON_P30HS029756_075/
HS029759,P30,P30HS029759,5P30HS029759-02,Disrupted,Terminated,Learning Health System Scientist Training And Research in New Jersey (LHS STAR NJ),"ABSTRACT Health systems struggle to consistently deliver care that is safe, effective, timely, efficient, equitable, and patientcentered. Pragmatically leveraging science to provide quality health care efficiently and equitably can profoundly impact population health. Undertaking the deliberate work of establishing a premier Learning Health System (LHS), we will build platforms and integrate Cores to enable investigators to perform cutting-edge Patient Centered Outcomes Research (PCOR), Comparative Effectiveness Research (CER), and Dissemination and Implementation Science (D&I) to improve healthcare delivery, health, and health equity. These foundational resources and services will also provide a nurturing environment to train the next generation of LHS Scientists. To expand and reimagine LHS across NJ, we propose creating an innovative, impactful LHS Scientist Training and Research Center in New Jersey (LHS STAR NJ) with distinct goals that: 1) trains the next generation of LHS Scientists; 2) accelerate improvements in the quality, safety, outcomes, equity, efficiency, coordination, and patient-centeredness of care delivered by a diverse alliance of health system and organizational partners (LHS partners); 3) models the value of LHS Science in driving continuous learning and improvement into real-world practice; and 4) improves the health and health equity of NJ. To accomplish these goals, we will develop the structure, resources and services, and cultivate LHS and community partnerships to support LHS training and science; create formal didactic and experiential education, training, mentorship and career development activities in LHS science for a diverse group of embedded investigators, clinicians, and health system personnel tailored to their professional interests to create the next generation of LHS Scientists in academia, industry, and government; support LHS Scientists’ and other researchers conduct of rigorous, impactful PCOR and CER in our LHS partners to improve the processes, outcomes, and equity of care among diverse patients, populations, and settings; and promote the communication and pragmatic use of our findings in LHS partners and to researchers, health systems, and other stakeholders regionally and nationally. As a natural laboratory, LHS STAR NJ combines the expertise of established LHS investigators and mentors with the assets of a Big 10 health sciences university with 7 health professions schools, 6 different health systems, the state’s largest insurer and home care agency, and 2 government agencies. To increase our cohort of LHS Scientists, we will provide disparate training pathways to expand and diversify our LHS workforce. In all endeavors, we will leverage approaches that embrace diversity, inclusion, equity, and accessibility (DEIA) in trainees, mentors, and study populations. LHS STAR NJ will also support scientist- and health system-generated LHS projects within which we can embed Scientists overseen by a jointly governed committee of academic-health system representatives. Our LHS projects will address the lifespan, diverse healthcare settings, populations, disease states, and AHRQ/PCORI priority areas with the goal to improve health and healthy equity in New Jersey.","PROJECT NARRATIVE Our LHS STAR NJ program will train future scientists and health professionals in the best ways to evaluate and improve the quality, outcomes, and patient-centeredness of care through educational classes, mentoring, and hands on learning. It makes available to a broad community all of the research knowledge and resources needed to do projects that will improve health and health equity. Our program combines the teaching and research knowhow of Rutgers Biomedical and Health Sciences (7 health professions schools) partnered with a 6 diverse health system partners, insurers, and government agencies.",1695000,1382439.56,312560.43999999994,2026-03-01,AHRQ Source,N/A,N/A,2024-01-01,2028-12-31,Agency for Healthcare Research and Quality,93.226,"RESEARCH ON HEALTHCARE COSTS, QUALITY AND OUTCOMES",RFA-HS-23-001,N/A,N/A,N/A,FALSE,RUTGERS BIOMEDICAL AND HEALTH SCIENCES,NJ,Newark,NJ-10,"Land grant, Public, R1",SCHOOLS OF MEDICINE,https://reporter.nih.gov/project-details/11004314,https://taggs.hhs.gov/Detail/AwardDetail?arg_AwardNum=P30HS029759&arg_ProgOfficeCode=7,https://www.usaspending.gov/award/ASST_NON_P30HS029759_075/
HS029762,P30,P30HS029762,5P30HS029762-02,Disrupted,Terminated,Massachusetts Institute for Equity-Focused Learning Health System Science (MIELHSS),"Overall Project Summary Never in our lifetimes has there been a greater collective focus on health or the need to address the wide disparities we face as a country in health outcomes. The Massachusetts Institute for Equity-Focused Learning Health System Science (MIELHSS) brings together an alliance of FQHCs, Safety Net Hospitals, Community Clinics, Patients, PCORnet sites, and leading academic health systems who share a common purpose to accelerate research and train the future workforce to advance learning health system science, address disparities, and improve health outcomes for the U.S. The overarching objective of MIELHSS is to develop scientists in embedded research, and accelerate innovation in human-centered, equity-focused learning health system (E-LHS) science. Our framework for training and learning is based on the quintuple aim of healthcare: better health, improved patient experiences, care team wellbeing, and health equity, at lower cost. We will develop future research leaders who can lead progress toward that goal. Our proposed curriculum, experiential activities, mentorship, partnerships, data, and programming provide the core competencies required to generate these innovative leaders in E-LHS science. Our specific aims are to: 1) Advance the development of a diverse workforce of embedded E-LHS scientists across the professional development lifecycle; 2) Accelerate enduring advancement in E- LHS science by adopting common data standards across a broad and diverse network of equity measures and social determinants of health; and 3) Forge a strong cross institutional alliance between community, safety net, academic health systems, patients, mentors, and scholars to drive widespread and enduring change. Our team has strong working relationships and deep and complementary experience across LHS Core Competencies and PCORI research, mentoring and training scholars including LHS scholars, and a shared commitment to addressing health equity for all. We will provide tailored training experiences across the professional lifecycle, community-wide engagement activities, data integration, methods development, and proactive dissemination to accelerate the spread of successful E-LHS research. We will measure success using traditional academic measures such as grant submissions and publications but also by measuring health system engagement in MIELHSS activities and sustained implementation and widespread adoption of interventions identified through this work.","Overall Project Narrative The overarching goal of the Massachusetts Institute for Equity-Focused Learning Health System Science (MIELHSS) is to train embedded health system scientists and accelerate the conduct of equity-focused PCOR/CER to improve health system operations, quality, and health outcomes. Our group includes several large academic health systems, FQHCs, community centers, safety net hospitals, PCORnet sites, and the VA; together we care for diverse populations and share a common goal to advance equity-focused learning health system science. Our proposed infrastructure will: 1) create a stimulating environment to develop embedded LHS scientists from diverse backgrounds, 2) build a robust shared data structure that will support and accelerate equity-focused research, and 3) accelerate the collaborative culture change that will be needed to drive meaningful impact in LHS and health equity.",1996732,840370.15,1156361.85,2026-03-01,AHRQ Source,N/A,N/A,2024-01-01,2028-12-31,Agency for Healthcare Research and Quality,93.226,"RESEARCH ON HEALTHCARE COSTS, QUALITY AND OUTCOMES",RFA-HS-23-001,N/A,N/A,N/A,FALSE,BETH ISRAEL DEACONESS MEDICAL CENTER,MA,BOSTON,MA-07,N/A,Independent Hospitals,https://reporter.nih.gov/project-details/11004274,https://taggs.hhs.gov/Detail/AwardDetail?arg_AwardNum=P30HS029762&arg_ProgOfficeCode=7,https://www.usaspending.gov/award/ASST_NON_P30HS029762_075/
HS029763,P30,P30HS029763,5P30HS029763-02,Disrupted,Terminated,Columbia-Cornell-Einstein EQUIP+ Center for Learning Health System Science,"With persistent healthcare disparities experienced by US minority groups, there is an urgent need to prioritize health equity and reorient healthcare systems around this issue. This is especially apparent in quality and safety, an area of national attention for over two decades, yet progress has been limited. In response, quality experts, including AHRQ, urge healthcare systems to embed equity into all quality and safety efforts, ensure resources and infrastructure, engage patients and communities as partners, expand diversity in the workforce, and equip quality and safety leaders within healthcare systems to reduce health disparities. Our proposal is directly responsive to this call to action, as the Columbia-Cornell-Einstein EQUIP+ Center for Learning Health System (LHS) Science is laser focused on the intersection of health equity and quality through a comprehensive embedded LHS Scientist training and research program. Our purpose is to address Equity and Health Disparities, and Quality and Safety, through utilization of Implementation Science and Informatics approaches to conduct Patient-Centered Outcomes Research (PCOR) and Comparative Effectiveness Research (CER). The EQUIP+ Center in New York City, a novel LHS training and research program, is a collaboration of 3 world-class academic institutions, Columbia University, Weill Cornell Medicine, and Albert Einstein College of Medicine, their affiliated healthcare delivery systems, NewYork-Presbyterian and Montefiore Health System, and a 20-strong community stakeholder group. The EQUIP+ Center will train, mentor, fund, and support embedded LHS Scientists in conducting LHS research projects focused on AHRQ priorities, and will leverage the complementary strengths of each institution within our leadership, structure, and activities of the Administrative, Research Education, and Research and Data Analysis Cores. Our innovative project promotes multiple infrastructure enhancements, or “+” components: Submission+ guides LHS Scientists to develop robust research project proposals; Project+ provides tailored mentoring and consulting support and resources to conduct LHS projects; and Dissemination+ gives practical support to widely share research findings and lessons learned. To achieve our vision of embedded LHS Scientists who generate evidence for improving operations, equity, quality, safety, and outcomes, the EQUIP+ Center will pursue the following aims: Aim 1–Build and coordinate a robust LHS infrastructure, through the EQUIP+ Center, that provides vital research resources to embedded LHS Scientists and meets their individual training and research project needs; Aim 2–Develop and deliver a high-caliber, multidisciplinary LHS research didactics and mentorship program for a diverse group of embedded LHS Scientists to equip them with the knowledge and practical skills to conduct PCOR/CER and to launch their independent careers in LHS research; Aim 3–Support LHS Scientists in applying rigorous research methods to conduct PCOR/CER projects focused on the intersection of equity and quality, in collaboration with LHS partners and stakeholders.","Disparities in healthcare quality and outcomes persist and a systematic approach is needed to reorient and restructure healthcare systems to address this urgent problem. The Columbia-Cornell-Einstein EQUIP+ Center for Learning Health System (LHS) Science will provide a novel training and research program that leverages cross-institutional collaborations to develop a diverse cadre of embedded LHS Scientists who are equipped to improve healthcare delivery and outcomes. EQUIP+ Center LHS Scientists will generate and disseminate evidence through this dynamic infrastructure to advance the equity, quality, and safety of healthcare for all.",1996724,1625516.63,371207.3700000001,2026-03-01,AHRQ Source,N/A,N/A,2024-01-01,2028-12-31,Agency for Healthcare Research and Quality,93.226,"RESEARCH ON HEALTHCARE COSTS, QUALITY AND OUTCOMES",RFA-HS-23-001,N/A,N/A,N/A,FALSE,COLUMBIA UNIVERSITY HEALTH SCIENCES,NY,NEW YORK,NY-13,"Private, R1",SCHOOLS OF MEDICINE,https://reporter.nih.gov/project-details/11004283,https://taggs.hhs.gov/Detail/AwardDetail?arg_AwardNum=P30HS029763&arg_ProgOfficeCode=7,https://www.usaspending.gov/award/ASST_NON_P30HS029763_075/
HS029764,P30,P30HS029764,5P30HS029764-02,Disrupted,Terminated,Southwest Safety Net Embedded Scientist Training and Research (SSNE-STaR) Center,"Project Summary Overall Core The US healthcare system struggles to provide quality care to the most underserved populations. The safety net organizations (SNOs) serving these populations have limited capacity to support scientists conducting embedded research or rapid evidence implementation. Building a research infrastructure within SNOs to create and implement culturally sensitive evidence-based approaches to improve health equity is an urgent unmet need. The US Southwest has among the worst disparities in the nation, but a robust system of SNOs. Arizona State University College of Health Solutions (ASU CHS) and Valleywise Health (VH) will create the Southwest Safety Net Embedded Scientist Training and Research (SSNE-STaR) Center. The SSNESTaR vision is to improve the health equity of historically disadvantaged populations, with a strong commitment to the needs of American Indians, Hispanic, homeless, and other underserved populations. The SSNE-STaR will support the scientific training and professional development of Scholars embedded across Arizona SNOs to produce evidence-based research and gain proficiency in rapid-cycle implementation. The SSNE-STaR is a collaboration among academic and diverse safety net organizations including inpatient and ambulatory care health systems, federally qualified health centers, Tribal health centers, community partners, and other stakeholders, with equity as a cross-cutting focus, and primary care, maternal care, and disabilities as research priorities. ASU is a Hispanic Serving Institution focused on inclusion, health equity, and continuous improvement. VH is the only public teaching hospital and health care system in Arizona, providing services to underserved, low-income, and ethnically diverse populations, over 60% Hispanic. Other SNO partners include: Native Health of Phoenix, Inter Tribal Council of Arizona, Value Based Care, Veterans Administration (VA) Hospital, and Phoenix Children’s Hospital. The SSNE-STaR will establish a new Learning Health System (LHS) model to support physicians and scientists embedded in SNOs that provide care to underserved populations. The SSNE-STaR will recruit and train embedded health scholars throughout Arizona. Our LHS Scholars will be selected from healthcare professionals throughout the VH system and our extensive network of SNO partners. Embedded Scholars will be recruited from a network of Native American health centers and other regional SNOs. The Center will be supported by an extended research finding dissemination and implementation network of safety net organizations. ASU brings PCOR experience to the SSNE-STaR as a partner in the PCORnet Patient-Centered Network LHSnet (2015-2019), and ASU is currently engaged in a formal collaboration with PCORnet partner, the Greater Plains Collaborative (GPC) Clinical Data Research Network (CDRN).","Overall Project Narrative: Southwest Safety Net Embedded Scientist Training and Research (SSNE-STaR) Center Arizona State University College of Health Solutions (ASU CHS) and Valleywise Health (VH) System will create the Southwest Safety Net Embedded Scientist Training and Research (SSNE-STaR) Center. Our goal is to help improve the health equity of historically disadvantaged populations, with a strong commitment to addressing the needs of Native American, Hispanic, homeless, and other underserved populations. We will support the scientific training and professional development of Scholars embedded across Arizona Safety Net Organizations (SNOs) to conduct comparative effectiveness and patient-centered outcome research (CER/PCOR) and gain proficiency in rapid-cycle implementation.",1999899,1007402.79,992496.21,2026-03-01,AHRQ Source,N/A,N/A,2024-01-01,2028-12-31,Agency for Healthcare Research and Quality,93.226,"RESEARCH ON HEALTHCARE COSTS, QUALITY AND OUTCOMES",RFA-HS-23-001,N/A,N/A,N/A,FALSE,ARIZONA STATE UNIVERSITY-TEMPE CAMPUS,AZ,SCOTTSDALE,AZ-01,"Hispanic Serving, Public, R1",SCHOOLS OF NURSING,https://reporter.nih.gov/project-details/11004271,https://taggs.hhs.gov/Detail/AwardDetail?arg_AwardNum=P30HS029764&arg_ProgOfficeCode=7,https://www.usaspending.gov/award/ASST_NON_P30HS029764_075/
HS029767,P30,P30HS029767,5P30HS029767-02,Disrupted,Terminated,"Realizing Accelerated Progress, Investigation, Implementation, and Dissemination in Learning Health Systems (RAPID-LHS) Center","Realizing Accelerated Progress, Investigation, Implementation, and Dissemination  in Learning Health Systems (RAPID-LHS) Major gaps exist between the generation of clinical evidence, widespread implementation of proven interventions, and formulation of informed policy. The learning health system (LHS) aims “to generate and apply the best evidence for the collaborative healthcare choices of each patient and provider; to drive the process of discovery as a natural outgrowth of patient care; and to ensure innovation, quality, safety, and value in healthcare.” Vanderbilt will formally train a cadre of RAPID-LHS scientists well versed in the best methods for integrating patient-centered outcomes, evidence implementation, and evaluation of health policies within the LHS. We propose to establish the Realizing Accelerated Progress, Investigation, Implementation, and Dissemination in Learning Health Systems (RAPID-LHS) Center to train faculty to conduct high-impact research that is embedded in the LHS. In cross-training scientists and embedding them in the health system, we will draw together scientists and mentors across disciplines and model the team science integral to LHS. We will provide forums that demonstrate the intellectual productivity and practical benefits of interdisciplinary research in advancing human health. We endorse team approaches to filling gaps in knowledge and translating knowledge into application. A diverse pool of scientists from internal (Vanderbilt University Medical Center) and partner health systems (Meharry Medical College, the VA Quality Scholars Program, Vanderbilt University, Vanderbilt Health Affiliated Network, Safety Net Clinics, and the STAR Clinical Research network) is available. Career milestones for scientists will include impact on health equity, population health and patient health, publications and grants. LHS lessons learned during project development will advance LHS science. All RAPID-LHS scientists will conduct embedded projects in conjunction with Research and Data Analysis Core (RDAC), focusing on 1) patient-centered outcomes research, 2) dissemination and implementation science, 3) health policy/public health, 4) stakeholder engagement and health equity, and 5) methods advancement. Each embedded project will begin with in-depth feedback from a Community Engagement Studio and LHS Platform Studio, which will follow a structured process to ensure that the clinical question is important and that the research is needed. All scientists will then meet with RDAC mentors to determine their needs and prepare a structured workplan. The research will use a health equity lens to prevent unintended consequences of interventions in the health system. Each scientist will engage in integrated didactic and experiential training through the Research Education Core. The RAPID-LHS scientists’ progress will be facilitated by VUMC’s rich environment for training in LHS and supporting projects with real-world impact.","The learning health system is designed to “to generate and apply the best evidence for the collaborative healthcare choices of each patient and provider; to drive the process of discovery as a natural outgrowth of patient care; and to ensure innovation, quality, safety, and value in healthcare.” Vanderbilt is committed to establishing the Realizing Accelerated Progress, Investigation, Implementation, and Dissemination in Learning Health Systems (RAPID-LHS) Center to develop a cadre of scientists formally trained and well versed in the best methods for engaging and improving the learning health system. The RAPID-LHS Center will train future scientists and provide support in the following areas of strength: 1) patient-centered outcomes research; 2) dissemination and implementation science; 3) health policy/public health; 4) stakeholder engagement, community health, and health equity; 5) methods advancement.",1978390,1383003.98,595386.02,2026-03-01,AHRQ Source,N/A,N/A,2024-01-01,2028-12-31,Agency for Healthcare Research and Quality,93.226,"RESEARCH ON HEALTHCARE COSTS, QUALITY AND OUTCOMES",RFA-HS-23-001,N/A,N/A,N/A,FALSE,VANDERBILT UNIVERSITY MEDICAL CENTER,TN,NASHVILLE,TN-07,"Private, R1",Independent Hospitals,https://reporter.nih.gov/project-details/11004303,https://taggs.hhs.gov/Detail/AwardDetail?arg_AwardNum=P30HS029767&arg_ProgOfficeCode=7,https://www.usaspending.gov/award/ASST_NON_P30HS029767_075/
HS029770,P30,P30HS029770,5P30HS029770-02,Disrupted,Terminated,UCSD Center for Learning Health Systems Science,"PROJECT SUMMARY OVERALL The overall objective of the proposed UCSD Learning Health Systems (LHS) Center is to provide didactic and experiential training in learning health systems science to clinicians and other scientists from diverse backgrounds. The three cores of the Center – Administrative Core, Research and Education Core, and Research and Data Analysis Core – will operate as inter-dependent parts of the Center infrastructure to support the professional development of scientists to conduct research that accelerates progress towards an integrated learning health system. By design, the Center’s LHS infrastructure and workflow present holistic opportunities for LHS Scientists to interact with their sponsors, with their cohort, and other member of the LHS community. A LHS research project funded in the Center will also provide LHS Scientists a learning opportunity encompassing the full circle of developing, executing, managing, and reporting a research project as an embedded scientist. The proposed LHS Center will enhance diversity of both the LHS Scientists as well as patients who will benefit from LHS interventions in a minimum of three safety net health systems, UCSD and two federally qualified health centers, El Centro Regional Medical Center (ECRMC) and Family Health Centers of San Diego (FHCSD), that serve disproportionally underserved and minoritized populations. Multi-channel outreach efforts will cover underrepresented minority faculty and scientists both within and outside of the UCSD health sciences programs. Healthcare professionals including nurses and social scientists such as economists and sociologists are also eligible. The proposed Center has assembled faculty members representing multiple disciplines, gender, race, and age. Many of them specialize in health equity and are national leaders in reducing racial disparities in access to health services. All of them are engaged in research efforts that are well aligned with AHRQ/PCORI’s priorities. Their projects offer LHS Scientists experiential education opportunities that will be highly beneficial in preparation for their own research project. The proposed Center aims to (1) mentor and train clinicians and other scientists in competencies of learning health systems, organizational transformation, hypothesis generation and testing, data management and analysis, patient and stakeholder engagement, and how to apply research insights to address health system priorities in real world practice workflow; (2) to support and train LHS Scientists in sophisticated methods of deriving study-relevant structured and unstructured data from the electronic health record system and gain competencies in mixed methods research; and (3) to facilitate bidirectional asset-based community development opportunities for implementation of learning health systems pragmatic research in resource constrained care environments with diverse and underserved populations and in academic health systems with a broad range of deep expertise.","PROJECT NARRATIVE OVERALL The UCSD Learning Health Systems Science Center Core Grant will provide core services and resources to enhance the career development of embedded LHS Scientists to conduct research that will advance the field. These resources will be used to provide didactic and experiential education to LHS Scientists recruited broadly from UCSD and federally qualified health center community partners including the El Centro Regional Medical Center and the Family Health Centers of San Diego. The Center will foster collaboration among faculty from 8 academic departments in the School of Medicine, Economics, Biostatistics, the Altman Clinical and Translational Research Institute, Jacobs Center for Health Innovation, and Population Health Services to bring us closer to our goal of enhancing diversity of the LHS workforce and improving health and equity.",1969759,1535334.69,434424.31000000006,2026-03-01,AHRQ Source,N/A,N/A,2024-01-01,2028-12-31,Agency for Healthcare Research and Quality,93.226,"RESEARCH ON HEALTHCARE COSTS, QUALITY AND OUTCOMES",RFA-HS-23-001,N/A,N/A,N/A,FALSE,"UNIVERSITY OF CALIFORNIA, SAN DIEGO",CA,LA JOLLA,CA-50,"Land grant, Public, R1, Tribal/Native Serving",SCHOOLS OF MEDICINE,https://reporter.nih.gov/project-details/11004264,https://taggs.hhs.gov/Detail/AwardDetail?arg_AwardNum=P30HS029770&arg_ProgOfficeCode=7,https://www.usaspending.gov/award/ASST_NON_P30HS029770_075/
HS029771,P30,P30HS029771,5P30HS029771-02,Disrupted,Terminated,Dartmouth Learning Health System (LHS) Embedded Scientist Training and Research (E-STaR) Center,"PROJECT ABSTRACT: OVERALL  We propose the Dartmouth Learning Health System (LHS) Embedded Scientist Training (E-STaR) Center, building on a long-standing partnership between Dartmouth College (DC) and Dartmouth Health (DH) and 30 years of excellence in patient-centered outcomes research (PCOR). The DH LHS, initiated in oncology and palliative care in 2019, explicitly recognizes that the collective expertise of patients, care partners, scientists, and clinical care teams is necessary to effectively implement and sustain evidence-based, goal-aligned care. Through the Center we seek to train the next generation of LHS embedded scientists to fully partner with patients and communities to meet the healthcare needs of northern New England.  Three integrated Cores will work in concert to impart LHS scientists with essential knowledge for conducting rigorous and reproducible PCOR/CER and to effectively implement evidence-based practices within the LHS. This will begin with intentional recruitment and selection of a diverse group of scientists through a national call, coordinated by the Administrative Core (AC). The Research Education Core (REC) will guide the development of the scientists’ knowledge and skills related to LHS competencies and PCORI methodology standards through a tailored training plan to be carried out over 18 months with a primary mentor and mentoring team. Experiential learning will involve the design and conduct of a LHS research project with the resources of the Research and Data Analysis Core (RDAC), including the integration of resulting evidence-based practices into the LHS. An environment of inclusivity and belonging will be fostered by creating a community of practice through scientist’s participation in a Learning Collaborative designed to create a cycle of peer-to-peer learning.  The Center’s specific aims are: Aim 1: To accelerate the DH LHS through the recruitment and development of a diverse group of embedded LHS scientists equipped with the knowledge and skills to transform rural healthcare with a focus on the challenge of timely access to high-quality, equitable, person-centered care in rural settings. Aim 2: To support embedded LHS scientists through tailored training, mentoring, and experiential learning and in the conduct of PCOR/CER projects designed to advance rural health equity. Aim 3: To disseminate knowledge gained within the Dartmouth LHS E-STaR Center throughout our broader communities and to evaluate the Center’s progress in advancing the DH LHS toward meeting the healthcare needs of northern New England.  By growing the LHS scientist workforce, we plan to advance rural health and healthcare equity through the study and implementation of evidence-based practices designed to make timely, high quality, person-centered, goal-aligned care accessible to all.","PROJECT NARRATIVE The Dartmouth Learning Health System Embedded Scientist Training and Research (E-STaR) Center will provide scientists with the skills and needed support to complete research studies with patients, clinical teams, and community partners. Studies will focus on improving the availability and quality of healthcare in northern New England. What is learned will be put into clinical practice and shared widely to promote access to highquality, equitable, person-centered care across the United States.",1999324,1810149.9300000002,189174.06999999983,2026-03-01,AHRQ Source,N/A,N/A,2024-01-01,2028-12-31,Agency for Healthcare Research and Quality,93.226,"RESEARCH ON HEALTHCARE COSTS, QUALITY AND OUTCOMES",RFA-HS-23-001,N/A,N/A,N/A,FALSE,DARTMOUTH COLLEGE,NH,HANOVER,NH-02,"Private, R1",SCHOOLS OF MEDICINE,https://reporter.nih.gov/project-details/11004306,https://taggs.hhs.gov/Detail/AwardDetail?arg_AwardNum=P30HS029771&arg_ProgOfficeCode=7,https://www.usaspending.gov/award/ASST_NON_P30HS029771_075/
HS029772,P30,P30HS029772,5P30HS029772-02,Disrupted,Terminated,Promoting Embedded Research in a Learning Health System,"Johns Hopkins University proposes to create PERLHS: Promoting Embedded Research in a Learning Health System. We aim to prepare embedded investigators to apply rigorous methods to generate and disseminate actionable knowledge. In this proposal, we describe our plans to train investigators in comparative effectiveness research and patient-centered outcomes research (CER/PCOR) in service to a learning health system (LHS). We will expressly engage three distinct populations of embedded researchers for training: clinical investigators embedded within the precision-medicine initiatives of Johns Hopkins, investigators embedded within the operational functions of the Johns Hopkins Health System, and investigators embedded in entities working to advance population health across Maryland. Training these diverse investigators gives us the opportunity to extend the impact of PERLHS outside of the academic institution to other settings that will beneϐit from having trained embedded researchers.  Our training model will focus on building these researchers’ CER/PCOR skills by engaging them in a longitudinal training program modeled after the Leadership Academy of the Armstrong Institute for Patient Safety and Quality at Johns Hopkins. Our training program will be an 11-month experience for the scholars during which time they will engage in asynchronous didactic learning, participate in monthly small-group workshops as a cohort of scholars, and complete a project to fulϐill a need of their sponsoring entity closely supervised by a PERLHS mentor who will assist with design, analysis, and access to resources. We will develop an Administrative Core, a Research Education Core, and a Research Data and Analysis Core to meet the learning needs of the 10 scholars plus one post-doctoral fellow that we will enroll annually. We will evaluate the individual scholars and conduct a formative program evaluation annually with the help of our diverse advisory board. We will work towards a sustainable program by the end of the award where the teaching and mentoring is supported by tuition remission dollars for our faculty and staff, and scholarship funds for our external learners.","Project Narrative Our program is called Promoting Embedded Research in a Learning Health System (PERLHS). With an administrative core, a research education core, and a research and data analytics core, we aim to build the comparative effectiveness research skills of embedded clinicians, scientists, and administrators. We will engage three distinct populations of scholars: learners embedded within the precision-medicine initiative of Johns Hopkins University, learners embedded within the operational entities of the Johns Hopkins Health System, and learners embedded in entities working to advance population health for Maryland residents.",1999999,1643651.79,356347.20999999996,2026-03-01,AHRQ Source,N/A,N/A,2024-01-01,2028-12-31,Agency for Healthcare Research and Quality,93.226,"RESEARCH ON HEALTHCARE COSTS, QUALITY AND OUTCOMES",RFA-HS-23-001,N/A,N/A,N/A,FALSE,JOHNS HOPKINS UNIVERSITY,MD,BALTIMORE,MD-07,"Private, R1",SCHOOLS OF MEDICINE,https://reporter.nih.gov/project-details/11004265,https://taggs.hhs.gov/Detail/AwardDetail?arg_AwardNum=P30HS029772&arg_ProgOfficeCode=7,https://www.usaspending.gov/award/ASST_NON_P30HS029772_075/
HS029773,R18,R18HS029773,5R18HS029773-02,Disrupted,Terminated,Supporting Unhealthy Substance use care Through a whole person Approach and user centered INtegration into primary care (SUSTAIN),"PROJECT SUMMARY  Over a third of American adults engage in unhealthy substance use (USU), which includes a spectrum ranging from any illicit drug use or alcohol consumption above guideline-recommended levels through more severe substance use disorder. USU results in increased mortality through overdose and substantial morbidity including reduced functioning, poorer chronic disease outcomes and increased health care utilization. A broad range of biological, psychological and social factors contribute to USU. However, while primary care clinicians frequently encounter patients with USU, they rarely screen for, diagnose, or treat USU using a comprehensive approach that would account for all these factors. Furthermore, existing strategies and models to improve USU care frequently fail to consider practice and community context, and thus have not been widely disseminated.  In our study, Supporting Unhealthy Substance use care Through a whole person Approach and user centered INtegration into primary care (SUSTAIN), we propose to engage primary care practices and individuals with lived USU experience in codesigning a whole person USU intervention and collaboratively test the implementation of the SUSTAIN intervention in primary care practices. In phase 1 of our study, we will convene a series of stakeholder groups with practice representatives and individuals with USU who will codesign a change package that includes a menu of interventions that considers the psychological, social, and biological factors that contribute to USU. In phase 2, we will conduct a cluster randomized controlled trial with waitlist control in 24 practices with 50 patients each from 2 practice-based research networks, the WWAMI (Washington, Wyoming, Alaska, Montana and Idaho) region Practice and Research Network and the Virginia Ambulatory Care Outcomes Research Network. Participating practices will join a learning collaborative where they will be supported in implementing their customized approach to identifying and treating USU by selecting from the menu of interventions developed in Phase 1. The primary outcome will be patient functioning (measured by the PROMIS-29-v2) and secondary outcomes will include unhealthy substance use (TAPS-1), recovery (RAS), health care utilization and process outcomes. Guided by the Consolidated Framework for Implementation Research (CFIR), we will evaluate implementation outcomes and conduct qualitative interviews with a subset of patients and clinicians. Our proposed intervention will enhance equity since the intervention is adaptable to the needs and preferences of each practice and individuals served by the practice. It is innovative in that it transcends the current focus on implementing a specific model and recognizes and adapts to the diversity of primary care practices in communities served, organizational structures and payment models. If successful, the SUSTAIN model can transform how primary care practices care for individuals with USU in a sustainable and whole person approach, improving patient outcomes and enhancing communities.","PROJECT NARRATIVE Over a third of U.S. adults have unhealthy substance use but primary care clinicians rarely routinely screen for and address unhealthy substance use in a whole person approach that would effectively reduce substance use and improve health. Our study engages primary care practice champions and patients in codesigning and implementing a comprehensive, whole person approach to identifying and addressing unhealthy substance use that accounts for the psychological, social and biological contributors to substance use.",1242685,1008384.15,234300.84999999998,2025-11-28,AHRQ Source,N/A,N/A,2023-09-30,2027-09-29,Agency for Healthcare Research and Quality,93.226,"RESEARCH ON HEALTHCARE COSTS, QUALITY AND OUTCOMES",RFA-HS-23-005,N/A,N/A,N/A,FALSE,UNIVERSITY OF WASHINGTON,WA,SEATTLE,WA-07,"Public, R1, Tribal/Native Serving",SCHOOLS OF MEDICINE,https://reporter.nih.gov/project-details/10931543,https://taggs.hhs.gov/Detail/AwardDetail?arg_AwardNum=R18HS029773&arg_ProgOfficeCode=7,https://www.usaspending.gov/award/ASST_NON_R18HS029773_075/
HS029776,F32,F32HS029776,1F32HS029776-01A1,Disrupted,Terminated,Long Term Outcomes and Cost-Implications of Inequitable Access to AcuteInpatient Rehabilitation,"Project Summary Spinal cord injury (SCI) affects an estimated 294,000 patients in the United States and often occurs in the setting of trauma. Sequelae of SCI range from impaired sensorimotor function to complete paralysis, leading to detrimental effects on employment, social integration, and healthcare system utilization. Importantly, neurologic losses are mitigated by a post-acute care strategy which emphasizes rehabilitative care provided at acute inpatient rehabilitation facilities (IRFs). Despite the benefits of IRF care for SCI patients, not all patients with spinal cord injuries are treated at IRFs. Recent work from our group has shown that publicly insured SCI patients are less likely to receive care at IRFs compared to privately insured patients, even after controlling for age, injury severity, and comorbidities. The reasons for this finding are unclear. It is unknown to what degree lack of IRF care for SCI patients increases their long-term morbidity and healthcare utilization, and it is unknown whether cost-savings from decreased long-term healthcare utilization would justify expanded access to IRF care. In Aim 1, we will characterize rates of harm associated with SCI, such as pressure ulcers, urosepsis, and deep venous thrombosis, among patients who received IRF care versus those who did not. In Aim 2, we will quantify rates of unplanned healthcare resource use, measured in dollar costs of rehospitalization and emergency department encounters, among SCI patients who received IRF care versus those who did not. In Aim 3, we will forecast healthcare system costs associated with triaging patients to appropriate post-acute care rehabilitation and calculate the cost-effectiveness of such a move. The knowledge gained from this project will increase our understanding of the role of post-acute care on healthcare system costs and directly inform healthcare policy interventions regarding the post-acute care of trauma patients with spinal cord injury.","Project Narrative Patients with traumatic spinal cord injuries (SCI) risk irreversible functional decline if they do not undergo a timely program of supervised rehabilitation at an inpatient rehabilitation facility (IRF). However, recent work published by our group demonstrates that publicly-insured SCI patients are often not triaged to IRFs in comparison to privately-insured peers, even after controlling for risk factors such as age, comorbidities, and injury severity. The study here aims to quantify the economic costs and clinical complications associated with lack of IRF access and uses novel statistical and machine learning methods to predict the cost effectiveness of policy interventions for improving the care of this vulnerable population.",92756,67052.65,25703.350000000006,2025-08-29,AHRQ Source,N/A,N/A,2024-07-01,2026-06-30,Agency for Healthcare Research and Quality,93.225,NATIONAL RESEARCH SERVICE AWARDS HEALTH SERVICES RESEARCH TRAINING,PA-22-251,N/A,N/A,N/A,FALSE,NORTHWESTERN UNIVERSITY,IL,CHICAGO,IL-05,"Private, R1",SCHOOLS OF MEDICINE,https://reporter.nih.gov/project-details/10996951,https://taggs.hhs.gov/Detail/AwardDetail?arg_AwardNum=F32HS029776&arg_ProgOfficeCode=7,https://www.usaspending.gov/award/ASST_NON_F32HS029776_075/
HS029783,R18,R18HS029783,5R18HS029783-03,Disrupted,Terminated,Leveraging social determinants via artificial intelligence and peer coaching to address racial disparities in primary care among people who use opioids,"PROJECT SUMMARY Black and Latinx people who use opioids (PWUO) bear a disproportionate burden of opioid overdose deaths. The economic burden faced by Black and Latinx PWUO has also risen due to costs associated with excess mortality and utilization of high-cost healthcare services. Compared to White PWUO, Black and Latinx PWUO are less likely to be initiated on buprenorphine in emergency department (ED) settings and establish care in primary care for the treatment of opioid use disorder (OUD). Racial disparities among PWUO in primary care are driven by social determinants of health (SDH; e.g., lack of peer support or health insurance) and may be partially addressed by adopting innovative mobile health and peer coaching strategies. With NIH support, we have validated a theory-driven, artificial intelligence (AI)-driven texting tool using natural language processing to facilitate real-time text responses to patient queries combined with automated texts facilitating receipt of buprenorphine in office-based opioid treatment (OBOT) and social services that address social determinants of health (SDH). This open source texting tool offers passive reminders, informational content, and interactive twoway response algorithms without personal staff contact. In addition, we have adapted an efficacious cultural and structural humility training for PRCs that goes beyond SDH to also address stigma reduction, discrimination, health habitus, and patient navigation to enhance uptake of primary care and social services for PWUO. Using a three-arm, comparative effectiveness trial design, our specific aims are to: (1) Assess the efficacy of PRCsupported text-based care/services coordination with PWUO + AI-driven SDH-enhanced text messaging (intervention arm-1) vs. AI-driven SDH-enhanced text messaging only (intervention arm-2) vs. TAU or printed social/medical services referrals (control) to enhance the receipt of buprenorphine in OBOT among ED-enrolled Black / Latinx PWUO (N=252); (2) Evaluate the implementation of the multimodal intervention (arm-1) guided by the RE-AIM and CFIR frameworks using in-depth interviews among 3 stakeholder groups: (1) frontline providers (n=10); (2) administrators (n=10); and (3) a subset of the Black and Latinx PWUO from the multimodal intervention arm-1 (n=30); and (3) Identify the resources and estimate the associated cost of implementing and sustaining the multimodal intervention and incorporate this information into a customizable budget-impact tool and conduct a comprehensive economic evaluation to calculate the relative economic value (e.g., cost-per quality-adjusted life years, cost-per OUD treatment days) of each study arm from the healthcare sector, statepolicymaker, and societal perspectives which will also inform implementation framed by RE-AIM. Our team is poised to conduct this study given expertise in novel Cultural & Structural Humility Training designed for peers, in open source AI-driven mobile health innovations, and was instrumental in integrating mHealth and telemedicine solutions for patients initiating buprenorphine in primary care. If successful, a multisite effectiveness-implementation hybrid type 1 trial will follow. .","PROJECT NARRATIVE Black and Latinx people who use opioids are disproportionately impacted by opioid overdose deaths. The proposed study assesses the efficacy of an open source, multimodal artificial intelligence-driven texting tool combined with peer recovery coach-supported text contact that delivers social services, stigma reduction, health habitus, and patient navigation content addressing social determinants of health to enhance receipt of buprenorphine in primary care among emergency department-enrolled Black / Latinx people who use opioids.",1112921,902220.25,210700.75,2025-11-28,AHRQ Source,N/A,N/A,2023-09-30,2027-09-29,Agency for Healthcare Research and Quality,93.226,"RESEARCH ON HEALTHCARE COSTS, QUALITY AND OUTCOMES",RFA-HS-23-005,N/A,N/A,N/A,FALSE,"FRIENDS RESEARCH INSTITUTE, INC.",MD,BALTIMORE,MD-07,N/A,Research Institutes,https://reporter.nih.gov/project-details/10931538,https://taggs.hhs.gov/Detail/AwardDetail?arg_AwardNum=R18HS029783&arg_ProgOfficeCode=7,https://www.usaspending.gov/award/ASST_NON_R18HS029783_075/
HS029792,R01,R01HS029792,5R01HS029792-02,Disrupted,Terminated,Improving Diagnostic Equity in Ambulatory care Settings (I.D.E.A.S.): Research to Practice,"PROJECT SUMMARY The diagnostic process is an iterative, time-dependent, and collaborative decision-making process under uncertainty to reach an explanation for the patient’s health condition(s) and communicate this explanation to the patient. Appropriate healthcare delivery depends on the proximity between a patient’s health condition and diagnosis and yet, diagnostic errors remain a leading cause of morbidity and mortality in the U.S. Considering the volume and variety of primary care patients, combined with the practical challenges of scarce and costly referral and testing resources, the incidence of diagnostic errors can disproportionally affect medically underserved and vulnerable patient populations. Diagnostic disparities occur when preventable diagnostic errors are experienced disproportionately among certain patient demographic subgroups. Research has shown disparities in diagnostic error s by race and ethnicity, sex, gender, geographic location, and socioeconomic status, in part due to implicit bias, discrimination, and stigma. However, the relationship between diagnostic equity (i.e., diagnostic disparities related to diagnostic error due to systemic challenges in policies and practices) and diagnostic uncertainty (i.e., subjective perception of an inability to provide an accurate explanation of the patient's health problem) is poorly understood. Diagnostic uncertainty, a concept that has yet to be adequately operationalized in medical practice, is a natural part of medicine and more common in primary care than any other specialty. Identification of indicators and causes for diagnostic errors is crucial to avoid patient harm. Previous studies linked diagnostic uncertainty to diagnostic variation (i.e., physicians providing different diagnosis for the same patient), over-testing, increased hospitalization, and referrals. Yet, the connection between diagnostic uncertainty and diagnostic equity remains an understudied domain. While there is an increasing need to develop data-driven and evidence-based methods to study the relationship between diagnostic equity and diagnostic uncertainty, the complexity, time dependency, and uncertainty of the diagnostic process makes this challenging. Therefore, we have developed the Improving Diagnostic Equity in Ambulatory care Settings (I.D.E.A.S.): Research to Practice study to evaluate diagnostic errors in the context of diagnostic equity and diagnostic uncertainty through the application of decision-modeling and human factors methodologies. The novelty of the proposed study lies in its unique interdisciplinary approach, bringing together clinical diagnostician expertise, data science, operations research, and human factors engineering, to work towards methodological advances in conceptualizing and measuring diagnostic errors. Expected outcomes will lay the foundation for designing a comprehensive framework via an equity lens to connect diagnostic equity and diagnostic uncertainty to inform interventions aimed at reducing diagnostic inequity and improving the management of diagnostic uncertainty.","PROJECT NARRATIVE The Improving Diagnostic Equity in Ambulatory care Settings (I.D.E.A.S.): Research to Practice study is designed to evaluate diagnostic errors in the context of diagnostic equity and diagnostic uncertainty through the application of decision-modeling and human factors methodologies. IDEAS: Research to Practice will produce data to understand the extent to which diagnostic inequities occur in the ambulatory setting and their root causes. Our anticipated findings serve as the first step in designing interventions to support clinicians and patients in recognizing potential diagnostic errors, connecting risk factors and their interactions to disproportionately experienced diagnostic errors caused by system-level challenges in diagnostic decision-making processes.",998269,841008.2400000001,157260.7599999999,2025-09-29,AHRQ Source,N/A,N/A,2023-09-30,2027-07-31,Agency for Healthcare Research and Quality,93.226,"RESEARCH ON HEALTHCARE COSTS, QUALITY AND OUTCOMES",RFA-HS-23-010,N/A,N/A,N/A,FALSE,MEDSTAR HEALTH RESEARCH INSTITUTE,MD,Columbia,MD-03,N/A,Research Institutes,https://reporter.nih.gov/project-details/10931551,https://taggs.hhs.gov/Detail/AwardDetail?arg_AwardNum=R01HS029792&arg_ProgOfficeCode=7,https://www.usaspending.gov/award/ASST_NON_R01HS029792_075/
HS029807,R18,R18HS029807,5R18HS029807-02,Disrupted,Terminated,Bridging the gap: Delivering Equitable Colorectal Cancer Screening,"Summary Colorectal cancer (CRC) is the third most common cause of cancer and cancer mortality in the U.S., with significant differences in outcomes in historically marginalized populations. Black individuals have the highest mortality rate for CRC; half of the disparity has been associated with lower screening rates. CRC screening is recommended by the United States Preventative Services Task Force for adults age 45-75. Patient navigation is an evidence-based strategy to increase screening rates among racial and ethnic minorities. While patient navigation is an evidence-based approach to improve screening, there is a gap in understanding the multi-level influences on implementation of such programs across primary care practices, particularly using a healthequity focused, stakeholder-centered approach. Our long-term goal is to promote health equity through understanding contextual factors including system and interpersonal racism and implementation strategies needed to implement patient navigation across primary care settings with diverse racial and ethnic populations. We propose mixed methods along with an advisory board comprised of community organizations to iteratively adapt the patient navigation intervention to consider the patient population, the clinical workflows and staffing, and the community context. Guided by the Practical, Robust Implementation and Sustainability Model (PRISM) and core health and racial equity principles, we aim to increase reach of patient navigation and show effectiveness through improvement in the percentage of Black and Hispanic patients completing CRC screening. We will also utilize longitudinal tracking of implementation strategies to better track implementation or intervention adaptations navigation delivery in order to inform future scale up. We will conduct a steppedwedged, randomized trial to roll out patient navigation and patient and provider reminders across 15 clinics (3 clinics per step, 5 six-month steps). Implementation strategies will include assessing for readiness, audit and feedback, building a community coalition, engaging consumers, modifying referral tracking, and training and educating clinical stakeholders. We will use the electronic health record data with consideration for the Observational Medical Outcomes Partnership (OMOP) Common Data Model, additional patient-reported data, and study tracking logs to measure reach, effectiveness, adoption, implementation (fidelity, feasibility, acceptability, appropriateness), and will use qualitative measures and site observations to document contextual factors, including examination of discrimination in patient experiences and provider referral patterns that may influence intervention delivery or CRC screening completion. Partnership with the National Committee on Quality Assurance (NCQA) will further allow us to examine sustainability of a community-engaged model for delivery of evidence-based interventions.","Narrative The overarching goal of this project is to test the impact of health equity-focused navigation support for colorectal cancer screening on reducing disparity gaps across primary care clinics serving a racial and ethnically diverse population using a stepped wedged, randomized trial. We anticipate that tailoring navigation implementation and documenting contextual adaptations will lead to lower disparity gaps in colorectal cancer screening and will provide patient, clinic, and health care system feedback on how such programs can promote health equity.",969524,823656.4500000001,145867.54999999993,2025-09-29,AHRQ Source,N/A,N/A,2023-09-30,2028-07-31,Agency for Healthcare Research and Quality,93.226,"RESEARCH ON HEALTHCARE COSTS, QUALITY AND OUTCOMES",RFA-HS-23-002,N/A,N/A,N/A,FALSE,MEDSTAR HEALTH RESEARCH INSTITUTE,MD,Columbia,MD-03,N/A,Research Institutes,https://reporter.nih.gov/project-details/10933504,https://taggs.hhs.gov/Detail/AwardDetail?arg_AwardNum=R18HS029807&arg_ProgOfficeCode=7,https://www.usaspending.gov/award/ASST_NON_R18HS029807_075/
HS029812,R18,R18HS029812,5R18HS029812-02,Disrupted,Terminated,Implementing mindfulness practice to advance sleep health equity among Black women,"Sleep deficiency, characterized by short sleep duration, poor sleep quality, and symptoms of insomnia, is a significant public health concern in the US. Insomnia is the most common sleep disorder but is generally undertreated. Black women have a high prevalence of clinically significant insomnia, which is associated with the risk for cardiometabolic disease and early mortality. However, there is a dearth of sleep interventions and implementation efforts for Black women. There is a growing interest in the influence of structural racism on downstream social and health inequalities, suggesting health disparities as “a special case of implementation failure.” The time lag between research discovery and uptake of evidence-based intervention is even more inflated in Black communities. The long-term goal of the proposed research is to achieve health- and healthcare equity by implementing an evidence-based, equity-focused sleep intervention to reduce stress and sleep deficiency-related cardiometabolic disease burden in Black communities. Mindfulness-based therapy for insomnia (MBTI) is an evidence-based stress management program using mindfulness meditation and behavioral therapy for insomnia. The efficacy of MBTI on stress reduction and sleep deficiency has been shown in multiple meta-analyses in the general population. Findings from our pilot MBTI study were also aligned with the evidence. Evaluating the effectiveness of MBTI and developing equity-focused implementation strategies that address social determinants of health (SDoH), unique to Black women, are urgently needed to achieve sleep health equity. To address gaps in implementation science, we propose a study guided by the NIMHD Research Framework and Equity-focused Implementation Research Framework through a community participatory approach. In phases 1 and 2, we will identify multi-level barriers and facilitators to implementing the online MBTI through an equity lens using community-engaged research with key stakeholders. Then, we will develop and refine equity-focused implementation strategies with the community advisory board, comprised of communitybased organization members, African Methodist Episcopal Zion Church networks, clinicians, and community health workers (CHWs). In phase 3, we will use a Hybrid Type 1 effectiveness/implementation design with a pragmatic randomized controlled trial with MBTI and a waitlist control in Black women with insomnia. CHWs as SDoH specialists will assess and address social needs of Black women, and registered nurses will deliver the online MBTI intervention in the community settings. We will evaluate effectiveness- (insomnia severity reduction/ remission) and implementation (acceptability, feasibility, fidelity, cost, contextual factors, and sustainability) outcomes. The study will contribute to equity-focused implementation science and policy decisions by providing multi-level implementation determinants, equity-relevant metrics, and contextual factors through communityengaged research and evaluation of the outcomes.","This study will advance scientific knowledge in equity-focused implementation and create solutions to improve the uptake of evidence-based intervention in underserved communities through a community-engagement process. The proposed study will inform the development of equity-focused implementation strategies and examine the effectiveness of a full-scale sleep intervention that will help Black women mitigate the effects of psychological stress on their stressrelated disease risk. Given the detrimental effects of psychological stress on sleep and the associated sleep health disparities among Black women, this study will contribute to significant efforts to improve public health.",999998,796030.46,203967.54000000004,2025-09-29,AHRQ Source,N/A,N/A,2023-09-30,2028-07-31,Agency for Healthcare Research and Quality,93.226,"RESEARCH ON HEALTHCARE COSTS, QUALITY AND OUTCOMES",RFA-HS-23-002,N/A,N/A,N/A,FALSE,YALE UNIVERSITY,CT,NEW HAVEN,CT-03,"Private, R1",SCHOOLS OF NURSING,https://reporter.nih.gov/project-details/10928214,https://taggs.hhs.gov/Detail/AwardDetail?arg_AwardNum=R18HS029812&arg_ProgOfficeCode=7,https://www.usaspending.gov/award/ASST_NON_R18HS029812_075/
HS029813,R18,R18HS029813,5R18HS029813-02,Disrupted,Terminated,Implementing an effective Diabetes intervEntion Among Low-income immigrants (IDEAL Study),"PROJECT SUMMARY This proposed R18 is in response to the RFA-HS-23-002 Dissemination and Implementation of Equity-Focused Evidence-Based Interventions in Healthcare Delivery Systems. Chinese immigrants are the second largest immigrant group in the U.S., who suffer a disproportionately high type 2 diabetes (T2D) burden and have poor diabetes outcomes. Diabetes Self-Management Education and Support (DSMES) programs are evidencebased interventions that provide patients with important counseling and support to navigate diabetes selfmanagement at home. However, numerous social determinants of health (SDOH) barriers limit the dissemination of DSMES programs to Chinese immigrants, including high rates of poverty, limited English proficiency (LEP), and lack of access to care and insurance. Given the high T2D burden and rapid population growth in Chinese immigrants, there is an urgent need for research to disseminate and implement DSMES in this minority population. The overarching goal for our proposed R18 IDEAL study (Implementing an effective Diabetes intervEntion Among Low-income immigrants) is to test the effectiveness and implementation process of an innovative multi-level care model for delivering a culturally tailored diabetes intervention to low-income Chinese immigrants with diabetes. Building upon our strong pilot data and established partnerships with clinical and community partners in Chinese immigrant communities, we propose to conduct a type 1 hybrid study to examine the effectiveness and implementation process of the IDEAL intervention for glycemic control among 270 Chinese immigrants with uncontrolled T2D in NYC. Participants will be randomized with equal allocation to one of the two groups. The IDEAL group will receive 1 culturally and linguistically tailored DSMES brief video/week for 24 weeks delivered via text message links plus bi-weekly support calls from a CHW for 24 weeks. The CHW will assess participants’ SDOH barriers to T2D care and link them to available resources in the community. The wait-list control (hereafter CONTROL) group will continue to receive usual care and at the end of the study, they will receive DSMES videos. The primary outcome is HbA1c at 6 months and secondary outcomes include HbA1c at 12 months and psychosocial factors at 6 and 12 months. This study addresses the urgent need to disseminate and implement evidence-based diabetes interventions in underserved populations to reduce health disparities. Study findings will provide important evidence on potential scalable strategies to foster the dissemination of effective implementation, replication, and sustainability of evidence-based interventions for use in healthcare and community settings. It can also serve as a program model for other high risk LEP immigrant populations such as Hispanic immigrants who also bear a high T2D burden, face similar SDOH barriers to accessing DSMES programs, and frequently use text messages.","PROJECT NARRATIVE (PUBLIC HEALTH RELEVANCY STATEMENT) Chinese immigrants suffer a disproportionately high type 2 diabetes (T2D) burden and have poor health outcomes. They face numerous social determinants barriers to accessing evidence-based diabetes programs, including high rates of poverty and limited English proficiency (LEP), and lack of insurance. This project will provide important evidence on scalable strategies to disseminate and implement evidence-based diabetes interventions in LEP Chinese immigrants with T2D.",988707,775899.28,212807.71999999997,2025-09-29,AHRQ Source,N/A,N/A,2023-09-30,2028-07-31,Agency for Healthcare Research and Quality,93.226,"RESEARCH ON HEALTHCARE COSTS, QUALITY AND OUTCOMES",RFA-HS-23-002,N/A,N/A,N/A,FALSE,NEW YORK UNIVERSITY SCHOOL OF MEDICINE,NY,NEW YORK,NY-12,"Private, R1",SCHOOLS OF MEDICINE,https://reporter.nih.gov/project-details/10931561,https://taggs.hhs.gov/Detail/AwardDetail?arg_AwardNum=R18HS029813&arg_ProgOfficeCode=7,https://www.usaspending.gov/award/ASST_NON_R18HS029813_075/
HS029814,R18,R18HS029814,5R18HS029814-02,Disrupted,Terminated,Implementation of a Maternal Resuscitation Curriculum in a Regionalized Perinatal Health System: Maximizing the Chain of Survival to Reduce Maternal Health Inequities,"PROJECT SUMMARY/ABSTRACT Maternal morbidity and mortality rates are increasing in the United States (US), and extreme racial and geographic disparities persist, despite these outcomes being largely preventable with timely and appropriate care. Most medical responders are not optimally proficient in caring for patients who experience maternal medical emergencies, including maternal cardiac arrest. This gap exists among first responders and across medical specialties, and even for OB-specialists trained in Advanced Cardiovascular Life Support. Leading organizations in women’s health care and resuscitation have all called for efforts to better prepare healthcare workers (HCWs) for maternal medical emergencies, and increasingly federal agencies and state legislatures are incentivizing or requiring hospitals to provide this education and training. Nonetheless, the implementation of evidence-based education for maternal medical emergencies in health systems across the US is inconsistent and national credentialing standards do not exist. The study team developed Obstetric Life SupportTM (OBLSTM), the first of its kind interdisciplinary simulation curriculum to train HCWs across the chain of survival on preventing, recognizing, and managing maternal medical emergencies. Preliminary data from a randomized, cross-over trial shows significant improvement in clinical competencies, knowledge, and confidence for the intervention group compared to the control. However, as this validated simulation training is only just now available and accessible to providers and healthcare organizations, dissemination and implementation best practices do not yet exist. The objective of this project is to evaluate a train-the-trainer approach for implementing OBLSTM in a diversity of hospital and prehospital contexts throughout Arizona. The study will be conducted in partnership with the Arizona Perinatal Trust, the oldest regionalized perinatal healthcare system in the US, and Arizona Emergency Medical Services. A Steering Committee composed of local, regional, and national stakeholders will provide guidance and oversight for all study activities. Specifically, the study aims to: (1) Identify and train HCWs from hospital and prehospital contexts in Arizona to be OBLSTM instructors, prioritizing those that serve maternity care deserts and other marginalized communities at risk of adverse maternal health outcomes; (2) Implement OBLSTM in hospital and prehospital contexts across the state, with the training being led by local instructors; and (3) Evaluate OBLSTM implementation and process outcomes. The study design entails a mixed methods approach, informed by the Consolidated Framework for Implementation Research and the RE-AIM framework. To promote rapid learning, we will conduct two back-to-back OBLSTM instructor training, implementation, and evaluation cycles, whereby the second cycle will take into account feedback and lessons learned from the first. The study’s rigorous pragmatic approach will result in expeditious and relevant findings that will be used to promote national scale-up of this important health care innovation.","PROJECT NARRATIVE Obstetric Life SupportTM (OBLSTM) is a validated simulation curriculum to train health care workers (HCWs) across the chain of survival on preventing, recognizing, and managing maternal medical emergencies. This project will evaluate implementation of OBLSTM in a regionalized perinatal health system in Arizona, leveraging public-private partnerships to target HCWs in hospital, freestanding birthing center, and prehospital contexts, and especially those serving maternity care deserts and other marginalized communities. Findings will be used to promote national scale-up of this important health care innovation with the goal of improving patient safety and reducing inequities in maternal morbidity and mortality.",932370,715882.29,216487.70999999996,2025-11-28,AHRQ Source,N/A,N/A,2023-09-30,2028-09-29,Agency for Healthcare Research and Quality,93.226,"RESEARCH ON HEALTHCARE COSTS, QUALITY AND OUTCOMES",RFA-HS-23-002,N/A,N/A,N/A,FALSE,UNIVERSITY OF CONNECTICUT SCH OF MED/DNT,CT,FARMINGTON,CT-05,"Hispanic Serving, Land grant, Public, R1, Tribal/Native Serving",SCHOOLS OF MEDICINE,https://reporter.nih.gov/project-details/10933505,https://taggs.hhs.gov/Detail/AwardDetail?arg_AwardNum=R18HS029814&arg_ProgOfficeCode=7,https://www.usaspending.gov/award/ASST_NON_R18HS029814_075/
HS029815,R18,R18HS029815,5R18HS029815-02,Disrupted,Terminated,An equity-focused intervention to improve care transitions for Medicaid insured individuals with co-occurring serious mental health,"Project Summary People insured by Medicaid with a co-occurring serious mental illness (i.e., depression, schizophrenia, and bipolar disorder) experience persistent and growing disparities following medical hospitalizations and interventions that focus on their transitional care needs are lacking. Our study focuses on the adaptation of the THRIVE, an equity-focused evidenced based intervention that supports Medicaid-insured individuals with multiple chronic conditions transitioning from hospital to home. THRIVE services include coordinating care, standardizing interdisciplinary communication, and addressing unmet clinical and social needs following hospital discharge. While evidence suggests robust improvements in post-discharge outcomes for THRIVE participants, it remains unclear whether the interventions equally benefit patients with and without SMI. The goals of this project are to adapt, implement and evaluate THRIVE to ensure suitability for all patients insured by Medicaid including those with co-occurring SMI. To meet this goal, we propose the conduct of a Type I Hybrid effectiveness-implementation stepped wedge cluster randomized controlled trial (CRCT)15 at a new site, the Hospital of the University of Pennsylvania Cedar Campus (HUP-Cedar). HUP-Cedar is a 100-bed minority serving hospital located in West Philadelphia where >50% of patients are Medicaid or dually Medicare and Medicaid-insured. This study represents a three-way partnership among health services researchers, community advisors, and health care leadership and staff at HUP-Cedar and Penn Medicine at Home and seeks as its primary objective to leverage participatory methods to adapt the THRIVE intervention and evaluate the context required for implementation. A second objective for this study is to examine differences in the utilization outcomes (e.g., readmissions) between THRIVE participants with SMI compared to those receiving usual care. Finally, we will employ mixed methods approaches through participant and clinician interviews and surveys to evaluate the acceptability, appropriateness, feasibility and cost of the intervention. Our study and engagement with community and health system partners is informed equity centered frameworks that will help to emphasize the systems, policies and delivery process from which inequities might arise. If our study hypotheses are supported, we will identify not only if an equity-oriented evidence-based intervention can be adapted and implemented to meet the needs of Medicaid insured patients including those with SMI, but we will also uncover the factors associated with those results. Our proposal is well-aligned with AHRQ's goal to develop and adapt EFEBI's that prioritize the voices and needs of the most underserved populations and change care processes to accelerate equity within healthcare systems. Collectively, the results of this study will provide the foundation for the next phase of our research, which includes a multi-site evaluation of equity-based implementation strategies to scale and rigorously evaluate THRIVE diverse hospital settings.","Project Narrative People insured by Medicaid with co-occurring serious mental illness (SMI) experience significant disparities following non-psychiatric hospitalizations. Our previously developed post discharge support pathway has successfully reduced post hospitalization disparities, though its benefits for patients diagnosed with SMI are unknow. This study seeks to adapt, implement, and evaluate the THRIVE post discharge support clinical pathway to determine if the invention benefits people insured with Medicaid with and without SMI equally and to evaluate the organizational features that support its successful implementation.",997807,845269.76,152537.24,2025-11-28,AHRQ Source,N/A,N/A,2023-09-30,2026-09-29,Agency for Healthcare Research and Quality,93.226,"RESEARCH ON HEALTHCARE COSTS, QUALITY AND OUTCOMES",RFA-HS-23-002,N/A,N/A,N/A,FALSE,UNIVERSITY OF PENNSYLVANIA,PA,PHILADELPHIA,PA-03,"Private, R1",SCHOOLS OF NURSING,https://reporter.nih.gov/project-details/10928231,https://taggs.hhs.gov/Detail/AwardDetail?arg_AwardNum=R18HS029815&arg_ProgOfficeCode=7,https://www.usaspending.gov/award/ASST_NON_R18HS029815_075/
HS029816,R18,R18HS029816,5R18HS029816-02,Disrupted,Terminated,Navigating Together for Equitable Asthma Management (Nav-TEAM) for Children in Families who Communicate in Languages other than English,"PROJECT SUMMARY/ABSTRACT Children in families with healthcare communication in a language other than English (LOE) are at increased risk of worse asthma care and outcomes compared to those without a language barrier. There is a gap in knowledge about effectiveness and implementation outcomes of interventions to address asthma disparities for children in LOE families. Asthma navigators play a key role in asthma education and care coordination, resulting in improved asthma outcomes. Our local model of asthma navigation and care coordination to support meeting social determinants of health needs using a lay health worker model has improved asthma outcomes among urban racial/ethnic minority children but has not focused on children in LOE families. To address this gap, we propose, the Navigating Toward Equitable Asthma Management Program (Nav-TEAM) intervention, an adaptation of evidence-based asthma navigation specifically for children in families who communicate in LOE. As with existing asthma navigation programs at our health system, Nav-TEAM will align with EXHALE, the Centers for Disease Control and Prevention National Asthma Control Program compilation of asthma management strategies that have been proven to reduce asthma-related healthcare utilization and costs. The overall scientific goals of this community-engaged study are to: evaluate the effectiveness of Nav-TEAM on pediatric asthma outcomes for 280 children whose families communicate in LOE, evaluate implementation outcomes and application of implementation strategies, and assess cost and contextual factors to support sustained implementation, scale up and scale out. The study will be implemented in a large primary care clinic serving primarily Medicaid-insured children and in subspecialty pediatric pulmonary clinics using the Practical, Robust Implementation and Sustainability Model (PRISM) - inclusive of RE-AIM (Reach, Effectiveness, Adoption, Implementation Maintenance outcomes with an equity lens – as the guiding Dissemination & Implementation Science framework. We will use community-engaged processes to tailor asthma navigation for LOE families in primary and subspecialty pediatric pulmonary care settings at Children’s Hospital of Colorado, a large academic children’s health system serving urban and rural patients. Subsequently, we will conduct a hybrid type 2 effectiveness-implementation trial to simultaneously evaluate the effectiveness of Nav-TEAM at reducing asthma-related emergency department use among children with asthma age 4-14 years using a pragmatic randomized controlled trial as well as a mixed methods assessment of implementation using PRISM/RE-AIM focusing on equity. We will then assess cost, sustainability and contextual domains to understand factors that enable implementation, sustainability, and scale-out of Nav-TEAM. Results from this study will provide information on the effectiveness and implementation of evidence-based asthma navigation adapted specifically for families who communicate in LOE, and will offer lessons that we will capture in an implementation and sustainability guide to promote scaling to other clinical settings.","PROJECT NARRATIVE Children in families with healthcare communication in a language other than English (LOE) are at increased risk of worse asthma care and outcomes compared to those without a language barrier. The proposed research addresses the gap in knowledge about effective interventions to address asthma disparities for children in LOE families through a hybrid type 2 effectiveness-implementation trial of the Navigating Toward Equitable Asthma Management Program (Nav-TEAM) intervention which is an adaptation of evidence-based asthma navigation specifically for children in families who communicate in LOE. Our mixed methods implementation evaluation using PRISM (Practical, Robust Implementation and Sustainability Model), the contextual expansion of the RE-AIM framework with an equity lens and assessment of cost, sustainability and contextual domains will promote sustainability and scale-out of Nav-TEAM.",999580,810837.64,188742.36,2025-09-29,AHRQ Source,N/A,N/A,2023-09-30,2028-07-31,Agency for Healthcare Research and Quality,93.226,"RESEARCH ON HEALTHCARE COSTS, QUALITY AND OUTCOMES",RFA-HS-23-002,N/A,N/A,N/A,FALSE,UNIVERSITY OF COLORADO DENVER,CO,Aurora,CO-06,"Hispanic Serving, Public, R1, Tribal/Native Serving",SCHOOLS OF MEDICINE,https://reporter.nih.gov/project-details/10928215,https://taggs.hhs.gov/Detail/AwardDetail?arg_AwardNum=R18HS029816&arg_ProgOfficeCode=7,https://www.usaspending.gov/award/ASST_NON_R18HS029816_075/
HS029817,R18,R18HS029817,5R18HS029817-02,Disrupted,Terminated,Implementation Strategies for Self-Measured Blood Pressure Monitoring in Racially and Ethnically Diverse Populations (InS2PiRED).,"PROJECT SUMMARY / ABSTRACT This AHRQ R18 proposal focuses on evaluating patient-level and clinic-level strategies to increase implementation of self-measured blood pressure (SMBP) monitoring programs with clinical support; specifically, we focus on identifying approaches to increase SMBP monitoring in safety net settings where many low-income and/or culturally diverse populations who experience worse hypertension control and outcomes receive clinical care. SMBP monitoring is an evidence-based, guideline-recommended practice that is most effective when combined with clinical support. However, SMBP monitoring with clinical support has had limited adoption in many safety net clinical settings due to multi-level barriers. To accelerate adoption of SMBP monitoring with clinical support in safety net settings, we propose to conduct this project in an integrated, urban safety net healthcare system that provides ambulatory care for >50,000 patients. In Aim 1, we will co-design patient-level and clinic-level implementation strategies to increase SMBP monitoring supported by clinical teams. We will conduct three rounds of design sessions in focus groups with English, Spanish, and Chinese-speaking patients with hypertension and clinical care team members (e.g., clinicians, pharmacists, nurses). We will design: (1) two patient-level strategies (a low-intensity strategy of providing cellular-enabled BP monitors and training on its use vs. a high-intensity strategy that adds reminders, training on transmitting BP data to the clinical team, and approaches to engage caregivers/peer in SMBP monitoring activities); and (2) one clinic-level strategy (training of clinical champions and design of electronic health record [EHR] implementation tools). In Aim 2, we will conduct a hybrid type 2 effectivenessimplementation trial and evaluate effectiveness and implementation outcomes. A total of 330 patients will be enrolled for 12 months and randomized to high-intensity vs the low-intensity patient-facing implementation strategy; six primary care clinics will receive the clinic-level implementation strategy in a stepped wedge design. For the patient-level strategy, the primary effectiveness outcome will be change in systolic BP at 12 months and primary implementation outcome will be the number of home BP values measures over the 12month period. For our clinic-level implementation strategy, the primary effectiveness outcome will be change in clinic-wide BP control and primary implementation outcome will be the frequency of documenting patientcollected BP values. Our secondary outcomes include other clinical outcomes, patient-reported outcomes, and other implementation outcomes, collected from surveys, observations, interviews, and EHR data. In Aim 3, we will conduct a cost-analysis of our implementation strategies and intervention with a focus on understanding the costs of implementing an SMBP monitoring program when supported by our implementation strategies. Data will be collected through surveys, interviews, observations, and review of EHR data.",PROJECT NARRATIVE This project aims to work with patients and clinical care team members to co-design and implement strategies to increase use of home blood pressure monitoring in culturally diverse and low-income patient populations. We will conduct a trial of patient-focused and clinical-focused implementation strategies and assess the impact on blood pressure control. We will assess the costs of these strategies and how effective they were at safely and equitably increasing home blood pressure monitoring.,990868,940823.9500000001,50044.04999999993,2025-09-29,"Reported to GW, AHRQ Source",N/A,N/A,2023-09-30,2028-07-31,Agency for Healthcare Research and Quality,93.226,"RESEARCH ON HEALTHCARE COSTS, QUALITY AND OUTCOMES",RFA-HS-23-002,N/A,N/A,N/A,FALSE,"UNIVERSITY OF CALIFORNIA, SAN FRANCISCO",CA,SAN FRANCISCO,CA-11,"Land grant, Public, R1",SCHOOLS OF MEDICINE,https://reporter.nih.gov/project-details/10934570,https://taggs.hhs.gov/Detail/AwardDetail?arg_AwardNum=R18HS029817&arg_ProgOfficeCode=7,https://www.usaspending.gov/award/ASST_NON_R18HS029817_075/
HS029839,R18,R18HS029839,1R18HS029839-01A1,Disrupted,Terminated,Addressing Variability and Inequities via Systematic Evidence-based Recommendations (AdVISER) for Head and Neck Imaging,"PROJECT SUMMARY/ABSTRACT Approximately 141 million medical imaging examinations are performed in the United States annually. Over 12% of these examinations result in a radiologist recommendation for additional imaging (RAI). However, RAI rates vary among peer subspecialists, radiologists often disagree with RAI generated by other radiologists, and RAI language is often ambiguous and not readily actionable. Such variation in decision patterns is present in other professions and other areas of medicine, hypothesized to be a by-product of our personal biases and unique approaches to judgement, and a major source of professional errors. Referring provider failure to pursue clinically necessary RAI or radiologist failure to make clinically necessary RAI (medical imaging underutilization) can lead to diagnostic error. Referring provider pursuit of clinically unnecessary RAI (medical imaging overutilization) diminishes diagnostic excellence by creating waste and can lead to diagnostic delays. Furthermore, sociodemographic disparities appear to exist in RAI creation and completion. Our goal is to reduce variation and sociodemographic disparities in RAI creation, referring provider agreement, and patient adherence. Our innovation is the use of a validated natural language processing algorithm to enable a largescale, theory-informed, versatile audit and feedback process for clinical adherence to evidence-based and equity-informed best practices across a multi-site health system. We will focus on head and neck radiology, which has the largest inter-radiologist RAI rate variation we have observed. Aim 1: Identify sociodemographic disparities in head and neck imaging RAI. We will measure the extent to which RAI rates (potential radiologist bias), referring provider agreement rates (potential referring provider bias), and RAI examination completion rates (patient factors including patient preferences) differ by patient socioeconomic status, sex, race, ethnicity, insurance, and income. Aim 2: Describe RAI-related epidemiology and diagnostic error for three conditions: thyroid cancer, lung cancer, and canal dehiscence syndrome. We will establish the 5-year healthcare system incidence of these diseases; measure the association of radiologist RAI rate with detection rate, sensitivity, and specificity; and measure radiology-related diagnostic error (false negatives, misdiagnoses, and delays to diagnoses). Aim 3: Develop and locally disseminate best practices for the studied conditions. We will generate local clinical consensus best practices using published evidence as well as gathered evidence from Aims 1 and 2, with a Delphi approach that includes a multi-disciplinary team of experts and also patients. Aim 4: Reduce RAI variation through a peer learning audit and feedback intervention. We will measure change in RAI rates, RAI rate variation, and referring provider agreement. We will also assess change of disparities in RAI creation, agreement, and adherence, and measure change in RAI actionability. If effective, this study will serve as a model for the development and audited implementation of best practices that reduce variation, diagnostic error, and disparities in medical imaging care.","PROJECT NARRATIVE Substantial variation in radiologist rates of recommendations for additional imaging and in referring provider agreement appears to lead to disparities in care and diagnostic error. If effective, this study will serve as a model for the development and audited implementation of best practices that reduce variation, diagnostic error, and disparities in medical imaging care. Our approach could be implemented in any setting using our best practices, other groups’ best practices, or national society guidelines.",397913,335440.86,62472.140000000014,2025-11-28,AHRQ Source,N/A,N/A,2024-09-30,2029-09-29,Agency for Healthcare Research and Quality,93.226,"RESEARCH ON HEALTHCARE COSTS, QUALITY AND OUTCOMES",PA-18-793,N/A,N/A,N/A,FALSE,BRIGHAM AND WOMEN'S HOSPITAL,MA,BOSTON,MA-07,N/A,Independent Hospitals,https://reporter.nih.gov/project-details/11015277,https://taggs.hhs.gov/Detail/AwardDetail?arg_AwardNum=R18HS029839&arg_ProgOfficeCode=7,https://www.usaspending.gov/award/ASST_NON_R18HS029839_075/
HS029858,R01,R01HS029858,1R01HS029858-01A1,Disrupted,Terminated,"Using process mapping to optimize the integration of child psychosocial screenings in primary care, promote whole-person care, and increase family linkages to behavioral and safety net services","PROJECT SUMMARY Despite an increased investment in primary care screenings to identify the psychosocial needs of caregivers and children (e.g., exposure to violence, racism, and insecure housing), these efforts don’t always result in family-centered service referrals and follow-up to ensure all needs are getting met (i.e., families able to access services such as housing and behavioral health support). When psychosocial needs aren’t identified or addressed during childhood, it can cause or worsen children’s health conditions, interrupt their development, and, at the societal level, perpetuate disparities in overall health. Our preliminary data identified key strengths and weaknesses within families’ journeys through psychosocial screenings, service referral and linkage processes in primary care – which we term “service pathways”. The goal of the current study is to optimize the post-screening pathway to increase family referral and linkage follow-up, so that all screened families receive consistent services. We hypothesize that clinics using our proposed adaptive intervention package will increase family referral and linkage follow-up compared to clinics using current screening practices. This study will scale up preliminary work in a large safety net healthcare system to optimize referral-tolinkage service pathways. Process Service Mapping (PSM) is a novel and generalizable methodology that actively engages partners to better understand how processes actually work, and ways to optimize service pathways. PSM maps patients’ journeys using iterative cycles to identify inequities, challenges, and action points. This study will scale up previous work by testing the CARELOOP Intervention (Clinics cAtch needs, REfer, Link to services, and close the lOOp using an equitable family-centered Process). CARELOOP is a system-level intervention designed to enhance psychosocial screenings through PSM methodology and Implementation Science, and grounded in the Clinical-Community Relationships Evaluation framework. Denver Health is a large safety net system serving minoritized families and 11 pediatric clinics already screen for psychosocial needs using the Health-Related Social Needs and Survey of Well-being of Young Children. Our main hypothesis is that intervention clinics implementing CARELOOP will have higher Service Referrals and Linkages compared to standard care control clinics. After optimizing service pathways (Aim 1), we will conduct a cluster-randomized trial to test the impact of CARELOOP on effectiveness (Aim 2) and implementation outcomes (Aim 3). The study goals are: Aim 1: Engage clinics and communities to refine CARELOOP by mapping service pathways to include equity and family-centered elements and tailored strategies; Aim 2: Use a parallel-arm cluster randomized trial to test the effectiveness of the CARELOOP intervention; and Aim 3: Conduct an implementation evaluation. This R01 study leverages current psychosocial screenings to rigorously test an intervention designed to increase service referrals and linkages. We bring quality improvement, implementation science, and novel co-creation engagement to accelerate family-centered care.","PROJECT NARRATIVE Despite an increased healthcare system investment in primary care screenings to identify the psychosocial needs of caregivers and children (e.g., exposure to violence, racism, and insecure housing), these efforts don’t always result in family-centered service referrals and follow-up to ensure all needs are getting met (i.e., families able to access services such as housing and behavioral health support). Our preliminary data identified key strengths and weaknesses within families’ journeys through psychosocial screenings, service referral, and linkage processes in primary care – which we term “service pathways”. In this R01 study, after optimizing service pathways (Aim 1), we will conduct a cluster-randomized trial to test the impact of CARELOOP on effectiveness (Aim 2) and implementation outcomes (Aim 3).",385877,192965.03000000003,192911.96999999997,2025-09-29,AHRQ Source,N/A,N/A,2024-09-30,2029-07-31,Agency for Healthcare Research and Quality,93.226,"RESEARCH ON HEALTHCARE COSTS, QUALITY AND OUTCOMES",PA-18-795,N/A,N/A,N/A,FALSE,UNIVERSITY OF COLORADO DENVER,CO,Aurora,CO-06,"Hispanic Serving, Public, R1, Tribal/Native Serving",SCHOOLS OF MEDICINE,https://reporter.nih.gov/project-details/11045981,https://taggs.hhs.gov/Detail/AwardDetail?arg_AwardNum=R01HS029858&arg_ProgOfficeCode=7,https://www.usaspending.gov/award/ASST_NON_R01HS029858_075/
HS029868,R01,R01HS029868,1R01HS029868-01A1,Disrupted,Terminated,Whole Person Navigation: Pragmatic randomized trial of combined social resource and care system navigation for adults with multiple chronic conditions,"Project Summary/Abstract Adults with Multiple Chronic Conditions (MCC) experience persistent health care burdens and account for the majority of U.S. health care expenditures. These patients experience a disproportionate impact of preventable morbidity and mortality from receiving less than optimal medical therapy. Many adults with MCC also face the added challenge of socially-related barriers to care related to transportation, food, housing, utilities, and/or finances. These unmet social needs are linked to worse disease outcomes and to decreased life expectancy. As a result, the National Committee for Quality Assurance (NCQA) and the Centers for Medicare & Medicaid Services now incentivize health systems to more broadly screen for unmet social needs, which will lead to more frequent identification of adults with MCC facing barriers to both obtaining social resources and to navigating clinical care systems. New strategies are therefore needed to more effectively care for this large, growing, highly burdened, and costly patient population. We propose to combine prediction modeling in a data-driven strategy to identify patients with MCC at highest risk for persistent care gaps (i.e., not meeting evidence-based clinical care goals for 1 or more chronic conditions in the next year) with a “Whole Person” Navigation strategy that links each high-risk patient to a Whole Person Navigator who can help guide and support the patient to prioritize competing needs and to develop a navigation plan for obtaining social services and addressing clinical care barriers. In this proposal we focus on patients with MCC not meeting evidencebased clinical care goals and with self-reported social barriers to care. Our specific aims are to develop and implement a prediction model to identify patients with the highest predicted risk of not closing MCC-related care gaps over the next 1- and 2-year periods (Aim 1); define requirements and care protocols for a Whole Person Navigator role that integrates evidence-based principles of social resource and care system navigation for highrisk adults with MCC (Aim 2); and evaluate the impact of this data-driven Whole Person Navigation intervention compared to usual care in a randomized clinical trial (n = 400) conducted across 2 care systems located in Northern California and Washington State. We hypothesize that this Whole Person Navigator intervention will lead to a greater proportion of patients with closure of baseline clinical care gaps (H1) and better patientreported outcomes (e.g., improvement in goals setting, problem solving, and care coordination, and reduction in treatment burden and unmet social needs) compared to usual care. Our proposal addresses AHRQ priorities to evaluate and disseminate evidence on whole health practices, to advance health equity, and to optimize care for people living with MCC. If successful, results and protocols from this multi-site study will inform new care practices designed to close care gaps and improve the health of the growing population of individuals managing multiple chronic conditions while facing complex social and medical care needs.","Project Narrative Adults with complex medical and social needs experience substantial health care burdens and suffer a disproportionate impact of preventable morbidity and mortality. We propose to combine advanced predictive model building with an innovative Whole Person Navigation strategy to address the social and clinical barriers to health care among patients with multiple chronic conditions at the highest risk of persistent clinical care gaps. We will test the impact of this patient-centered, integrated care navigation strategy on evidence-based care outcomes in a randomized clinical trial across two health care systems located in Northern California and Washington State.",400000,298344.13,101655.87,2025-09-29,AHRQ Source,N/A,N/A,2024-09-30,2029-07-31,Agency for Healthcare Research and Quality,93.226,"RESEARCH ON HEALTHCARE COSTS, QUALITY AND OUTCOMES",PA-18-795,N/A,N/A,N/A,FALSE,KAISER FOUNDATION RESEARCH INSTITUTE,CA,Oakland,CA-12,N/A,Research Institutes,https://reporter.nih.gov/project-details/11044384,https://taggs.hhs.gov/Detail/AwardDetail?arg_AwardNum=R01HS029868&arg_ProgOfficeCode=7,https://www.usaspending.gov/award/ASST_NON_R01HS029868_075/
HS029870,R01,R01HS029870,1R01HS029870-01,Disrupted,Terminated,PIC-TRFS: A Randomized Trial of a Multicomponent Intervention for ICU Survivors and Caregivers,"PROJECT ABSTRACT Each year in the U.S., over 3 million people survive critical illness only to experience long-term physical, cognitive, and psychological impairments that contribute to ongoing morbidity, mortality, and high-cost, highutilization healthcare needs. Current fragmented, deficit-based health services delivery contributes to poor outcomes and preventable rehospitalizations. In response to this gap, we used community engagement to redesign a pragmatic, accessible, scalable, strengths-based care model that integrates 3 essential elements: (1) transitional care management; (2) problem-solving rehabilitation; and (3) family support. The result is the PIC-TRFS, which stands for Post-Intensive Care Transitional care, Rehabilitation, and Family Support. PIC-TRFS is a hybrid in-person and telehealth intervention delivered by an interdisciplinary team to nimbly support health, rehabilitation, and social care needs in collaboration with existing hospital, home health, and primary care infrastructure across transitions from hospital to home in the six months following a critical illness hospitalization. An ongoing pilot is demonstrating feasibility, acceptability, and engagement among survivors, caregivers, and providers across the post-ICU continuum. This proposal represents the next step: a singlecenter randomized controlled trial to establish the efficacy of PIC-TRFS. Compared to Enhanced Usual Care (n=80), we hypothesize that PIC-TRFS (n=80) will: (1) improve survivor-and caregiver outcomes including survivor quality of life (primary outcome), days alive at home, function, trauma symptoms, and caregiver quality of life (secondary outcomes); and (2) reduce healthcare utilization, measured as a composite of days in a healthcare facility, ED visits, and outpatient visits (secondary outcomes) (Aim 1). Assessing fidelity to intervention delivery, receipt, and enactment will inform potential tweaks to PIC-TRFS and resource planning for future implementation research (Aim 2). Finally, we will explore the extent to which clinical and social vulnerability moderate the impact of PIC-TRFS and dyadic activation, participation, and access to community services mediate it (Aim 3). Successful conduct of this RCT will establish the efficacy of PIC-TRFS, generate insight into mechanisms of action, identify groups for whom it requires further adaptation to promote equity, and inform its subsequent implementation. It will be a major step toward the goals of expanded access to highquality, affordable care via scalable models of integrated service delivery. It is also a pragmatic step towards realizing the AHRQ’s broader vision for implementing learning health systems that continually innovate to optimize the delivery of safe, effective, equitable, accessible, high-quality care.","PROJECT NARRATIVE Our community engagement studies have shown that integrating 3 strengths-based intervention components, each with consistent evidence of effectiveness when studied individually in other clinical conditions (transitional care management, problem-solving rehabilitation, and caregiver support), could address unmet care needs of critical illness survivors and their caregivers when integrated. This proposal will conduct a randomized control trial to establish efficacy of the integrated intervention, Post-Intensive Care: Transitional care, Rehabilitation, and Family Support (PIC-TRFS), on survivor and caregiver outcomes including quality of life, function, survival, trauma symptoms, and healthcare utilization. Success would support PIC-TRFS as high-quality, affordable care via a scalable model of integrated service delivery that should be examined for effectiveness through broader implementation.",399993,249754.06999999998,150238.93000000002,2025-05-30,AHRQ Source,N/A,N/A,2024-06-01,2029-03-31,Agency for Healthcare Research and Quality,93.226,"RESEARCH ON HEALTHCARE COSTS, QUALITY AND OUTCOMES",PA-18-795,N/A,N/A,N/A,FALSE,UNIVERSITY OF PITTSBURGH AT PITTSBURGH,PA,PITTSBURGH,PA-12,Public,SCHOOLS OF MEDICINE,https://reporter.nih.gov/project-details/10856394,https://taggs.hhs.gov/Detail/AwardDetail?arg_AwardNum=R01HS029870&arg_ProgOfficeCode=7,https://www.usaspending.gov/award/ASST_NON_R01HS029870_075/
HS029884,R01,R01HS029884,1R01HS029884-01A1,Disrupted,Terminated,Clinical Care of Newborns with Prenatal Substance Exposure: A National Study,"PROJECT ABSTRACT Perinatal substance use in the U.S. has increased over the past two decades, with now over 8% of pregnant people endorsing recent use of a federally illicit substance (including cannabis, opioids, and cocaine). For newborns with prenatal substance exposure, multiple care practices during the birth hospitalization require special consideration: 1) approaches to newborn toxicology testing, 2) monitoring and management for newborn withdrawal symptoms, 3) counseling about human milk feedings, and 4) psychosocial support for families. Each of these aspects of care may shape the earliest parenting experiences of families, including their first interactions with the health system as parents. Given the issues of stigmatization and criminalization that surround perinatal substance use, the quality of care for substance-exposed newborns varies widely, with Black families and families living in poverty most likely to experience outcomes like child welfare services reporting and family separation. Further research is needed to identify hospital care practices that are readily implemented and that improve healthcare quality and equity for substance-exposed newborns. This will be an explanatory sequential mixed methods study conducted with the Better Outcomes through Research for Newborns (BORN) Network. Established by the Academic Pediatric Association (APA) in 2010, BORN is the first and only national practice-based research network that focuses on birth hospitalization care for healthy term and late preterm newborns. As a network of over 130 hospitals across 40 states and representing 10% of all U.S. births, BORN presents an ideal opportunity to study newborn care across diverse practice settings that span the legal and epidemiologic landscape of perinatal substance use. All study aims will be co-conducted with EMPOWER (Empowering Mothers, Providers, and Others to Weigh in as Experts in Research), a unique multi-state collaborative of patient stakeholders with lived experience of perinatal substance use and formal training in research methods. For Aim 1, we will develop, pilot-test, and disseminate a cross-sectional survey to all BORN Network hospitals (N=131) to delineate the range of care practices related to newborn toxicology testing, rooming-in, human milk feeding, and psychosocial supports for families, and we will identify common patterns of care. In Aim 2, we will retrospectively evaluate associations between hospital practices and patientlevel outcomes among a purposive sample of 15 BORN hospitals (N=1,500 substance-exposed newborns). We will conduct multilevel regression, adjusting for clinical and contextual confounders, with a focus on differences by payor status and race. In Aim 3, we will assess the barriers and facilitators to implementing high quality and equitable care for substance-exposed newborns by conducting qualitative interviews and in-depth policy review at 6 hospitals. We will integrate the quantitative and qualitative findings from all 3 Aims to develop a set of recommendations for practices and written policies that can be disseminated for implementation across U.S. birth hospitals.","PROJECT NARRATIVE This project will study a large network of hospitals across the U.S. to study hospital care for newborns with prenatal substance exposure in collaboration with patient stakeholders who have lived experience with perinatal substance use and recovery. Using multiple approaches for measuring hospital practices and their impact on patient-level outcomes, we will generate novel and important recommendations for improving healthcare equity and overall quality, which are amenable to rapid implementation across U.S. hospitals. Thus, the proposed research is relevant to AHRQ’s mission to produce evidence to improve healthcare safety, quality, and equity for newborns and families affected by prenatal substance use.",398972,98140.18000000005,300831.81999999995,2025-08-29,AHRQ Source,N/A,N/A,2024-09-01,2029-06-30,Agency for Healthcare Research and Quality,93.226,"RESEARCH ON HEALTHCARE COSTS, QUALITY AND OUTCOMES",PA-18-795,N/A,N/A,N/A,FALSE,UNIVERSITY OF CALIFORNIA AT DAVIS,CA,DAVIS,CA-04,"Land grant, Public, R1, Tribal/Native Serving",SCHOOLS OF MEDICINE,https://reporter.nih.gov/project-details/11048850,https://taggs.hhs.gov/Detail/AwardDetail?arg_AwardNum=R01HS029884&arg_ProgOfficeCode=7,https://www.usaspending.gov/award/ASST_NON_R01HS029884_075/
HS029890,R01,R01HS029890,1R01HS029890-01A1,Disrupted,Terminated,"Climate change, forest fires, and patients with end-stage kidney disease: A national scale vulnerability assessment","PROJECT ABSTRACT Ongoing climate change is leading to an increase in the frequency and intensity of both extreme heat events (EHEs) and wildfires, a significant source of air pollution including PM2.5 (particulate matter with aerodynamic diameter less than 2.5 microns). This trend is projected to continue into the foreseeable future despite mitigation efforts because of the changes that have already taken place. Meanwhile, the number patients with end stage kidney disease (ESKD) are expected to double by 2030 compared to 2010. Using data from three Northeastern Cities (Boston, Philadelphia, Ney York), we have previously shown that EHE exposure increases risk of hospitalization and mortality among patients with ESKD. Despite very limited geographic coverage, effect estimates varied across location, race and comorbidities, highlighting the need for a national level assessment to better understand these disparities and identify subgroups/regions that confer unusually higher risk. Others have linked exposure to air pollution with development of chronic kidney disease (CKD) as well as progression of CKD to ESKD. Building on these findings and leveraging our existing data use agreement with the Renal Research Institute (a wholly owned subsidiary of Fresenius Medical Care North America (FMCNA)), we will conduct a national level assessment of the impact of EHEs and wildfire exposures, including independently and jointly, on patients with ESKDs. To accomplish our goal, we will include all patients with ESKD receiving in-center hemodialysis treatment between 2000-2019 and 2022-2025 at approximately 2,500 dialysis clinics operated by FMCNA in our analysis. Under Aim 1, we will quantify the associations between exposure to EHEs and the risk of both hospitalization and morality using a case-crossover study design. We will further examine how this risk varies by sex, age, race/ethnicity, comorbidities, intra-dialytic hypotension (IDH), socioeconomic status (SES), neighborhood-level characteristics, and climate region. In Aim 2, we will examine the association between exposure to wildfires (wildfire smoke plumes and wildfire-related PM2.5) and risk of hospitalization and mortality in patients with ESKD and effect modification by the aforementioned variables. Under Aim 3, we will investigate the interactive effect of wildfires and EHEs in hospitalization and mortality risk among ESKD patients. With the projected increases in EHE and wildfire frequencies combined with the doubling of patients requiring kidney replacement therapy across the globe by 2030, our findings will inform management guidelines and lead to the development of early warning systems helping treatment facilities manage caseloads and enable person-centric treatment. In doing so, this proposal addresses two of the three primary areas described in AHRQ’s recent Special Emphasis Notice (NOT-HS-23-006): 1) creating resilient healthcare systems and communities that can plan, prepare, respond, and adapt to climate-related threats, and 2) addressing the inequitable impacts of climate change.","PROJECT NARRATIVE This project will investigate the impact of extreme heat events and wildfire exposures (independently and jointly) on patients with end-stage kidney disease (ESKD). The study population will include patients with ESKD receiving in-center hemodialysis treatment at approximately 2,500 dialysis clinics operated by FMCNA between 2000-2019 and 2022-2025, which will enable the study team to examine how risk is modified by patient-level sociodemographic variables, intra-dialytic hypotension, and climate region. The findings will inform management guidelines and lead to the development of early warning systems helping treatment facilities manage caseloads and enable person-centric treatment.",372713,152260.64999999997,220452.35000000003,2025-09-29,AHRQ Source,N/A,N/A,2024-09-30,2029-07-31,Agency for Healthcare Research and Quality,93.226,"RESEARCH ON HEALTHCARE COSTS, QUALITY AND OUTCOMES",PA-18-795,N/A,N/A,N/A,FALSE,"UNIV OF MARYLAND, COLLEGE PARK",MD,COLLEGE PARK,MD-04,"Land grant, Public, R1",SCHOOLS OF PUBLIC HEALTH,https://reporter.nih.gov/project-details/11050045,https://taggs.hhs.gov/Detail/AwardDetail?arg_AwardNum=R01HS029890&arg_ProgOfficeCode=7,https://www.usaspending.gov/award/ASST_NON_R01HS029890_075/
HS029991,R21,R21HS029991,1R21HS029991-01,Disrupted,Terminated,Using Large Language Models to identify social determinants of health to enhance healthcare services and equity,"PROJECT SUMMARY/ABSTRACT Social determinants of health are known to have a significant impact on patient outcomes. However, controversies exist on how to best capture this information in routine care. Most SDH information is captured in the form of a survey or unstructured free text or narrative and not regularly captured or screened for variety of factors (e.g., time constraints, clinician experience/comfort in asking, patient fears of sharing potentially stigmatizing information. This is a particularly rich and robust source of information, especially when trying to identify patients' goals of care, preferences, or behavioral/social challenges that may exist. In this proposal, we use natural language processing and generative AI models to capture SDH information from patients. We will then process this information into discrete data elements that can then be passed into the EHR and acted upon by clinical decision support system. We will pilot this intervention in a large academic medical center that provides care to an at-risk patient population and community.","PROJECT NARRATIVE In this proposal, we will use artificial intelligence and natural language processing to extract social determinants of health, an area of high importance by healthcare systems who care for at risk patient populations. In contrast to prior work on SDH that focused on processing existing EHR data, we will use patient generated data in the form of a narrative. We will process this data using NLP and integrate it into the EHR as structured data that can be used to trigger clinical decision support to bring community resources to those in need.",142864,65225.32000000001,77638.68,2025-10-30,AHRQ Source,N/A,N/A,2024-09-01,2026-08-31,Agency for Healthcare Research and Quality,93.226,"RESEARCH ON HEALTHCARE COSTS, QUALITY AND OUTCOMES",PA-21-164,N/A,N/A,N/A,FALSE,UNIVERSITY OF COLORADO DENVER,CO,Aurora,CO-06,"Hispanic Serving, Public, R1, Tribal/Native Serving",SCHOOLS OF MEDICINE,https://reporter.nih.gov/project-details/10871560,https://taggs.hhs.gov/Detail/AwardDetail?arg_AwardNum=R21HS029991&arg_ProgOfficeCode=7,https://www.usaspending.gov/award/ASST_NON_R21HS029991_075/
HS030011,R03,R03HS030011,1R03HS030011-01A1,Disrupted,Terminated,Prediction of Practice Change in Primary Care Following Guideline Updates,"PROJECT SUMMARY The central idea of evidence-based medicine is that clinical decisions should be made on the basis of the best available research. Few practicing clinicians can stay current with the vast quantity of clinical research relevant to their patients, though. This is especially true for primary care providers, who care for patients with a broad range of conditions. Treatment guidelines are therefore an essential mechanism for disseminating research and promoting high-quality clinical care among physicians who cannot directly engage with published clinical research. Still, the time to widespread guideline implementation is too long. Delaying the uptake of guidelines has been associated with worse patient outcomes, particularly among patients from marginalized groups. Using the American Family Cohort, the nation’s largest clinical repository of electronic health records from primary care, we will analyze the response to four guideline updates that have different barriers to implementation: expansion of screening for Hepatitis C virus; vaccination of older adults against pneumococcus with newly approved vaccines; provision of preexposure prophylaxis (PrEP) for Human Immunodeficiency Virus; and initiation of screening for colorectal cancer at age 45 among people of average risk. Our analyses will support the dissemination of guidelines into primary care in two distinct ways. First, we will assess the predictors of time to practice change in the direction of more guidelineconcordant care for each of the four guideline update case studies, as determined by change-point analysis. We will use a multi-level model to then predict time to practice change, integrating patient, provider, and practice site characteristics. This will allow guideline developers to forecast the uptake and potential impact – including impact on disparities – of potential guideline updates. Next, we will develop phenotypes of clinicians based on their response to guideline updates by using latent class analysis to identify distinctive patterns of practice change across the combination of all four guideline updates. This latent class analysis will show how enabling factors and barriers to implementation can interact to generate predictable patterns of guideline response. In sum, our second aim will support market segmentation and the individualization of educational outreach that can improve the efficiency and impact of dissemination activities.","PROJECT NARRATIVE Guidelines for treating diseases are an important way that primary care providers learn about new research. However, it takes too long for guidelines to be adopted into practice, which harms patients. We will build tools to help create more impactful guidelines and to support educational outreach on guideline updates.",50000,50000,0,2025-11-28,AHRQ Source,N/A,N/A,2024-09-30,2026-09-29,Agency for Healthcare Research and Quality,93.226,"RESEARCH ON HEALTHCARE COSTS, QUALITY AND OUTCOMES",PA-23-115,N/A,N/A,N/A,FALSE,"AMERICAN BOARD OF FAMILY MEDICINE, INC.",KY,LEXINGTON,KY-06,N/A,Other Domestic Non-Profits,https://reporter.nih.gov/project-details/11054271,https://taggs.hhs.gov/Detail/AwardDetail?arg_AwardNum=R03HS030011&arg_ProgOfficeCode=7,https://www.usaspending.gov/award/ASST_NON_R03HS030011_075/
HS030016,R03,R03HS030016,1R03HS030016-01A1,Disrupted,Terminated,Assessing the Impact of Health System Ownership on Fulfilling the Vision of High-Quality Primary Care and Whole Health,"TITLE: Assessing the Impact of Health System Ownership on Fulfilling the Vision of High-Quality Primary Care and Whole Health PROJECT SUMMARY The National Academies of Sciences, Engineering, and Medicine’s (NASEM) reports “Implementing High Quality Primary Care'' and “Achieving Whole Health: A New Approach for Veterans and the Nation'' call for coordinated systems level approaches to care.1,2 In response to these calls for action and stresses on primary care from the COVID pandemic and other market forces, primary care practices are increasingly owned by health systems. In Virginia we have documented that between 2018 and 2022 there was an increase from 25% to 43% of practices being owned by a health system with a concurrent decline in clinician ownership.3 These changes could both help (e.g., provide a systems level approach, expanded interprofessional teams, new resources) and/or undermine (e.g., reduce local decision-making authority, replace ambulatory focus with hospital interests, undermine organizational culture) the ability to achieve NASEM’s vision. We propose an explanatory sequential mixed-methods study using multimedia elicitation surveys and focus group interviews to assess the impact of ownership on high-quality primary care and whole health care and to describe contextual factors that may impact care. Building on our ongoing, longitudinal assessment of primary care in Virginia conducted in the Ambulatory Care Outcomes Research Network (ACORN), we will randomly sample 30 primary care practices throughout the state, stratified by practices that in the past 5 years (a) moved from clinician to hospital ownership, (b) stayed clinician owned, or (c) stayed hospital owned. The survey will consist of a brief multimedia presentation, developed in collaboration with the NASEM report authors, of the key elements of high-quality primary care and whole health, immediately followed by Likert scale questions to assess team members’ attitudes, current practice, and confidence in the ability to improve on these elements. The survey will be digitally administered with REDCap software to representatives of each clinical team member type. To develop the multimedia elicitation survey, we will work with the NASEM report authors and committee members to distill and operationalize core elements articulated in the reports, including questions on equity, accessibility, integration, interprofessional teamwork, professional satisfaction and team wellbeing, and community engagement. A practice structural questionnaire will also collect information on practice organization and staffing levels, patient volume and population demographics, payer mix, EHR capabilities, enhanced access options, and participation in innovative payment models. Follow-up group interviews with practice teams will reflect on team survey responses and assess the organizational, practice, and individual level factors influencing high-quality primary care and whole health care. Study findings will be used to further AHRQ’s mission of revitalizing the Nation’s primary care system, promote the NASEM vision of Whole Health in primary care, and develop future interventions to help primary care deliver high-quality and whole health care in diverse ownership settings.","PROJECT NARRATIVE Primary care consolidation under health system ownership is increasing, but it is unclear how this will impact clinicians’ ability to achieve the National Academy of Medicine’s vision of HighQuality Primary Care and Whole Health. We will use multimedia elicitation surveys and focus group interviews to assess the impact of ownership on the delivery of high-quality care and to describe how contextual factors may help or hinder care. This information will inform national efforts and practice interventions to advance high-quality primary care and whole health.",49777,0,49777,2025-10-30,AHRQ Source,N/A,N/A,2024-09-01,2026-08-31,Agency for Healthcare Research and Quality,93.226,"RESEARCH ON HEALTHCARE COSTS, QUALITY AND OUTCOMES",PA-23-115,N/A,N/A,N/A,FALSE,VIRGINIA COMMONWEALTH UNIVERSITY,VA,RICHMOND,VA-04,"Public, R1, Tribal/Native Serving",SCHOOLS OF MEDICINE,https://reporter.nih.gov/project-details/11057145,https://taggs.hhs.gov/Detail/AwardDetail?arg_AwardNum=R03HS030016&arg_ProgOfficeCode=7,https://www.usaspending.gov/award/ASST_NON_R03HS030016_075/
HS030021,R03,R03HS030021,1R03HS030021-01A1,Disrupted,Terminated,Organizational strategies to support community health center well-being,"There are national movements to improve the quality of primary care for patients while protecting and promoting health worker well-being. The critical barrier to realizing these calls for action is that healthcare systems have struggled to effectively address health worker burnout and turnover, often utilizing low-yield tactics because of the perceived cost of system level changes. Work needs to be done to address the fundamental problem – the healthcare working environment. In this proposal, we aim to address the work environment of federally qualified health centers (FQHC) where critically important care is given to underserved populations who often have multiple chronic conditions. These centers struggle with employee retention, which leads to healthcare access and quality challenges for underserved patients. We propose a multi-method, multi-level investigation of FQHCs to evaluate the safety, health and well-being needs of their workforce to encourage retention. We will partner with the Colorado Community Health Network (CCHN) – all Colorado (CO) FQHCs are members and receive support from them – as well as CO practice-based research networks to recruit FQHCs and their staff to participate. Our project is guided by a vision for a FQHC workforce that is thriving in an environment that fosters their well-being. Aim 1: Determine how FQHCs can utilize leadership practices to design work that increases the employee value proposition for existing and future FQHC staff. Aim 2: Evaluate FQHC primary care workforce well-being using the NIOSH Worker Well-being Questionnaire (WellBQ) and assess its relationship to turnover intentions. We address AHRQ’s call to understand approaches to support, develop, retain, and grow the primary care workforce and further understand and improve their well-being. In the short-term, we will share results and resources with CO FQHCs for the purpose of helping them identify strengths and opportunities in the way they are supporting their workforce’s well-being. Our aim is to use our findings to begin to work towards shifting the current clinical practice of FQHC’s leadership and management of provider and staff well-being towards a systems-based approach, informed by multi-method and multi-level assessment strategies.","Federally qualified health centers (FQHC) need assistance with creating a work environment where their workforce thrives. We aim to shift the current clinical practice of FQHC’s leadership and management of provider and staff well-being towards a systems-based approach driven by leadership engagement and support using multi-level, multi-method assessments.",49923,46965.79,2957.209999999999,2025-10-30,AHRQ Source,N/A,N/A,2024-09-01,2026-08-31,Agency for Healthcare Research and Quality,93.226,"RESEARCH ON HEALTHCARE COSTS, QUALITY AND OUTCOMES",PA-23-115,N/A,N/A,N/A,FALSE,UNIVERSITY OF COLORADO DENVER,CO,Aurora,CO-06,"Hispanic Serving, Public, R1, Tribal/Native Serving",SCHOOLS OF PUBLIC HEALTH,https://reporter.nih.gov/project-details/11054324,https://taggs.hhs.gov/Detail/AwardDetail?arg_AwardNum=R03HS030021&arg_ProgOfficeCode=7,https://www.usaspending.gov/award/ASST_NON_R03HS030021_075/
HS030060,R18,R18HS030060,1R18HS030060-01,Disrupted,Terminated,Systems Engineering for Ransomware Attack Response Resiliency in Radiation Oncology,"Despite advancements in cyber security, ransomware attacks have occurred in health care with devastating effects. In the last 5 years, an estimated 60,000 radiotherapy treatments have been impacted by ransomware attacks affecting Radiation Oncology departments. Our project starts from the assumption that ransomware attacks will occur, and asks the question: what can be done to resume radiation treatments as rapidly and safely as possible during and after an attack? We refer to this concept as ransomware attack resiliency. Radiation oncology is particularly susceptible to ransomware attacks because it is the most technology reliant medical discipline as the ability to safely deliver radiation therapy is heavily reliant on multiple complicated software systems. If a ransomware attack does occur, Radiation Oncology patients are critically impacted as inevitable delays in treatment result in worse clinical outcomes, complicated workarounds result in unsafe treatment conditions, and the attacks stressed aspects of clinical care (transportation and communication) that disproportionately impacted patients with adverse social determinants of health. Research into ransomware attack response in Radiation Oncology has been primitive. Our project will form a multi-disciplinary team and patient advisory board to develop innovative Radiation Oncology specific ransomware resiliency methods and tools. Aim 1 will develop design goals through structured interview of frontline staff, meetings with a patient advisory board, and by performing ransomware attack resiliency exercises by disabling software components needed to treat a patient (thereby mimicking a ransomware attack) and asking the team to treat simulated patients. The structured interviews will be evaluated using rigorous qualitative data from cognitive interviews and the resiliency exercises will be evaluated using quantitative metrics. Aim 2 will develop novel software functionality for ransomware resiliency including: 1) a robust Relational Backup System that innovatively generates a backup of essential relationships between data elements on multiple systems, 2) Record and Verify and treatment planning system minimum functionality algorithms, and 3) imaging checks based on artificial intelligence methods. A comprehensive ransomware management document will be developed with strategies for mitigating the impact of ransomware attacks on patients with adverse social determinants of health. Aim 3 will longitudinally implement the proposed innovations in diverse circumstances and iterate the development/evaluation cycle 4 times. We will implement the developed innovations from Aim 2 and repeat the structured interviews, meetings with the patient advisory board, and resiliency exercises. Our project can significantly improve outcomes for cancer patients receiving radiotherapy at institutions impacted by ransomware attacks. The innovations and methods from our work can reduce the time needed to return to safely treating patients thereby improved chances for cancer cure, reduce the potential for medical errors, and mitigate treatment barriers for patients with adverse determinants of health.","Despite the best cybersecurity measures, ransomware attacks have occurred in Radiation Oncology with devastating effects. Our project proposes novel methods to improve ransomware attack resiliency and uses engineering principles to quantitatively and qualitatively evaluate the proposed techniques. The developed methods can help improve outcomes for cancer patients by enabling safer and timelier radiotherapy treatments in ransomware attack situations and by reducing the impact of ransomware attacks on patients impacted with social determinants of health.",393974,97221.67999999998,296752.32,2025-09-29,AHRQ Source,N/A,N/A,2024-08-01,2029-07-31,Agency for Healthcare Research and Quality,93.226,"RESEARCH ON HEALTHCARE COSTS, QUALITY AND OUTCOMES",PA-18-793,N/A,N/A,N/A,FALSE,THOMAS JEFFERSON UNIVERSITY,PA,PHILADELPHIA,PA-02,"Private, R2",SCHOOLS OF MEDICINE,https://reporter.nih.gov/project-details/10933339,https://taggs.hhs.gov/Detail/AwardDetail?arg_AwardNum=R18HS030060&arg_ProgOfficeCode=7,https://www.usaspending.gov/award/ASST_NON_R18HS030060_075/
HS030084,R01,R01HS030084,1R01HS030084-01,Disrupted,Terminated,Development and Evaluation of an Online Contraception Decision Aid for Transgender and Gender-Nonconforming (TGNC) Persons Assigned Female at Birth (AFAB),"PROJECT SUMMARY The objective of the proposed project is to develop and evaluate an online contraception decision aid, ContraceptionForAll, for transgender or gender-nonconforming (TGNC) persons assigned female at birth (AFAB). The specific aims are: (1) build the ContraceptionForAll tool by engaging the TGNC AFAB individuals in participatory design to enhance the platform, system function, and usability of an existing prototype developed by our group; (2) assess the usefulness and usability of ContraceptionForAll in a series of mixedmethods studies with cognitive walkthrough, usability testing, simulated test cases, a user survey, and followup interviews; and (3) conduct a randomized controlled trial to use ContraceptionForAll as a digital intervention to improve contraceptive decision-making, sexual health knowledge, and mental health for TGNC AFAB people. The proposed research fills the current knowledge gap in characterizing the structure and process of contraceptive decision-making among the TGNC AFAB individuals. It directly addresses the unmet health needs of the TGNC AFAB population and advocates for health and healthcare equity for this gender-minority group. It has the potential to advance culturally appropriate healthcare as well as to fight against potential biases, stigma, and discriminations. From the technology perspective, it will develop guiding principles for engaging gender-minority groups in participatory design of digital health tools as part of the efforts to build cultural competence for the biomedical informatics and health IT workforce. It builds on: (1) our team’s expertise and experiences in health information dissemination research, clinical decision support systems and patient decision aids, design and evaluation of information systems, gender-minority health, reproductive health, behavioral and mental health, clinical trials, and biostatistics; and (2) our preliminary work in development and evaluation of online contraceptive decision aids for both cisgender women and TGNC AFAB individuals. The digital intervention developed from this project will directly serve the TGNC AFAB population and has the potentials to enhance their sexual health education, to facilitate contraception decision-making, and to improve their sexual and mental health. The proposed research is highly responsive to AHRQ’s priorities in: (1) study of decision making tailored to the needs of disadvantaged populations; and (2) advancing health and healthcare equity. The success of the proposed research will lay out a foundation for dissemination of the digital intervention to the TGNC AFAB population in the next stage.",PROJECT NARRATIVE The proposed project will develop and evaluate an online contraceptive decision aid for the transgender and gender-nonconforming (TGNC) individuals assigned female at birth (AFAB). It will generate evidence to use digital health interventions to improve gender-minority groups’ health. The project has long-term potential impacts to advance health and healthcare equity.,391458,221665.42000000004,169792.57999999996,2025-07-30,AHRQ Source,N/A,N/A,2024-08-01,2028-05-31,Agency for Healthcare Research and Quality,93.226,"RESEARCH ON HEALTHCARE COSTS, QUALITY AND OUTCOMES",PA-18-795,N/A,N/A,N/A,FALSE,ARIZONA STATE UNIVERSITY-TEMPE CAMPUS,AZ,SCOTTSDALE,AZ-01,"Hispanic Serving, Public, R1",SCH ALLIED HEALTH PROFESSIONS,https://reporter.nih.gov/project-details/10941163,https://taggs.hhs.gov/Detail/AwardDetail?arg_AwardNum=R01HS030084&arg_ProgOfficeCode=7,https://www.usaspending.gov/award/ASST_NON_R01HS030084_075/
HS030098,R01,R01HS030098,1R01HS030098-01,Disrupted,Terminated,Bedside Notes: A multicenter trial to improve family clinical note access and outcomes for hospitalized children,"PROJECT SUMMARY/ABSTRACT Hospitalized children experience alarming rates of harm due to medical errors and rely on their clinicians and parents to exchange important information about their care and work together to identify and intercept errors. While recent mandates require clinicians to share their clinical notes with parents, which detail a child’s diagnosis, progress and treatment plans, fewer than 10% of parents read these notes during their child’s hospital stay. To address this gap, we developed Bedside Notes – a health IT intervention that provides parents with real-time access to their child’s clinical notes through an inpatient portal on a bedside tablet during their child’s hospitalization. Our single-center pilot study showed a 14-fold increase in parent access to notes after implementation. Additionally, one in five parents who accessed notes identified a potential safety concern, 60% of which were confirmed. The long-term goal of this research is to improve access to trusted health information for parents of hospitalized children to enhance the safety of pediatric inpatient care. The objective of this proposed study is to evaluate the impact of the Bedside Notes intervention on note access and parentreported outcomes for hospitalized children. Our objective will be accomplished with these aims: 1) Assess the impact of the Bedside Notes intervention on parent access to inpatient notes, 2) Evaluate the effectiveness of note access on improving parent safety perceptions and experiences, and 3) Identify contextual factors contributing to parent use of and hospital staff receptivity to the intervention. Guided by the Systems Engineering Initiative for Patient Safety 2.0 framework, our approach will be to conduct a hybrid type 1 randomized controlled trial (RCT) with English and Spanish-speaking parents of 558 children admitted to a pediatric service at 3 sites. Parents will be randomized to one of two arms: (1) usual care (notes through an outpatient portal on a personal device) or (2) the Bedside Notes intervention (notes through an inpatient portal on a hospital-owned bedside tablet + orientation video). Mixed methods (EHR audit reports, surveys, interviews) will assess note access and parent safety perceptions and experiences. Deliverables include data on the efficacy of the Bedside Notes intervention and contextual factors informing future implementation and dissemination. Our team’s expertise in pediatric health services research and consumer-facing informatics, and experience successfully collaborating to design and pilot test the Bedside Notes intervention, form a strong foundation for this research. This proposal is innovative because it will be the first RCT evaluating an intervention to improve note access and impact on parent-reported outcomes. Utilizing a multisite RCT design, multiple electronic health record vendors, and national advisory group feedback, this study is poised to make a sustained positive impact on the delivery of patient- and family-centered care. This study is significant because findings will advance scientific knowledge regarding the potential to leverage health IT to engage parents as partners in improving the safety of inpatient care for children, an AHRQ priority population.","PROJECT NARRATIVE Hospitalized children suffer harm from medical errors at a rate three times that of adults and depend on clinicians to exchange information with parents to identify and intercept errors. While access to information within clinical notes, which detail a child’s diagnoses, treatment and contingency plans, has prompted parents to identify safety concerns, less than 10% of parents access notes during their child’s hospital stay. The objective of this proposed multisite clinical trial is to evaluate the effect of Bedside Notes – a health IT intervention designed to improve parent note access and, in turn, parent engagement in safety concern reporting in the pediatric inpatient setting.",400000,229916.98,170083.02,2025-09-29,AHRQ Source,N/A,N/A,2024-09-30,2029-07-31,Agency for Healthcare Research and Quality,93.226,"RESEARCH ON HEALTHCARE COSTS, QUALITY AND OUTCOMES",PA-18-795,N/A,N/A,N/A,FALSE,UNIVERSITY OF WISCONSIN-MADISON,WI,MADISON,WI-02,"Land grant, Public, R1",SCHOOLS OF MEDICINE,https://reporter.nih.gov/project-details/10943961,https://taggs.hhs.gov/Detail/AwardDetail?arg_AwardNum=R01HS030098&arg_ProgOfficeCode=7,https://www.usaspending.gov/award/ASST_NON_R01HS030098_075/
HS030118,K08,K08HS030118,1K08HS030118-01,Disrupted,Terminated,Identifying Sepsis Phenotypes Associated with Antibiotic-Resistant Pathogens Using Large Language Models and Machine Learning,"Sepsis is a major driver of broad-spectrum antibiotic use, in large part because best practice guidelines and quality measures recommend immediate administration of antimicrobial therapy broad enough to cover all likely pathogens for patients with suspected sepsis. This leads to many patients receiving antibiotics covering methicillin-resistant Staphylococcus aureus (MRSA) and multidrug-resistant (MDR) Gram-negative organisms, despite only a tiny fraction having evidence of these infections. Overly broad antibiotics contribute to antibiotic resistance and increase the risk of acute kidney injury, Clostridioides difficile infection, and potentially even mortality. Clear guidance on when to choose empiric narrow spectrum therapy has been lacking, however, in large part because simple models predicting the risk of MDR pathogens have not shown high enough accuracy to enable clinicians to safely withhold broad-spectrum therapy. Phenotyping studies that have attempted to elucidate subtypes of sepsis by applying clustering methods to detailed electronic health record (EHR) data have shown promise in predicting responses to varying treatment strategies, but none so far have sought to inform the appropriate initial breadth of antibiotic therapy. Previous studies have also ignored key data available in clinical notes, including presenting symptoms and recent antibiotic and healthcare exposures, even though those data may be associated with the likelihood of MDR infection. My central hypothesis is that objective EHR data can be augmented with key information extracted from unstructured free text notes using large language models (LLMs) to define phenotypes of suspected sepsis that predict the value of initial antiMRSA and anti MDR Gram-negative therapy. I will investigate this in a large multihospital cohort through the following specific aims: (1) Apply LLMs to clinical notes to identify presenting syndromes, recent antibiotic exposures, and recent healthcare exposures in patients with suspected sepsis, and assess the marginal value of these free-text data vs structured data alone to predict antibiotic choice and appropriateness; (2) Quantify the impact of overly broad vs appropriate vs overly narrow antibiotics on patient outcomes in patients with culture-positive sepsis; and (3) Identify phenotypes of suspected sepsis for whom the negative impact of overly broad early antibiotic coverage most likely outweighs therapeutic benefit. The candidate, Dr. Theodore Pak, MD, PhD, is an infectious diseases fellow at Massachusetts General Hospital and a physician-scientist with experience in software engineering, bioinformatics, and analysis of EHR data. Dr. Pak’s goals during the K08 period are to obtain advanced training in EHR data analysis; learn advanced causal inference and machine learning methods; gain experience in artificial intelligence and natural language processing of clinical text; and strengthen abilities in scientific communication and leadership. By the end of the award period, Dr. Pak will be poised to become an independent physician-scientist who designs, engineers, and leads analyses of “big data” from health systems that address clinically impactful questions in infectious diseases.","PROJECT NARRATIVE Current best practice guidelines and regulatory mandates for sepsis encourage immediate administration of broad-spectrum antibiotics to any patient with suspected sepsis, contributing to a high rate of overuse of antibiotics directed at methicillin-resistant Staphylococcus aureus and multidrug-resistant Gram-negative organisms. The proposed research seeks to quantify the impact of overly broad and overly narrow initial antibiotic coverage in a large multi-hospital cohort of patients with suspected sepsis, and then identify specific phenotypes of sepsis for which overly broad antibiotics can be safely avoided, by combining electronic health record data with information on symptoms and risk factors for multidrug resistant organisms extracted from clinical notes with large language models. This study will have important clinical and public health implications by quantifying the unintended adverse consequences of broad antibiotic use, helping clinicians select safer antibiotic choices for patients with potential sepsis, and enabling new data-driven strategies for antimicrobial stewardship.",147122,124933.43,22188.570000000007,2025-09-29,"Reported to GW, AHRQ Source",N/A,N/A,2024-08-01,2029-07-31,Agency for Healthcare Research and Quality,93.226,"RESEARCH ON HEALTHCARE COSTS, QUALITY AND OUTCOMES",PA-22-232,N/A,N/A,N/A,FALSE,MASSACHUSETTS GENERAL HOSPITAL,MA,BOSTON,MA-08,N/A,Independent Hospitals,https://reporter.nih.gov/project-details/10948425,https://taggs.hhs.gov/Detail/AwardDetail?arg_AwardNum=K08HS030118&arg_ProgOfficeCode=7,https://www.usaspending.gov/award/ASST_NON_K08HS030118_075/
HS030148,R21,R21HS030148,1R21HS030148-01,Disrupted,Terminated,An AI-Directed CDS Tool to Reduce Iron Deficiency Anemia in Pregnancy: A Randomized Controlled Trial (AID-IDA Trial),"Project Summary Postpartum hemorrhage (PPH) is the most common complication during childbirth, occurring after 10% of all deliveries, and is a significant contributor to maternal morbidity. While acute and active management of PPH is required to prevent morbidity, pregnant individuals without anemia are better equipped to tolerate deliveryassociated blood loss without incurring morbidity. The primary cause of anemia in pregnancy is iron deficiency. There is insufficient evidence to support universal iron deficiency screening during routine obstetric care in the US. Currently, most individuals may only be screened for iron deficiency if they are anemic. This two-step screening process can lead to 1) failure to diagnose iron deficiency if the patient does not undergo the secondary work-up for anemia and 2) failure to adequately treat iron deficiency given the time it takes for oral therapy, the historical standard treatment, to replete iron stores and its side effects that can limit regular use. Thus, innovative strategies are needed to address iron deficiency and anemia in pregnancy, especially for the 10% of individuals who will have a PPH and are at an increased risk for severe maternal morbidity. The primary objective of this Phased Innovation Award (R21/R33) is to develop and test a clinical decision support (CDS) tool that proposes a novel iron deficiency screening and management algorithm for individuals at high risk for PPH. In Phase I (R21), structured data known at the end of the second trimester will be used to develop a machine learningbased predictive model to identify those at high risk for PPH. We will then build a CDS tool within the electronic health record (EHR) that will prompt providers to proactively screen and treat iron deficiency for patients at high risk for PPH. In Phase II (R33), we will test this CDS tool’s efficacy in reducing the prevalence of anemia before delivery via a randomized controlled trial. This phase will also monitor the acceptability of the CDS tool among obstetric providers in the intervention group. Based at Massachusetts General Hospital, this work is led by an experienced, multidisciplinary team of researchers with expertise in machine learning, informatics, practical application of risk stratification tools, and clinical obstetrics. Ultimately, the proposed work seeks to improve maternal health outcomes and accelerate the application of artificial intelligence-aided clinical tools in obstetrics at the point of care. Specifically, it will demonstrate how a digital health tool, which uses a personalized risk assessment, can be integrated into clinical workflows within prenatal care and offers an actionable, resourceconscious strategy to address the ongoing public health crisis related to maternal morbidity in the US.","Project Narrative Postpartum hemorrhage is a common and significant contributor to maternal morbidity, with many complications arising from acute hypovolemia and end-organ damage from subsequent hypoxia. This project will study a digital health solution using a machine learning-based prediction model to identify those at high risk for hemorrhage and then apply a proactive management algorithm (via a clinical decision support tool) to decrease the prevalence of anemia before delivery. This project will demonstrate how applying prediction models at the point of care in obstetrics can directly address the increasing maternal morbidity and mortality rates, which remain a public health priority.",118089,117394.75,694.25,2025-09-29,AHRQ Source,N/A,N/A,2024-08-01,2026-07-31,Agency for Healthcare Research and Quality,93.226,"RESEARCH ON HEALTHCARE COSTS, QUALITY AND OUTCOMES",PA-21-164,N/A,N/A,N/A,FALSE,MASSACHUSETTS GENERAL HOSPITAL,MA,BOSTON,MA-08,N/A,Independent Hospitals,https://reporter.nih.gov/project-details/10951600,https://taggs.hhs.gov/Detail/AwardDetail?arg_AwardNum=R21HS030148&arg_ProgOfficeCode=7,https://www.usaspending.gov/award/ASST_NON_R21HS030148_075/
HS030173,K18,K18HS030173,1K18HS030173-01,Disrupted,Terminated,Advancing patient advocacy group-driven research via implementation science,"Project Summary / Abstract Many patient advocacy groups are working to improve care and outcomes within their specific context and there is great variability in their methods to achieve common goals. Implementation science (IS) studies methods and strategies to facilitate the uptake of evidence-based interventions (EBIs) into use by practitioners and policymakers and seeks to synthesize what works for whom and in what contexts and to close the gap between research and practice. We hypothesize that IS approaches will facilitate patient advocacy group-led research to increase implementation of EBIs and improve patient outcomes. A barrier to this approach is lack of implementation research skills among those involved. I am a Professor of Surgery at the University of Texas Health Science at Houston and have over 23 years’ experience conducting federally funded multicenter comparative effectiveness randomized clinical trials (RCTs). The impact of RCTs on clinical practice is often unknown (due to lack of treatment pattern data) but is likely less than desired by all stakeholders. IS may increase the impact of research findings on clinical practice, achieving improved patient outcomes. I am seeking AHRQ K18 funding to acquire new skills in IS and research methods, including knowledge about the rational selection of theories and frameworks to address specific research questions, mixed-methods, and qualitative research methodology, and in PCOR and CER methods outside of RCTs. Team science principles will be part of the training program given the large multidisciplinary teams in patient advocacy group-led research. Our proposed research projects involve patient-advocacy groups and IS teams as equal collaborators to increase implementation of EBIs within different contexts. We believe that an IS approach will facilitate advocacy groupled research efforts and investigating the effectiveness of these efforts (implementation and clinical outcomes) will increase our understanding of what approach works for various advocacy groups and in what contexts. Our Aims are to 1) develop and test strategies to increase implementation of consensus treatment plans for juvenile idiopathic arthritis in collaboration with the Childhood Arthritis and Rheumatology Research Alliance, 2) investigate implementation considerations in the multiple sclerosis (MS) implementation network and patient registry in collaboration with the MS Association of America, and 3) address gaps in knowledge that limit the use of EBIs in the surgical treatment of infants with necrotizing enterocolitis in collaboration with the NEC Society. The intensive training program will enhance my knowledge and experience in PCOR, CER, implementation science, and team science. I will apply these new skills in the proposed research projects and in future clinical trials, teach IS methods within clinical contexts, mentor faculty in these methods, and collaborate with other investigators to apply implementation research considerations to their projects.","Project Narrative Many patient advocacy groups are working passionately to improve care and outcomes for specific diseases and vulnerable populations, but best methods to achieve these goals are unknown. Equal collaboration between clinicians, researchers, and advocacy groups utilizing implementation science methods is underutilized and promises to increase use of evidence-based interventions in clinical practice to increase quality of life and reduce disability and illness. This K18 training program will educate a successful clinical trialist in implementation science so that he can increase the use of these methods in clinical contexts and teach the methods to other clinician scientists.",275000,242036.48,32963.51999999999,2025-09-29,AHRQ Source,N/A,N/A,2024-08-01,2026-07-31,Agency for Healthcare Research and Quality,93.226,"RESEARCH ON HEALTHCARE COSTS, QUALITY AND OUTCOMES",PA-22-051,N/A,N/A,N/A,FALSE,UNIVERSITY OF TEXAS HLTH SCI CTR HOUSTON,TX,HOUSTON,TX-18,"Public, R1",SCHOOLS OF MEDICINE,https://reporter.nih.gov/project-details/10948394,https://taggs.hhs.gov/Detail/AwardDetail?arg_AwardNum=K18HS030173&arg_ProgOfficeCode=7,https://www.usaspending.gov/award/ASST_NON_K18HS030173_075/
HS030193,F32,F32HS030193,1F32HS030193-01,Disrupted,Terminated,Patient Dumping and EMTALA Enforcement Involving Psychiatric Emergencies,"Project Summary Psychiatric emergencies comprise a large and increasing proportion of emergency department (ED) visits, with many psychiatric patients receiving suboptimal care while boarding in EDs. The Emergency Medical Treatment and Labor Act (EMTALA) established a duty for hospitals to screen and stabilize patients presenting to EDs regardless of ability to pay. EMTALA requires that any patient with a medical or psychiatric complaint presenting to a dedicated ED have a timely screening exam, stabilization of emergent conditions, and transfer to another facility for a higher level of care if services required for stabilization are unavailable at the original facility. Hospitals violating EMTALA are at risk for termination of Medicare provider agreements, which typically results in hospital closure or downgrading of emergency services. Despite potentially grave consequences, hospitals continue to violate EMTALA. Overall, 17% of EMTALA citations are labeled by the enforcing agency as involving psychiatric conditions. However, a review of recently available data suggests that these labels underestimate citations involving psychiatric conditions. Specific conditions and circumstances (e.g., suicidal ideation, threats to staff) resulting in care denial or outcomes of involved patients (e.g., hospitalization, death, incarceration) have not been explored. A more rigorous exploration and categorization of individual citations associated with the care of patients with psychiatric emergencies is warranted to inform care, encourage compliance, and maintain uninterrupted provision of emergency services. Higher odds of EMTALA citations are found among hospitals that are large, urban, for-profit, and disproportionately serve Medicaid patients. However, hospital-level factors associated with EMTALA citations involving psychiatric emergencies have not been explored. Hospitals with less capacity to care for patients with psychiatric conditions on-site are more likely to discharge patients compared with hospitals that have greater capacity. Whether the capacity of a hospital (or lack thereof) to stabilize patients with psychiatric emergencies is associated with risk of EMTALA citation remains uninvestigated. A multidisciplinary team, including an AHRQ-supported sponsor, co-sponsor, and key advisors, will provide support and guidance as the applicant develops and completes projects to 1) identify and characterize EMTALA citation events involving psychiatric emergencies, 2) explore novel measures of hospital capacity to care for patients with psychiatric emergencies, and 3) evaluate the association between hospital capacity to care for patients with psychiatric emergencies and receipt of EMTALA citations. Through didactics and completion of these projects, the applicant will gain experience with 1) health policy/analysis, 2) qualitative methods, 3) quantitative methods, 4) impactful dissemination of findings, and 5) writing compelling funding proposals, as he trains to become an independent health services researcher.","Project Narrative The Emergency Medical Treatment and Labor Act (EMTALA) established a duty for hospitals to screen and stabilize patients presenting to emergency departments with emergent medical or psychiatric conditions regardless of ability to pay. A multidisciplinary team of sponsors, co-sponsors, and key advisors will provide support and guidance as the applicant develops and completes projects to 1) identify and characterize EMTALA citation events involving psychiatric emergencies, 2) explore novel measures of hospital capacity to care for patients with psychiatric emergencies, and 3) evaluate the association between hospital capacity to care for patients with psychiatric emergencies and receipt of EMTALA citations. Through didactics and completion of these projects, the applicant will learn about and gain experience with health policy/analysis, qualitative methods, quantitative methods, impactful dissemination of findings, and grantsmanship, as he trains to become an independent health services researcher.",94278,77330.65000000001,16947.34999999999,2025-10-14,AHRQ Source,N/A,N/A,2024-08-16,2026-08-15,Agency for Healthcare Research and Quality,93.225,NATIONAL RESEARCH SERVICE AWARDS HEALTH SERVICES RESEARCH TRAINING,PA-22-251,N/A,N/A,N/A,FALSE,UNIVERSITY OF SOUTHERN CALIFORNIA,CA,Los Angeles,CA-37,"Private, R1",SCHOOLS OF MEDICINE,https://reporter.nih.gov/project-details/10995733,https://taggs.hhs.gov/Detail/AwardDetail?arg_AwardNum=F32HS030193&arg_ProgOfficeCode=7,https://www.usaspending.gov/award/ASST_NON_F32HS030193_075/
HS030220,R01,R01HS030220,1R01HS030220-01,Disrupted,Terminated,Evaluating equity in antibiotic stewardship and disparities in appropriateness of antibiotic treatment,"Project Summary Antibiotic overuse is a serious public health crisis. Antibiotics are one of the most commonly prescribed medications where 7 of every 10 Americans receive an antibiotic annually. This is concerning considering that it is estimated that ~30% of antibiotics prescribed in outpatient clinics are unnecessary. Whether appropriate or inappropriate, antibiotic use can result in adverse events including allergic reactions, Clostridioides difficile infection (CDI), and antibiotic resistance. Antibiotic stewardship (AS) is recommended to optimize antibiotic use and curb inappropriate antibiotic prescribing and encompasses strategies such as academic detailing, audit and feedback, and laboratory testing. AS strategies have been shown to improve prescribing, while decreasing costs, antibiotic resistance, and CDI. We have recently begun quality improvement activities to support the implementation of AS strategies described in the CDC Core Elements of Outpatient Antibiotic Stewardship in urgent care clinics and Federally Qualified Health Centers (FQHCs), which generally serve underserved and vulnerable patient populations in the Chicagoland area. A new accreditation standard was recently published by The Joint Commission (TJC) recommending that a focus on health equity and disparities be integrated within existing quality improvement activities like the Core Elements. This is significant because disparities in antibiotic prescribing have been identified, where Black patients are less likely to receive antibiotics than White patients, but more likely to receive inappropriate prescribing. In addition, several individual and provider characteristics have been found to be associated with unnecessary prescribing but are limited as these studies do not interrogate the drivers of these disparities such as structural determinants or the patient experience. Evaluating implementation of AS strategies through the lens of structural inequities and the intersection with other patient and provider characteristics are critical for informing and enhancing uptake of AS strategies and their impact on patient outcomes. We propose to conduct a mixed methods study using surveys to evaluate facility implementation of AS and equity standards; electronic health record (EHR) data from urgent care and FQHC clinics to evaluate disparities in antibiotic prescribing; and qualitative interviews with patients to interrogate the factors that shape variation in antibiotic prescribing and equity in prescribing. The expected outcomes of this study are to close the knowledge gap on understanding drivers of inequity and identify strategies to facilitate equitable antibiotic prescribing in resource-limited settings that treat vulnerable patients, such as FQHCs. This project is significant and innovative because using a mixed methodology to incorporate health equity evaluation with AS implementation represents a significant paradigm shift and has not been rigorously evaluated. Evaluating implementation of AS strategies and equity standards and their relationship with disparities in antibiotic prescribing (whether minimizing or exacerbating) will have impact by informing interventions to improve and ensure equitable antibiotic prescribing and reduce unnecessary antibiotic prescribing.","Project Narrative Antibiotic overuse is a serious public health crisis and is associated with adverse events including allergic reactions, Clostridioides difficile infection, and antibiotic resistance. New accreditation standards recommend integration of health equity into activities to improve antibiotic prescribing. We propose to conduct a mixed methods study that will evaluate implementation of AS and equity standards and disparities in antibiotic prescribing to close the knowledge gap on understanding drivers of inequity and identify strategies to facilitate equitable antibiotic prescribing in resource-limited settings that treat vulnerable patients.",499999,121720.69,378278.31,2025-09-29,AHRQ Source,N/A,N/A,2024-09-30,2029-07-31,Agency for Healthcare Research and Quality,93.226,"RESEARCH ON HEALTHCARE COSTS, QUALITY AND OUTCOMES",PA-22-047,N/A,N/A,N/A,FALSE,NORTHWESTERN UNIVERSITY,IL,CHICAGO,IL-05,"Private, R1",SCHOOLS OF MEDICINE,https://reporter.nih.gov/project-details/11020755,https://taggs.hhs.gov/Detail/AwardDetail?arg_AwardNum=R01HS030220&arg_ProgOfficeCode=7,https://www.usaspending.gov/award/ASST_NON_R01HS030220_075/
HS030221,R01,R01HS030221,1R01HS030221-01,Disrupted,Terminated,"Complexity, Incidence, and Costs Related to Delayed Diagnosis of Venous Thromboembolism in Urban and Rural Primary and Urgent Care Settings","ABSTRACT Venous thromboembolism (VTE), consisting of pulmonary embolism and deep vein thrombosis, is a common and consequential public health problem affecting up to 600,000 adults in the United States annually. VTE requires timely detection and treatment, but the VTE diagnosis workflow in ambulatory care is fraught with challenges, including delays, inaccuracies, and misdirection, influenced by multiple factors including nonspecific symptoms and a lack of systematic measurement and quality improvement tools. VTE is associated with health disparities (highest in black and African American populations) and missed or delayed VTE diagnosis can have serious consequences for patient and healthcare cost outcomes, resulting in increased risk of morbidity, mortality, and prolonged hospital stays. These issues may be further compounded by variation in the types of ambulatory care practices (primary care versus urgent care) and the geographical locations and socio-economic status where patients seek care. Our team developed an electronic clinical quality measure (eCQM) that uses structured and unstructured EHR data to measure Diagnostic Delay of Venous Thromboembolism (DOVE) in primary care settings that was recently endorsed by the Partnership for Quality Measurement. Using this eCQM, the rate of delayed VTE diagnosis in urban, metro, and rural primary care practices across three large healthcare systems using different EHR systems was found to be consistently over 70%, suggesting that this is an important type of diagnostic error (DE) with likely negative impacts on patient outcomes. Building on our preliminary work, we propose to leverage EHR data and stakeholder expertise to gain an understanding of VTE DE risk factors, disparities and outcomes. We will develop artificial intelligence (AI) and statistical learning tools to identify, factorize, and address vulnerabilities in a range of VTE DE workflows including delayed and missed VTE diagnosis in both ambulatory and urgent care settings. This study brings together a strong interdisciplinary team of experts in primary care, VTE diagnosis, informatics, data science (natural language processing and machine learning). The advanced data-driven eCQM will be refined using high-dimensional EHR data (structured and unstructured) to quantfy timely, delayed and missed VTE diagnoses. To increase generalizability of the results, we will use multiple data sources from 220 primary care/urgent care practices and clinics associated with 13 hospitals from urban, metro and rural clinics in the Northeastern and Southern United States (2 different EHR vendors). If successful, this approach will substantially improve our understanding of DEs and related risk factors, VTE DE related costs and build a foundation for improving VTE diagnostic accuracy and precision and diminish disparities in healthcare outcomes.","NARRATIVE VTE is a common public health problem, with up to 600,000 U.S. cases annually resulting in 100,000 deaths, 550,000 hospitalizations, costs of $5-10 billion per year, but with non-specific symptoms making timely detection and subsequent treatment in ambulatory settings challenging. Our team developed an electronic clinical quality measure (eCQM) that uses structured and unstructured EHR data to measure Diagnostic Delay of Venous Thromboembolism (DOVE) in primary care settings and demonstrated rates over 70% across 3 health systems, suggesting an important type of diagnostic error (DE) with likely negative impacts on patient outcomes. This study builds on our prior work by expanding the definition of VTE DE to include both delayed and missed VTE diagnosis, gaining an understanding of VTE DE risk factors, outcomes, disparities, and costs and by developing artificial intelligence and statistical learning tools to identify, factorize, and address vulnerabilities in a range of VTE DE workflows including delayed and missed VTE diagnosis in both primary care and urgent care settings.",500000,331957.04,168042.96000000002,2025-08-29,AHRQ Source,N/A,N/A,2024-09-01,2028-06-30,Agency for Healthcare Research and Quality,93.226,"RESEARCH ON HEALTHCARE COSTS, QUALITY AND OUTCOMES",PA-23-291,N/A,N/A,N/A,FALSE,BRIGHAM AND WOMEN'S HOSPITAL,MA,BOSTON,MA-07,N/A,Independent Hospitals,https://reporter.nih.gov/project-details/11020773,https://taggs.hhs.gov/Detail/AwardDetail?arg_AwardNum=R01HS030221&arg_ProgOfficeCode=7,https://www.usaspending.gov/award/ASST_NON_R01HS030221_075/
HS030226,R01,R01HS030226,1R01HS030226-01,Disrupted,Terminated,Reducing Necrotizing Enterocolitis Disparities with a Neonatal Project ECHO,"ABSTRACT Despite the widespread availability of low-cost, evidence-based preventative strategies like human milk feeding, feeding guidelines and medication stewardship, necrotizing enterocolitis (NEC) remains a chief cause of emergency surgery and death in premature infants and disproportionately affects Black and Hispanic infants. Under-resourced neonatal intensive care units (NICUs) struggle to support staff education, a culture that engages in quality improvement (QI), or access essential resources like donor human milk and adequate nursing care. The intersectionality of these factors in concert with social determinants of health may contribute to NEC disparities. NICU disparities are lessened with intense quality improvement, although equity-focused quality improvement is rare. In 2016, the U.S. Legislature signed the “Expanding Capacity for Health Outcomes (ECHO) Act” into law to spur “technology-enabled collaborative learning and capacity building models” and accelerate the impact of these models on preventing disease and improving public health outcomes among underserved groups. Our team has effectively implemented a neonatal Project ECHO (NeoECHO) which supports implementation of NEC preventing best practices and our team has shown its benefits to reach NICU clinicians in under-resourced settings. Using a stepped-wedge clinical trial design and engagement of patientfamily advocate partners and a national neonatal practice group, we will provide active facilitation via telementoring and working with local internal facilitators in 30 NICUs to examine the effects of a NeoECHO approach to reduce NEC rates and impacts on NEC disparities within and across units. Aims will: 1) Compare the effectiveness of NeoECHO to usual care on NICU-level outcomes for NEC and clinical care. 2) Describe the structural organizational contexts and unit-level differences in quality outcomes at baseline and examine their contribution to intervention effectiveness. 3) Evaluate NeoECHO implementation (including features of engagement, reach, number of recommended practices adopted and embedded in practice, retention of NICUs in the program, effect on clinician confidence, and cost). Using an implementation determinant framework known as the Health Equity Implementation Framework, we will qualitatively explore the barriers and facilitators to implementation of NeoECHO to allow for a more contextual understanding of implementation disparities. Our pragmatic, experimental design will expand the evidence base on both effectiveness and implementation of ECHO and contribute to the AHRQ mission by addressing modifiable risk factors to reduce disparities in the incidence of NEC; leveraging telehealth-delivered mentoring to facilitate adoption of EBP by removing accessibility barriers; and offering at-the-shoulder support for NICUs most in need. This application is responsive to the AHRQ Special Emphasis to Advance Health and Healthcare Equity (NOT-HS-23-013), informing the advancement of equitable neonatal healthcare quality using implementation science.","PROJECT NARRATIVE Necrotizing enterocolitis (NEC) disproportionately affects people of color and is a significant cause of emergency surgery and death among fragile infants. This project, using a telehealth-delivered mentoring intervention called ""NeoECHO,"" aims to provide evidence of its effectiveness in adopting NEC prevention measures and gather information on structural differences in neonatal intensive care units (NICUs) to ultimately eliminate NEC disparities.",394280,110398.63,283881.37,2025-08-29,AHRQ Source,N/A,N/A,2024-09-01,2029-06-30,Agency for Healthcare Research and Quality,93.226,"RESEARCH ON HEALTHCARE COSTS, QUALITY AND OUTCOMES",PA-18-795,N/A,N/A,N/A,FALSE,UNIVERSITY OF ARIZONA,AZ,TUCSON,AZ-07,"Hispanic Serving, Land grant, Public, R1",SCHOOLS OF NURSING,https://reporter.nih.gov/project-details/11021716,https://taggs.hhs.gov/Detail/AwardDetail?arg_AwardNum=R01HS030226&arg_ProgOfficeCode=7,https://www.usaspending.gov/award/ASST_NON_R01HS030226_075/
HS030245,R01,R01HS030245,1R01HS030245-01,Disrupted,Terminated,Bridges to Primary Care: Transforming Postpartum Primary Care Coordination for People with Chronic Conditions,"Over 30% of pregnant people have at least one chronic medical condition, and 20% have certain prenatal conditions (e.g., pregnancy-related hypertension, gestational diabetes) that increase the risk of chronic disease later in life. While patients with these conditions are typically highly engaged in prenatal care, they encounter a “postpartum cliff” in health system support after delivery; many receive no postpartum primary care at all despite having ongoing medical needs. At a time of increased stress, sleep deprivation, and competing demands, they must navigate administrative burdens in accessing primary care, often without scheduling assistance or any formal handoff between their obstetric and primary care clinician (PCP). These burdens may lead to avoided or delayed postpartum primary care, exacerbating health inequities that existed prenatally even for those fortunate enough to have a PCP. Given the many benefits of primary care, this lack of obstetric-to-primary care coordination represents a missed opportunity to increase primary care engagement and manage chronic conditions earlier in life. The primary objective is to increase postpartum primary care engagement, quality, and experience by strengthening obstetric-to-primary care coordination using a behavioral economics-informed intervention. The intervention, integrated into routine inpatient postpartum care, includes default PCP visit scheduling, tailored nudge messages to patients, ongoing care recommendations sent to the PCP, and a summary of recommendations after pregnancy given to the patient. Using a robust randomized controlled trial of 1,320 participants that is built off of the team’s pilot study, the proposed study will: (Aim 1) measure the intervention’s impact on postpartum primary care visit completion, sustained engagement, and disparities in these outcomes; (Aim 2) measure the intervention’s impact on high-value primary care service use; and (Aim 3) measure the intervention’s impact on patient experience, stress, and mental health. This project brings together a multi-disciplinary team and complementary skills in 1) health economics and behavior change, 2) obstetric and primary care research and clinical practice, and 3) the design, implementation, and analysis of RCTs to increase primary care engagement, a key priority in the context of declining and inequitable primary care use. This study responds to AHRQ’s Special Emphasis Notice expressing interest in health services research to advance primary care, including the interest in care coordination across providers with attention to health care disparities and patients with multimorbidity. It is also aligned with AHRQ’s interest in innovative approaches to study design, including the use of behavioral economics. The study will generate rigorous, actionable evidence to ensure primary care coordination becomes standard postpartum care practice and will provide insight into postpartum patients’ health care experiences. By targeting a vulnerable population at a time of great need and opportunity, postpartum-to-primary care coordination has the potential to catalyze sustained primary care engagement throughout life and improve long-term health.","The lack of postpartum primary care coordination is a missed opportunity to increase primary care engagement and manage chronic conditions early in life, especially for the >30% of pregnant people who have or are at risk for these conditions. This study aims to increase postpartum primary care engagement, quality, and experience by strengthening postpartum transitions to primary care using a behavioral economics-informed, multicomponent intervention integrated into usual inpatient postpartum care. Using a randomized controlled trial and repeated outcome assessments through administrative and survey data, this study will generate rigorous, actionable evidence to ensure primary care coordination becomes standard postpartum care practice, potentially catalyzing sustained primary care engagement throughout life.",399111,249657.17,149453.83,2025-09-29,AHRQ Source,N/A,N/A,2024-09-30,2029-07-31,Agency for Healthcare Research and Quality,93.226,"RESEARCH ON HEALTHCARE COSTS, QUALITY AND OUTCOMES",PA-18-795,N/A,N/A,N/A,FALSE,MASSACHUSETTS GENERAL HOSPITAL,MA,BOSTON,MA-08,N/A,Independent Hospitals,https://reporter.nih.gov/project-details/11023517,https://taggs.hhs.gov/Detail/AwardDetail?arg_AwardNum=R01HS030245&arg_ProgOfficeCode=7,https://www.usaspending.gov/award/ASST_NON_R01HS030245_075/
HS030246,R01,R01HS030246,1R01HS030246-01,Disrupted,Terminated,ARISING: AddRessing Institutional Sexual harassment to Improve physiciaN well-beinG,"Background. Sexual harassment is endemic in medicine, negatively impacting victims and bystanders. Experiencing sexual harassment is associated with poor physician well-being and attrition from the physician workforce, resulting in suboptimal patient care. However, there is limited understanding of how institutions can effectively prevent and mitigate sexual harassment to improve physician well-being. Significance. ARISING directly aligns with the Quintuple Aim and the National Action Plan to Advance Patient Safety by improving physician well-being through addressing sexual harassment. Institutions urgently need strategies to prevent and mitigate the impact of sexual harassment on physicians. This study will leverage institutional variation in sexual harassment rates, which offers opportunities to identify innovative and beneficial systematic practices and policies that address sexual harassment and improve physician well-being. Innovation and Impact. ARISING is innovative by systematically studying sexual harassment to improve physician well-being using an explanatory sequential mixed-methods approach. First, we will identify 4 high-, average-, and low- performing institutions for sexual harassment and well-being (N=12). Second, we will conduct semi-structured interviews of physicians and other key stakeholders. These will allow us to study the implementation of sexual harassment and wellness policies through a Safety-II lens and understand how these policies differ across institutions. The mixed methods analysis will inform a modified RAND/Delphi panel to develop a graded best practices framework. Specific Aims. (A1) Identify top- and bottom-performing institutions for sexual harassment and physician well-being. (A2) Understand physicians’ sexual harassment experiences and identify systematic policies that support well-being and psychological safety. (A3) Identify and create a graded best practices framework rated on validity, impact, and feasibility which can be utilized to prevent and mitigate the impact of sexual harassment, thereby improving physician well-being. Methodology. Using Intern Health Survey data from 2022-2024, we will calculate sexual harassment rates across institutions. We will empanel 4 high–, 4 average–, and 4 low–performing institutions (N=12) and prospectively survey 3,600 physicians on burnout and psychological safety. A nested cohort of semi-structured interviews with physicians will be conducted to explain in more detail what institutional programs and policies worked towards mitigating sexual harassment and improving physician well-being. We will also conduct interviews with key stakeholders, including administrators and other staff, at the empaneled institutions, detailing the efforts and innovations across units and departments. Using a modified RAND/Delphi panel, we will assess the validity, impact, and feasibility of these best practices, and in doing so will create a graded best-practice framework to reduce sexual harassment and improve physician well-being. Next Steps. Implementation and effectiveness of the graded best practices framework will be tested in future cluster randomized controlled trials.","Sexual harassment is endemic for physicians in medicine, negatively impacting victims and bystanders, and resulting in poor mental health, burnout, isolation, and attrition in the physician workforce. This study will help us understand why and how some institutions have better rates of sexual harassment and physician wellbeing. By identifying strategies used by top-performing institutions, we will be able to share these “best practices and policies” to improve physician well-being and mitigate the impact of sexual harassment.",500000,305550.94000000006,194449.05999999994,2025-09-29,AHRQ Source,N/A,N/A,2024-09-30,2028-07-31,Agency for Healthcare Research and Quality,93.226,"RESEARCH ON HEALTHCARE COSTS, QUALITY AND OUTCOMES",PA-24-093,N/A,N/A,N/A,FALSE,UNIVERSITY OF MICHIGAN AT ANN ARBOR,MI,ANN ARBOR,MI-06,"Public, R1",SCHOOLS OF MEDICINE,https://reporter.nih.gov/project-details/11019310,https://taggs.hhs.gov/Detail/AwardDetail?arg_AwardNum=R01HS030246&arg_ProgOfficeCode=7,https://www.usaspending.gov/award/ASST_NON_R01HS030246_075/
HS030302,R03,R03HS030302,1R03HS030302-01,Disrupted,Terminated,Centering the Needs of Black Children in Foster Care: Healthcare Utilization and Coordinated Medical Homes,"Project Summary Youth in foster care have higher healthcare utilization and costs than the general population. Healthcare systems, state departments of Medicaid, and other organizations often shoulder this high cost without evidence of improved health outcomes for youth in foster care. Black youth in foster care are overrepresented within the healthcare system. Black youth in foster care have unique needs within the healthcare system such as being less likely to use preventative health care and significantly more emergency and urgent healthcare services than White youth. However, the mechanisms that contribute to this racial disparity are currently unknown. This study expands on Andersen’s theory of health service use by applying the framework of intersectionality (understanding the influence of multiple social identities) to identify salient factors that interact with race to influence healthcare use and wellbeing outcomes for youth in foster care. The goals of this study are to understand variation in healthcare use for Black youth in foster care and identify the role that coordinated medical care homes play in youth having better health when compared to youth who receive services from multiple systems. This study utilizes 11 years of linked child welfare and electronic health records data (N~7,500 patients) and incorporates the voices of young people in foster care through the use of a Research Participant Advisory Council to accomplish two aims: 1) Determine the mechanisms that contribute to variation in healthcare use for Black youth in foster care through the examination of child characteristics (i.e., gender, age, mental health diagnoses, health behavior) and child welfare system level characteristics (i.e., number of placement changes, placement type, number of youth in the same placement). 2) Identify how healthcare and social service systems factors contribute to variation in healthcare use and health outcomes for Black youth, such that coordinated medical care within the same system (i.e., primary and specialty care from one system) will reduce the number of unscheduled health care days and result in better health outcomes (e.g., complete vaccination records, healthy weight, stable mental health, lower health risk behaviors) when compared to youth who receive services across multiple systems. Findings from this study may provide direction for intervention targets to address inequality within the healthcare system related to coordination of care and healthcare outcomes to improve health and promote equity for Black youth in foster care. Findings may also lead to reducing the overall cost of healthcare among foster youth as well.","PROJECT NARRATIVE Identifying the mechanisms correlated with increased health care use among Black youth in foster care is important for improving health outcomes and reducing the high cost of healthcare. This study utilizes 11 years of linked child welfare and electronic health records data (N~7,500 patients) and incorporates the voices of young people in foster care through the use of a Research Participant Advisory Council to evaluate the salience of multiple social identities on healthcare use variation, coordination of medical care, and health care outcomes. Understanding the mechanisms for racial disparities within the healthcare system for foster youth may increase positive health outcomes, decrease health care costs, and promote equity in health outcomes.",51662,34796.270000000004,16865.729999999996,2025-11-28,AHRQ Source,N/A,N/A,2024-09-30,2026-09-29,Agency for Healthcare Research and Quality,93.226,"RESEARCH ON HEALTHCARE COSTS, QUALITY AND OUTCOMES",PA-18-794,N/A,N/A,N/A,FALSE,"RUTGERS, THE STATE UNIV OF N.J.",NJ,PISCATAWAY,NJ-06,"Land grant, Public, R1",SCHOOLS OF SOCIAL WELFARE/WORK,https://reporter.nih.gov/project-details/11037215,https://taggs.hhs.gov/Detail/AwardDetail?arg_AwardNum=R03HS030302&arg_ProgOfficeCode=7,https://www.usaspending.gov/award/ASST_NON_R03HS030302_075/
HS030344,F32,F32HS030344,1F32HS030344-01,Disrupted,Terminated,Emergency Department Linkage to Care for Patients Experiencing Homelessness,"PROJECT SUMMARY In 2023, nationwide rates of homelessness reached the highest levels since 2007, with over-representation of racial, ethnic, and gender minorities and unsheltered homelessness reaching record highs. Emergency departments (EDs) serve as a critical healthcare safety-net, and people experiencing homelessness (PEH) disproportionately utilize ED services compared to the general population. PEH suffer from fragmented care, often lacking primary care and seeking services from multiple healthcare systems, contributing to high rates of delayed care, morbidity, and mortality. A potential solution to such fragmented care is “street medicine”, which provides mobile primary care services to PEH on the streets, in shelters, and in encampments, and has been shown to enhance patient engagement, improve access to housing, and decrease ED utilization and hospitalizations. While use of street medicine is a promising solution to the fragmented care, health care needs, and unnecessary ED over-utilization of PEH, thus far there have been no studies on the feasibility or effectiveness of a linkage-to-care intervention between EDs and street medicine programs at the time of ED discharge. Therefore, we aim to design, implement, and evaluate a novel ED-based intervention referring PEH to a physician-led street medicine program for follow-up at the time of ED discharge, with the overarching goal of improving health while decreasing unnecessary ED utilization. Our aims therefore are (1) to understand facilitators and barriers of linkage-to-care after ED discharge for PEH through patient and stakeholder perspectives, and (2) to implement and evaluate the feasibility and effectiveness of an ED-based intervention referring PEH to direct follow up with a physician-led street medicine clinic at ED discharge. Utilizing the PRISM, RE-AIM and health equity conceptual frameworks, we will identify themes of facilitators and barriers of linkage-to-care for PEH through semi-structured interviews and focus groups during Aim 1. These findings will inform Aim 2 and our hypotheses that (1) at least 60% of eligible participants will be successfully identified and referred to either the street medicine program or conventional follow-up as standard of care, and (2) a novel ED-based street medicine referral will be significantly associated with successful follow-up when compared to referral to conventional follow-up as a standard of care. This Individual National Research Service Award (NRSA) will provide an exceptional platform to accelerate the training of Kathleen Joseph, MD as an earlystage health service research and implementation scientist focusing on care coordination for PEH. She will receive support from a diverse team of experienced mentors within a nationally recognized safety-net healthcare system. Training and research conducted as part of this award will inform a subsequent mentored career development award (K08) application to AHRQ with the goal of improving continuity of care for PEH in the ED.","PROJECT NARRATIVE Persons experiencing homelessness (PEH) suffer from high rates of morbidity and mortality, often lack access to primary care, and disproportionately rely on emergency departments (EDs) for both acute medical and social needs, resulting in poor care coordination and fragmented care. One potential solution to address the fragmented care PEH receive is linkage from the ED to physician-led, team-based street medicine clinics, which provide mobile primary care to PEH. The project proposed in this application aims to improve linkage-tocare for PEH following ED discharge through engagement of both patients and key stakeholders and deployment of a novel ED-based referral process to an existing street medicine program evaluated using a quasi-experimental study design.",93364,93364,0,2025-11-16,AHRQ Source,N/A,N/A,2024-09-18,2026-09-17,Agency for Healthcare Research and Quality,93.225,NATIONAL RESEARCH SERVICE AWARDS HEALTH SERVICES RESEARCH TRAINING,PA-22-251,N/A,N/A,N/A,FALSE,DENVER HEALTH AND HOSPITAL AUTHORITY,CO,DENVER,CO-01,N/A,Other Domestic Non-Profits,https://reporter.nih.gov/project-details/11064210,https://taggs.hhs.gov/Detail/AwardDetail?arg_AwardNum=F32HS030344&arg_ProgOfficeCode=7,https://www.usaspending.gov/award/ASST_NON_F32HS030344_075/
HS028024,R01,R01HS028024,5R01HS028024-04,Disrupted,Renewal overdue,Advancing Safety Process Innovation in Rheumatology (ASPIRE),"Project Summary Despite widespread recognition of pervasive patient safety problems in the U.S. health care system, research to develop feasible, scalable solutions has lagged, particularly in the ambulatory setting. The need for new approaches to improve safety is especially pressing in the care of ambulatory patients using high-risk immunosuppressive medications, as use of this category of medications has grown precipitously and reports of preventable adverse events have increased. In the last AHRQ funding period, our research team generated new epidemiological evidence of patient safety risks and adverse events and used this information to develop electronic health record-based quality measures (eMeasures) for the Centers for Medicare and Medicaid Services Quality Payment Program. In addition, we implemented these eMeasures nationally in the American College of Rheumatology's RISE registry, which includes electronic health record data from over one-third of U.S. practicing rheumatologists. In this proposal, we aim to build on this work to improve ambulatory patient safety for individuals using high-risk immunosuppressive drugs. In Aim 1, we will use data from the RISE registry linked to Medicare claims to identify emerging patient safety errors for newly approved immunosuppressive drugs and analyze these errors across race/ethnicity, socioeconomic status, medical complexity, access to care and practice characteristics. In Aim 2, we will perform a comprehensive evaluation of current national patient safety eMeasures related to immunosuppressive drugs, assessing feasibility, reliability, and validity across diverse practice settings, electronic health record systems, and visit types (telemedicine versus face-to-face). In Aim 3, we will use mixed-methods grounded in implementation science theory to determine key drivers of performance on ambulatory patient safety eMeasures. Data from this research will be used to develop and disseminate the first implementation toolkit designed to improve patient safety for high-risk immunosuppressive drugs. The proposed research will contribute significantly to the national infrastructure to improve ambulatory patient safety for the millions of Americans with immunemediated diseases.","Project Narrative The ASPIRE project aims to improve patient safety for individuals using high-risk immunosuppressive medications. The proposed research will contribute novel information about emerging patient safety errors, rigorously evaluate a registry-based healthcare quality measurement program, and create the first toolkit to address ambulatory patient safety for immune-mediated diseases.",N/A,N/A,N/A,2026-06-29,N/A,N/A,N/A,2022-07-01,2027-04-30,Agency for Healthcare Research and Quality,93.226,"RESEARCH ON HEALTHCARE COSTS, QUALITY AND OUTCOMES",PA-18-795,N/A,N/A,N/A,FALSE,"UNIVERSITY OF CALIFORNIA, SAN FRANCISCO",CA,SAN FRANCISCO,CA-11,"Land grant, Public, R1",SCHOOLS OF MEDICINE,https://reporter.nih.gov/project-details/11066428,https://taggs.hhs.gov/Detail/AwardDetail?arg_AwardNum=R01HS028024&arg_ProgOfficeCode=7,https://www.usaspending.gov/award/ASST_NON_R01HS028024_075/
HS029004,R01,R01HS029004,5R01HS029004-03,Disrupted,Renewal overdue,Outcomes and Affordability of Observation Status for Children (OASIS),"PROJECT ABSTACT  It is estimated that ~500,000 (34%) pediatric hospital stays each year in the United States (US) are designated as outpatient under “observation status” and often referred to as observation stays. The concept of observation status was created, initially, as a clinical designation, primarily for Emergency Department (ED) clinicians to “observe” the patient for a period of time to determine the need for inpatient care (e.g., inpatient admission). Over the past three decades, observation status has evolved and now is used as an administrative assignment for patients who have a “short-term” hospital stay, typically falling “under the 2-midnight rule,” as originally defined for Medicare patients and now widely adopted by commercial insurers and Medicaid agencies. Our team recently found that observation stays are now common for pediatric hospital stays, especially for children undergoing surgery. For example, more than 50% of pediatric post-appendectomy admissions at Children's Hospitals were billed as observation stays in 2019. Studies from adult patients have found significant impact of omitting observation stay data on quality measures and financial implications of observation stays on patient Out-Of-Pocket (OOP) costs, yet there is a paucity of information about the impact and implications on pediatric patients. To fill the crucial knowledge gaps, we propose a retrospective observational study entitled Outcomes and Affordability of Observation Status for Children (OASIS) to characterize the shift in observation stay assignment of pediatric patients, evaluate the impact of omitting observation stay data on Pediatric Quality Indicators (QIs), and assess OOP costs for pediatric observation stays. We focus on Agency for Healthcare Research and Quality (AHRQ) Pediatric QIs and propose to evaluate the impact of omitting observation stay data on these QIs using Healthcare Cost and Utilization Project state specific databases from 2010 through 2019. Specifically, we will quantify the overall and specific trends in observation stay assignment by patient characteristic (e.g., race/ethnicity), evaluate the impact of omitting observation stay data on the Pediatric QIs, and examine if there are any disparities in the trends and QIs calculations. We also propose to assess OOP costs for pediatric observation stays by leveraging claims data from statewide All-Payer Claims Databases and Optum. We will first characterize unexpected OOP cost components that are typically covered by inpatient insurance benefits, such as medications, and identify conditions for which OOP costs are higher as an observation stay than as an inpatient stay. The OASIS study will provide pediatric specific evidence to refine quality measures, to develop advice for patients to recognize financial implications of observation stays on OOP costs, and to inform future policies to protect patients in observation stays from paying more than they would as inpatients.","PROJECT NARRATIVE The Outcomes and Affordability of Observation Status for Children (OASIS) study will characterize the shift in observation stay assignment of pediatric patients, evaluate the impact of omitting observation stay data when calculating the Agency for Healthcare Research and Quality (AHRQ) Pediatric Quality Indicators, and assess Out-of-Pocket costs for pediatric observation stays using large-scale health care administrative data.",N/A,N/A,N/A,2026-06-29,N/A,N/A,N/A,2023-07-03,2028-04-30,Agency for Healthcare Research and Quality,93.226,"RESEARCH ON HEALTHCARE COSTS, QUALITY AND OUTCOMES",PA-18-795,N/A,N/A,N/A,FALSE,NORTHWESTERN UNIVERSITY,IL,CHICAGO,IL-05,"Private, R1",SCHOOLS OF MEDICINE,https://reporter.nih.gov/project-details/11066487,https://taggs.hhs.gov/Detail/AwardDetail?arg_AwardNum=R01HS029004&arg_ProgOfficeCode=7,https://www.usaspending.gov/award/ASST_NON_R01HS029004_075/
HS029038,K08,K08HS029038,5K08HS029038-03,Disrupted,Renewal overdue,Improving rural mental health equity through Medicaid policy evaluation - resubmission,"PROJECT SUMMARY/ABSTRACT Candidate: Margaret Greenwood-Ericksen is an early career emergency physician and health services researcher who seeks to transform Medicaid policy to advance rural mental health (MH) equity. Her long-term career goal is to develop an independent program of research evaluating the impact of Medicaid policy interventions on MH outcomes, including co-occurring substance use disorder (SUD), in rural and underrepresented minority (URM) communities. This K08 award is vital to her ability to achieve this goal through protected time, training, and mentored research studies. Research Context: There are welldocumented disparities in addressing MH and co-occurring SUD in rural settings, particularly amongst URM communities. The Emergency Department (ED) is a major access point for rural, Medicaid beneficiaries seeking MH care, but outcomes after such ED visits are understudied. Medicaid alternative payment models (APMs) are increasingly deployed to reduce expensive ED-based care, but there is a need to examine the impact of APMs on MH disparities in rural and URM communities. New Mexico (NM) is ideal for this research as a largely rural state with one of the nation’s highest Medicaid insurance rates (49%) with a majority-minority composition including large Native American (12%) and Hispanic (48%) communities. The overall goal of this K08 is a detailed, state-based study measuring rural MH disparities while testing the effectiveness of NM Medicaid’s APM as an intervention in rural and URM communities and examining these findings nationally for a future R01 by the PI studying the impact of different states’ Medicaid policy interventions on rural MH outcomes. Specific Aims: 1) Measure patient-, health system-, and community-factors associated with differences in care quality for MH-related ED visits among rural Medicaid beneficiaries, 2) Test how New Mexico Medicaid MH policy statistically moderates the relationship between rurality and Medicaid quality measure performance, 3) Identify key policy targets and outcome measures for multistate Medicaid MH policy evaluation. To accomplish these aims, the PI will learn and apply advanced statistical techniques to NM Medicaid claims, measuring the intersecting factors on rural MH disparities and testing the effectiveness of NM Medicaid’s MH APM. The PI will then convene an Expert Panel to examine these findings across Medicaid programs, identifying measures for a future multistate R01 on Medicaid MH policy. Career Development Plan: Working closely with mentors, she will 1) Acquire expertise in MH services research and policy, 2) Develop methodologic expertise in Medicaid claims analysis, multilevel models, and clustered propensity matching, 3) Learn frameworks for conducting multistate Medicaid policy evaluations and to disseminate research findings. She has outstanding environmental and mentorship support, including top leadership, a national Advisory Board, and a CTSC with a strong track record of supporting faculty. Submission responds to AHRQ’s SEN on Health Equity (NOT-HS-21-014) and Policy on Priority Populations (NOT-HS-21-015).","PROJECT NARRATIVE The Emergency Department (ED) is a major access point for rural and underrepresented minority (URM) persons seeking mental health (MH) and co-occurring substance use disorder (SUD) treatment, but outcomes after such ED visits are greatly understudied. The overall research goal of this K08 is a detailed, state-based study measuring the effectiveness of New Mexico Medicaid’s Alternative Payment Model (APM) as an intervention in rural and URM communities and scaling these findings nationally through a Technical Expert Panel who will identify key policy and outcome measures for inclusion in Medicaid policy analysis. This work lays the foundation for multistate comparisons to prospectively test the impact of Medicaid policy interventions (e.g., APMs) on rural mental health outcomes.",N/A,N/A,N/A,2026-06-29,N/A,N/A,N/A,2023-05-01,2029-04-30,Agency for Healthcare Research and Quality,93.226,"RESEARCH ON HEALTHCARE COSTS, QUALITY AND OUTCOMES",PA-17-232,AHRQ Mentored Clinical Scientist Research Career Development Award (K08),https://grants.nih.gov/grants/guide/pa-files/PA-17-232.html,N/A,FALSE,UNIVERSITY OF NEW MEXICO HEALTH SCIS CTR,NM,ALBUQUERQUE,NM-01,"Public, Tribal/Native Serving",SCHOOLS OF MEDICINE,https://reporter.nih.gov/project-details/11082307,https://taggs.hhs.gov/Detail/AwardDetail?arg_AwardNum=K08HS029038&arg_ProgOfficeCode=7,https://www.usaspending.gov/award/ASST_NON_K08HS029038_075/
HS029313,R01,R01HS029313,5R01HS029313-03,Disrupted,Renewal overdue,Standardization of Evaluation to Treatment of pediatric perianal Crohn’s disease and improving Outcomes through Networking (SETON),"ABSTRACT Antibiotics are given universally to treat Crohn’s disease, especially with perianal fistulizing complications (PFC), which occur in about 1/3 of children. Decreasing the utilization is challenging, yet significant, as many guidelines support the use of antibiotics as first-line despite a lack of research showing benefit. Furthermore, there is such variation in treatment not only regarding antibiotic use but also around use of other medications, interventions such as drainage, and timing of each of these. In this innovative proposal, the investigators evaluate the current practices for management of PFC in Crohn’s disease at seven large pediatric institutions, develop a protocol to guide antibiotic stewardship, and improve care through a multidisciplinary approach (pediatric gastroenterology, surgery, infectious disease, radiology, and nursing) and prospective implementation arm for data collection and evaluation of barriers and facilitators. Our central hypothesis is that antibiotic use for PFC in Crohn’s disease can be reduced, and outcomes improved through standardization of multidisciplinary care of children. The rationale for this project is that reduction in antibiotic use and providing higher quality care will reduce the risk of developing healthcare-associated infections such as clostridioides difficile, acquiring resistant organisms, and improved care will also reduce the risk of perianal abscess development or fistula recurrence among pediatric patients with Crohn’s disease. We will test our hypothesis through the specific aims: 1) describe variation in antibiotic use and treatment of PFCs among pediatric patients with Crohn’s disease at seven children’s hospitals; 2) develop evidence-based protocols through multidisciplinary, multicenter collaboration aimed at antibiotic reduction and standardization of PFC care; and 3) implement the protocols for antibiotic stewardship and prospectively evaluate the barriers and facilitators with shared insight of best practices for pediatric Crohn’s disease. This approach will create an evidence-base for antibiotic utilization while standardizing the care for pediatric Crohn’s disease at several institutions with prospective evaluation of outcomes. The proposed research is innovative because it brings together multidisciplinary teams from multiple institutions to develop a shared approach to improving care, that is currently not standardized, or evidence-based. The proposed study is significant because it has the potential to change the paradigm for pediatric multidisciplinary care of complex conditions beyond pediatric Crohn’s disease.","NARRATIVE Perianal fistulizing complications of Crohn’s disease are common and morbid, which are routinely treated with prolonged and frequent antibiotic courses, despite lack of evidence for efficacy. This proposed multicenter study is relevant to improving the appropriate use of antibiotics by promoting antibiotic stewardship and decreasing healthcare related infections, because it focuses on treating and preventing perianal fistulas and abscess through developing multi-disciplinary comprehensive evidence-based treatment guidelines for the judicious use of antibiotics while improving care for children with Crohn’s disease. Thus, the proposed research is relevant to the part of AHRQ’s mission to produce evidence to make health care safer and higher quality.",N/A,N/A,N/A,2026-06-29,N/A,N/A,N/A,2023-06-01,2028-04-30,Agency for Healthcare Research and Quality,93.226,"RESEARCH ON HEALTHCARE COSTS, QUALITY AND OUTCOMES",PA-18-795,N/A,N/A,N/A,FALSE,UNIVERSITY OF MICHIGAN AT ANN ARBOR,MI,ANN ARBOR,MI-06,"Public, R1",SCHOOLS OF MEDICINE,https://reporter.nih.gov/project-details/11077870,https://taggs.hhs.gov/Detail/AwardDetail?arg_AwardNum=R01HS029313&arg_ProgOfficeCode=7,https://www.usaspending.gov/award/ASST_NON_R01HS029313_075/
HS029460,R01,R01HS029460,5R01HS029460-03,Disrupted,Renewal overdue,Rapid learning during a public health emergency: COVID-19 related medication treatment patterns in Medicare,"SUMMARY/ABSTRACT  Medical practice is continuously evolving, with substantial resources allocated to developing medical innovations and enhancing clinical evidence on new and existing treatments. In most cases, new evidence supporting approval by the Food and Drug Administration (FDA) demonstrates efficacy of new treatments; after approval, new evidence for existing treatments may show them to be ineffective or unsafe. Understanding whether and how new clinical evidence is integrated into practice is critical from the perspectives of a) improving patient safety and health outcomes; b) addressing racial and socioeconomic equity in access and use; c) designing programs and policies to encourage use of high value, effective treatments and abandon less effective and harmful treatments; d) containing health care costs by allocating limited health care budgets to their most effective use.  The COVID-19 pandemic provides a unique opportunity to study the diffusion of evidence into practice by observing adoption and de-adoption behavior of physicians in response to rapidly changing information about potential treatments and risks of continued use of common drugs in the context of COVID-19. This proposal builds on our prior work on de-adoption of harmful or ineffective medical practices by introducing additional factors that could be associated with the rates and timing of adoption and de-adoption of pharmaceutical treatments. We will examine prescription fills and claims-based use of a targeted set of drugs related to COVID-19 using data from Medicare claims for Fee-for-Service (FFS) enrollees. COVID-19 has particularly affected older adults and the disabled and chronically ill, many of whom face increased risk of severe morbidity and mortality from the disease, and potentially from lack of access to medical care during the pandemic. We will investigate how prescribing of COVID-19-related drugs responds to state-level drug policies, FDA safety communications, and COVID-19 pressures on the healthcare system. We will assess how patient characteristics (e.g., race and ethnicity, age, and key comorbidities), as well as physician and medical practice organization characteristics are associated with these prescribing patterns.  Three in-depth COVID-19 case studies will assess uptake and de-adoption of treatments associated with lower quality evidence and more rapid turnaround in a context where public attention is closely attuned to every development and pre-print biomedical manuscripts are discussed at length in the popular press. Exploring adoption and de-adoption of treatments in a context of high uncertainty and high burden and prevalence of disease will provide important insights into the role of information quality in physician decision making. In addition, these cases will allow us to explore the effectiveness of state-level regulation of treatments. In particular, hydroxychloroquine was regulated in some states in response to fears that not enough would be available for people using the drug to treat non-COVID-19 conditions.","NARRATIVE This project will examine trends in prescribing and use of COVID-19-related drugs during the time before and after the pandemic among the Medicare population in outpatient setting, describing variation in their use across patients, as well as across physicians and geographic areas. We will also examine, in depth, three case studies of COVID-19-related drugs that received substantial public attention during the early months of the pandemic. We will describe changes in use associated with FDA safety communications and state policies intended to address hoarding; and investigate how use of these drugs varies by patient, physician and medical practice organization characteristics.",N/A,N/A,N/A,2026-06-29,N/A,N/A,N/A,2023-07-01,2027-04-30,Agency for Healthcare Research and Quality,93.226,"RESEARCH ON HEALTHCARE COSTS, QUALITY AND OUTCOMES",PA-18-795,N/A,N/A,N/A,FALSE,UNIVERSITY OF MINNESOTA,MN,MINNEAPOLIS,MN-05,"Land grant, Public, R1, Tribal/Native Serving",SCHOOLS OF PUBLIC HEALTH,https://reporter.nih.gov/project-details/11077816,https://taggs.hhs.gov/Detail/AwardDetail?arg_AwardNum=R01HS029460&arg_ProgOfficeCode=7,https://www.usaspending.gov/award/ASST_NON_R01HS029460_075/
HS029534,K08,K08HS029534,5K08HS029534-02,Disrupted,Renewal overdue,Detecting and characterizing diagnostic errors among high-risk patients discharged from the emergency department,"Project Summary  In the U.S., emergency departments (EDs) care for >130 million patients each year. Current estimates suggest that 5% of all ED patients experience a diagnostic error, leading to harm for 2.5 million ED patients and death or permanent disability for 350,000 each year. The vast majority of ED patients—about 85%—are discharged without inpatient admission, and there are no commonly used systems in place to detect diagnostic errors or report them to ED administrators. This “blind spot” places patients at risk for harm after ED discharge and inhibits improvements in ED diagnostic processes.  Our Research Aims are: (1) To detect and characterize diagnostic errors among high-risk patients discharged from the ED; (2) To detect and characterize outcomes resulting from diagnostic errors, including healthcare utilization, severity of harm, and patient-reported nonclinical impacts; and (3) To ascertain and characterize the work-system factors contributing to diagnostic errors.  We will enroll 300 English- and Spanish-speaking patients who are high risk for experiencing harms if errors occur because of their advanced age, comorbid chronic conditions, and urgent ED triage scores. In response to recommendations from AHRQ and the National Academy of Medicine, we will use multiple data sources to detect and characterize errors, including phone follow-up with patients, questionnaires administered to treating ED physicians and nurses, and structured medical record review. In accordance with best practices in patient safety research, all study measures will be determined through dual-reviewer adjudication of study data. We anticipate that we will detect diagnostic errors in 20% of cases, which is four times the 5% error rate that was reported in a recent systematic review.  Our results will inform and motivate continuous quality improvement efforts locally and nationwide by educating administrators, safety officers, clinicians, and patient advocates that errors and harms from errors are more common than previously suspected. Moreover, our research into the work-system factors contributing to errors will direct system-based approaches to prevent diagnostic errors and protect patients from harm.  Part of a K08 award program, this work will train the PI in patient safety and diagnostic error research methods; patient and clinician engagement in quality improvement/diagnostic error research; and human factors engineering. Given strong mentoring and institutional support, this K08 award will launch the PI’s career as an expert in solving problems with the quality and safety of emergency care, and it will prepare him to conduct large-scale studies to develop solutions that protect patients from harm due to diagnostic errors.","Project Narrative Diagnostic errors are a leading cause of morbidity and mortality for patients who are cared for in the emergency department (ED); however, EDs do not routinely learn whether errors occurred, especially among patients who are discharged without inpatient admission. This prospective cohort study will recruit discharged ED patients who are high risk for experiencing errors and harms, and multiple data sources will be used to detect and characterize diagnostic errors, outcomes due to errors, and factors contributing to error. The proposed research project will inform and motivate future systematic inquiry into diagnostic error detection, and the career development award will launch the recipient’s career as an expert in solving problems with the quality and safety of emergency care.",N/A,N/A,N/A,2026-06-29,N/A,N/A,N/A,2024-05-01,2029-04-30,Agency for Healthcare Research and Quality,93.226,"RESEARCH ON HEALTHCARE COSTS, QUALITY AND OUTCOMES",PA-22-232,N/A,N/A,N/A,FALSE,CEDARS-SINAI MEDICAL CENTER,CA,LOS ANGELES,CA-30,N/A,Independent Hospitals,https://reporter.nih.gov/project-details/11079595,https://taggs.hhs.gov/Detail/AwardDetail?arg_AwardNum=K08HS029534&arg_ProgOfficeCode=7,https://www.usaspending.gov/award/ASST_NON_K08HS029534_075/
HS030056,R13,R13HS030056,5R13HS030056-02,Disrupted,Renewal overdue,Annual Health Services Research Meeting,"AcademyHealth Annual Research Meeting (ARM) Abstract The AcademyHealth ARM is the principal dissemination conference for the field of health services research. By convening 3,000 producers and users of health services research, the meeting provides a vehicle to translate important health services research into health policy and practice. As such, the meeting strives to synthesize, summarize, and communicate health services research findings to a broad range of individuals and organizations that have the capacity to use the information to improve health policy and clinical practice. The ARM also offers a broad range of professional development opportunities for all levels of researchers. The ARM objectives are to:  • disseminate the latest results of health services research;  • sharpen skills in research methods;  • ascertain new data and resources for conducting research and resources for researchers’  professional development;  • learn about research funding priorities of federal agencies and foundations;  • discuss policy issues critical to health services research and health care delivery; and  • network with colleagues of all levels in the fields of health services research and health policy. The ARM objectives are consistent with AHRQ’s mission to “make health care safer, higher quality, more accessible, equitable, and affordable…and to make sure that the evidence is understood and used.” Conference sessions present research that can improve policy and practice, patient safety and quality, patient-centered care, and payment and organization. The meeting also focuses on AHRQ’s priority populations—low income groups, minority groups, women, children, the elderly, individuals with disabilities and end-of-life care. Now in its 40th year, the ARM is the premier forum for health services researchers and users of research. Building upon past success, AcademyHealth, with the help of meeting stakeholders, will continue to convene the field of health services research and translate its work into health care improvement.","AcademyHealth Annual Research Meeting Narrative AcademyHealth’s Annual Research Meeting (ARM) is the premier event for more than 3,000 health services researchers to disseminate their research and to enhance their careers by learning about new methods and networking with fellow researchers and users of their research. With 575 research presentations in sessions and 1,600 poster presentations, the ARM strives to synthesize, summarize, and communicate health services research findings to a broad range of individuals and organizations that have the capacity to use the information to improve health policy and clinical practice. The ARM’s objectives successfully complement and support AHRQ’s mission to improve the quality, safety, efficiency, and effectiveness of health care for all Americans.",N/A,N/A,N/A,2026-06-29,N/A,N/A,N/A,2024-05-01,2027-04-30,Agency for Healthcare Research and Quality,93.226,"RESEARCH ON HEALTHCARE COSTS, QUALITY AND OUTCOMES",PA-22-238,N/A,N/A,N/A,FALSE,ACADEMYHEALTH,DC,WASHINGTON,DC-98,N/A,Other Domestic Non-Profits,https://reporter.nih.gov/project-details/11074531,https://taggs.hhs.gov/Detail/AwardDetail?arg_AwardNum=R13HS030056&arg_ProgOfficeCode=7,https://www.usaspending.gov/award/ASST_NON_R13HS030056_075/
HS027790,R01,R01HS027790,5R01HS027790-04,Disrupted,Renewal overdue,Patient Perspectives on Prescription Opioid Discontinuation: Understanding and Promoting Safe Transitions,"PROJECT SUMMARY  High rates of opioid-related mortality have led to clinical and governmental policies, including guidelines from the Centers for Disease Control and Prevention, recommending decreased use of opioids. A safety concern is that these policies have led some physicians to discontinue prescribing long-term opioid therapy (LTOT) abruptly or without support for patients, which could drive some patients to use illicit opioids or to commit suicide. Of note, rates of overdose and opioid-related deaths have not decreased significantly despite reduced use of opioids. No study to our knowledge has evaluated patient experiences when LTOT is discontinued by the prescribing provider.  The proposed study addresses this critical gap in our understanding of patient and provider experiences, strategies, and decisions when faced with provider-initiated LTOT discontinuation. The study will address this gap by conducting in-depth, qualitative interviews with patients who have recently discontinued LTOT and providers who discontinued LTOT prescriptions to achieve the following aims: 1) To assess patient and provider experiences and needs when providers initiate discontinuation of LTOT; 2) To develop a patient decision aid (DA) to support patients when discontinuing LTOT; 3) To pilot test the DA with patients.  The proposed study will be conducted in two states with diverse policies and prescribing environments for LTOT—Washington and Arkansas. For Aim 1, qualitative interviews will be conducted with 100 patients (50 per site) whose providers have initiated discussions that lead to LTOT discontinuation and 30 providers (15 per site) who discontinued LTOT for their patients. For Aim 2, a patient DA for discontinuing LTOT will be developed, consistent with international patient DA standards, building on findings from the Aim 1 qualitative research. Aim 3 will be a pilot test of the DA in which patients complete surveys before and after they review the DA and have a conversation about it with a study interventionist. The surveys will assess implementation feasibility, acceptability, knowledge transfer, decisional conflict, quality of the conversation generated by the DA and patient intent to follow up with their primary care provider.  Public Health Impact. With prescribers now encouraged to stop prescribing opioids, impacts to patients who have LTOT discontinued include unsafe withdrawal experiences, feeling compelled to seek out riskier sources of opioids (including deadly fentanyl), and increased risk of suicide. The proposed study addresses critical gaps in knowledge and resources to improve patient-centered care and shared decision making when LTOT is discontinued. The DA will improve patient engagement around key decisions such as speed of taper, management of withdrawal symptoms, alternative pain and symptom management, as well as OUD assessment and treatment options. In the long-term, the DA will improve safety and outcomes for patients by ensuring they get the support they need to successfully discontinue LTOT.","PROJECT NARRATIVE Because of recent policies to decrease opioid use, some people using long-term opioid therapy (LTOT) are encouraged or required to stop (discontinue) taking opioids. That has led experts to be concerned that patients whose LTOT is discontinued could have untreated pain, turn to other substance use and possibly illicit opioids, or have worsened mental health symptoms leading to suicide. To guide safer policies, guidelines, and care, this study will interview patients and doctors about discontinuing LTOT and use the results to develop a patient-centered decision aid to improve patient-provider communication around discontinuation of LTOT.",N/A,N/A,N/A,2026-05-30,N/A,N/A,N/A,2022-06-01,2027-03-31,Agency for Healthcare Research and Quality,93.226,"RESEARCH ON HEALTHCARE COSTS, QUALITY AND OUTCOMES",PA-18-795,N/A,N/A,N/A,FALSE,KAISER FOUNDATION RESEARCH INSTITUTE,CA,Oakland,CA-12,N/A,Research Institutes,https://reporter.nih.gov/project-details/11053492,https://taggs.hhs.gov/Detail/AwardDetail?arg_AwardNum=R01HS027790&arg_ProgOfficeCode=7,https://www.usaspending.gov/award/ASST_NON_R01HS027790_075/
HS028880,R33,R33HS028880,4R33HS028880-03,Disrupted,Renewal overdue,Peer PLUS: A Client-Centered Digital Intervention for Addressing the Needs of Individuals with Substance Use Disorder,"PROJECT SUMMARY/ABSTRACT Over the past three decades, substance use disorder (SUD) has emerged as a major public health crisis. More than 70% of overdose deaths in the U.S. involve a synthetic opioid, which makes successful treatment critical to those with SUD. However, the relapse rate is estimated at 40-60%, and those with SUD are also at risk for long-term medical issues. Thus, SUDs are often chronic conditions that require early and consistent engagement in treatment to achieve long-term recovery. One effective method of engagement that health care systems have implemented is matching recoverees with peer recovery coaches (PRCs) to help navigate them through treatment. These at-elbow support coaches provide consistent, non-judgmental communication and referral to various treatment and wraparound services, including medication assisted therapy (MAT), which is considered the most effective treatment for opioid use disorder. In this project, we propose a randomized controlled trial to evaluate a novel technology tool: Peer PLUS (People Leveraging Urgent Support). Peer PLUS is a standalone, HIPAA-compliant mobile app that facilitates and tracks secure communication between PRCs and their clients, referrals to community resources, and other recovery activities. The companion website allows a team of PRCs to collectively manage a pool of clients, offering more comprehensive coverage. We expect this point-of-care app to enhance communication between recoverees and their PRCs and improve self-reported recovery outcomes. Additionally, Peer PLUS will provide a source of data to help capture the care coordination efforts associated with peer coaching. Through our strategic clinical trial and dissemination plan, we anticipate this intervention to be scaled for support of recovery across different types of community partners with eventual extension to PRCs supporting other types of mental health crises (e.g., post-suicide attempt). Implementation science constructs infused with user-centered design strategies will be used to scaffold our Peer PLUS evaluation and implementation toolkit development in the first phase of this project (R21), which will provide a critical foundation for the randomized controlled trial and second site pilot proposed in the second phase (R33). Because both the app and companion website are not tied to any specific organization and the modular software is adaptable, this will be a low-cost, easilyimplementable option for any group that offers peer recovery support services.","PROJECT NARRATIVE Knowing that connection is the key to recovery, we developed Peer PLUS (People Leveraging Urgent Support) in partnership with certified peer recovery coaches and individuals with lived experience of recovery from substance use disorder. The Peer PLUS mobile app provides a secure channel for just-in-time, two-way communication between peer recovery coaches and their clients – facilitating confidential messaging, transfer of information, and tracking of appointments and referrals to resources – and the companion website makes it possible for a team of peer recovery coaches to offer more comprehensive coverage for a pool of clients. Importantly, both the app and website are not tied to any specific care provider, and the modular software design and implementation toolkit will allow it to be readily taken up by any peer recovery support service organization.",N/A,N/A,N/A,2026-05-30,N/A,N/A,N/A,2023-04-01,2028-03-31,Agency for Healthcare Research and Quality,93.226,"RESEARCH ON HEALTHCARE COSTS, QUALITY AND OUTCOMES",PA-21-164,N/A,N/A,N/A,FALSE,"PARKVIEW HOSPITAL, INC.",IN,FORT WAYNE,IN-03,N/A,Independent Hospitals,https://reporter.nih.gov/project-details/11265787,https://taggs.hhs.gov/Detail/AwardDetail?arg_AwardNum=R33HS028880&arg_ProgOfficeCode=7,https://www.usaspending.gov/award/ASST_NON_R33HS028880_075/
HS028892,R33,R33HS028892,4R33HS028892-03,Disrupted,Renewal overdue,A novel patient-facing mobile platform to collect and implement patient-reported outcomes and voice biomarkers in underserved adult patients with asthma,"Factors contributing to poor outcomes among minority patients with asthma include poverty and other social determinants of health (SDoH), poor medication adherence and self-management skills, and environmental exposures. There are challenges in providing asthma education in the outpatient setting, such as time constraints and prioritizing acute symptoms or recent exacerbations. The lack of proven, guideline-based, and user-centered mobile platforms that promote self-management and shared decision-making among patients with asthma is an important unmet need. Vocal biomarker technology using machine learning can assess a patient’s respiratory dysfunction and is generalizable to multiple respiratory conditions. On the basis of a 6-second voice sample, this vocal biomarker technology has been shown to detect patients with asthma while correlating with the degree of asthma control. Through an AHRQ-funded study, we recently created the ASTHMAXcel PRO (patient-reported outcome) mobile app for outpatient settings to promote asthma self-management through the collection of PROs, animated videos, goal setting, personalized algorithms, and push notifications. The present study will further enhance our mobile platform’s capabilities to implement PROs by creating ASTHMAXcel Voice. This mobile platform will include a respiratory symptoms risk score based on vocal biomarker technology, facilitate shared decision-making and SDoH screening and referrals, and enable self-management and remote care coordination. We will adapt, test, and refine ASTHMAXcel Voice (R21 phase) for the outpatient setting (Aim 1). We will remotely conduct pre-adaptation focus groups with patients, healthcare providers (HCPs), social workers (SWs), community health workers (CHWs), and expert stakeholders on how to best adapt ASTHMAXcel Voice. We will test the adapted platform with 30 patients, 6 HCPs, 2 SWs and 2 CHWs and conduct formative and summative evaluation of the platform’s functionality and usability, and iteratively refine it based on feedback. We will repeat this process for a second round. We will then remotely conduct an RCT (R33 phase) among outpatient primary and specialty care sites from Montefiore Medical Center to compare the adapted and refined ASTHMAXcel Voice (n=100) to usual care (n=100) on clinical outcomes (asthma control as primary endpoint, asthma emergency department (ED) visits), process outcomes (patient and provider satisfaction and usage, degree of shared decision-making), SDoH screening and referral rates, asthma quality of life (QOL), medication adherence, and self-efficacy (Aim 2). Assessments will occur at baseline, 2-, and 6-month follow-up. We will evaluate the process of ASTHMAXcel Voice implementation within the outpatient setting using the RE-AIM framework (Aim 3). Future enhancements of the mobile platform will include other chronic diseases, risk prediction, and widespread dissemination.","Multiple factors contribute to poor outcomes among minority patients with asthma, including poverty and other social determinants of health (SDoH), environmental exposures, and suboptimal self-management skills. Mobile interventions that facilitate shared decision-making and address modifiable factors in asthma management, such as medication adherence and optimal screening and referrals for SDoH concerns, may play a key role in improving disease outcomes. This proposed project will: 1) adapt, test, and iteratively refine the ASTHMAXcel Voice mobile platform to collect vocal biomarkers and address SDoH; 2) conduct a randomized clinical trial at outpatient sites to compare the adapted and refined ASTHMAXcel Voice intervention to usual care; and 3) evaluate the process of ASTHMAXcel Voice implementation within the outpatient setting.",N/A,N/A,N/A,2026-05-30,N/A,N/A,N/A,2023-04-01,2028-03-31,Agency for Healthcare Research and Quality,93.226,"RESEARCH ON HEALTHCARE COSTS, QUALITY AND OUTCOMES",PA-21-164,N/A,N/A,N/A,FALSE,ALBERT EINSTEIN COLLEGE OF MEDICINE,NY,BRONX,NY-14,"Private, R2",UNIVERSITY-WIDE,https://reporter.nih.gov/project-details/11257432,https://taggs.hhs.gov/Detail/AwardDetail?arg_AwardNum=R33HS028892&arg_ProgOfficeCode=7,https://www.usaspending.gov/award/ASST_NON_R33HS028892_075/
HS028917,K01,K01HS028917,5K01HS028917-03,Disrupted,Renewal overdue,Patient-facing decision support for HIV and sexually transmitted infection prevention in low-income and minority patient populations.,"Project Summary: The overarching goal of this project is to provide Dr. Jackman with a rich training program that adequately prepares him to become an independent investigator focused on the development and implementation of digital healthcare interventions to address health disparities among minoritized populations. The United States has experienced record-breaking highs in sexually transmitted infection (STI) incidence and persistent disparities in STIs and human immunodeficiency virus (HIV) infections and sequelae among adolescent and young adult (AYA), low income, and Black/African-American populations. Serious adverse health consequences are attributable to STIs, including pelvic inflammatory disease, ectopic pregnancy, congenital syphilis, HIV, and infertility in an estimated 20,000 U.S. women annually. Patient centered clinical decision support (PC CDS) are personalized, patient-centric, patient-facing digital healthcare applications used to deliver patient care between health visits. This proposed program will leverage the electronic health record (EHR) patient portal in a novel PC CDS intervention to optimize sexual health decision making, partner communication, and uptake of clinical services among AYA aged 15 to 25 years in Baltimore, MD. Preliminary studies demonstrate the promise of EHR patient portal-based interventions to help youth overcome barriers such as, limited STI/HIV testing and treatment access, the stigma that often leads to non-disclosure, disclosure inaccuracies, and access to high quality and accurate STI/HIV-related information and resources. Recently, language included in the 21st Century Cures Act Final Rule, National HIV/AIDS Strategy, and STI National Strategic Plan bolsters patient portals as a critical tool for improving patient healthcare engagement. However, as reliance on patient portals and telehealth services have increased since the COVID-19 pandemic, so does the risk of perpetuating inequities in healthcare access among socioeconomically underserved youth. Yet, there is a considerable lack of interventions designed using a paradigm that amplifies the unique voices and experiences of minoritized AYA end-users to meet their healthcare engagement needs and preferences for STI/HIV prevention through the patient portal. This mentored research career development award is designed to provide the necessary training to excel in digital healthcare research focused on reducing health disparities and contribute to the public health informatics sciences. Research aims are to: (a) Describe longitudinal patterns and correlates of EHR patient portal use among urban AYA patients in a large academic health system; (b) Use a design thinking process to develop a PC CDS intervention to support the uptake of STI/HIV prevention services and behaviors among urban AYA patients via the EHR patient portal, and (c) Conduct a 3month pilot study to determine feasibility and acceptability of the intervention. This study will provide crucial preliminary data to inform the design of an R01-funded randomized trial to determine the effectiveness of a novel PC CDS intervention to optimize patient portal engagement and reduce STI/HIV risk among urban AYA.","Project Narrative Urban adolescents and young adults (AYA) face formidable barriers to making healthy decisions core to sexually transmitted infection (STI) prevention, such as, communicating with sex partners and health providers about STI testing, including for the human immunodeficiency virus (HIV), connecting to scientifically accurate STI/HIV informational resources that are culturally and linguistically appropriate, and utilizing the clinical services available to prevent new infections. Using a design thinking framework, we will a) Characterize AYA's use of electronic health record (EHR) patient portals and determine the correlates and patterns of longitudinal use; b) Develop a patient-centered clinical decision support intervention that leverages the EHR patient portal system to optimize patient engagement in STI/HIV prevention behaviors among urban AYA, and c) Pilot test the intervention among urban adolescents residing in an STI/HIV prevalent community. Successful completion of the mentored award will provide the requisite training to become an independent investigator with expertise in developing and evaluating digital healthcare strategies that reduce health disparities associated with STIs/HIV, give voice to a hitherto low-resourced and minoritized population, and move the United States population towards the Healthy People 2030 Goals.",N/A,N/A,N/A,2026-05-30,N/A,N/A,N/A,2023-04-01,2028-03-31,Agency for Healthcare Research and Quality,93.226,"RESEARCH ON HEALTHCARE COSTS, QUALITY AND OUTCOMES",PA-20-067,N/A,N/A,N/A,FALSE,JOHNS HOPKINS UNIVERSITY,MD,BALTIMORE,MD-07,"Private, R1",SCHOOLS OF MEDICINE,https://reporter.nih.gov/project-details/11063108,https://taggs.hhs.gov/Detail/AwardDetail?arg_AwardNum=K01HS028917&arg_ProgOfficeCode=7,https://www.usaspending.gov/award/ASST_NON_K01HS028917_075/
HS028926,K01,K01HS028926,5K01HS028926-05,Disrupted,Renewal overdue,Adapting Guideline Implementation to Local Environments (AGILE) in Primary Care After Telehealth Expansion,"PROJECT SUMMARY / ABSTRACT Urgent expansion of telehealth due to the COVID-19 pandemic may have consequences for evidence based primary care, including worsening disparities in cardiovascular disease (CVD) prevention. Implementing evidence based guidelines to reverse CVD risk would prevent more than 50% of annual deaths in middle-aged US adults but is already uneven. Guideline adherence can be improved by tailoring strategies to local barriers as in Dr. Ramly’s prior work that increased follow up on blood pressure and smoking with higher gains among Black patients. Yet tailoring is too expensive and burdensome to be used in practice and is even less feasible with the rapid telehealth expansion. There is a critical need for an alternative to tailoring to enable primary care clinics to rapidly adapt how they implement CVD guidelines after telehealth expansion to avoid worsening disparities. In engineering, configurable solutions make menus of options available to avoid expensive individual tailoring. This approach could enable clinics to use known strategies to address local barriers without engaging in an expert-led individual tailoring process. Preliminary qualitative work found many barriers to optimal care with telehealth that are modifiable with known strategies. Yet configurable solutions using known strategies have not been applied in health care despite the potential to reduce cost and reduce disparities by addressing local needs. Applying this approach will require multi-stakeholder design of a configurable toolkit informed by large clinical data and tested by a pragmatic clinical trial. Dr. Ramly’s long-term goal is to become a clinical investigator in primary care leading an independent research program to improve rapid implementation of evidence based care for chronic conditions. This 5-year K01 will fill his clinical investigation training gaps with mentored research and training in large clinical data, mixed methods, and pragmatic clinical trials. As a systems engineer faculty in a clinical department, Dr. Ramly is well prepared for a successful K01 to transition from engineer collaborator to independent clinical investigator. The overall objective of this proposal is to develop and pilot a configurable toolkit for CVD prevention. Four CVD quality metrics will be targeted: blood pressure control for patients with hypertension, and aspirin, statins, and smoking cessation for patients with coronary artery disease. The specific aims are to: 1) characterize barriers to implementation of CVD guidelines in primary care after telehealth expansion, 2) develop a configurable toolkit of strategies to address local barriers, and 3) pilot test the toolkit to assess reach, effectiveness, adoption, implementation, and maintenance, including subgroup differences. Expected outcomes are an intervention addressing a critical gap in evidence based care after telehealth expansion, with preliminary data for an AHRQ R18 trial. Dr. Ramly will become an independent clinical investigator building on prior expertise in engineering and implementation science. His current and future research aims will advance AHRQ’s mission by focusing on AHRQ-relevant priority populations (chronic conditions, older adults), problem (heart health) and emphasis (primary care).","PUBLIC HEALTH RELEVANCE / PROJECT NARRATIVE The proposed research is relevant to public health because it addresses uneven implementation of evidence based cardiovascular disease (CVD) prevention guidelines that would prevent more than 50% of annual deaths in middle-aged US adults. Urgent expansion of telehealth due to the COVID-19 pandemic brings rapid changes in primary care visit patterns, posing new barriers to already uneven implementation and making intensive expert-led tailoring of strategies to local barriers even less feasible in practice. This proposal proposes an alternative design adapted from engineering to develop and pilot a configurable toolkit that can potentially increase guideline adherence through selection of implementation strategies matched to local barriers.",N/A,N/A,N/A,2026-05-30,N/A,N/A,N/A,2022-04-08,2027-03-31,Agency for Healthcare Research and Quality,93.226,"RESEARCH ON HEALTHCARE COSTS, QUALITY AND OUTCOMES",PA-20-067,N/A,N/A,N/A,FALSE,TRUSTEES OF INDIANA UNIVERSITY,IN,BLOOMINGTON,IN-09,Public,SCHOOLS OF PUBLIC HEALTH,https://reporter.nih.gov/project-details/11166296,https://taggs.hhs.gov/Detail/AwardDetail?arg_AwardNum=K01HS028926&arg_ProgOfficeCode=7,https://www.usaspending.gov/award/ASST_NON_K01HS028926_075/
HS029399,R33,R33HS029399,4R33HS029399-03,Disrupted,Renewal overdue,Inform Shared Decision-making with Advanced Bayesian Causal Inference to Improve Quality of Pediatric Rheumatology Care,"PROJECT SUMMARY/ABSTRACT When faced with treating a child with Juvenile Idiopathic Arthritis (JIA), a heterogeneous chronic condition with no known etiology or cure, there is no one-size fits all solution. Clinicians rely on their past experiences and learnings from peers and the scientific community to make the best decision for JIA patients. Yet despite multiple FDA approved treatments, only 40 percent of patients with a polyarticular form of JIA achieve a state of controlled disease, it is hard to treat. While clinical expertise is invaluable, relying on clinician experience alone at point of care (POC) when treating an uncommon (1 in 1000 children) and disabling disease with heterogeneous presentation and variable treatment response may result in missing a critical window of opportunity for early remission and suboptimal outcome. Imagine the power of a digital health technology (DHT) that uses real world data to inform effectiveness of different treatment strategies for every child. By learning collectively from past experiences of a network of providers and patients that leverage a shared clinical data registry, the DHT synthesizes, and updates knowledge centered for the patient at the POC, while considering the values and preferences of patients for shared decision-making (SDM). Currently, there is no such DHT available to deliver the patient-centered comparative effectiveness evidence at the POC.  This study aims to close such a gap with novel user-centered design to adapt for use at POC an existing researcher facing application package based on advanced Bayesian causal learning methods applied to real world electronic health record (EHR) data. This DHT, called PCATS.JIA (Patient centered adaptive treatment strategies for JIA care) will be implemented within the setting of a 23-center learning health network. In R21 phase, the study aims to: 1) bring the PCATS platform to the POC by developing a PCATS.JIA DHT that is EHR system agnostic; 2) co-design a graphic user interface for PCATS.JIA as a patient-centered SDM tool together with key stakeholders (patients, parents, and clinicians); and 3) pilot test PCATS.JIA as a SDM tool at POC in a single rheumatology practice. In R33 phase, we will refine, test, and evaluate the PCATS.JIA in three pediatric rheumatology clinics by 1) using quality improvement science and implementation science principles to implement PCATS.JIA into the clinic workflow with high reliability; and 2) demonstrating that use of PCATS will result in improved health care service as reflected in more patient-centered care, improved health outcomes, and health equity.  The study promises to deliver a novel patient centered DHT that is robust, flexible and improves quality and equity of care and treatment outcomes as tested within the practice of pediatric rheumatology. Being EHR system agonistic, it is scalable to different clinical centers. This DHT has the potential to be generalizable to broader disease conditions and patient populations.","PROJECT NARRATIVE We propose to deliver PCATS.JIA, a patient-centered shared decision-making tool for use at point of care to improve quality and outcomes of clinical care for children with JIA. The tool will be co-designed with its endusers (patients, clinicians), along with experts in user-centered design, data scientists, and health services and outcomes researchers. We will design and test implementation within the setting of a 23-center Pediatric Rheumatology Care and Outcomes Improvement Network (PR-COIN), leveraging our existing validated computational tool based on an advanced Bayesian nonparametric causal learning algorithm.",N/A,N/A,N/A,2026-05-30,N/A,N/A,N/A,2023-04-01,2028-03-31,Agency for Healthcare Research and Quality,93.226,"RESEARCH ON HEALTHCARE COSTS, QUALITY AND OUTCOMES",PA-21-164,N/A,N/A,N/A,FALSE,SEATTLE CHILDREN'S HOSPITAL,WA,SEATTLE,WA-07,N/A,Independent Hospitals,https://reporter.nih.gov/project-details/11257404,https://taggs.hhs.gov/Detail/AwardDetail?arg_AwardNum=R33HS029399&arg_ProgOfficeCode=7,https://www.usaspending.gov/award/ASST_NON_R33HS029399_075/
HS029474,R18,R18HS029474,5R18HS029474-02,Disrupted,Renewal overdue,Development and Assessment of Artificial Intelligence (AI)-Enhanced Pre-treatment Peer-review Process to Improve Patient Safety in Radiation Oncology,"PROJECT SUMMARY Objectives: To develop and integrate an innovative artificial intelligence (AI) and machine learning (ML) based intervention focused on physician variability (Aim #1) to be used in the pretreatment peer-review process to improve RT providers’ performance during these tasks. To implement and evaluate the impact of our integrated intervention on patient safety in the real clinical environment (Aim #2). Rationale: Radiation therapy (RT) plays an important role in the curative and palliative management of many cancers; ≈ 50% of people with cancer in the US receive RT (≈ 600,000 annually). While many advances over the last two decades have improved patient safety (e.g., image guidance, conformal beam shaping), the increasing complexity (e.g., intensity-modulated Presently, up to ≈10% of patients receiving RT are affected by treatment planning errors, with more harm present in minority and underserved populations, which is unacceptable. Using cluster randomized stepped wedge design, we will evaluate RT cases in the baseline period, and after our peer-review processes are adjusted, overtime to, + the providers’ variability data. RT) has created new error pathways. Methods:  ‘Optimal’ algorithms and visual summaries of these data will be determined in Aim #1. Patient safety will be quantified via the number/severity of clinically relevant errors not detected during pre-treatment peer-review and detected by downstream QA processes; expressed as the rate per 1000 RT fractions delivered. We will use advanced regression models to evaluate patient safety over time. The significance level will be set at 0.05, two-tailed.","PROJECT NARRATIVE More work needs to be done to understand how innovative and integrated data science interventions (e.g., artificial intelligence (AI), and machine learning (ML)) can improve patient safety in the real clinical environment. Therefore, using a robust implementation framework we will develop, implement and evaluate the association between our innovative and integrated data science interventions and patient safety in radiation oncology settings.",N/A,N/A,N/A,2026-05-30,N/A,N/A,N/A,2024-04-01,2027-03-31,Agency for Healthcare Research and Quality,93.226,"RESEARCH ON HEALTHCARE COSTS, QUALITY AND OUTCOMES",PA-21-267,N/A,N/A,N/A,FALSE,UNIV OF NORTH CAROLINA CHAPEL HILL,NC,CHAPEL HILL,NC-04,"Public, R1",SCHOOLS OF MEDICINE,https://reporter.nih.gov/project-details/11062383,https://taggs.hhs.gov/Detail/AwardDetail?arg_AwardNum=R18HS029474&arg_ProgOfficeCode=7,https://www.usaspending.gov/award/ASST_NON_R18HS029474_075/
HS029522,K01,K01HS029522,5K01HS029522-02,Disrupted,Renewal overdue,An Evidence-Based Leadership Training Intervention to Accelerate Integration of Behavioral Health and Primary Care,"Project Summary/Abstract BACKGROUND: Integrated behavioral health (IBH) holds great promise for improving care quality and outcomes for patients with co-occurring mental and physical health conditions by embedding mental health and substance use treatment services into primary care settings. Despite over two decades of effort, however, there still lacks widespread IBH implementation due to insufficient leadership skills to overcome organizational, attitudinal, and financial challenges. This study develops and tests an evidence-based IBH intervention that incorporates leadership concepts to prepare primary care teams to overcome IBH challenges and lead IBH implementation initiatives. SPECIFIC AIMS: Aim 1 is to identify IBH implementation challenges, strategies, and leadership skills needed to successfully implement IBH. Aim 2 is to develop an intervention that uses IBH implementation strategies and leadership training to accelerate IBH into primary care settings. Aim 3 is to conduct a preliminary effectiveness, feasibility, and acceptability pilot by implementing and evaluating the intervention in practice settings. METHODS: I use sequential, complementarity mixed methods and draw upon a conceptual model that blends the implementation science EPIS (Exploration, Preparation, Implementation, and Sustainment) framework with AHRQ’s Integration Framework. Aim 1 uses depth interviews with nationally-renowned IBH stakeholders to develop an inventory of IBH challenges, strategies, and leadership skills. Aim 2 uses a 4-round modified Delphi approach with IBH stakeholders to develop the intervention. Aim 3 uses the New Jersey Primary Care Research Network to recruit 5-10 primary care practices serving health disparity populations. The intervention is delivered to all practice members using practice facilitation, and I will conduct a series of assessment to determine the preliminary effectiveness, feasibility, and acceptability of the intervention in improving leadership skills to address IBH challenges (intermediary outcome) and integrated care processes (primary outcome). IMPACT: This study is novel because it draws upon national IBH experts to develop an intervention that identifies and consolidates IBH strategies and leadership skills that have been effective with IBH implementation in real-world settings. Second, this study produces a systematically-developed intervention that pairs IBH implementation challenges with specific leadership skills for overcoming them, refined and prioritized for action. Third, this is the first study to map the AHRQ Integration Framework to an implementation science framework. Resulting data informs future refining and testing of the intervention in additional clinical settings.","Project Narrative Integrated behavioral health (IBH) holds great promise for improving care quality and outcomes for patients with co-occurring mental and physical health conditions by embedding mental health and substance use treatment services into primary care settings. Despite over two decades of effort, however, there still lacks widespread IBH implementation due to insufficient leadership skills to overcome organizational, attitudinal, and financial challenges. This study develops and tests an evidence-based IBH intervention that incorporates leadership concepts to prepare primary care teams to overcome IBH implementation challenges and effectively lead IBH initiatives.",N/A,N/A,N/A,2026-05-30,N/A,N/A,N/A,2024-04-01,2029-03-31,Agency for Healthcare Research and Quality,93.226,"RESEARCH ON HEALTHCARE COSTS, QUALITY AND OUTCOMES",PA-22-255,N/A,N/A,N/A,FALSE,RUTGERS BIOMEDICAL AND HEALTH SCIENCES,NJ,Newark,NJ-10,"Land grant, Public, R1",ORGANIZED RESEARCH UNITS,https://reporter.nih.gov/project-details/11043386,https://taggs.hhs.gov/Detail/AwardDetail?arg_AwardNum=K01HS029522&arg_ProgOfficeCode=7,https://www.usaspending.gov/award/ASST_NON_K01HS029522_075/
HS029867,R01,R01HS029867,5R01HS029867-02,Disrupted,Renewal overdue,CCC EQUATE (Equitable Quantification And Task Evaluation),"Project Summary/Abstract Children with medical complexity (CMC) are an extremely vulnerable population with significant morbidity and mortality risk. To facilitate the study of CMC, Complex Chronic Conditions (CCCs) were defined in 2000 as a set of ICD-9-CM codes specified as “CCCs” with categories (such as neurologic, cardiovascular, metabolic, and other congenital or genetic defect). Three important concerns regarding the widely used CCC system motivate this proposal. First, the CCC system is now used “off-label” for different tasks including adjustment of health status in studies not specifically focused on CMC, and for the identification of children who might benefit from comprehensive complex care services. Accordingly, the CCC system needs to be evaluated regarding performance accuracy for various tasks. Second, the CCC system needs to be assessed for potential embedded associations between ICD codes and patients’ socioeconomic status (which, for historical reasons, is associated with the structural bias markers of race and ethnicity), arising from differential access to healthcare and diagnostic testing, as well as genetic conditions related to genetic ancestry. Embedded associations might bias the aggregated CCC system, affecting the identification of or adjustment for medical complexity. Third, these two concerns must be considered jointly: the CCC system might be accurate but, due to any embedded associations, perpetuates disparities. To address these concerns, we propose the CCC EQUATE (Equitable Quantification And Task Evaluation) project. We will create scenarios using two data sources, Medicaid claims data and 52 children’s hospitals inpatient data. We will focus on the representative outcomes of hospitalizations (including readmissions) and mortality (specifically, inpatient mortality). Specifically, we aim to: Aim 1. Evaluate the performance of the CCC system across settings for these specific outcomes. Aim 2. Quantify the degree of embedded associations between ICD codes and patients’ race and ethnicity. Aim 3. Quantify potential perpetuation of bias in CCC system performance due to embedded associations in ICD codes. In sum, this project will safeguard against the CCC system having subpar task performance in certain settings for specific outcomes, and from inadvertently perpetuating bias. Furthermore, the methods and findings will be generalizable to all ICD-code based classification systems. Ultimately, the project will enhance equity, enable future research, and help improve care for CMC and their families.","Project Narrative Children with medical complexity (CMC) are an extremely vulnerable population with significant morbidity and mortality risk, and methods to identify CMC for research or enrollment in clinical programs often rely on diagnostic codes. This proposal is motivated by the premise that the accuracy of these methods warrant more rigorous evaluation, and furthermore due to differences in access to healthcare and diagnostic evaluations for various patient populations, diagnostic codes may reflect broader historical and societal biases and disparities (as preliminary data suggests). We propose to evaluate the accuracy and potential bias of these methods to promote the most effective and equitable care of CMC, and the methods and findings likely will be generalizable to all patient classification systems based on diagnosis codes.",N/A,N/A,N/A,2026-05-30,N/A,N/A,N/A,2024-04-01,2027-03-31,Agency for Healthcare Research and Quality,93.226,"RESEARCH ON HEALTHCARE COSTS, QUALITY AND OUTCOMES",PA-18-795,N/A,N/A,N/A,FALSE,CHILDREN'S HOSP OF PHILADELPHIA,PA,PHILADELPHIA,PA-03,N/A,Independent Hospitals,https://reporter.nih.gov/project-details/11063119,https://taggs.hhs.gov/Detail/AwardDetail?arg_AwardNum=R01HS029867&arg_ProgOfficeCode=7,https://www.usaspending.gov/award/ASST_NON_R01HS029867_075/
HS027756,R18,R18HS027756,5R18HS027756-04,Disrupted,Renewal overdue,Dissemination and implementation of a telehealth program to deliver effective antibiotic stewardship support to rural or medically underserved newborn nurseries.,"PROJECT ABSTRACT __ Antibiotic exposure in newborns is associated with significant morbidity and mortality, including infection with antibiotic-resistant organisms, asthma, obesity, metabolic syndrome, and diabetes among others. Despite this, antibiotics are misused in neonates at alarming rates and remain the most-prescribed medications in the nursery. Antibiotic stewardship programs (ASPs) can significantly reduce antibiotic exposure but require specialist support to be effective. Like many evidence-based interventions, a gap remains between research and widespread implementation. Most well-baby nurseries – particularly those in rural or medically underserved areas – do not have access to ASP support, which is a major health disparity. Scalable approaches to increase implementation of evidence-based practices, such as ASPs, are needed to address such disparities. Telehealth has been used successfully to deliver other aspects of newborn care, such as complex care coordination and health screening. Telehealth strategies have been used in adult and pediatric ASP efforts, and telehealth for infectious diseases support has been endorsed by the Infectious Diseases Society of America. Our preliminary study, ASSIST-1, was the first to utilize telehealth to deliver ASP support specifically for newborn nurseries. The ASSIST-1 study of 8 rural nurseries showed that telehealth ASP was safe and effective, reducing unnecessary antibiotic use by 32%. In this R18 health services research demonstration and dissemination grant, we aim to use dissemination and implementation (D&I) science to accelerate delivery of our evidence-based telehealth ASP to additional level 1 and 2 nurseries (N=40) in rural or medically underserved areas throughout Texas. Our hypothesis is that nursery telehealth is a scalable approach to increase access to infectious diseases care and reduce unnecessary antibiotic exposure among newborns born in medically underserved areas. We will test our hypothesis using an effectivenessimplementation hybrid type 2 design based on the Reach, Effectiveness, Adoption, Implementation, Maintenance (RE-AIM) and Consolidated Framework for Implementation Research (CFIR) models to measure uptake, efficacy, and sustainability of the telehealth ASP. Our specific aims are to evaluate (1) the adoption, (2) the effectiveness, cost, and value, and (3) the maintenance and sustainability of the telehealth ASP. The study team includes content experts in neonatal infectious diseases (Drs. Cantey and Duchon), D&I science (Drs. Stevens and Kilpela), and patient-centered outcomes and cost-effectiveness research (Dr. Tsevat). The proposed research is innovative in its use of telehealth strategies to link rural hospitals with pediatric infectious diseases specialists, improve care for infants with suspected or proven infection, and minimize adverse effects of unnecessary antibiotic exposure. In addition, successful implementation of our study could subsequently serve as the platform for linking rural nurseries to other pediatric subspecialists, thus relieving access-to-care disparities and improving the quality, equity, and value of care for infants born in medically underserved areas.","PROJECT NARRATIVE __ Unnecessary antibiotic exposure in newborns is common and has been associated with a variety of short- and long-term adverse outcomes. Antibiotic stewardship programs can safely and effectively reduce antibiotic exposure in the nursery setting, but most nurseries in rural or medically underserved areas lack the local expertise and support for nursery stewardship. Our study will test the widespread dissemination and implementation of a telehealth antibiotic stewardship program for rural nurseries that has been shown to be feasible, safe and effective.",N/A,N/A,N/A,2026-04-29,N/A,N/A,N/A,2022-05-01,2027-02-28,Agency for Healthcare Research and Quality,93.226,"RESEARCH ON HEALTHCARE COSTS, QUALITY AND OUTCOMES",PA-18-793,N/A,N/A,N/A,FALSE,UNIVERSITY OF TEXAS HLTH SCIENCE CENTER,TX,SAN ANTONIO,TX-20,"Hispanic Serving, Public, R1",SCHOOLS OF MEDICINE,https://reporter.nih.gov/project-details/11018558,https://taggs.hhs.gov/Detail/AwardDetail?arg_AwardNum=R18HS027756&arg_ProgOfficeCode=7,https://www.usaspending.gov/award/ASST_NON_R18HS027756_075/
HS028427,R01,R01HS028427,5R01HS028427-04,Disrupted,Renewal overdue,Modeling How Moral Distress & Ethical Confidence Impact Nurses' Emotional & Physical Health and Safety Culture,"Nurses' daily encounters with ethical challenges in providing appropriate care—situations that may go unresolved or are resolved unsatisfactorily—may lead to moral distress (i.e., the inability to carry out what is believed to be an ethically appropriate action because of internal or external constraints). As a result, many experience anxiety, depression, suicide risk, and other health-related problems. Little systematic research has focused on factors that reduce or exacerbate moral distress—and, critically, how nurses' moral distress affects nurse, patient, and organizational outcomes. This application builds upon our successful scientific program of empirical bioethics research and uses a mixed-methods design to address three complementary objectives, by surveying 20,652 practicing registered nurses (RNs) across four geographically diverse states (California, Pennsylvania, Maryland, and Massachusetts) and innovatively linking these survey data to publicly available patient outcome data sources. Thus, our first aim is to gather detailed data on nurses' perspectives on their workplace challenges by identifying and assessing (via quantitative and qualitative methods) individual, work environment, and ethical factors that contribute to moral distress and ethical confidence (i.e., self-confidence about making ethics-related decisions in clinical practice). Our second aim is to develop (via cluster analysis) a typology of practicing nurses, detailing similarities/differences across the personal, workplace, and ethics issues that most impact moral distress, ethical confidence, health, and wellbeing; and from this typology, recommend strategies for reducing moral distress , and create (via perceptual mapping) 3-dimensional perceptual models showing how each type of nurse conceptualizes the relationships among these factors and use these maps to assess safety culture as experienced by the different types of nurses, which will permit even more specific recommendations about moral stress reduction. Our third aim is to examine how the relationships identified in aim 1 are associated with outcomes of hospitalized patients, including patient perceptions of care, inpatient mortality, hospital-acquired conditions, and excess days in acute care within 30 days of hospital discharge as well as nurses' well-being, patient safety grade and intention to leave. The findings will provide a clearer picture of factors contributing to nurses' moral distress and to their ethical confidence and provide evidence on how moral distress and ethical confidence affect patient safety and quality outcomes. Healthcare is increasingly provided in complex organizations where resolving ambiguous ethical issues may deplete the best of clinicians. Our findings will inform development of behavioral interventions, structural/operational workplace changes, and message campaigns that reduce moral distress in existing and future cohorts of nurses and improve the safety culture in which they work.","Nurses are the largest U.S. professional group, and nurse burnout and depression, causing some nurses to leave the profession, are a major threat to the healthcare system. Working on the front lines, they encounter situations that cause moral distress (or the inability to deliver what they believe is ethically appropriate care because of external constraints). Unaddressed moral distress can have lasting impacts on their personal and professional lives; to improve the healthcare system, we must ask nurses to describe their ethical challenges in order to modify factors that contribute to moral distress and boost their ethical confidence.",N/A,N/A,N/A,2026-04-29,N/A,N/A,N/A,2022-05-05,2027-02-28,Agency for Healthcare Research and Quality,93.226,"RESEARCH ON HEALTHCARE COSTS, QUALITY AND OUTCOMES",PA-18-795,N/A,N/A,N/A,FALSE,UNIVERSITY OF PENNSYLVANIA,PA,PHILADELPHIA,PA-03,"Private, R1",SCHOOLS OF NURSING,https://reporter.nih.gov/project-details/11018515,https://taggs.hhs.gov/Detail/AwardDetail?arg_AwardNum=R01HS028427&arg_ProgOfficeCode=7,https://www.usaspending.gov/award/ASST_NON_R01HS028427_075/
HS028930,R01,R01HS028930,5R01HS028930-04,Disrupted,Renewal overdue,A Multicenter Randomized Controlled Trial of a Patient Safety Reporting Intervention for Families to Improve Medical Error Detection and Reduce Inequities,"PROJECT SUMMARY/ABSTRACT Hospitals ineffectively examine the safety of their processes by relying on voluntary incident reporting (VIR) by clinical staff who are overworked and afraid to report. VIR captures only 1-10% of events, excludes patients and families, and underdetects events in vulnerable groups like patients with language barriers. Patients and families are vigilant partners in care who are adept at identifying errors and AEs. Failing to actively include patients and families in safety reporting and instead relying on flawed VIR presents an important missed opportunity to improve safety. To improve hospital safety, there is a critical need to coproduce (create in partnership with families) effective systems to identify uncaptured errors. Without this information, hospitals are impeded in their ability to improve patient safety. In partnership with diverse families, nurses, physicians, and hospital leaders, we created a multicomponent communication intervention to engage families of hospitalized children in safety reporting. Known as FACES (“Family Activation and Communication about Errors and Safety”), the intervention includes 3 elements: (1) a Spanish and English mobile (email, text, and QR-code) FACES reporting tool prompting families to share concerns and suggestions about safety, (2) family/staff education, and (3) a process for sharing family reports with the unit and hospital so systemic issues can be addressed. After piloting FACES in one inpatient unit, we saw marked improvements in family safety reporting and reductions in disparities in reporting by parent education and language. We now propose to conduct an RCT of FACES in 4 geographically, ethnically, and linguistically diverse hospitals. Our specific aims are to: (1) evaluate the effectiveness of FACES in improving error detection and other safety outcomes, (2) assess the impact of FACES on disparities in reporting, and (3) understand contextual factors contributing to successful implementation of FACES. If effective, FACES will contribute by: (1) increasing patient/family engagement in reporting, especially from vulnerable groups, (2) identifying otherwise unrecognized events, and (3) enabling hospitals to better understand safety problems in a 360-degree manner and design more effective, patient-centered solutions. This is significant because hospitals need to identify medical errors reliably in order to improve patient safety. The proposed research is innovative because it extends family safety reporting from the research to the operational real-world context; compares patient/family safety reporting to flawed existing VIR; and is informed by principles of coproduction, communication science, health literacy, and organizational behavior. It also involves a novel strategy to share learnings, ensuring concerns are acted upon to improve patient safety in a manner that matters to patients and families. Finally, it focuses on the intersection between safety and equity. This study will achieve our long-term objective to coproduce with families evidence-based strategies to make hospital care safer, higher quality, and more equitable, in line with AHRQ's mission. It intersects multiple priorities highlighted by AHRQ, including children (a priority population), safety, and equity (SEN NOT-HS-21-014).","NARRATIVE The proposed research is relevant to public health because hospitals remain unaware of many existing patient safety threats due to their over-reliance on flawed voluntary incident reporting. By demonstrating the effectiveness of a coproduced (created in partnership with families), equity-focused, multicomponent communication intervention to engage patients and families in hospital safety reporting, our study will (1) provide a framework for hospitals to overcome the current limitations of voluntary incident reporting and (2) identify unrecognized areas to improve safety, particularly for vulnerable patients. Genuine coproduction with patients and families will open new strategic approaches to improving the safety, quality, and equity of healthcare, in line with AHRQ's mission.",N/A,N/A,N/A,2026-04-29,N/A,N/A,N/A,2022-04-01,2027-02-28,Agency for Healthcare Research and Quality,93.226,"RESEARCH ON HEALTHCARE COSTS, QUALITY AND OUTCOMES",PA-18-795,N/A,N/A,N/A,FALSE,BOSTON CHILDREN'S HOSPITAL,MA,BOSTON,MA-07,N/A,Independent Hospitals,https://reporter.nih.gov/project-details/11034079,https://taggs.hhs.gov/Detail/AwardDetail?arg_AwardNum=R01HS028930&arg_ProgOfficeCode=7,https://www.usaspending.gov/award/ASST_NON_R01HS028930_075/
HS029319,R01,R01HS029319,5R01HS029319-04,Disrupted,Renewal overdue,Improving Equitable Access to Penicillin Allergy De-Labeling,"Project Summary  The global public health strategy to decrease mortality from antimicrobial resistant (AMR) infections encourages removal of inaccurate penicillin (PCN) allergy labels, termed “de-labeling.” PCN allergy de-labeling is recommended as ~10% of all people report a PCN allergy, but only 5% of those (i.e., <1%) have a true PCN allergy confirmed after formal testing. Prescription of alternative antibiotics in individuals with PCN allergy labels results in inferior clinical outcomes, increased adverse events including Clostridioides difficile infection, increased methicillin-resistant Staphylococcus aureus, and increased health care costs. PCN allergy delabeling is an evidence-based strategy that can decrease exposure to more broad-spectrum and suboptimal antibiotics, potentially reducing multi-drug resistant and healthcare-associated infections and saving lives. Most efforts to improve access to PCN allergy de-labeling have been reactive in acute care settings at the time of antibiotic need, rather than proactive in ambulatory care settings. Furthermore, PCN allergy de-labeling efforts to date have not focused on health care equity despite AMR rates being highest in minoritized communities.  This application focuses on identifying feasible and acceptable strategies to increase equitable access to PCN allergy de-labeling. Our long-term goal is to decrease AMR infections with a purposeful focus on reducing infection-associated health disparities. This study considers three Boston-based hospital networks serving diverse communities and with disparate allergy specialist access for studies that aim to improve equitable access to PCN allergy de-labeling. Our specific research aims include: 1) determining patient, societal, clinician, and institutional factors associated with PCN allergy de-labeling; 2) investigating barriers and facilitators to PCN allergy de-labeling in primary care with qualitative methods; and 3) identification, refining, and evaluating implementation strategies to increase equitable access to PCN allergy de-labeling.  To achieve these aims, we leverage a multidisciplinary research team comprised of leaders in infectious diseases, allergy/immunology, primary care, and health disparities with broad methodologic expertise in large database research, qualitative research, and implementation science. This application is responsive to PA-22-047, aligns with the mission of AHRQ, and our universal commitments to improve health care, make health care more equitable, and reduce the global crisis of antimicrobial resistance.","Project Narrative More than 9 in 10 individuals carrying a penicillin allergy label are not truly allergic, which has widespread consequences that include a higher risk of antibiotic-resistant bacteria. Removal of inaccurate penicillin allergy labels (de-labeling) is a safe and recommended strategy to improve antibiotic prescribing. This project seeks to measure, understand, and improve equitable access to penicillin allergy de-labeling.",N/A,N/A,N/A,2026-04-29,N/A,N/A,N/A,2023-05-01,2028-02-29,Agency for Healthcare Research and Quality,93.226,"RESEARCH ON HEALTHCARE COSTS, QUALITY AND OUTCOMES",PA-22-047,N/A,N/A,N/A,FALSE,MASSACHUSETTS GENERAL HOSPITAL,MA,BOSTON,MA-08,N/A,Independent Hospitals,https://reporter.nih.gov/project-details/11035094,https://taggs.hhs.gov/Detail/AwardDetail?arg_AwardNum=R01HS029319&arg_ProgOfficeCode=7,https://www.usaspending.gov/award/ASST_NON_R01HS029319_075/
HS029601,R13,R13HS029601,5R13HS029601-02,Disrupted,Renewal overdue,"ASTARISQ: Addressing systemic and STructurAl Racism to Improve Safety, Quality, and trustworthiness in health delivery systems","PROJECT SUMMARY Our proposal requests support for a series of conference roundtables over a three-year project period to Address systemic and STructurAl Racism to Improve Safety, Quality (ASTARISQ) in Health Delivery Systems (HDS) to support Research Training, Infrastructure and Career Development in response to PA-22-238. ASTARISQ will be convened each year in an innovative, collaborative, and structured approach to achieve three aims: (1) Identify, prioritize, and co-design with impacted community members trainings on anti-racist strategies, policies, and practices to address structural racism in HDS to improve patient safety, quality of care, and trustworthiness in HDS; (2) Convene an interactive series of roundtables to train and prepare diverse stakeholder groups to address structural racism in HDS and health services research (HSR); and (3) Produce and disseminate guidance documents to equip participants and broader audiences with resources and skills in evidence-based, anti-racism-informed strategies to strengthen anti-racist policies and practices. We co-developed and delivered the 2023 Summer Roundtable Series with health systems administrators and stakeholders on five key topics, including race and racism in digital health and information technology, achieving equity, diversity, and inclusion through decentralized clinical trials, overcoming systemic racism and bias in providing quality care, addressing equity in health care access and affordability, and health literacy as liberation and suppression. This proposal uses three innovative methodologies to support the Cycle of Change theoretical framework: (1) addressing racism through individual and organizational change in parallel and in real time to improve safety, quality, and trustworthiness in HDS; (2) engaging and including persons from priority populations in the roundtable planning, presenting, disseminating, and evaluation; and (3) mutual learning to shift current research and clinical practice paradigms. We plan to amplify the impact of each roundtable and to distribute conference evidence and materials broadly, with an emphasis on reaching out to stakeholders identified in AHRQ’s Priority Populations. The roundtable series will present opportunities for all stakeholders to disseminate evidence, implement anti-racist strategies and resources, and establish relationships and improve awareness and implementation of anti-racist approaches to address structural racism and provide examples of best practices, which have the potential to change concepts, methods, and technologies among health delivery systems and stakeholders.","PROJECT NARRATIVE Systemic and structural racism within health systems and racial biases among health care providers and administrators are significant contributors to racial, ethnic and related inequities in health. Advancing anti-racist strategies requires health delivery systems (HDS) to partner with communities served by these institutions to gain necessary trust, co-design, and implement antiracist practices. The proposed continuation of the ASTARISQ will be convened each year in an innovative, collaborative, and structured approach to achieve three aims: (1) Identify, prioritize, and co-design with impacted community members trainings on anti-racist strategies, policies, and practices to address structural racism in HDS to improve patient safety, quality of care, and trustworthiness in HDS; (2) Convene an interactive series of roundtables to train and prepare diverse stakeholder groups to address structural racism in HDS and health services research (HSR); and (3) Produce and disseminate guidance documents to equip participants and broader audiences with resources and skills in evidence-based, anti-racism-informed strategies to strengthen anti-racist policies and practices.",N/A,N/A,N/A,2026-04-29,N/A,N/A,N/A,2024-03-01,2027-02-28,Agency for Healthcare Research and Quality,93.226,"RESEARCH ON HEALTHCARE COSTS, QUALITY AND OUTCOMES",PA-22-238,N/A,N/A,N/A,FALSE,UNIVERSITY OF MARYLAND BALTIMORE,MD,BALTIMORE,MD-07,"Public, R1",UNIVERSITY-WIDE,https://reporter.nih.gov/project-details/11039994,https://taggs.hhs.gov/Detail/AwardDetail?arg_AwardNum=R13HS029601&arg_ProgOfficeCode=7,https://www.usaspending.gov/award/ASST_NON_R13HS029601_075/
HS028979,R01,R01HS028979,5R01HS028979-04,Restored,Renewed after delay,Optimizing the Clinical Management of Polypharmacy for Children with Medical Complexity,"PROJECT SUMMARY/ABSTRACT Optimal health for children with medical complexity (CMC) often depends on exposure to pediatric polypharmacy (≥5 concurrent medications). Medication-related problems (MRPs), like inappropriate therapy, undertreated symptoms, or adverse drug events, can lead to emergency visits or hospitalizations. Yet, during routine clinical care for CMC, polypharmacy is infrequently assessed and rarely managed comprehensively. To improve medication-related patient outcomes, safety, and value, a new approach is needed to manage polypharmacy in the priority population of CMC. Pharmacist-led medication therapy management (MTM) is a proven and effective tool for managing adult and geriatric polypharmacy. Our scientific premise is that a structured pharmacist-led Pediatric Medication Therapy Management (pMTM) intervention will improve the proactive management of polypharmacy by directly addressing major gaps in current practice. The implementation of pMTM to address pediatric MRPs thus represents innovation based on an established foundation. We propose a hybrid type 2 randomized controlled trial (RCT) of a pMTM intervention. This 5-year study compares the effectiveness of a pMTM intervention to usual care for reducing the primary outcome of MRPs, as well as the secondary outcomes of symptom burdens and acute healthcare utilization. In Aim 1, we use a hybrid type 2 RCT to quantitatively measure reach and effectiveness of the pMTM intervention. We will recruit CMC with polypharmacy and their parents within an academic center’s outpatient complex care program that serves >5600 CMC annually. In Aim 2, we will quantitatively and qualitatively examine important patient and parent characteristics that modify the effectiveness of the pMTM intervention. In Aim 3, we will assess adoption, implementation, and potential for maintenance of the pMTM intervention by healthcare providers, including program replication costs. The University of Colorado Anschutz Medical Campus provides a unique research environment enabling the conduct of pediatric polypharmacy research, supported by collaborative research partnerships between the Adult and Child Center for Health Outcomes Research and Delivery Science (ACCORDS), the Skaggs School of Pharmacy and Pharmaceutical Sciences, and the Children’s Hospital Colorado Special Care Clinic for children with medical complexity. Dr. James Feinstein, an expert in pediatric complex care and polypharmacy research, will lead an experienced team of co-investigators including, Dr. Allison Kempe (pragmatic trials and implementation science), Dr. Chris Feudtner (health services and complex care research), Dr. Lucas Orth (pediatric pharmacy), Dr. John Rice (biostatistics and longitudinal methods), Dr. Megan Morris (qualitative research), and Dr. Mark Gritz (economic analysis) to complete the proposed research. If pMTM is proven effective, it could be rapidly disseminated nationally as a model for pharmacist integration into outpatient complex care programs and it could have enormous impact on the public health of CMC by preventing medication-related safety issues, attendant morbidity, and associated costs.","PROJECT NARRATIVE Pediatric polypharmacy (defined as ≥5 concurrent medications) is a major public health problem with high prevalence among the priority population of children with medical complexity. Pediatric polypharmacy is necessary for symptom and disease management, but major opportunities exist to improve outpatient medication management, safety, and value. We will conduct a hybrid type 2 randomized controlled trial to study the effectiveness of a structured pharmacist-led Pediatric Medication Therapy Management (pMTM) intervention on improving the proactive management of polypharmacy by reducing medication-related problems (MRPs), with an evaluation guided by the RE-AIM (Reach, Effectiveness, Adoption, Implementation, and Maintenance) framework to determine whether pMTM could be transformational for optimizing polypharmacy among children with medical complexity.",N/A,N/A,N/A,2026-04-02,N/A,2026-04-17,N/A,2023-04-01,2028-01-31,Agency for Healthcare Research and Quality,93.226,"RESEARCH ON HEALTHCARE COSTS, QUALITY AND OUTCOMES",PA-18-795,N/A,N/A,"Behavioral and Social Science, Clinical Research, Clinical Trials and Supportive Activities, Comparative Effectiveness Research, Dissemination and Implementation Research, Health Services, Palliative Care, Patient Safety, Pediatric, Prevention, Primary Health Care",TRUE,UNIVERSITY OF COLORADO DENVER,CO,Aurora,CO-06,"Hispanic Serving, Public, R1, Tribal/Native Serving",SCHOOLS OF MEDICINE,https://reporter.nih.gov/project-details/11247581,https://taggs.hhs.gov/Detail/AwardDetail?arg_AwardNum=R01HS028979&arg_ProgOfficeCode=7,https://www.usaspending.gov/award/ASST_NON_R01HS028979_075/
HS029331,R01,R01HS029331,5R01HS029331-04,Restored,Renewed after delay,Reducing Overuse of Antibiotics with Decision Support: The ROADS Study,"PROJECT SUMMARY Lower respiratory tract infections (LRTI), including pneumonia, bronchiolitis, and infection-related exacerbations of asthma, are responsible for nearly one-third of all emergency department (ED) visits and 40% of all infection-related hospitalizations in children each year in the United States. While viruses are responsible for the vast majority of LRTIs, antibiotics are very frequently prescribed. In fact, more days of antibiotic use are attributable to LRTI than any other condition in children’s hospitals. Starting antibiotics unnecessarily, using less effective or overly broad-spectrum antibiotics, and treating for longer durations than necessary all contribute to inappropriate antibiotic use in pediatric LRTI in both ED and inpatient settings. Use of unnecessary antibiotics has profound consequences, including common and uncommon but severe adverse side effects, increased health care utilization and costs, and fueling the development of antimicrobial resistance, an ongoing global public health threat. To curtail inappropriate antibiotic use, Antimicrobial Stewardship Programs (ASPs) have become commonplace in United States hospitals and have proven to be effective. Unfortunately, the benefits of ASPs have largely failed to translate to the unique and fast-paced ED environment. This represents a key missed opportunity since many more children are cared for in the ED as compared to inpatient settings, and because ED care often critically influences subsequent hospital care. Our prior research suggests that high quality electronic health record-based clinical decision support (CDS) is a strategy that could bridge the ED antibiotic stewardship gap and reduce inappropriate prescribing in the ED and hospital. Our proposed research builds upon this foundational work and leverages an accomplished and diverse study team with expertise across the continuum of clinical care and in biomedical informatics, clinical and health services research, implementation science, and biostatistics, all housed within supportive and wellresourced research environments. Within three children’s hospitals, we will: define critical facilitators and barriers governing use and acceptance of antibiotic CDS at the point of care in the ED and inpatient settings (Aim 1); create two CDS interventions seamlessly integrated into clinician workflows in the ED and inpatient settings, including a) an antibiotic advisor (Abx CDS), and b) a real-time ASP tool (ASP CDS) (Aim 2); measure the effectiveness of Abx CDS and ASP CDS, alone and in combination, against usual care for increasing appropriate antibiotic use in pediatric LRTI in the ED and inpatient settings within the framework of a pragmatic randomized controlled trial (Aim 3); and evaluate Reach, Adoption, and Implementation domains within the trial among encounters receiving Abx CDS and ASP CDS (Aim 4). We hypothesize that we will create stewardship-focused CDS tools that meaningfully improve antibiotic use for children with LRTI and that are scalable in order to optimize care delivery and outcomes across a wide variety of settings.","PROJECT NARRATIVE This research seeks to reduce inappropriate antibiotic use in pediatric acute lower respiratory tract infections, the most common serious infections in childhood. Antibiotic overuse is common in this population and is associated with substantial consequences. The major goals of this proposal are to design, implement, and evaluate the effectiveness of clinical decision support tools that promote judicious use of antibiotics in children and adolescents with lower respiratory tract infections in real-world emergency and inpatient settings.",N/A,N/A,N/A,2026-04-02,N/A,2026-04-17,N/A,2023-04-01,2028-01-31,Agency for Healthcare Research and Quality,93.226,"RESEARCH ON HEALTHCARE COSTS, QUALITY AND OUTCOMES",PA-22-047,N/A,N/A,"Antimicrobial Resistance, Asthma, Clinical Research, Clinical Trials and Supportive Activities, Comparative Effectiveness Research, Dissemination and Implementation Research, Emergency Care, Emerging Infectious Diseases, Health Services, Infectious Diseases, Lung, Networking and Information Technology R&D (NITRD), Patient Safety, Pediatric, Pneumonia, Pneumonia & Influenza",TRUE,VANDERBILT UNIVERSITY MEDICAL CENTER,TN,NASHVILLE,TN-07,"Private, R1",Independent Hospitals,https://reporter.nih.gov/project-details/11262267,https://taggs.hhs.gov/Detail/AwardDetail?arg_AwardNum=R01HS029331&arg_ProgOfficeCode=7,https://www.usaspending.gov/award/ASST_NON_R01HS029331_075/
HS029500,R01,R01HS029500,5R01HS029500-03,Restored,Renewed after delay,Implementing vancomycin-sparing regimens in preterm infants,"PROJECT SUMMARY/ABSTRACT Antibiotics are the most prescribed medication in neonatal intensive care units (NICU). Antibiotic stewardship efforts have reduced overall antibiotic use in the NICU, but preterm and low birth weight infants have not benefited proportionately. Preterm infants (≤35 week gestation) constitute ~45% of all NICU admissions, are admitted for extended periods, are frequently exposed to antibiotics, are at higher risk for antibiotic side effects and serve as reservoirs for multi-drug resistant pathogens. Thus, interventions to optimize antibiotic use in preterm infants can reduce unit-level selection pressure and improve patient safety. Despite recommendations from the American Academy of Pediatrics against its empirical use in the NICU, vancomycin is the most common antibiotic administered to preterm infants after 3 days of age, largely as empiric therapy for suspected late-onset sepsis (LOS). Studies by us and others demonstrate that use of vancomycin reducing protocols (VRP), designed to encourage the use of narrower spectrum antibiotics as first-line empiric and provide guidance for when vancomycin is an appropriate choice, can safely reduce vancomycin use in the NICU. Yet these regimens are not universally adopted, and when adopted are not universally applied, highlighting the need for more comprehensive strategies to implement change. Our long-term goal is to identify and promote practices that optimize antibiotic use in neonates. Our broad objective is to implement a VRP in NICUs for safe and sustained reduction of unnecessary vancomycin use in preterm infants (≤35 weeks). We hypothesize that VRP implemented by preparing local champions, educational outreach, introduction of a clinical decision support tool and providing unit-level audit and feedback will reduce vancomycin use (Aim 1); and that the use of additional external facilitation will improve fidelity and acceptability of VRP use (Aim 2). We used the updated Consolidated Framework for Implementation Research (CFIR) to design this study and simultaneously use CFIR constructs to understand barriers and facilitators of VRP use (Aim 3). We will comprehensively examine antibiotic use in the context of VRP implementation including evaluation of implementation outcomes, disparity drivers, and parent and clinician perspectives. We will conduct this study in 13 NICUs across two large healthcare networks. Our specific aims are 1) To reduce unnecessary vancomycin use in preterm infants by implementing a VRP in a quasi-experimental trial; 2) To determine the effect of external facilitation on the fidelity of using VRP and other implementation outcomes in a cluster randomized trial; and 3) To identify barriers and facilitators to implementation of the VRP across NICUs. By using an implementation science approach to reduce vancomycin in a multicenter study we will provide a road map for the broader implementation of VRP across NICUs in the United States. Additionally, our study will provide key insights into the factors influencing prescribing behavior in the NICU that can inform future antibiotic stewardship efforts in this high-risk setting.","PROJECT NARRATIVE Vancomycin is the most common first-line empiric coverage for suspected late-onset sepsis in preterm infants, even though (1) national guidelines recommend against such use, (2) such use offers no added advantage, and (3) is linked to a rise in infections with vancomycin resistant pathogens. Using a mixed-methods approach we will implement a vancomycin-reducing protocol in preterm infants across 13 neonatal intensive care units in two large healthcare networks. By critically investigating factors influencing the implementation of the protocol and reduction of unnecessary vancomycin use in this multi-center study, we will provide a road map for the broader implementation of vancomycin reducing protocols across NICUs in the United States",N/A,N/A,N/A,2026-04-02,N/A,2026-04-17,N/A,2024-04-01,2029-01-31,Agency for Healthcare Research and Quality,93.226,"RESEARCH ON HEALTHCARE COSTS, QUALITY AND OUTCOMES",PA-22-047,N/A,N/A,"Antimicrobial Resistance, Behavioral and Social Science, Clinical Research, Clinical Trials and Supportive Activities, Dissemination and Implementation Research, Emerging Infectious Diseases, Health Disparities and Racial or Ethnic Minority Health Research, Health Disparities Research, Infant Mortality, Infectious Diseases, Microbiome, Patient Safety, Pediatric, Perinatal Period - Conditions Originating in Perinatal Period, Preterm, Low Birth Weight and Health of the Newborn, Prevention, Social Determinants of Health, Women's Health",TRUE,CHILDREN'S HOSP OF PHILADELPHIA,PA,PHILADELPHIA,PA-03,N/A,Independent Hospitals,https://reporter.nih.gov/project-details/11262228,https://taggs.hhs.gov/Detail/AwardDetail?arg_AwardNum=R01HS029500&arg_ProgOfficeCode=7,https://www.usaspending.gov/award/ASST_NON_R01HS029500_075/
HS027996,R01,R01HS027996,5R01HS027996-04,Disrupted,Renewal overdue,Achieving Pediatric Health Equity by Responding to Identified Sociomedical risks with Effective Unified Purpose –Co-design and Evaluation of the RISEUP System,"PROJECT SUMMARY Equity gaps in child health outcomes result, at least in part, from insufficiently addressed social determinants of health, defined as “the conditions in which people are born, live, learn, work, play, worship, and age.” Patient and family needs related to determinants like toxic housing, access barriers, and socioeconomic deprivation undermine health and shift attention away from completion of follow-up visits, medication fills, and other services that promote optimal health and well-being outcomes. Insufficiently addressed social determinants explain much of the persistence in health disparities. As a result, healthcare systems that effectively monitor for risks and then integrate proactive responses to both medical and social needs will be more likely to achieve better, equitable outcomes. Thus, the objective of this project is to co-design and evaluate the “Responding to Identified Sociomedical risks with Effective Unified Purpose” System (RISEUP) to best meet both the medical and social needs of children and their communities. The central hypothesis is that an integrated system codesigned with healthcare-, human service-, payer-based stakeholders, and parents of pediatric patients, will promote better, more equitable outcomes across conditions by enhancing situation awareness and informing cross-sector actions directed at common root causes. This hypothesis will be tested through three specific aims: 1) Identify common root causes of health equity gaps across three chronic pediatric conditions (asthma, type 1 diabetes, and sickle cell disease) using an integrated monitoring system; 2) Co-design a response system to operationalize shared theory and address medical-social risks; and 3) Evaluate the effects of a medicalsocial monitoring and response system on patient- and population-level health outcomes, employing RISEUP in the care of children with asthma, diabetes, and sickle cell living in high-morbidity, high-poverty communities. The contribution of the proposed research is to co-design and evaluate RISEUP, this monitoring and response system in partnership with healthcare-, human service-, and payer-based stakeholders, and parents of pediatric patients. This research is significant because both medical and social data together would provide AHRQprioritized 360-degree views of children and communities, getting us closer to those factors at the root of poor health. This proposal is innovative in its monitoring of disparities’ root causes and the co-design and evaluation of integrated, coordinated response systems. Such data integration, accelerated by human-centered co-design and population-based quality improvement, holds great promise for subsequent scale and spread. Expected outcomes include a potentially transformative template for healthcare and human service systems to collaboratively monitor and respond to disparities. Indeed, RISEUP will positively affect children by facilitating a preventive approach to addressing the social determinants and equitably improving outcomes for children, a vulnerable and AHRQ-prioritized population.","PROJECT NARRATIVE The proposed research is relevant to public health because an integrated, co-designed system that is capable of rapidly identifying and responding to medical and social needs will promote better, more equitable patientand population-level outcomes. While this application focuses on pediatrics, the concepts learned through this grant, will be readily applicable to other populations that are similarly affected by the social and environmental determinants of health and for other healthcare systems planning responses to both medical and social risks. The proposed research is in line with AHRQ’s special emphasis on the social determinants, priority on children, and stated mission as it will “produce evidence to make health care safer, higher quality, more accessible, equitable, and affordable.”",N/A,N/A,N/A,2026-04-01,N/A,N/A,N/A,2022-04-01,2027-01-31,Agency for Healthcare Research and Quality,93.226,"RESEARCH ON HEALTHCARE COSTS, QUALITY AND OUTCOMES",PA-18-795,N/A,N/A,N/A,FALSE,CINCINNATI CHILDRENS HOSP MED CTR,OH,CINCINNATI,OH-01,N/A,Independent Hospitals,https://reporter.nih.gov/project-details/11010348,https://taggs.hhs.gov/Detail/AwardDetail?arg_AwardNum=R01HS027996&arg_ProgOfficeCode=7,https://www.usaspending.gov/award/ASST_NON_R01HS027996_075/
HS028397,R01,R01HS028397,5R01HS028397-04,Disrupted,Renewal overdue,Evaluating the Impact of Telemedicine on Ambulatory Care,"PROJECT SUMMARY/ABSTRACT BACKGROUND: During the first six months of 2020, 10 million Medicare beneficiaries used telemedicine services compared to only 134,000 during the first six months of 2019. Telemedicine policy changes during the COVID-19 pandemic catalyzed a major transformation of ambulatory care delivery that is sustained—currently 1 out of 5 ambulatory care visits are performed through telemedicine. While state and federal agencies have long positioned telemedicine as a means to improve health, post-pandemic telemedicine policymaking is hindered due to the scarcity of evidence on the broad scale impact of telemedicine on healthcare access, quality and costs. For instance, it is challenging to enact permanent telemedicine policies that facilitate the equitable use of telemedicine without an understanding of patient, provider and market barriers that impede its use. Furthermore, while widespread telemedicine use has the potential to improve clinical outcomes such as preventable hospital admission rates, there is a lack of empirical data on this topic. Finally, while essential for policymaking, the broad scale impact of telemedicine use on Medicare spending and utilization has not been previously studied. The dramatic increase in telemedicine use as a result of healthcare policies enacted during the COVID-19 pandemic provides an unprecedented opportunity to address these long-standing knowledge gaps. OVERALL STRATEGY: In this study, we propose using a contemporary, national cohort of Medicare beneficiaries supplemented with detailed provider and market-level data to investigate factors associated with telemedicine use, and the impact of telemedicine on ambulatory care outcomes and healthcare spending. RESEARCH AIMS: 1) To identify patient, provider and market-level determinants of telemedicine use. We will explore heterogeneity in telemedicine use across specific populations of interest, including beneficiaries that are rurally located, elderly, racial/ethnic minorities, or socioeconomically disadvantaged. 2) To evaluate the association between practice-level telemedicine use and hospital admissions for ambulatory care sensitive conditions. 3) To evaluate the impact of clinician-level telemedicine use on 30-day total per capita costs. IMPACT: Findings from this study will directly inform major areas of uncertainty and provide key evidence to inform telemedicine policymaking.","PROJECT NARRATIVE The coronavirus disease pandemic has led to rapid expansion of telemedicine services. Our study is focused on evaluating the impact of telemedicine adoption on ambulatory care for Medicare beneficiaries with three specific aims: (1) to identify provider- and market-level determinants of telemedicine use in the Medicare population, (2) to evaluate the association between practice-level telemedicine use and the rate of hospital admissions for ambulatory care sensitive conditions and (3) to evaluate the impact of clinician-level telemedicine use on Medicare spending and utilization. The proposed research will identify policy targets that can be used by policymakers and healthcare organizations to ensure the equitable, efficient, and effective expansion of telemedicine services.",N/A,N/A,N/A,2026-04-01,N/A,N/A,N/A,2022-04-08,2027-01-31,Agency for Healthcare Research and Quality,93.226,"RESEARCH ON HEALTHCARE COSTS, QUALITY AND OUTCOMES",PA-18-795,N/A,N/A,N/A,FALSE,UNIVERSITY OF MICHIGAN AT ANN ARBOR,MI,ANN ARBOR,MI-06,"Public, R1",SCHOOLS OF MEDICINE,https://reporter.nih.gov/project-details/10993117,https://taggs.hhs.gov/Detail/AwardDetail?arg_AwardNum=R01HS028397&arg_ProgOfficeCode=7,https://www.usaspending.gov/award/ASST_NON_R01HS028397_075/
HS029001,R01,R01HS029001,5R01HS029001-03,Disrupted,Renewal overdue,"Pain, Multimorbidity, Opioid-Drug Interactions and Risk for Opioid Use Disorder or Overdose in Older Adults","This study proposes longitudinal research among older adults to assess the associations of uncontrolled pain, co-occurring chronic conditions or geriatric symptoms (multimorbidity), and opioid–drug interactions with risk for opioid use disorder (OUD) or overdose (OD). This study is responsive to AHRQ’s special interest (NOT-HS21-010) in research to address substance use disorders, including OUD and OD in older adults. Older adults have experienced significant increases in OUD or OD in the last decade despite a decrease in the number of opioid prescriptions, signaling an urgent need to identify factors beyond prescription opioid use that contribute to OUD/OD to inform interventions in older populations. Pain, multimorbidity, and polypharmacy, all strongly associated with advancing age, are frequently noted as potential risk factors for OUD/OD in older adults, but relevant evidence is lacking. Relieving pain is the most frequent motive for opioid misuse in older adults, but to what extent uncontrolled pain contributes to risk for OUD/OD is unknown. Multimorbidity is highly prevalent in older adults with OUD or OD, but its association with uncontrolled pain and the joint association of multimorbidity and uncontrolled pain with risk for OUD/OD are unknown. There is also limited understanding regarding the risk of OUD/OD when prescription opioids for pain treatment are concurrently used with drugs for other chronic comorbid conditions that may interact with opioids in older adults. To fill these research gaps, this proposed study will leverage a 100% Medicare sample and Medicare data linked to nationally representative longitudinal survey data to study the associations of pain, multimorbidity, and opioid-drug interactions with risk for OUD/OD outcomes of older adults with chronic pain. Specifically, we will examine the associations between pain control and risk for OUD or OD in older adults diagnosed with chronic pain and treated with prescription opioids. We will also evaluate the association of multimorbidity with pain control and their joint association with OUD/OD risk in older patients. Furthermore, we will assess the extent to which concurrent use of opioids with drugs for treating common comorbid conditions with chronic pain in older adults is associated with OUD/OD outcomes in older adults with chronic pain. We will measure both pain and high-impact pain and quantify multimorbidity through both a diagnosis-based index and the presence of geriatric symptoms that are underdiagnosed or not diagnosable. Our study will provide empirical evidence on the extent to which uncontrolled pain, multimorbidity, and opioid-drug interactions may play a role in increasing risk for OUD or OD among older adults with chronic pain. Given the accelerated growth of the US aging population and the continuing increase in OUD, OD, and opioid misuse, our data will inform interventions that integrate care for chronic pain and other chronic comorbid conditions to improve pain control while reducing OUD or OD in older adults.","Project Narrative Older adults have experienced significant increases in opioid use disorder (OUD) or overdose (OD) in the last decade despite a decrease in the number of opioid prescriptions, dictating a critical need for research to identify factors beyond prescription opioid use that may contribute to the conditions. The proposed research, which is responsive to the Agency for Healthcare Research and Quality’s special interest in research to address substance use disorders, will provide evidence on the associations of poor pain control, multimorbidity, and the interactions of opioids with comorbid drug use with risk for OUD or OD in older adults. Findings from this proposed study will inform interventions to address the dual crises of chronic pain and OUD or OD in older populations.",N/A,N/A,N/A,2026-04-01,N/A,N/A,N/A,2023-04-10,2028-01-31,Agency for Healthcare Research and Quality,93.226,"RESEARCH ON HEALTHCARE COSTS, QUALITY AND OUTCOMES",PA-18-795,N/A,N/A,N/A,FALSE,OHIO STATE UNIVERSITY,OH,Columbus,OH-03,Public,SCHOOLS OF PHARMACY,https://reporter.nih.gov/project-details/11012319,https://taggs.hhs.gov/Detail/AwardDetail?arg_AwardNum=R01HS029001&arg_ProgOfficeCode=7,https://www.usaspending.gov/award/ASST_NON_R01HS029001_075/
HS029012,R01,R01HS029012,5R01HS029012-03,Disrupted,Renewal overdue,"Health Systems and High-Need Populations: The Effect of Vertical Integration on Utilization, Spending, and Quality for Medically ComplexPatients","PROJECT SUMMARY Medical care in the United States is increasingly delivered in health systems—which the Agency for Healthcare Research and Quality has defined as organizations with at least one hospital and one physician group providing comprehensive care that operate through common ownership or joint management. In the past decade, health system acquisition of physician practices has increased markedly; more than half of U.S. physicians are now affiliated with one of 637 health systems. Prior research has found that vertical integration can lead to higher commercial health care prices, but has uncertain effects on quality, spending, and utilization for Medicare beneficiaries. Little is known about how health system expansion influences care for medically complex Medicare patients, a distinct population that has high health needs and frequent interactions with the medical system. The long-term goal of the proposed research is to determine whether the growth of health systems improves care for medically complex patients and what health system strategies and characteristics contribute to their success or failure in doing so. The overall objective of this project is to provide health care leaders and policymakers with an understanding of whether and how health systems change the delivery and quality of care for medically complex Medicare beneficiaries, with a focus on patients in acquired primary care practices. The central hypotheses are that, on average, health system acquisition of practices improves care for medically complex patients, but that improvement varies across health systems. These hypotheses will be tested by pursuing three specific aims: (1) determine the impact of health system acquisition of primary care practices on utilization, spending, and quality for medically complex patients (overall and for three subpopulations); (2) examine variation by health system in spending and quality changes for medically complex patients at acquired practices, and identify characteristics of systems that most improve their care; and (3) understand how the experiences of physicians and the efforts of health system leaders differ at systems that improve care for medically complex patients at acquired practices from those that do not. This project will use Medicare claims data and qualitative data collected by the researchers. Methodologically, it will employ rigorous quasi-experimental approaches including difference-in-differences analyses, as well as indepth, semi-structured interviews with health system leaders and practicing physicians. The proposed research is innovative, in the applicants' opinion, because it fills critical gaps about whether, which, and how health system acquisitions improve care for medically complex patients. It will also build on AHRQ's prior investment in developing a Compendium of U.S. Health Systems, and make an expanded database publicly available for other researchers to use. The project is significant because it will provide rigorous evidence on the impact of vertical integration across a range of quality, utilization, and spending outcomes and will identify strategies that may improve the design of health systems to create a higher value medical system.","PROJECT NARRATIVE The proposed research is relevant to public health because it provides evidence on how health systems— through which a growing proportion of medical care is delivered in the United States—influence care of older Americans with the greatest health needs. Understanding whether and how health systems change quality, utilization, and spending for medically complex Medicare beneficiaries is critical for implementing care models and policies that improve the health of medically complex patients. The proposed research is relevant to AHRQ's mission as it pertains to generating knowledge that contributes to improving care for vulnerable populations and promoting a higher value health care system.",N/A,N/A,N/A,2026-04-01,N/A,N/A,N/A,2023-04-01,2027-01-31,Agency for Healthcare Research and Quality,93.226,"RESEARCH ON HEALTHCARE COSTS, QUALITY AND OUTCOMES",PA-18-795,N/A,N/A,N/A,FALSE,WEILL MEDICAL COLL OF CORNELL UNIV,NY,NEW YORK,NY-12,"Private, R1",SCHOOLS OF MEDICINE,https://reporter.nih.gov/project-details/11002698,https://taggs.hhs.gov/Detail/AwardDetail?arg_AwardNum=R01HS029012&arg_ProgOfficeCode=7,https://www.usaspending.gov/award/ASST_NON_R01HS029012_075/
HS029017,R01,R01HS029017,5R01HS029017-03,Disrupted,Renewal overdue,Testing a Cardiovascular Ambulatory Rapid Evaluation for Patients with Chest Pain (CARE-CP),"PROJECT SUMMARY Current care patterns for the 7 million patients visiting Emergency Departments (EDs) in the United States with chest pain are heterogenous and not sustainable from a healthcare quality or economic perspective. Chest pain is the second most common cause of ED visits and most common reason for short-stay hospitalizations. During these hospitalizations patients undergo in-depth evaluations (stress testing, computed tomography coronary angiography, or invasive angiography), but ultimately <10% are diagnosed with acute coronary syndrome (ACS). These evaluations cost $3 billion annually and strain health system resources without clear evidence of improved health outcomes or patient experience. Our preliminary data suggest that moderate risk patients (35% of patients with chest pain) can be safely managed as outpatients using a cardiovascular ambulatory rapid evaluation (CARE) strategy as an alternative to hospitalization. In the CARE strategy, patients are discharged from the ED and receive outpatient clinic follow-up within 72 hours focused on medical management for cardiovascular risk factors (e.g., hypertension, diabetes) and determining whether further cardiac testing is needed. This strategy aims to enhance patient-centered outcomes while safely and equitably decreasing hospital resource utilization. However, equipoise exists between outpatient and hospitalization strategies for moderate risk patients. There is a paucity of prospective data evaluating the efficacy and patient-centeredness of outpatient chest pain evaluation strategies in moderate risk patients. Thus, it is unclear whether use of an outpatient chest pain management strategy (CARE) will safely reduce healthcare utilization and be preferred by patients compared to a traditional hospitalization strategy. To address this key evidence gap, we propose the first prospective multisite randomized trial testing outpatient vs hospitalization strategies in moderate risk patients. Our experienced research team will randomize 502 patients 1:1 to the CARE or hospitalization management arms at three ED sites with a history of high recruitment rates and productive collaborations in cardiovascular clinical trials. The primary outcome will be hospital-free days (HFD) over a 30-day period. Patient-centered outcomes, such as patient satisfaction and experience and out-of-pocket cost will be assessed at 30-days. Additional endpoints include HFD over 1-year, 30-day and 1-year cardiovascular HFD, rates of noninvasive and invasive cardiac testing, cardiovascular rehospitalizations, and cardiovascular repeat ED visits. Patients will be monitored for safety: the composite of cardiovascular death, myocardial infarction, and unplanned coronary revascularization at 30-days. This novel trial addresses a key evidence gap by providing guidance on how best to evaluate moderate risk ED patients with acute chest pain. Without this guidance care patterns are likely to remain heterogeneous, inefficient, nonpatient-centered, and unguided by the highest level of evidence. We hypothesize that data from this trial will support widespread implementation of a CARE strategy, which could improve the quality and value of care for millions of patients in the U.S. and beyond.","PROJECT NARRATIVE Each year 7 million patients seek care in U.S. Emergency Departments for chest pain. Most moderate-risk patients undergo hospitalization for expensive testing aimed at identifying a heart attack, which costs the healthcare system more than $3 billion annually without a clear improvement in patient outcomes. Our study will compare rapid outpatient vs hospitalization management to determine the best strategy (based on patientcentered measures and safe, equitable, and efficient resource use) for evaluating these patients.",N/A,N/A,N/A,2026-04-01,N/A,N/A,N/A,2023-04-01,2028-01-31,Agency for Healthcare Research and Quality,93.226,"RESEARCH ON HEALTHCARE COSTS, QUALITY AND OUTCOMES",PA-18-795,N/A,N/A,N/A,FALSE,WAKE FOREST UNIVERSITY HEALTH SCIENCES,NC,WINSTON-SALEM,NC-10,"Private, R2",SCHOOLS OF MEDICINE,https://reporter.nih.gov/project-details/11003318,https://taggs.hhs.gov/Detail/AwardDetail?arg_AwardNum=R01HS029017&arg_ProgOfficeCode=7,https://www.usaspending.gov/award/ASST_NON_R01HS029017_075/
HS029299,R18,R18HS029299,5R18HS029299-03,Disrupted,Renewal overdue,The TRANS-SAFE Patient Safety Learning Lab: Systems Improvement for Psychosocial Safety in Transgender Care,"This patient safety learning laboratory (PSLL) will address the intersection of two major gaps in the science of patient safety: 1) psychosocial patient harm / avoidable patient suffering, and 2) patient safety for transgender individuals. It will leverage an interdisciplinary team of clinical and systems improvement experts to make an innovative, and sustainable contribution to AHRQ’s patient safety mission. It will also address AHRQ’s call for health services research to advance health equity. Transgender individuals are an AHRQ priority population. We will also address intersectional impacts of transgender status by targeted recruitment from additional AHRQ priority populations: low-income individuals, minority groups and people with disabilities. Psychosocial harm has been largely neglected in the science and practice of patient safety, despite evidence of its pervasive and consequential impact. The TRANS-SAFE PSLL will advance patient safety science by identifying and addressing the systemic causes of psychosocial harm in perhaps the most vulnerable patient population–transgender people. Because of widespread stigma, many transgender individuals live on the margins of society, facing discrimination, exclusion, and violence. Transgender and gender non-binary (TGNB) individuals also experience mistreatment in the healthcare system, leading to direct (psychosocial) harm and indirect physical harm. >30% of transgender individuals report delaying or not seeking care due to discrimination, which may lead to diagnostic delays and preventable disease progression. As a result, they experience poor health compared to “cisgender” (non-transgender) people. This PSLL will improve patient safety for the transgender population through 3 specific aims: Aim 1: Identify the contributing factors leading to avoidable patient suffering in transgender individuals [Problem analysis]. Apply human factors, improvement science, risk management, and biopsychosociotechnical systems approaches to conduct a human-centered problem analysis that identifies determinants of avoidable patient suffering in transgender individuals, including issues such as misgendering, disrespect, abuse, and “getting lost in the system.” Aim 2: Co-design human-centered solutions to prevent and mitigate avoidable patient suffering in transgender individuals [Design, development]. Engage with the full range of stakeholders in an iterative process of co-design and development, using both new and proven tools to produce interventions that address the systemic determinants of psychosocial harm in transgender individuals. Aim 3: Evaluate the effectiveness of proposed interventions in real and simulated and clinical environments [Implementation, evaluation]. Test the interventions designed in Aim 2 in both actual practice settings and in simulation to evaluate effectiveness, acceptability, usability, implementability, and sustainability. An innovative dissemination approach (a certification program in partnership with the World Professional Association for Transgender Health) will facilitate widespread and sustainable impact.","Narrative The proposed research is relevant to AHRQ’s mission “…to produce evidence to make health care safer, higher quality, more accessible, equitable, and affordable, and to work within the U.S. Department of Health and Human Services and with other partners to make sure that the evidence is understood and used.” It will employ a range of systems improvement approaches to generate evidence to improve patient safety, healthcare quality, and accessibility for transgender patients– thus making healthcare more equitable for this vulnerable patient population. Through an innovative partnership with the World Professional Association for Transgender Health (WPATH), the evidence generated through this research will be translated into a TRANS-SAFE certification program for healthcare organizations, ensuring that the evidence is understood and used at scale.",N/A,N/A,N/A,2026-04-01,N/A,N/A,N/A,2023-04-10,2027-01-31,Agency for Healthcare Research and Quality,93.226,"RESEARCH ON HEALTHCARE COSTS, QUALITY AND OUTCOMES",PA-21-266,N/A,N/A,N/A,FALSE,"UNIVERSITY OF CALIFORNIA, SAN DIEGO",CA,LA JOLLA,CA-50,"Land grant, Public, R1, Tribal/Native Serving",SCHOOLS OF MEDICINE,https://reporter.nih.gov/project-details/11014380,https://taggs.hhs.gov/Detail/AwardDetail?arg_AwardNum=R18HS029299&arg_ProgOfficeCode=7,https://www.usaspending.gov/award/ASST_NON_R18HS029299_075/
HS029318,R01,R01HS029318,5R01HS029318-02,Disrupted,Renewal overdue,Evaluation of Calibrate Dx: A Resource to Improve Diagnostic Decisions in the Hospital Setting,"Diagnostic error (failure to establish an accurate and timely explanation of the patient’s health problems or communicate that explanation to the patient) is estimated to harm an estimated 249,900 hospitalized US adults every year. Most errors are multifactorial, and a majority have cognitive causes. Clinician awareness of these cognitive causes is vital for preventing future diagnostic errors. However, clinicians often do not have an accurate awareness of their own diagnostic performance. Specifically, their metacognitive calibration (alignment between their diagnostic performance and confidence in that performance) may be misaligned. To help clinicians gain insight into their own diagnostic performance, we developed “Calibrate Dx: A Resource to Improve Diagnostic Decisions,” which aims to improve calibration by leveraging the ideas behind self-regulated learning theory and guiding clinicians through a series of steps to generate feedback about their own diagnostic decision-making using self-assessment and peer debriefing. Pilot work suggests that clinicians think calibrating their diagnostic performance is “critical” and a “moral and ethical responsibility,” but they previously lacked a “structured way of doing [it].” Additionally, pilot participants emphasized a need to facilitate adoption and use of Calibrate Dx in clinical practice. We will use the Safer Dx Framework (which approaches quality improvement by considering the complex, sociotechnical system in which diagnosis occurs) to systematically identify barriers and facilitators to Calibrate Dx use and create a guide, enabling further adoption and scale. Then, we will evaluate whether Calibrate Dx use leads to improved calibration and changes in attitudes or behaviors related to diagnostic safety in hospital medicine. We will use Kirkpatrick’s Framework for Evaluating Educational Interventions to guide this work. Our Specific Aims are: 1) Create methodology for evaluating calibration in clinical practice. Experts will help develop methods for measuring calibration in real, clinical practice in the hospital setting. Then, the measurement methods will be piloted at two participating healthcare institutions. 2) Develop implementation guide to account for sociotechnical barriers and facilitators while using Calibrate Dx by conducting semi-structured interviews across two health care institutions. Interviews will be conducted with key informants including hospital leadership, patient safety officers, safety and legal staff, and physician-hospitalists to identify barriers and facilitators to use of Calibrate Dx for learning and improvement. Strategies to avoid barriers and harness facilitators will be developed to serve as additional guidance for Calibrate Dx use. 3a) Assess whether use of Calibrate Dx leads to improved calibration. We will recruit hospitalists from two health care institutions to use Calibrate Dx. We will assess if resource use improves calibration over time. We will also examine whether clinician-level factors relate to improved calibration. 3b) Determine whether use of Calibrate Dx affects other attitudes and behaviors related to diagnostic safety (e.g., safety attitudes, humility, changes in practice) using a combination of surveys and structured interviews.","Diagnostic errors lead to an estimated 40,000-80,000 deaths every year in the United States. Most diagnostic errors include cognitive causes, but accurate awareness of these causes by the clinicians making them is vital to help them prevent future diagnostic errors. We developed and will now test a resource aimed at helping clinicians gain insight into their own diagnostic performance, a vital step in improving the accuracy and timeliness of diagnosis for patients. .",N/A,N/A,N/A,2026-04-01,N/A,N/A,N/A,2024-04-01,2029-01-31,Agency for Healthcare Research and Quality,93.226,"RESEARCH ON HEALTHCARE COSTS, QUALITY AND OUTCOMES",PA-18-795,N/A,N/A,N/A,FALSE,BAYLOR COLLEGE OF MEDICINE,TX,HOUSTON,TX-09,"Private, R1",SCHOOLS OF MEDICINE,https://reporter.nih.gov/project-details/11057573,https://taggs.hhs.gov/Detail/AwardDetail?arg_AwardNum=R01HS029318&arg_ProgOfficeCode=7,https://www.usaspending.gov/award/ASST_NON_R01HS029318_075/
HS029497,R01,R01HS029497,5R01HS029497-02,Disrupted,Renewal overdue,"Evaluations of Increasing State Investments in Primary Care: Effects on Health Care Spending, Utilization, and Quality","Primary care accounts for only 2-7% of U.S. health care spending across payer populations, leading to an underfunded primary care delivery system. In response, states are increasingly adopting policies to increase spending on primary care, with the goal to improve prevention, chronic disease management, and slow the growth of total health care spending.1-5 To date, 4 leading states—Rhode Island, Oregon, Delaware, and Colorado—have enacted legislation or regulations to increase primary care spending, generally by requiring private insurers to explicitly raise the percentage of health care spending spent on primary care.  Despite the importance of these state efforts to invest in primary care, their effects on total spending, health care utilization, and quality of care remain largely unknown. This dearth of rigorous evidence is increasingly relevant, as additional states (including California, Maine, Massachusetts, and Pennsylvania) are now debating or designing similar legislation to increase primary care spending. To address this gap in knowledge, we will conduct rigorous quasi-experimental evaluations, using newer matching techniques to improve causal inference, of the Rhode Island, Oregon, Delaware, and Colorado models to raise primary care spending.  The initial evaluation of the Rhode Island model, conducted by our team, focused on the model’s short-run effects on commercial insurer spending. We found that Rhode Island’s commercial spending decreased by 9% relative to enrollees from other states, with this reduction driven by the caps on hospital prices in the initial 4-6 years. However, as Rhode Island continues to sustain its primary care investments and other states look to do the same, long-run evidence on the policy’s effect is absent. Moreover, knowledge of its effects on quality of care, use of high and low value care, and spillovers in Medicare and Medicaid patients remains lacking.  This project builds on our earlier work in four key ways. First, using large public and private claims data, we will investigate changes in spending, utilization, and quality (both within and outside of primary care) associated with the Oregon, Delaware, and Colorado models—all of which have been enacted. Oregon’s legislation aims to raise primary care spending to 12% of total spending starting in 2023. Delaware’s model, effective 2021, increases primary care spending by 1-1.5 percentage points each year until 2025. Colorado’s model similarly increases primary care spending by 1 percentage point each year through 2023. Second, we will extend our Rhode Island evaluation through a decade following the policy, with the key addition of utilization and quality outcomes. Because it took a few years for the delivery system to respond, as our first study showed, potentially important long-run effects have yet to be evaluated. Third, we use newer statistical methods in matching and weighting within a quasi-experimental design to better isolate the policy effects. Lastly, in all 4 states, we will assess spillover effects of their primary care investment across payers—into the Medicare and Medicaid populations—which is important for both states and the federal government.","Project Narrative  Given that only 2-7% of U.S. health care spending is devoted to primary care, a chronically underfunded but foundational part of the delivery system, states across the country are increasingly adopting policies to increase primary care spending, hoping to slow total spending and improve the quality of care. Four states— Colorado, Delaware, Oregon, and Rhode Island—have enacted legislation or regulations to explicitly raise the percent of health care spending spent on primary care, but the effects of these models on primary care access and continuity, total health care spending, utilization (in and outside of primary care), and quality of care remain largely unknown. This gap in knowledge is increasingly detrimental as many additional states are now debating or designing similar legislation to increase primary care spending; this project addresses this key gap through rigorous quasi-experimental evaluations of the Colorado, Delaware, Oregon, and Rhode Island models, using newer statistical methodology in matching and weighting to improve causal inference.",N/A,N/A,N/A,2026-04-01,N/A,N/A,N/A,2024-04-01,2029-01-31,Agency for Healthcare Research and Quality,93.226,"RESEARCH ON HEALTHCARE COSTS, QUALITY AND OUTCOMES",PA-18-795,N/A,N/A,N/A,FALSE,HARVARD MEDICAL SCHOOL,MA,BOSTON,MA-07,"Private, R1",SCHOOLS OF MEDICINE,https://reporter.nih.gov/project-details/11047694,https://taggs.hhs.gov/Detail/AwardDetail?arg_AwardNum=R01HS029497&arg_ProgOfficeCode=7,https://www.usaspending.gov/award/ASST_NON_R01HS029497_075/
HS028975,R01,R01HS028975,5R01HS028975-03,Disrupted,Renewal overdue,Effects of integration of advanced practice providers into surgical group practice,"Project Summary Elderly patients are particularly susceptible to complications after major surgery, with rates approaching 35%. Such complications threaten independence and carry a higher risk of death, underscoring the importance of careful coordination of care in this population. With ongoing shortages of surgeons across multiple disciplines, some surgical practices have incorporated nurse practitioners (NPs) and physician assistants (PAs) who provide the flexibility of functioning in both the inpatient and outpatient settings. One advantage of this approach includes improved access to the operating room (e.g., by allowing surgeons to perform procedures more efficiently) and clinic (e.g., by offloading selected patient visits). Additionally, this delivery model can enhance care coordination during the index hospitalization, and between the inpatient and outpatient settings, which may improve surgical outcomes. Potential disadvantages of this model relate to the relative inexperience of NPs and PAs with respect to postoperative care, which may result in delayed complication recognition, and the possibility of increased resource use (e.g., through greater use of diagnostic testing and/or consulting physicians). This project comprehensively assesses these issues using national Medicare data and has the following aims: 1) Measure the impact of integration of NPs and PAs into singlespecialty surgical practice on access to care for patients with Medicare; 2) Determine the impact of integration of NPs and PAs into single-specialty surgical practice on surgical outcomes; and, 3) Assess the impact of NP and PA integration on practices that disproportionately care for vulnerable Medicare patients. Findings from this study will shed light on how NPs and PAs can be utilized to improve surgical access and outcomes in Medicare patients, and certain vulnerable populations in particular. Furthermore, the project will directly inform policymakers, health system leaders, professional societies and surgeons about the effects of NP/PA expansion on surgical care in the elderly.","Project Narrative This national study will comprehensively assess the effects of expansion of the advanced practice provider workforce into surgical groups. Findings from this study will shed light on how integration of these providers into surgical practice can be utilized to improve surgical access and outcomes in the elderly, and in certain vulnerable populations in particular.",N/A,N/A,N/A,2026-03-01,N/A,N/A,N/A,2023-03-01,2027-12-31,Agency for Healthcare Research and Quality,93.226,"RESEARCH ON HEALTHCARE COSTS, QUALITY AND OUTCOMES",PA-18-795,N/A,N/A,N/A,FALSE,UNIVERSITY OF MICHIGAN AT ANN ARBOR,MI,ANN ARBOR,MI-06,"Public, R1",SCHOOLS OF MEDICINE,https://reporter.nih.gov/project-details/11002657,https://taggs.hhs.gov/Detail/AwardDetail?arg_AwardNum=R01HS028975&arg_ProgOfficeCode=7,https://www.usaspending.gov/award/ASST_NON_R01HS028975_075/
HS029891,R01,R01HS029891,5R01HS029891-02,Disrupted,Renewal overdue,Evaluation of Post-Acute Care Access and Outcomes: Influence of Social Determinants of Health on Urban and Rural Rehabilitation Service Areas Before and After COVID-19,"ABSTRACT This project is instrumental in evaluating predictors of access and outcomes of post-acute care (PAC) and how Social Determinants of Health (SDH) across rural and urban Rehabilitation Service Areas (RSA) influence access and outcomes pre- and post-COVID pandemic. SDH are critically understudied drivers of access and outcomes of PAC. The proposed project leverages the AHRQ SDH dataset coupled with multiple years of Medicare claims data for beneficiaries receiving post-acute care to study access and outcomes of rehabilitation services in the context of SDH. Our specific research aims are to:  1. Evaluate RSA level PAC access for inpatient rehabilitation, skilled nursing, and home health related to  acute hospital discharges for stroke, hip fracture, and joint replacement and: a) how the association is  moderated by urban and rural areas; b) how the association is moderated by racial and ethnic minority  resident density; c) how the association is moderated by COVID.  2. Characterize SDH based on area social, economic, education, physical, and healthcare context variables  and evaluate a) the association between SDH and access to PAC settings across RSAs for those with  stroke, hip fracture, and joint replacement; b) how this association is modified by Covid; c) how this  association is modified by urban rural context.  3. Evaluate the association between SDH variables and successful community discharge and readmission  among those with stroke, hip fracture, and joint replacement and: a) how the associations are moderated  by urban and rural areas; b) how the associations are moderated by racial and ethnic minority resident  density; c) how the associations are moderated by COVID. Impact and Need: This project has potential to impact both policies related to post-acute care delivery and the day-to-day operations of post-acute care management. Equity in care has been at the forefront of healthcare discussions over the past several years highlighted by noted disparity issues with the COVID pandemic. Disparities continue to disproportionately affect racial minorities across all aspects of rehabilitation, supporting the need for more research examining both individual and community factors to address care and outcome inequities. The project takes a broad look at SDH for older adults’ access and outcomes for PAC in urban and rural areas pre and post the COVID pandemic and will inform future use of individual and ecological SDH variables for examining PAC access and outcomes. Findings will inform policy makers about the influence of ecological social determinants of health have on post-acute care. With this information, policy makers can adjust reimbursement formulae, reduce barriers by creating incentives to improve availability and accessibility of post-acute care in areas where PAC utilization is positively and negatively influenced by social determinants of health, and set policies aimed at addressing the root causes behind inequities due to SDH.","PROJECT NARRATIVE The study is essential for understanding the influence of social determinants of health (SDH) on post-acute care (PAC) rehabilitation access and variation in quality-of-care outcomes across the nation. This project will evaluate SDH variables and their association with PAC access across PAC settings, across rural and urban rehabilitation service areas, and how these associations are moderated by racial and ethnic population density and the COVID pandemic as well as how these factors impact readmission and successful community discharge outcomes. The study informs clinicians, researchers, communities, policy debates, and can lead to better PAC outcomes, and allow us to better understand SDH factors that affect quality-of-care.",N/A,N/A,N/A,2026-03-01,N/A,N/A,N/A,2024-03-01,2027-12-31,Agency for Healthcare Research and Quality,93.226,"RESEARCH ON HEALTHCARE COSTS, QUALITY AND OUTCOMES",PA-18-795,N/A,N/A,N/A,FALSE,UNIVERSITY OF TEXAS HLTH SCIENCE CENTER,TX,SAN ANTONIO,TX-20,"Hispanic Serving, Public, R1",SCH ALLIED HEALTH PROFESSIONS,https://reporter.nih.gov/project-details/11043355,https://taggs.hhs.gov/Detail/AwardDetail?arg_AwardNum=R01HS029891&arg_ProgOfficeCode=7,https://www.usaspending.gov/award/ASST_NON_R01HS029891_075/
HS030335,U18,U18HS030335,1U18HS030335-01,Disrupted,Renewal overdue,"SCALE-LHS: Synthesize, Coordinate, Amplify, Learn, and Evaluate the AHRQ/PCOR LHS network","PROJECT SUMMARY The University of Pennsylvania (Penn) proposes to establish the Synthesize, Coordinate, Amplify, Learn, and Evaluate the AHRQ/PCORI LHS network (SCALE-LHS) coordinating center (“Hub”) for the AHRQ/PCORI LHS E-StaR Centers. The SCALE-LHS Hub will serve four key functions. First, the Hub will provide timely and effective coordination of network activities. Second, the Hub will support LHS activities focused on equity – the newest LHS competency domain – through the creation of an LHS Equity Enhancement Collaborative and through monthly LHS equity seminars. Third, the Hub will conduct annual formative and summative evaluations of the 16 LHS E-StaR Centers and the overall network using a robust mixed methods approach. Fourth, the Hub shall synthesize learnings across the network and disseminate these learnings using a multimodal approach. SCALE-LHS will leverage the expertise of three complementary centers at Penn: the implementation science expertise of the Penn Implementation Science Center (PISCE, led by MPI Lane-Fall), the health equity expertise of the Penn Center for Health Equity Advancement (CHEA, led by MPI Aysola), and the quality and safety capacity building expertise of the Penn Center for Healthcare Improvement and Patient Safety (CHIPS, led by MPI Myers). Key activities of the SCALE-LHS Hub will be conducted in partnership with AHRQ and PCORI staff and will include: planning and facilitating monthly program director (PD) meetings; planning and executing an annual meeting of PDs and LHS scientist trainees; distributing a monthly newsletter with network events, relevant readings, and other information of interest to the LHS E-StaR network; training and supporting LHS scientists in integrating equity considerations and meaningfully engaging with community members and other stakeholders; gathering program information from PDs and scientists; evaluating programs and delivering evaluation results to the LHS E-StaR sites; sharing learnings from the network through reports, white papers and policy briefs, blogs, peer-reviewed publications, and social media; and meeting with AHRQ and PCORI staff as needed to support the E-StaR centers. Deliverables include annual network reports of activities and learnings, annual equity reports, publications, and a Hub website with a YouTube channel for equity seminar recordings. The SCALE-LHS Hub will meet the needs of the LHS E-StaR network by supporting both operational needs (coordination, evaluation) and aspirational goals (fostering equity and stakeholder engagement, promoting learning across the network). In so doing, the SCALE-LHS Hub will catalyze the impact of embedded learning health system scientists in reaching the nation's goals for high-value, high-quality health care and outcomes.","PROJECT NARRATIVE The University of Pennsylvania Synthesize, Coordinate, Amplify, Learn, and Evaluate the AHRQ/PCORI LHS network (SCALE-LHS) coordinating center (“hub”) project for the AHRQ/PCORI LHS E-STaR centers will provide comprehensive support for the P30 E-STaR centers. SCALE-LHS will coordinate activities of the centers, identify and amplify the best practices for promoting care equity and meaningful community and stakeholder engagement, evaluate effectiveness of the centers and the overall network, and synthesize learnings and disseminate findings in multiple venues.",N/A,N/A,N/A,2025-12-30,N/A,N/A,N/A,2024-11-01,2029-10-31,Agency for Healthcare Research and Quality,93.226,"RESEARCH ON HEALTHCARE COSTS, QUALITY AND OUTCOMES",RFA-HS-24-002,N/A,N/A,N/A,FALSE,UNIVERSITY OF PENNSYLVANIA,PA,PHILADELPHIA,PA-03,"Private, R1",SCHOOLS OF MEDICINE,https://reporter.nih.gov/project-details/11062916,https://taggs.hhs.gov/Detail/AwardDetail?arg_AwardNum=U18HS030335&arg_ProgOfficeCode=7,https://www.usaspending.gov/award/ASST_NON_U18HS030335_075/
HS029951,U18,U18HS029951,5U18HS029951-03,Restored,Renewed after delay,Broadening the scale and impact of a comprehensive Long COVID clinic to serve diverse patient groups with multidisciplinary care and research access,"ABSTRACT Please find attached our application entitled “Broadening the scale and impact of a comprehensive Long COVID clinic to serve diverse patient groups with multidisciplinary care and research access” being submitted to RFA-HS-23-012: Implementing and Evaluating New Models for Delivering Comprehensive, Coordinated, Person-Centered Care to People with Long COVID (U18). This application is responsive to SEN NOT-HS-23-013. While several models of dedicated outpatient Long COVID clinics have emerged across the U.S., features essential to implementing and providing equitable, comprehensive, coordinated, and person-centered Long COVID care have yet to be fully identified and evaluated. In April 2020, our team founded the multidisciplinary UCSF OPTIMAL Long COVID clinic, a dedicated center for individuals in the post- acute phase of COVID-19 modeled after the multidisciplinary structure of post- ICU clinics. The clinic currently serves a diverse population and the clinic has already had a major impact, resulting in lower odds of hospitalization or emergency department visits. The central goal of this proposal is to improve capacity, access, and equity for underserved, vulnerable, and minority populations being served by the OPTIMAL Long COVID Clinic. Specifically, we will scale up multidisciplinary care operations in the current UCSF OPTIMAL Clinic and expand the program to patients at San Francisco General Hospital, a safety net hospital serving a diverse and vulnerable patient population experiencing long COVID. We will increase coordination and communication between our clinical operations, established federally-funded Long COVID research programs, and community- based organizations (CBOs) and clinics serving populations affected by Long COVID. Using an implementation science approach and leveraging the existing OPTIMAL Long COVID care model and established relationships with community organizations and research studies, we will: Aim 1: Scale up Long COVID care in the San Francisco Bay Area to increase access for underserved, vulnerable, and minority populations. Aim 2: Enhance Long COVID care coordination and communication across clinical, research, and community settings. Aim 3: Identify key barriers and facilitators to implementation success and sustainability of the expanded and enhanced Long COVID care model. Results from this project will significantly inform Long COVID care delivery models and have a major impact on unmet Long COVID care needs among underserved populations.","NARRATIVE The central goal of this proposal is to improve capacity, access, and equity for underserved, vulnerable, and minority populations being served by the UCSF long COVID OPTIMAL clinic program. Using an implementation science approach and leveraging the existing OPTIMAL Long COVID care model and established relationships with community and research we propose to: 1) Scale up Long COVID care in the San Francisco Bay Area to increase access for underserved, vulnerable, and minority populations; 2) Enhance Long COVID care coordination and communication across clinical, research, and community settings; 3) Identify key barriers and facilitators to implementation success and sustainability of the expanded and enhanced Long COVID care model.",N/A,N/A,N/A,2025-08-30,N/A,2026-07-20,N/A,2024-07-01,2029-06-30,Agency for Healthcare Research and Quality,93.226,"RESEARCH ON HEALTHCARE COSTS, QUALITY AND OUTCOMES",RFA-HS-23-012,N/A,N/A,"Biodefense and Related Countermeasures, Clinical Research, Coronaviruses, Coronaviruses Disparities and At-Risk Populations, Dissemination and Implementation Research, Emergency Care, Emerging Infectious Diseases, Health Disparities and Racial or Ethnic Minority Health Research, Health Disparities Research, Health Services, Infectious Diseases, Post-Acute Sequelae of SARS-CoV-2 infection (PASC) including Long COVID, Racial and Ethnic Minority Health Research, Social Determinants of Health",TRUE,"UNIVERSITY OF CALIFORNIA, SAN FRANCISCO",CA,SAN FRANCISCO,CA-11,"Land grant, Public, R1",SCHOOLS OF MEDICINE,https://reporter.nih.gov/project-details/11414757,https://taggs.hhs.gov/Detail/AwardDetail?arg_AwardNum=U18HS029951&arg_ProgOfficeCode=7,https://www.usaspending.gov/award/ASST_NON_U18HS029951_075/
HS029467,R01,R01HS029467,5R01HS029467-03,Restored,Renewed after delay,Private Equity Acquisitions in Primary Care: Effects on the Medicare Program,"Project Summary Private equity acquisitions have accelerated in primary care, comprising thousands of physicians covering hundreds of thousands of lives across the U.S. Despite this growth, the effects of these acquisitions on clinical and economic outcomes remains unknown. Limited evidence in other parts of the delivery system, including nursing homes, hospitals, and procedural specialists, shows that PE acquisition is associated with higher prices and spending, as well as potential negative effects on quality. How PE ownership of primary care practices affects the health and health care of Medicare beneficiaries is a fundamental question, as Medicare covers primary care for nearly 60 million beneficiaries with chronic diseases - an AHRQ priority population. This proposal focuses on the specific mechanisms by which PE firms may affect provider behavior under different financial incentives in Traditional Medicare (TM) and Medicare Advantage (MA), and estimates effects on quality of care and patient outcomes. We propose to link primary care acquisition data to TM claims and MA encounter data from 2016-2024; using a quasi-experimental event study framework, we compare changes among beneficiaries in PE-acquired primary care practices with matched control beneficiaries of non-PE acquired primary care practices. In TM, we hypothesize that PE increases the utilization of services, and specifically low-value services like unnecessary or wasteful tests, imaging, or procedures. In MA, increased utilization can be counterproductive under a capitated budget, and we thus hypothesize that PE maximizes revenue through differentially more intensive coding of clinical diagnoses to garner higher risk-adjusted payments from the federal government. Our aims are to: 1) examine changes in provider behavior associated with PE acquisition of primary care practices, including utilization of low-value services and diagnostic coding intensity; 2) estimate changes in quality of care and patient outcomes; and 3) understand treatment effect heterogeneity, including by patient racial/ethnic and geographic composition, as well as by provider and practice characteristics. We apply a number of innovations, including the development of a novel dataset of PE acquisitions in primary care, which will be made publicly available for future use. In order to better approach causal inference, we also apply statistical innovations, including identification strategies in difference-indifferences analyses, risk set matching and cardinality matching to match a treated individual to comparable controls, and application of minimum variance balance weights. Findings will provide novel, timely, and comprehensive quantitative assessments of changes in key clinical and economic outcomes associated with a growing trend of PE ownership in primary care, and will be highly policy relevant as federal and state governments consider ways to preserve and support access to high-value primary care. 1","Project Narrative As acquisitions of primary care practices by private equity (PE) firms accelerate nationwide, this proposal focuses on the specific mechanisms by which PE firms may alter provider behavior under different financial incentives in Traditional Medicare and Medicare Advantage, which together cover primary care services for nearly 60 million Americans. We apply newer statistical methods to estimate PE's effects on quality of care and patient outcomes, as well as to assess heterogeneous treatment effects across different patient populations and impacts on health care equity. Findings will provide novel, timely, and comprehensive quantitative assessments of this growing trend of PE practice ownership, helping to inform ongoing state and federal policy efforts to support access to high-value primary care.",N/A,N/A,N/A,2025-08-30,N/A,2025-09-25,N/A,2023-09-01,2027-06-30,Agency for Healthcare Research and Quality,93.226,"RESEARCH ON HEALTHCARE COSTS, QUALITY AND OUTCOMES",PA-18-795,N/A,N/A,N/A,FALSE,OREGON HEALTH & SCIENCE UNIVERSITY,OR,PORTLAND,OR-01,"Public, R2",UNIVERSITY-WIDE,https://reporter.nih.gov/project-details/11086107,https://taggs.hhs.gov/Detail/AwardDetail?arg_AwardNum=R01HS029467&arg_ProgOfficeCode=7,https://www.usaspending.gov/award/ASST_NON_R01HS029467_075/
HS029122,R18,R18HS029122,5R18HS029122-03,Restored,Renewed after delay,Patient-Driven Medication Safety Learning Laboratory in Care Transitions,"Project Summary/Abstract Medication harm is a leading cause of injury and avoidable harm in health care systems across the world. This is especially true for older adults, who are at higher risk for medication harm, especially around transitions of care (TOC), as they often take multiple medicines and have several changes made to their medicines during inpatient admission. There are major gaps and barriers for older adult patients and caregivers to achieve safe medication use during and after care transitions. This proposed Learning Lab will empower patients and caregivers in partnership with the healthcare system team, starting with analyzing the existing medication safety work system, spanning the entire transition of care. This will lead to the design, development, and testing of scalable human-centered interventions in a simulated environment with input from practicing clinicians and patients as the end-users, followed by pilot testing in the clinical environment. To accomplish this, the research team will follow the five-phase, systems-engineering methodology to achieve the following aims: Aim 1: Problem Analysis – This aim uses a multifaceted approach to identify and understand the causes and consequences of medication problems in transitions of care, including the needs and priorities of patients and caregivers, and the operational complexities that shape and constrain care transition work. The team will: Aim 1(a) study patients’ and caregivers’ experiences with recent hospitalizations, focusing on medication changes, associated symptoms, and Social Determinants of Health-related challenges; Aim 1(b) perform cognitive engineering analysis to identify cognitive work challenges and their associated information needs involved in the care transition work at hospital and primary care sites; and Aim 1(c) use health information exchange (HIE) data to identify patient- and system-level risk factors and develop risk algorithms for unplanned hospitalizations and medication harm. Aim 2: (a) Design, Development, (b) Implementation, and Evaluation. The team will: Aim 2(a) iteratively design and develop patient-driven interventions with inputs from key stakeholders (e.g., members of the project’s Community Advisory Board); and Aim 2(b) implement and evaluate promising solutions—first in a simulated environment (with realistic tasks) and subsequently in a clinical setting. The overall goal of this proposal is to develop a cross-system learning laboratory that brings together older adults, caregivers, researchers, and healthcare teams in innovative ways to protect them from medication harm. Our approach puts the focus on patients and caregivers, with attention to the Social Determinants of Health, and engages them extensively in every step of the systems engineering process. The learning laboratory infrastructure and pilot data from this proposal will create a strong foundation for sustained stakeholder partnership that will spawn future funded studies to improve medication safety for older adults.","Public Health Significance Medication harm is a leading cause of injury and avoidable harm in health care systems across the world. This Patient-Driven Medication Safety Learning Laboratory in Care Transitions project will ultimately lead to the design of interventions that are highly targeted to older adults and their caregivers who are residing in some of the most marginalized communities. The interventions created through this research, from the patient perspective, will further address health equity, and will make all communities, regardless of what zip code a person lives in, healthier.",N/A,N/A,N/A,2025-08-30,N/A,2025-09-10,N/A,2023-09-01,2027-06-30,Agency for Healthcare Research and Quality,93.226,"RESEARCH ON HEALTHCARE COSTS, QUALITY AND OUTCOMES",PA-21-266,N/A,N/A,N/A,FALSE,STATE UNIVERSITY OF NEW YORK AT BUFFALO,NY,AMHERST,NY-26,"Public, R1",SCHOOLS OF MEDICINE,https://reporter.nih.gov/project-details/11101112,https://taggs.hhs.gov/Detail/AwardDetail?arg_AwardNum=R18HS029122&arg_ProgOfficeCode=7,https://www.usaspending.gov/award/ASST_NON_R18HS029122_075/
HS027990,R01,R01HS027990,5R01HS027990-06,Restored,Renewed after delay,Measuring and Understanding Diagnostic Quality from Large-Scale Data,"For decades, diagnostic errors have constituted a blind spot in the effort to improve health care quality. Compared with the multitude of metrics available to assess the quality of treatment, clinicians and policymakers have few tools with which to measure and improve the quality of diagnostic decisions. Without better methods to systematically measure the quality of diagnostic decisions at the clinician level, it will continue to be difficult to identify patterns in diagnostic errors, categorize types and causes at scale, and develop and evaluate interventions to prevent them. Our long-term goal is to develop tools to measure diagnostic quality across clinical providers from large-scale data, and to build frameworks and knowledge to translate those measures into appropriate interventions. The objective of this application is to apply and validate a system for measuring diagnostic quality across radiologists in the setting of pneumonia diagnosis among 5.5 million visits with chest X-rays in Veterans Health Administration (VHA) emergency departments (EDs). In this project, we will address three challenges fundamental to any data-driven approach to measuring quality of diagnostic care. The first is a lack of observable ground truth against which to benchmark diagnoses, particularly in large-scale data. This challenge is particularly problematic when policies seek to balance type I errors (false positives) against type II errors (false negatives). Second, rates of diagnostic errors depend on the underlying prevalence of disease in the patient population, which may be incompletely observed. Third, small case numbers per clinician can complicate comparisons between clinicians, since measured differences may reflect underlying diagnostic quality or may arise from random noise. We will address these challenges with a novel combination of methods from statistical classification and applied economics, building on prior work. We propose the following specific aims: (1) We will validate data-driven measures of pneumonia diagnoses and diagnostic outcomes. In prior conceptual work building on the econometric literature of selection, we show that we may infer relative differences in diagnostic quality—as differences in type I error rates and type II error rates—even if individual type I errors are unobservable, under quasi-experimental assignment of cases to radiologists; (2) We will interpret provider-level rates of type I error and type II error in a receiver-operating curve (ROC) framework in which diagnostic errors may arise from incorrect diagnostic thresholds (trading off type I and type II errors) or poor diagnostic accuracy (incurring both too many type I errors and type II errors); and (3) To explore the determinants of clinician diagnostic quality, we will correlate our measures of radiologist diagnostic quality with their characteristics and actions across thousands of radiologists. To assess the potential consequences, we will study health outcomes of patients quasi-experimentally assigned to radiologists of differing diagnostic quality. Our project will lay the groundwork for data-driven measurement of diagnostic quality across clinical providers, a necessary first step in understanding and improving the diagnostic performance of our health care system.","In order to improve diagnostic quality, we need a systematic approach to measure it in large-scale data across clinical providers. In this project, we will develop such an approach and apply it to the specific setting of emergency department radiology, using data covering millions of visits and thousands of radiologists. Measures of diagnostic quality across a large number of clinicians in a wide range of locations will enable us to understand not only the determinants of diagnostic quality at the provider- and system-level but also its relationship with patient health outcomes.",N/A,N/A,N/A,2025-03-02,N/A,2026-04-27,N/A,2022-09-01,2027-06-30,Agency for Healthcare Research and Quality,93.226,"RESEARCH ON HEALTHCARE COSTS, QUALITY AND OUTCOMES",PA-18-795,N/A,N/A,"Behavioral and Social Science, Biomedical Imaging, Clinical Research, Emergency Care, Health Services, Lung, Prevention",TRUE,UNIVERSITY OF CALIFORNIA BERKELEY,CA,BERKELEY,CA-12,"Land grant, Public, R1, Tribal/Native Serving",SCH OF BUSINESS/PUBLIC ADMIN,https://reporter.nih.gov/project-details/11354620,https://taggs.hhs.gov/Detail/AwardDetail?arg_AwardNum=R01HS027990&arg_ProgOfficeCode=7,https://www.usaspending.gov/award/ASST_NON_R01HS027990_075/
