Award ID,Current Status,Detailed Status,Grant Title,Grant Description,Estimated Funds Promised,Funds Obligated Before Disruption,Funds Spent Before Disruption,Funds Remaining Before Disruption,Earliest Disruption,Disruption Indicators,Latest Restoration,Restoration Indicator,Project Start Date,Project End Date (Original),Office,Assistance Listing Code,Assistance Listing Title,Funding Opportunity Code,Grantee Organization,Grantee State,Grantee City,Grantee Congressional District,Grantee Organization Type,USAspending,EPA NGGS,Notes
00A01144,Disrupted,Terminated,Environmental Justice Collaborative Problem Solving Cooperative Agreement Program award to Massachusetts Coalition for Occupational Safety and Health Inc,"THIS COOPERATIVE AGREEMENT IS BEING AWARDED FEDERAL FUNDING IN THE AMOUNT OF $150,000 TO MASSACHUSETTS COALITION FOR OCCUPATIONAL SAFETY AND HEALTH (MASSCOSH) TO TRAIN YOUNG PEOPLE TO BE ADVOCATES, ORGANIZERS, AND PEER EDUCATORS ABOUT EDUCATIONAL AND ENVIRONMENTAL JUSTICE IN BOSTON PUBLIC SCHOOLS (BPS). THE RECIPIENT WILL WORK WITH PARTNERS (YOUTH ORGANIZATIONS, BPS PARENTS, THE BOSTON TEACHERS UNION, ENVIRONMENTAL ADVOCACY GROUPS, AND ACADEMIC PROFESSIONALS, AND TEENS LEAD @ WORK (TL@W)) TO EMPOWER YOUNG PEOPLE TO ADVOCATE FOR THE TANGIBLE IMPROVEMENTS THEY DESIRE FOR THEIR EDUCATIONAL ENVIRONMENTS. SPECIFICALLY, THIS PROJECT WILL ORGANIZE THE MOST IMPACTED STUDENTS TO BUILD THEIR COLLECTIVE POWER AND INFLUENCE OVER REPAIRS, RENOVATIONS, AND NEW CONSTRUCTION IN THE SCHOOL DISTRICT AND DIRECTLY INFLUENCE THE DESIGN AND IMPLEMENTATION OF PROPOSED DISTRICT INFRASTRUCTURE OVERHAULS LIKE THE GREEN NEW DEAL FOR BOSTON PUBLIC SCHOOLSMDASH; THE BOSTON PUBLIC SCHOOLS 'COMMITMENT TO EXPANDING ACCESS TO SAFE, HEALTHY, RESILIENT, AND INSPIRING LEARNING SPACES'.ACTIVITIES:THE ACTIVITIES INCLUDE YOUTH-LED EDUCATION, TRAINING AND WORKSHOPS HELD IN BOSTON PUBLIC SCHOOLS (BPS) CLASSROOMS, CLUBS, AND AFTER-SCHOOL PROGRAMS; THE TEENS LEAD @ WORK (TL@W) EDUCATING AND ORGANIZING BPS YOUNG PEOPLE FACING POOR INDOOR ENVIRONMENTAL QUALITY FROM SCHOOL BUILDING CONDITIONS; THE TL@W AND ITS ALLIED ORGANIZATIONS COLLABORATING TO CREATE INDEPENDENT SPACES FOR STUDENTS TO DISCUSS CONCERNS, GRIEVANCES, UNDERSTANDING THE ROOT CAUSES OF DISTRICT ISSUES, AND CRAFT CAMPAIGN STRATEGIES AND TACTICS TO IMPROVE ENVIRONMENT AND PUBLIC HEALTH CONDITIONS AND ENSURE MEANINGFUL YOUTH ENGAGEMENT IN PROBLEM SOLVING.SUBRECIPIENT:NO SUBAWARDS ARE INCLUDED IN THIS ASSISTANCE AGREEMENT.OUTCOMES:THE ANTICIPATED DELIVERABLES INCLUDE:
-	BIMONTHLY MEETINGS WITH ORGANIZED BOSTON PUBLIC SCHOOLS (BPS) STUDENTS (TARGET: 8 SCHOOLS WITH A MINIMUM OF 20 STUDENTS/MEETING) 
-	8 (1/SCHOOL) SOCIAL MEDIA INFOGRAPHICS, 1 POLICY RECOMMENDATION (UPDATED BIANNUALLY AS MORE WALKTHROUGH DATA IS COLLECTED), AND 1-2 ACADEMIC REPORT BASED ON SCHOOL WALK THROUGH DATA
-	CREATION OF STUDENT RECOMMENDATIONS AND EJ STANDARDS FOR CLASSROOMS
-	PETITION FOR THE IMPLEMENTATION OF THOSE STANDARDS AND RECOMMENDATIONS WITH 200+ SIGNATURES DELIVERED TO BPS AND CITY DECISION-MAKERS
-	STUDENT TESTIMONY DELIVERED TO BPS DECISION MAKERS 1/MONTH AT SCHOOL COMMITTEE.
-	STUDENT TESTIMONY DELIVERED TO CITY COUNCILORS ON 4 OCCASIONS. 
-	THE IMPLEMENTATION OF STUDENT ENVIRONMENTAL JUSTICE RECOMMENDATIONS WITHIN THE GREEN NEW DEAL FOR BPS PLANNING AND OVERHAUL OF DISTRICT INFRASTRUCTURE
-	CONDUCTION OF A HEALTH IMPACT ASSESSMENT
THE EXPECTED OUTCOMES INCLUDE:
-	THE IMPLEMENTATION OF STUDENT ENVIRONMENTAL JUSTICE RECOMMENDATIONS WITHIN THE GREEN NEW DEAL FOR BPS PLANNING AND OVERHAUL OF DISTRICT INFRASTRUCTURE IN 2 SCHOOLS.
-	INFRASTRUCTURAL IMPROVEMENTS GUIDED BY ORGANIZED STUDENTS RESULTING IN INDOOR ENVIRONMENTAL QUALITY IMPROVEMENTS SUCH AS UNIVERSAL HVAC SYSTEMS, SUSTAINABLE ENERGY SYSTEMS, AND HEALTHY BUILT ENVIRONMENTS, WITH MAJOR BENEFICIARIES BEING THE MOST VULNERABLE BPS STUDENTS.
-	OFFICIAL STUDENT AND TEACHER OVERSIGHT ESTABLISHED THROUGH A GREEN NEW DEAL STUDENT AND TEACHER ADVISORY COMMITTEE, WHERE STUDENTS ARE IN THE ROOM DURING THE PLANNING, DESIGN, AND IMPLEMENTATION.
-	INCREASE OF ORGANIZED BPS STUDENT ADVOCATES (TARGET: 100)
-	INCREASE OF STUDENTS AWARE OF ENVIRONMENTAL INJUSTICE AND STUDENT RECOMMENDATIONS/ORGANIZING (TARGET: 750)
THE INTENDED BENEFICIARIES INCLUDE RESIDENTS OF BOSTON, MA.",150000,150000,150000,0,2025-03-25,"Program terminated, DOGE, End date cut short (USAspending), Senate committee list",N/A,N/A,2024-04-01T00:00:00Z,2027-03-31T00:00:00Z,Region 1 (New England),66.306,Environmental Justice Collaborative Problem Solving Cooperative Agreement Program,EPA-R-OEJECR-OCS-23-01,Massachusetts Coalition for Occupational Safety and Health Inc,MA,Dorchester,MA-07,N/A,https://www.usaspending.gov/award/ASST_NON_00A01144_068/,N/A,N/A
84047201,Disrupted,Terminated,Understanding Pediatric Susceptibility Across Temperature and Environment in New York,The goal of this research project is to identify community stressors and resilience enhancing assets that shape relationships between climate change related exposures heat ozone O3 fine particulate matter PM2 5 and child health Activities This project will 1 work with NY Pediatric Environmental Health Specialty Units PEHSU and community and government partners to prioritize stressors and assets 2 leverage complete patient level data on all child age 0 17 emergency department visits and hospitalizations in Upstate NY over 2005 2019 3 examine stressors identified by the NYS Department of Environmental Conservation Climate  Working Group and apply the Resilience Activation Framework which organizes assets in five domains human economic social political environmental capital 4 generate daily fine scale exposure estimates for heat O3 and PM2 5 and examine variation in exposure health relationships using case crossover methods and 5 apply climate projections to estimate impacts under varying emissions scenarios and with partners integrate findings into local and state climate adaptation and pediatric clinical initiatives Outcomes Deliverables include annual and final reports as well as indicators and maps of critical environmental stressors to provide public health agencies pediatric specialists community leaders and parents with evidence that tailored investments in environmental  communities today can alleviate current and future climate impacts on children s health Intended beneficiaries include parents and children in underserved communities in New York State and similar communities across the country Subrecipient University of Pittsburg 120 551 will support all aspects of data management and Geographic Information System GIS analysis for the project Icahn School of Medicine at Mount Sinai 527 838 will provide local clinical expertise in child health outcomes environmental exposures and community assets input on use of NY Children s Health data and assist analysis of asset indicators and advise on the implementation of statistical analysis,1350000,1350000,763668.4600000001,586331.5399999999,2025-05-12,"Reported to GW, Program terminated, DOGE, End date cut short (USAspending)",N/A,N/A,2022-09-01T00:00:00Z,2025-08-31T00:00:00Z,Office of Research and Development,66.509,Science to Achieve Results Star Research Program,EPA-G2021-STAR-H1,Drexel University,PA,Philadelphia,PA-03,Private University,https://www.usaspending.gov/award/ASST_NON_84047201_068/,https://enviro.epa.gov/envirofacts/nggs/report?grantId=84047201,N/A
84111701,Disrupted,Terminated,"Discovering Reaction Pathways and Designing Processes for a Sustainable, Circular, and Just Chemical Industry",This project will develop new models methods and software tools for discovering and designing novel reaction networks and processes that are essential for transforming the US chemicals industry toward greater sustainability and circularity Activities Specific activities include developing i an open access model of the current US chemicals industry ii innovative methods for discovering novel circular chemical reaction networks iii approaches for engaging with local communities and quantifying impacts of current and prospective chemical industries at specific locations iv a framework for efficiently guiding the selection and design of better reaction networks and processes and v applications to industrially relevant products such as methanol and polyethylene and user friendly software tools Outcomes Anticipated deliverables and expected outcomes of this work include a model of the U S chemicals production and manufacturing industry novel methodology and framework for developing reaction networks hierarchical screening processes and user friendly software tools that promote sustainability and circularity Intended beneficiaries include the chemicals manufacturing industry communities affected by environmental exposure to toxic chemical products the general public and environmental health decision makers Subrecipient The subaward to Unlimited Potential 100 000 is to develop and implement educational presentations focus groups and train community leaders on environmental education,157667,157667,0,157667,2025-04-29,"Reported to GW, Program terminated, DOGE, End date cut short (USAspending)",N/A,N/A,2025-03-01T00:00:00Z,2028-02-29T00:00:00Z,Office of Research and Development,66.509,Science to Achieve Results Star Research Program,EPA-G2024-STAR-B1,Arizona State University,AZ,Tempe,AZ-04,State Institution of Higher Learning,https://www.usaspending.gov/award/ASST_NON_84111701_068/,https://enviro.epa.gov/envirofacts/nggs/report?grantId=84111701,N/A
84048301,Disrupted,Terminated,"The Duwamish Valley Research Coordination Network: Building Capacity for Tribal, Community, and Agency Research on Contaminants in Urban Watersheds",The goal of this project is to identify and expand community water and soil testing programs by integrating historical data with local knowledge and the community goals and assets and facilitate decision making for targeting future work including community visioning for storm water management in the face of climate change Activities The project will build capacity within the underserved tribal communities in Duwamish Valley so they may have ownership over environmental testing and cleanup process that truly support community needs The project will 1 ensure that the project will meet the needs of the communities by thorough surveys interviews and sharing of previously collected data 2 determine the extent and degree of contamination at the site as well as the research guidance and reports that will be most useful to community leaders 3 monitor soil water and sediment contaminants PAH PCB metals dioxin furans throughout the watershed during storm water surges to identify and map high risk areas and 4 inform communities of viable solutions to build resilience and capacity against migration of water contaminants Outcomes Deliverables include annual and final research reports as well as database and publications for making sound evidence based decisions on mitigating water contaminants exacerbated by climate change Expected outcomes include improved health for the tribal communities and residents in Duwamish Valley Intended beneficiaries include community decision makers public health professionals environmental cleanup managers community planners and tribal leaders in the Duwamish Valley and other similar communities Subrecipient Duwamish River Cleanup Coalition 32 000 will convene community science workshops and ensure the community needs are prioritized and centered Environmental Coalition of South Seattle ECOSS 15 000 ndash As a community based organization they will assist in convening community science workshops throughout the project,1267559,1267559,896368.6599999999,371190.3400000001,2025-05-10,"Reported to GW, Program terminated, DOGE, End date cut short (USAspending)",N/A,N/A,2022-11-01T00:00:00Z,2025-10-31T00:00:00Z,Office of Research and Development,66.509,Science to Achieve Results Star Research Program,EPA-G2021-STAR-H1,University of Washington,WA,Seattle,WA-07,State Institution of Higher Learning,https://www.usaspending.gov/award/ASST_NON_84048301_068/,https://enviro.epa.gov/envirofacts/nggs/report?grantId=84048301,N/A
84056401,Disrupted,Terminated,Drivers of Energy Service Transitions and Impacts on Well-Being in Forest Dependent Rural Communities,The goal is to analyze impacts of current energy systems and pathways for energy transitions that enhance well being through improved public health economic opportunity and energy  outcomes with a focus on underserved communities including a Tribal Nation and rural communities in a forest dependent region in northern Michigan Activities The project will 1 quantify the impacts of wood paper plastics and tire derived fuels WPPT energy generation in terms of economic well being at the household and community scale and of air quality affecting human health 2 evaluate the impacts and potential transition drivers associated with local use of fuelwood along with improved ventilation and energy efficiency options and 3 assess the potential decarbonization of the electric power sector to provide economic benefits and secure access to energy services in ways that enhance the manufacturing sector as well as community and household well being in terms of air quality public health and energy  Outcomes Deliverables include annual and final research reports Other expected deliverables include reports and journal publications documenting results of the research Expected outcomes include improved understanding of 1 the air quality impacts of WPPT energy production for underserved communities 2 impacts of current energy services provision on indoor air quality and potential drivers to increase energy efficiency and use of wood products in ways that do not have negative public health impacts and 3 potential drivers of a transition in forest product use that can support just energy services access as well as economic well being for households communities and industries that enhance employment opportunities in underserved communities Direct beneficiaries of this project include rural communities and Tribal Nations in forest dependent areas in the Great Lakes region as researchers working with similar communities to address environmental concerns associated with large scale changes in the energy systems Subrecipient Subawardee Center for Energy and Environment will contribute to protocol development in all aspects of indoor air quality research and residential energy audit and energy assessments 135 000,1124999,1124999,512186.85,612812.15,2025-05-12,"Reported to GW, Program terminated, DOGE, End date cut short (USAspending)",N/A,N/A,2023-07-01T00:00:00Z,2027-06-30T00:00:00Z,Office of Research and Development,66.509,Science to Achieve Results Star Research Program,EPA-G2022-STAR-F1,Michigan Technological University,MI,Houghton,MI-01,State Institution of Higher Learning,https://www.usaspending.gov/award/ASST_NON_84056401_068/,https://enviro.epa.gov/envirofacts/nggs/report?grantId=84056401,N/A
84045901,Disrupted,Terminated,Assessment of Underlying Molecular Mechanisms Promoting Adipogenic Outcomes in Complex Mixtures,The purpose of this project is to examine chemical mixtures of increasing complexity for their deviations from expected adipogenic effects using concentration addition and independent action models Activities The recipient will interrogate the comparability of joint toxicity as well as the development of methods focused various levels of biological organization The specific objectives are to 1 evaluate mixtures of increasing complexity for ability to promote adipogenesis 2 assess available mixture models through controlled assessments of contaminants acting through shared distinct and mixed mechanisms and 3 promote a greater functional understanding of complex mixture effects that can be utilized to bolster risk assessments of diverse contaminant exposures Outcomes Deliverables include annual and final reports as well as a new method of mixture risk assessments through using component mechanistic effect levels to determine cooperative effects on complex health endpoints and or outcomes The research team will utilize environmental samples household dust to develop a receptor bioactivity component model to predict adipogenic health outcomes The results of this project may promote a greater functional understanding of complex mixture effects that can be utilized to bolster risk assessments of diverse contaminant exposures Direct beneficiaries of this program include people at risk of metabolic health conditions human health the environment and the general public Subrecipient No subawards are included in this assistance agreement,598487,598487,505064.30000000005,93422.69999999995,2025-05-12,"Reported to GW, Program terminated, DOGE, End date cut short (USAspending)",N/A,N/A,2022-09-01T00:00:00Z,2025-08-31T00:00:00Z,Office of Research and Development,66.509,Science to Achieve Results Star Research Program,EPA-G2022-STAR-A2,Wayne State University,MI,Detroit,MI-13,State Institution of Higher Learning,https://www.usaspending.gov/award/ASST_NON_84045901_068/,https://enviro.epa.gov/envirofacts/nggs/report?grantId=84045901,N/A
02D22522,Disrupted,Terminated,Environmental  Small Grant Program,This action approves an award in the amount of 75 000 to support GASP to launch a community needs assessment survey to gauge residents health concerns and deploy at least 20 digital air sensors PurpleAir in the community and train residents to report air quality incidents Activities to be performed To study Air Pollution and collect particle pollution data using Purple Air or comparable low cost digital air sensors We will also sample for toxic air pollution using sorbent tubes and or summa cannisters This information will help residents understand what rsquo s in the air their breathing and what impact that may have on their health Plan to do the following 1 conduct 2 week passive sorbent tube sampling 2 collect a smaller number of SUMMA canister samples collocated with sorbent tubes to assess measurement precision and 3 conduct two 3 month sampling campaigns during summer and winter The Anticipated Deliverables and Expected Outcomes will be under the categories of studying of air pollution which will be accompanied by public outreach and education The main projected outcomes will include short term increase in knowledge of residents on outdoor air pollution and risks to public health intermediate education of residents that can better report increased air pollution events to non profits and regulatory agencies long term better controls reduction in air pollution 2 years after the project The Intended Beneficiaries will be the residents of Birmingham especially those living near the fence line of an assortment of manufacturing industry which emits air pollution Activities Outcomes Subrecipient No subawards are included in this assistance agreement,75000,75000,2500,72500,2025-03-25,"Reported to GW, Program terminated, DOGE, End date cut short (USAspending), Senate committee list",N/A,N/A,2023-04-01T00:00:00Z,2025-12-31T00:00:00Z,Region 4 (Southeast),66.604,Environmental Justice Small Grant Program,EPA-OP-OEJ-21-01,Gasp,AL,Birmingham,AL-07,Not for Profit,https://www.usaspending.gov/award/ASST_NON_02D22522_068/,https://enviro.epa.gov/envirofacts/nggs/report?grantId=02D22522,N/A
84047901,Disrupted,Terminated,"Development of a Community-Centered Tool for Assessing Health Impacts of Intersecting Climate Hazards, Wildfire Smoke Exposure, and Social Disparities in Rural Tribal and Aging Communities in Alaska",The goal of the project is to fill scientific data gaps that are essential for developing community centered tools to assess health impacts of wildfire smoke exposure climate change and social disparities in rural tribal and aging communities in Alaska Activities The project will 1 use a co development process that engages academic researchers state tribal wildfire management and public health entities and community partners to envision develop and test locally relevant and practical tools to access the state of the art climate and environmental data 2 model projections and information on health and social vulnerability in a useful and understandable way that allows communities to assess compounding climate hazards and social vulnerabilities 3 prioritize climate related health impacts and vulnerable demographic groups and 4 design effective interventions and apply to the tribal communities in Alaska Outcomes Deliverables include annual and final research reports as well as community based assessment tools for public agencies community leaders and planners and wildfire management specialists Expected outputs include 1 a statewide community driven spatially explicit web based tool in Alaska to assess the cumulative health impacts of climate change 2 an assessment of major contributing factors to vulnerability to wildfire smoke exposure from the perspective of tribal public health and wildfire management stakeholders 3 scenarios to showcase examples of community driven approaches to use the co developed tool including to assess vulnerability and guide responsive interventions and 4 an understanding of major challenges and facilitators for deployment of low cost air quality sensors in Alaskan communities Expected outcomes include improved health of the residents in tribal communities in Alaska Intended beneficiaries include tribal communities and public health officials in Alaska and other similar communities Subrecipient University of Washington 270 000 will assist with design and facilitation of workshops and summarizing key findings from each workshop UW collaborators will lead the development of the user guide and evaluation of the low cost sensor implementation Alaska Native Tribal Health Consortium ANTHC 45 000 will help recruit community partners participate in project team workshops and support and review the story based user guide to ensure that the final tool and guide are culturally appropriate and generalizable for the Alaskan communities they work with University of Alaska Fairbanks UAF 301 617 will assist with community partner recruitment design and facilitation of workshops and summarizing key findings from each workshop They will also take the lead on data management modeling and web design aspects of the project and will work with all project team members to make these data and model outputs fully accessible to the public They will be responsible for data curation quality control and storage and metadata creation,1324131,1324131,663970.9,660160.1,2025-05-13,"Reported to GW, Program terminated, DOGE, End date cut short (USAspending)",N/A,N/A,2022-11-01T00:00:00Z,2025-10-31T00:00:00Z,Office of Research and Development,66.509,Science to Achieve Results Star Research Program,EPA-G2021-STAR-H1,University of Alaska Anchorage,AK,Anchorage,AK-00,State Institution of Higher Learning,https://www.usaspending.gov/award/ASST_NON_84047901_068/,https://enviro.epa.gov/envirofacts/nggs/report?grantId=84047901,N/A
84055601,Disrupted,Terminated,Environmental  Impacts Across The Life Cycle Of Energy Storage,The purpose of this project is to inform how energy transitions can be improved to be more attentive to environmental  and community concerns by improving the understanding of the environmental  impacts throughout the life cycle of renewable energy storage infrastructures and activities from a community engaged perspective Activities The objective of the research is to understand how renewable energy transitions can occur in ways that maximize potential positive impacts and minimize potential negative impacts on underserved communities Outcomes Deliverables will include annual and final reports The anticipated outputs include recommendations for just and sustainable renewable energy storage presentations for a variety of forums e g academic conferences public agencies and series of entries for the Environmental  Atlas and other community engaged research products The project is expected to inform how renewable energy transitions can occur in ways that maximize potential positive impacts and minimize potential negative impacts on underserved communities as well as strengthen community capacity and build working relationships that will continue beyond the life of the project Direct beneficiaries of this program include communities in the western U S affected by activities or infrastructure associated with renewable energy storage such as mineral extraction activities battery manufacturing and assembly utility scale energy storage and battery recycling Subrecipient The subaward to University of Nevada Reno will be for 117 168 They will be working on community engaged case study research and contributing to research implementation and sharing results The subaward to San Jose State University will be for 98 140 They will be working on community engaged case study research and contributing to research implementation and sharing results The subaward to Cal Poly Pomona will be for 115 000 They will be working on community engaged case study research and contributing to research implementation and sharing results,649492,649492,232723.76,416768.24,2025-05-02,"Reported to GW, Program terminated, DOGE, End date cut short (USAspending)",N/A,N/A,2023-07-01T00:00:00Z,2027-06-30T00:00:00Z,Office of Research and Development,66.509,Science to Achieve Results Star Research Program,EPA-G2022-STAR-F2,Portland State University,OR,Portland,OR-01,State Institution of Higher Learning,https://www.usaspending.gov/award/ASST_NON_84055601_068/,https://enviro.epa.gov/envirofacts/nggs/report?grantId=84055601,N/A
96712501,Disrupted,Terminated,Environmental Justice Government to Government Ejg 2 g Program award to City of Kansas City,"THIS AGREEMENT PROVIDES FUNDING UNDER THE INFLATION REDUCTION ACT (IRA). THE AGREEMENT PROVIDES FUNDING TO KANSAS CITY MISSOURI (KCMO) AND THEIR PARTNER COMMUNITY BASED ORGANIZATION (CBO) THE IVANHOE NEIGHBORHOOD COUNCIL TO PLAN, DEVELOP, AND IMPLEMENT A PILOT PROGRAM FOR LEAD EDUCATION AND OUTREACH, SOIL SAMPLING AT VACANT LOTS, AND LEAD REMEDIATION AT VACANT LOTS WHERE LEAD CONCENTRATIONS EXCEED THE ACTION LEVEL.  SPECIFICALLY, THE RECIPIENT KCMO AND THEIR CBO, THE IVANHOE NEIGHBORHOOD COUNCIL WILL (1) IVANHOE NEIGHBORHOOD COUNCIL WILL HIRE AN EJ ADVOCATE POSITION FOR LEAD EDUCATION AND OUTREACH WITHIN THEIR NEIGHBORHOOD, HOLD MONTHLY COMMUNITY MEETINGS, IDENTIFY VACANT LOTS FOR SAMPLING, AS WELL AS ASSISTING IN DEVELOPING THE HISTORY OF EACH OF THE VACANT LOTS TO BE SAMPLED.  (2) KANSAS CITY MISSOURI (KCMCO) WILL HIRE AND OVERSEE CONTRACTORS TO SAMPLE THE CHOSEN VACANT LOTS AND DEVELOP A FIELD SAMPLING PLAN, A QAPP, A SCOPE OF WORK, AND A REMEDIAL ACTION PLAN TO REMEDIATE THE LOTS THAT EXCEED THE ACTION LEVEL FOR THE LEAD IN SOIL.  (3) THE SOIL LEAD AWARENESS EDUCATION AND OUTREACH CAMPAIGN DEVELOPED BY THE INC AND THE KC LEAD IN SOILS MITIGATION PROGRAM WILL BE DEVELOPED IN SUCH A WAY THAT IT CAN BE USED AS A GUIDE FOR OTHERS TO PERFORM LEAD CLEAN-UP IN THEIR COMMUNITIES.ACTIVITIES:THE ACTIVITIES TO BE PERFORMED INCLUDE:  1) A SOIL LEAD AWARENESS EDUCATION AND OUTREACH CAMPAIGN FOR HEALTH EDUCATION AND OUTREACH ABOUT THE IMPACTS OF LEAD TO THE IVANHOE NEIGHBORHOOD, 2) IDENTIFY A LIST OF VACANT LOTS WITHIN THE IVANHOE NEIGHBORHOOD, 3) GATHER THE HISTORICAL USES OF THE VACANT LOTS IDENTIFIED, 4) DEVELOP A SAMPLING PLAN AND QAPP FOR SAMPLE COLLECTION AND ANALYSIS, 5) COMMUNICATE SAMPLE RESULTS TO PROPERTY OWNERS, 6) KCMO WILL DEVELOP THE KC LEAD IN SOILS MITIGATION PROGRAM 7) DEVELOP STATEMENT OF WORK TO REQUEST RFP FROM CONTRACTORS FOR SAMPLING, CLEARING AND GRUBBING, AND REMOVAL OF SOIL WITH LEAD CONCENTRATIONS ABOVE THE ACTION LEVEL, 8) OVERSEE CONTRACTOR ACTIONS FUNDED THROUGH THIS GRANT AT UP TO 30 VACANT LOTS, 9) NO FURTHER ACTION LETTERS FOR THE LOTS TO BE DEVELOPED FOR LOW-INCOME HOUSING, COMMUNITY GARDENS, NEIGHBORHOOD GREEN SPACES.  SUBRECIPIENT:THE ACTIVITIES TO BE COMPLETED BY THE SUB-AWARDEE, IVANHOE NEIGHBORHOOD COUNCIL (INC), INCLUDE MONTHLY COMMUNITY LEAD EDUCATION AND OUTREACH EVENTS FOR THE 3-YEAR LIFE OF THE GRANT, HIRING OF AN EJ ADVOCATE TO SERVE THE IVANHOE NEIGHBORHOOD RESIDENTS, DEVELOPMENT OF A SOIL LEAD AWARENESS EDUCATION AND OUTREACH CAMPAIGN, DEVELOPING A LIST OF UP TO 80 RECOMMENDED VACANT LOTS TO BE INCLUDED IN THE SAMPLING CONTRACT, AND COMPILING A HISTORY OF ACTIVITIES AT THOSE RECOMMENDED VACANT LOTS TO DETERMINE NECESSARY PRE-REMEDIATION ACTIVITIES. THE SUB-AWARDEE ACTIVITIES WILL ASSIST IN ACHIEVING THE OVERALL GOAL OF THE GRANT APPLICATION, TO REMEDIATE UP TO 30 VACANT LOTS IN THE IVANHOE NEIGHBORHOOD THAT INCLUDES ZIP CODES 64109, 64110, AND 64130.  
OUTCOMES:THE INTENDED BENEFICIARIES OF THESE ACTIVITIES INCLUDE THE IVANHOE COMMUNITY MEMBERS, THE KCMO HOUSING INITIATIVE, AND ANY NEIGHBORHOOD CHILDREN IMPACTED BY THE LEAD IN SOIL AT ADJACENT VACANT LOTS. THE ANTICIPATED DELIVERABLES FOR THIS GOVERNMENT 2 GOVERNMENT GRANT AND PILOT PROGRAM INCLUDE:  QUARTERLY REPORTS, SOIL LEAD AWARENESS AND OUTREACH CAMPAIGN, MONTHLY COMMUNITY MEETINGS FOR LEAD EDUCATION AND OUTREACH IN THE IVANHOE NEIGHBORHOOD, A LIST OF UP TO 80 PROPOSED VACANT LOTS FOR SAMPLING, A COMPILATION OF HISTORIC USES OF THE VACANT LOTS TO INCLUDE IN THE SAMPLING, PHASE 1 SITE ASSESSMENTS ON LOTS CHOSEN FOR SAMPLING, KCMO DEVELOPMENT OF THE FIELD SAMPLING PLAN AND QAPP, KCMO DEVELOPS KC LEAD IN SOILS MITIGATION PROGRAM AND REMEDIAL ACTION PLAN.  THE EXPECTED OUTCOME OF THE GRANT IS BETTER AWARENESS OF THE RISKS OF LEAD EXPOSURE TO CHILDREN UNDER 7 AND PREGNANT AND NURSING WOMEN IN THE IVANHOE NEIGHBORHOOD AND THE REMEDIATION OF UP TO 30 VACANT LOTS IN THE IVANHOE NEIGHBORHOOD OF ZIP CODES 64109, 64110, AND 64130.",1000000,1000000,0,1000000,2025-03-25,"Program terminated, End date cut short (USAspending), Senate committee list",N/A,N/A,2024-08-01T00:00:00Z,2027-07-31T00:00:00Z,Region 7 (Midwest),66.312,Environmental Justice Government to Government Ejg 2 g Program,EPA-R-OEJECR-OCS-23-02,City of Kansas City,MO,Kansas City,MO-05,N/A,https://www.usaspending.gov/award/ASST_NON_96712501_068/,N/A,N/A
84024701,Disrupted,Terminated,Fate and Transport of Unregulated Organic Contaminants in Biosolids - Development of a Human and Environmental Exposure Risk Framework,The purpose of this research is to 1 characterize the occurrence fate and transport of biosolid associated organic compounds BOCs after land application of biosolids 2 model BOC exposures and perform hazard and risk assessments to identify high priority BOCs and 3 utilize an array of communication channels to translate research findings and methodology Activities include combining laboratory and field experiments to characterize the occurrence and transformation of BOCs in biosolids amended soils assess their potential to contaminate surface and groundwater and quantify bioaccumulation into and metabolism within edible produce Deliverables include a new flexible framework for the identification of high priority BOCs in biosolids which can form the basis for future interventions and development of best risk management practices aimed at protecting public health and ecosystems Direct beneficiaries of this program include the scientific community local and regional governments wastewater and agricultural communities and the general public affected by BOCs Activities Outcomes Subrecipient,1498000,1498000,875559.1,622440.9,2025-05-13,"Reported to GW, Program terminated, DOGE, End date cut short (USAspending)",N/A,N/A,2021-09-01T00:00:00Z,2026-07-31T00:00:00Z,Office of Research and Development,66.511,Office of Research and Development Consolidated Research Training Fellowships,EPA-G2021-ORD-F1,The Johns Hopkins University,MD,Baltimore,MD-07,Private University,https://www.usaspending.gov/award/ASST_NON_84024701_068/,https://enviro.epa.gov/envirofacts/nggs/report?grantId=84024701,N/A
84041501,Disrupted,Terminated,"Open Source, Networked Sensors for Lead Monitoring",The objective of the project is to conduct research to increase the sensitivity of a previously proposed sensor that shows promise for providing continuous measurement of lead levels in premise plumbing The project will be developed with the goal of reporting summary data to Newark Sewer amp Water and CDM Smith to inform their decision making Activities The undergraduate student team will mentor high school students to develop the sensor module housing The steps of the project include 1 Fabricate an improved lead sensor by varying the gap between electrodes and applied voltage 2 Investigate various sensor configurations and signal processing techniques to improve the reliability of reading 3 Design an open source module for the sensor that can transmit data wirelessly 4 Develop an interface for collecting and reporting collected data Outcomes The deliverable of the project will be an improved lead sensor and open source wireless module for the sensor The expected outcomes of the project include water safety for the people with the greatest risk of harmful lead exposure more carefully managed corrosion control doses such as the nutrient orthophosphate and assistance with utilities rsquo planning of their responses to elevated lead levels strategically spending fewer resources on testing and allocating more resources where they are most needed Direct beneficiaries of this project will be communities in New Jersey vulnerable communities water utilities and people in areas affected by lead contaminated drinking water Subrecipient No subawards are included in this assistance agreement,24982,24982,6681.560000000001,18300.44,2025-04-24,"Reported to GW, Program terminated, DOGE, End date cut short (USAspending)",N/A,N/A,2022-07-01T00:00:00Z,2025-06-30T00:00:00Z,Office of Research and Development,66.516,P 3 Award National Student Design Competition for Sustainability,EPA-G2021-P3-Q2,New Jersey Institute of Technology,NJ,Newark,NJ-10,State Institution of Higher Learning,https://www.usaspending.gov/award/ASST_NON_84041501_068/,https://enviro.epa.gov/envirofacts/nggs/report?grantId=84041501,N/A
84048001,Disrupted,Terminated,Advancing Community Resilience to Cumulative Climate Impacts in the Mystic River Watershed,The goal of the project is to build community level resilience against increased air and water pollution due to climate changes in underserved communities in the Mystic River watershed Activities The project will 1 use a novel multi stressor health impact assessment HIA framework to encode community insights into a high resolution geospatial database characterizing chemical exposures vulnerability and geographic sociodemographic co occurrence of hazards 2 develop impact models to highlight locations prone to cumulative climate risks and chemical exposures 3 use multi stressor epidemiological analyses to evaluate conjoint or cascading hazards to vulnerable people and neighborhoods and 4 apply the research findings to refine health risks and to inform state and local policies and investments to protect human health and the environment Outcomes Deliverables include annual and final research reports and scientific publications Outputs include a high resolution geospatial database and mapping tool that is readily responsive to community interests and concerns The tool will be used by public health professionals and community planners to prioritize operational and capital improvements needed to prevent and decrease chemical exposures and improve climate resilience among vulnerable people and neighborhoods over time Expected outcomes include improved human health of the residents in underserved communities in the Mystic River watershed Intended beneficiaries include communities in the Mystic River watershed as well as other similar communities across the nation as well as public health professionals and state and local resource managers Subrecipient Mystic River Watershed Association MyRWA 180 000 will partner with BU to develop and implement survey instruments in the community convene meetings of external stakeholders to assess community preferences provide contact with local decision makers to facilitate solutions oriented work and engage with advisory committee members to solicit feedback on grant progress,1349151,1349151,909734.8300000001,439416.1699999999,2025-05-10,"Reported to GW, Program terminated, DOGE, End date cut short (USAspending)",N/A,N/A,2022-11-01T00:00:00Z,2025-10-31T00:00:00Z,Office of Research and Development,66.509,Science to Achieve Results Star Research Program,EPA-G2021-STAR-H1,Trustees of Boston University,MA,Boston,MA-07,Private University,https://www.usaspending.gov/award/ASST_NON_84048001_068/,https://enviro.epa.gov/envirofacts/nggs/report?grantId=84048001,N/A
84055801,Disrupted,Terminated,Deliberative Valuation and Integrated Modeling to Accelerate Equitable Decarbonization in New England,The purpose of this project is to accelerate decarbonization of the electrical grid by delivering information and tools that empower community based environmental organizations to identify and advocate for renewable energy projects that are consistent with community values Activities The project will synthesize existing modeling tools into an integrated wrapper that can screen alternative decarbonization scenarios in terms of the various ecological environmental and health outcomes of interests Researchers will recruit rural and urban community members into deliberative workshops in order to quantify the relative importance of competing attributes and identify the information that is most influential in the formation of attitudes The research team will also incorporate quantitative and qualitative information into cost benefit analyses which will be performed on renewable energy projects under consideration for New England Outcomes Deliverables include annual and final research reports Other expected deliverables and outcomes include 1 increased capacity for community organizations to generate independent characterizations of renewable energy products 2 increased credibility of available information 3 increased capacity for community organizations to identify and advocate for projects and 4 enhanced cost benefit analysis tools that can explicitly value public preference regarding competing attributes for alternative renewable energy scenarios Direct beneficiaries of this project include New England communities in rural low income environments most affected by renewables transmission and or generation infrastructure human health and the environment Subrecipient The subaward to Clean Energy NH will be for 33 038 They will support their provision of input on scenario development survey instruments and characterizations of impacts and benefits of renewable energy projects under consideration in Year 3 The subaward to Dartmouth College will be for 114 055 They will support co mentorship of the postdoc and analysis of data collected The subaward to UMass Boston will be for 224 961 They will support deliberative valuation study design graduate student recruitment and workshop administration,649328,649328,291736.98,357591.02,2025-05-13,"Reported to GW, Program terminated, DOGE, End date cut short (USAspending)",N/A,N/A,2023-08-01T00:00:00Z,2026-07-31T00:00:00Z,Office of Research and Development,66.509,Science to Achieve Results Star Research Program,EPA-G2022-STAR-F2,Virginia Polytechnic Institute and State University,VA,Blacksburg,VA-09,State Institution of Higher Learning,https://www.usaspending.gov/award/ASST_NON_84055801_068/,https://enviro.epa.gov/envirofacts/nggs/report?grantId=84055801,N/A
84065301,Disrupted,Terminated,Environmental Research Training Program for Students in Engineering and Science,The goal of this project is to provide unique educational opportunities for the next generation of Science Technology Engineering and Mathematics STEM on emerging topics in the field of environmental engineering and science Activities The specific objective is to provide unique co mentored research experiences to ten university students graduate and undergraduate per year over five years This experience will advance the trainee careers and increase the number and preparedness of environmental scientists entering the workforce Outcomes Deliverables include annual and final reports Additional outputs include scientific and technical publications Additionally dissertations symposium presentations and publications in conference proceedings and refereed journals will be produced that fulfill the requirements for undergraduate and graduate degrees Expected outcomes include increasing the number and diversity of trained environmental scientists and engineers who can productively contribute to solving contemporary environmental problems Direct Beneficiaries of this program include the trainees program participants and the general public by growing the environmental scientist workforce Subrecipient No subawards are included in this assistance agreement,74489,74489,0,74489,2025-05-13,"Reported to GW, Program terminated, DOGE, End date cut short (USAspending)",N/A,N/A,2024-11-01T00:00:00Z,2029-10-30T00:00:00Z,Office of Research and Development,66.511,Office of Research and Development Consolidated Research Training Fellowships,EPA-G2023-ORD-E1,University of Cincinnati,OH,Cincinnati,OH-01,State Institution of Higher Learning,https://www.usaspending.gov/award/ASST_NON_84065301_068/,https://enviro.epa.gov/envirofacts/nggs/report?grantId=84065301,N/A
84019801,Disrupted,Terminated,Community-Oriented Strategies to Estimate Childrens Soil and Dust Ingestion Rates and Exposure to Soil Heavy Metal and Metalloid in West Atlanta,The goal of this project is to understand and mitigate the current and possible future soil heavy metal and metalloid and other chemical contaminant exposure among children in West Atlanta by estimating children rsquo s soil ingestion rates Using targeted and non targeted soil analyses researchers will create a detailed map showing the soil abundances of lead and other chemical contaminants in West Atlanta where high contamination was recently found Children rsquo s exposure to lead and other chemicals will also be quantified using survey data and biological samples Activities Outcomes Subrecipient,1345022,1345022,671715.23,673306.77,2025-05-06,"Reported to GW, Program terminated, DOGE, End date cut short (USAspending)",N/A,N/A,2021-07-01T00:00:00Z,2026-06-30T00:00:00Z,Office of Research and Development,66.509,Science to Achieve Results Star Research Program,EPA-G2020-STAR-D1,Emory University,GA,Atlanta,GA-05,Private University,https://www.usaspending.gov/award/ASST_NON_84019801_068/,https://enviro.epa.gov/envirofacts/nggs/report?grantId=84019801,N/A
84000501,Disrupted,Terminated,Leveraging Experiments for Chemical Mechanisms,The primary outcome of this project will be the development of a general scalable approach towards the construction of chemical mechanisms that reproduce the key properties and reactivities of organic compounds The specific focus of this work will be a few classes of organic species alkanes monoterpenes and aromatics and the study of those systems e g model measurement comparisons the development of reduced mechanisms is expected to lead to a greatly improved understanding of their chemistry Activities Outcomes Subrecipient,799667,799667,565596.67,234070.32999999996,2025-05-10,"Reported to GW, Program terminated, DOGE, End date cut short (USAspending)",N/A,N/A,2020-08-01T00:00:00Z,2025-07-31T00:00:00Z,Office of Research and Development,66.509,Science to Achieve Results Star Research Program,EPA-G2019-STAR-C1,Massachusetts Institute of Technology,MA,Cambridge,MA-07,Private University,https://www.usaspending.gov/award/ASST_NON_84000501_068/,https://enviro.epa.gov/envirofacts/nggs/report?grantId=84000501,N/A
84085701,Disrupted,Terminated,Western Indigenous Network Solar For All (WIN-SFA) Program,This agreement provides funding under the Inflation Reduction Act The recipient will provide financial and technical assistance to low income and disadvantaged communities to deploy and benefit from residential serving distributed solar energy and storage projects These programs will ensure low income households receive residential distributed solar by providing program beneficiaries household savings community ownership energy resilience and other meaningful benefits Activities Solar projects receiving financial assistance from the recipient may receive assistance for associated energy storage and upgrades that either enable project deployment or maximize the benefits of the project for low income and disadvantaged communities The recipient will also provide project deployment services to enable low income and disadvantaged communities to deploy and benefit from residential solar Outcomes The anticipated deliverables will include steps and milestones to implement the strategies and plans for the Solar for All Program a distribute solar market strategy the financial assistance strategy the project deployment technical assistance strategy and an equitable access and meaningful involvement plan The expected outcomes include climate and air pollution benefits equity and community benefits and market transformation benefits The intended beneficiaries include households in low income and disadvantaged communities Subrecipient No subawards are included in this assistance agreement,62450000,62450000,1534261.71,60915738.29,2025-07-31,"Program terminated, End date cut short (USAspending)",N/A,N/A,2024-05-01T00:00:00Z,2029-04-30T00:00:00Z,Office of the Administrator,66.959,Greenhouse Gas Reduction Fund Solar for all,EPA-R-HQ-SFA-23-01,Grid Alternatives,CA,Oakland,CA-12,Not for Profit,https://www.usaspending.gov/award/ASST_NON_84085701_068/,https://enviro.epa.gov/envirofacts/nggs/report?grantId=84085701,N/A
84085801,Disrupted,Terminated,Solar Access for Nationwide Affordable Housing (SANAH),This agreement provides funding under the Inflation Reduction Act The recipient will provide financial and technical assistance to low income and disadvantaged communities to deploy and benefit from residential serving distributed solar energy and storage projects These programs will ensure low income households receive residential distributed solar by providing program beneficiaries household savings community ownership energy resilience and other meaningful benefits Activities Solar projects receiving financial assistance from the recipient may receive assistance for associated energy storage and upgrades that either enable project deployment or maximize the benefits of the project for low income and disadvantaged communities The recipient will also provide project deployment services to enable low income and disadvantaged communities to deploy and benefit from residential solar Outcomes The anticipated deliverables will include steps and milestones to implement the strategies and plans for the Solar for All Program a distribute solar market strategy the financial assistance strategy the project deployment technical assistance strategy and an equitable access and meaningful involvement plan The expected outcomes include climate and air pollution benefits equity and community benefits and market transformation benefits The intended beneficiaries include households in low income and disadvantaged communities Subrecipient No subawards are included in this assistance agreement,249800000,249800000,1368592.46,248431407.54,2025-07-31,"Program terminated, End date cut short (USAspending)",N/A,N/A,2024-05-01T00:00:00Z,2029-04-30T00:00:00Z,Office of the Administrator,66.959,Greenhouse Gas Reduction Fund Solar for all,EPA-R-HQ-SFA-23-01,Grid Alternatives,CA,Oakland,CA-12,Not for Profit,https://www.usaspending.gov/award/ASST_NON_84085801_068/,https://enviro.epa.gov/envirofacts/nggs/report?grantId=84085801,N/A
84085901,Disrupted,Terminated,Montana Solar for All,This agreement provides funding under the Inflation Reduction Act The recipient will provide financial and technical assistance to low income and disadvantaged communities to deploy and benefit from residential serving distributed solar energy and storage projects These programs will ensure low income households receive residential distributed solar by providing program beneficiaries household savings community ownership energy resilience and other meaningful benefits Activities Solar projects receiving financial assistance from the recipient may receive assistance for associated energy storage and upgrades that either enable project deployment or maximize the benefits of the project for low income and disadvantaged communities The recipient will also provide project deployment services to enable low income and disadvantaged communities to deploy and benefit from residential solar Outcomes The anticipated deliverables will include steps and milestones to implement the strategies and plans for the Solar for All Program a distribute solar market strategy the financial assistance strategy the project deployment technical assistance strategy and an equitable access and meaningful involvement plan The expected outcomes include climate and air pollution benefits equity and community benefits and market transformation benefits The intended beneficiaries include households in low income and disadvantaged communities Subrecipient No subawards are included in this assistance agreement,43700000,43700000,263562.56999999995,43436437.43,2025-07-31,"Program terminated, End date cut short (USAspending)",N/A,N/A,2024-09-01T00:00:00Z,2029-08-31T00:00:00Z,Office of the Administrator,66.959,Greenhouse Gas Reduction Fund Solar for all,EPA-R-HQ-SFA-23-01,Bonneville Environmental Foundation,OR,Portland,OR-01,Not for Profit,https://www.usaspending.gov/award/ASST_NON_84085901_068/,https://enviro.epa.gov/envirofacts/nggs/report?grantId=84085901,N/A
84086001,Disrupted,Terminated,Idaho Solar for All,This agreement provides funding under the Inflation Reduction Act The recipient will provide financial and technical assistance to low income and disadvantaged communities to deploy and benefit from residential serving distributed solar energy and storage projects These programs will ensure low income households receive residential distributed solar by providing program beneficiaries household savings community ownership energy resilience and other meaningful benefits Activities Solar projects receiving financial assistance from the recipient may receive assistance for associated energy storage and upgrades that either enable project deployment or maximize the benefits of the project for low income and disadvantaged communities The recipient will also provide project deployment services to enable low income and disadvantaged communities to deploy and benefit from residential solar Outcomes The anticipated deliverables will include steps and milestones to implement the strategies and plans for the Solar for All Program a distribute solar market strategy the financial assistance strategy the project deployment technical assistance strategy and an equitable access and meaningful involvement plan The expected outcomes include climate and air pollution benefits equity and community benefits and market transformation benefits The intended beneficiaries include households in low income and disadvantaged communities Subrecipient No subawards are included in this assistance agreement,56540000,56540000,169113.06,56370886.94,2025-07-31,"Program terminated, End date cut short (USAspending)",N/A,N/A,2024-09-01T00:00:00Z,2029-08-31T00:00:00Z,Office of the Administrator,66.959,Greenhouse Gas Reduction Fund Solar for all,EPA-R-HQ-SFA-23-01,Bonneville Environmental Foundation,OR,Portland,OR-01,Not for Profit,https://www.usaspending.gov/award/ASST_NON_84086001_068/,https://enviro.epa.gov/envirofacts/nggs/report?grantId=84086001,N/A
84086101,Disrupted,Terminated,Wyoming Solar for All,This agreement provides funding under the Inflation Reduction Act The recipient will provide financial and technical assistance to low income and disadvantaged communities to deploy and benefit from residential serving distributed solar energy and storage projects These programs will ensure low income households receive residential distributed solar by providing program beneficiaries household savings community ownership energy resilience and other meaningful benefits Activities Solar projects receiving financial assistance from the recipient may receive assistance for associated energy storage and upgrades that either enable project deployment or maximize the benefits of the project for low income and disadvantaged communities The recipient will also provide project deployment services to enable low income and disadvantaged communities to deploy and benefit from residential solar Outcomes The anticipated deliverables will include steps and milestones to implement the strategies and plans for the Solar for All Program a distribute solar market strategy the financial assistance strategy the project deployment technical assistance strategy and an equitable access and meaningful involvement plan The expected outcomes include climate and air pollution benefits equity and community benefits and market transformation benefits The intended beneficiaries include households in low income and disadvantaged communities Subrecipient No subawards are included in this assistance agreement,30260000,30260000,297081.07,29962918.93,2025-07-31,"Program terminated, End date cut short (USAspending)",N/A,N/A,2024-09-01T00:00:00Z,2029-08-31T00:00:00Z,Office of the Administrator,66.959,Greenhouse Gas Reduction Fund Solar for all,EPA-R-HQ-SFA-23-01,Bonneville Environmental Foundation,OR,Portland,OR-01,Not for Profit,https://www.usaspending.gov/award/ASST_NON_84086101_068/,https://enviro.epa.gov/envirofacts/nggs/report?grantId=84086101,N/A
84086301,Disrupted,Terminated,Southeast Rural Power Solar for All,This agreement provides funding under the Inflation Reduction Act The recipient will provide financial and technical assistance to low income and disadvantaged communities to deploy and benefit from residential serving distributed solar energy and storage projects These programs will ensure low income households receive residential distributed solar by providing program beneficiaries household savings community ownership energy resilience and other meaningful benefits Activities Solar projects receiving financial assistance from the recipient may receive assistance for associated energy storage and upgrades that either enable project deployment or maximize the benefits of the project for low income and disadvantaged communities The recipient will also provide project deployment services to enable low income and disadvantaged communities to deploy and benefit from residential solar Outcomes The anticipated deliverables will include steps and milestones to implement the strategies and plans for the Solar for All Program a distribute solar market strategy the financial assistance strategy the project deployment technical assistance strategy and an equitable access and meaningful involvement plan The expected outcomes include climate and air pollution benefits equity and community benefits and market transformation benefits The intended beneficiaries include households in low income and disadvantaged communities Subrecipient No subawards are included in this assistance agreement,156120000,156120000,673044.27,155446955.73,2025-07-31,"Program terminated, End date cut short (USAspending)",N/A,N/A,2024-05-01T00:00:00Z,2029-04-30T00:00:00Z,Office of the Administrator,66.959,Greenhouse Gas Reduction Fund Solar for all,EPA-R-HQ-SFA-23-01,Groundwell Inc Groundswell Inc,DC,Washington,DC-98,Not for Profit,https://www.usaspending.gov/award/ASST_NON_84086301_068/,https://enviro.epa.gov/envirofacts/nggs/report?grantId=84086301,N/A
84087501,Disrupted,Terminated,West Virginia Real Energy - Resilient Roofs Program,This agreement provides funding under the Inflation Reduction Act The recipient will provide financial and technical assistance to low income and disadvantaged communities to deploy and benefit from residential serving distributed solar energy and storage projects These programs will ensure low income households receive residential distributed solar by providing program beneficiaries household savings community ownership energy resilience and other meaningful benefits Activities Solar projects receiving financial assistance from the recipient may receive assistance for associated energy storage and upgrades that either enable project deployment or maximize the benefits of the project for low income and disadvantaged communities The recipient will also provide project deployment services to enable low income and disadvantaged communities to deploy and benefit from residential solar Outcomes The anticipated deliverables will include steps and milestones to implement the strategies and plans for the Solar for All Program a distribute solar market strategy the financial assistance strategy the project deployment technical assistance strategy and an equitable access and meaningful involvement plan The expected outcomes include climate and air pollution benefits equity and community benefits and market transformation benefits The intended beneficiaries include households in low income and disadvantaged communities Subrecipient No subawards are included in this assistance agreement,106180000,106180000,41923.830000000016,106138076.17,2025-08-08,"Program terminated, End date cut short (USAspending)",N/A,N/A,2024-05-01T00:00:00Z,2029-04-30T00:00:00Z,Office of the Administrator,66.959,Greenhouse Gas Reduction Fund Solar for all,EPA-R-HQ-SFA-23-01,West Virginia Office of Energy,WV,Charleston,WV-01,State,https://www.usaspending.gov/award/ASST_NON_84087501_068/,https://enviro.epa.gov/envirofacts/nggs/report?grantId=84087501,N/A
84088001,Disrupted,Terminated,Washington DC's Solar for All Program Application for the Greenhouse Gas Reduction Fund's Solar for All Competition,This agreement provides funding under the Inflation Reduction Act The recipient will provide financial and technical assistance to low income and disadvantaged communities to deploy and benefit from residential serving distributed solar energy and storage projects These programs will ensure low income households receive residential distributed solar by providing program beneficiaries household savings community ownership energy resilience and other meaningful benefits Activities Solar projects receiving financial assistance from the recipient may receive assistance for associated energy storage and upgrades that either enable project deployment or maximize the benefits of the project for low income and disadvantaged communities The recipient will also provide project deployment services to enable low income and disadvantaged communities to deploy and benefit from residential solar Outcomes The anticipated deliverables will include steps and milestones to implement the strategies and plans for the Solar for All Program a distribute solar market strategy the financial assistance strategy the project deployment technical assistance strategy and an equitable access and meaningful involvement plan The expected outcomes include climate and air pollution benefits equity and community benefits and market transformation benefits The intended beneficiaries include households in low income and disadvantaged communities Subrecipient No subawards are included in this assistance agreement,62450000,62450000,427286.04,62022713.96,2025-07-31,"Program terminated, End date cut short (USAspending)",N/A,N/A,2024-05-01T00:00:00Z,2029-04-30T00:00:00Z,Office of the Administrator,66.959,Greenhouse Gas Reduction Fund Solar for all,EPA-R-HQ-SFA-23-01,Department of Energy and Environment,DC,Washington,DC-98,State,https://www.usaspending.gov/award/ASST_NON_84088001_068/,https://enviro.epa.gov/envirofacts/nggs/report?grantId=84088001,N/A
84088301,Disrupted,Terminated,The Maine Governor's Energy Office,This agreement provides funding under the Inflation Reduction Act The recipient will provide financial and technical assistance to low income and disadvantaged communities to deploy and benefit from residential serving distributed solar energy and storage projects These programs will ensure low income households receive residential distributed solar by providing program beneficiaries household savings community ownership energy resilience and other meaningful benefits Activities Solar projects receiving financial assistance from the recipient may receive assistance for associated energy storage and upgrades that either enable project deployment or maximize the benefits of the project for low income and disadvantaged communities The recipient will also provide project deployment services to enable low income and disadvantaged communities to deploy and benefit from residential solar Outcomes The anticipated deliverables will include steps and milestones to implement the strategies and plans for the Solar for All Program a distribute solar market strategy the financial assistance strategy the project deployment technical assistance strategy and an equitable access and meaningful involvement plan The expected outcomes include climate and air pollution benefits equity and community benefits and market transformation benefits The intended beneficiaries include households in low income and disadvantaged communities Subrecipient No subawards are included in this assistance agreement,62120000,62120000,155833.87000000008,61964166.13,2025-07-31,"Program terminated, End date cut short (USAspending)",N/A,N/A,2024-05-01T00:00:00Z,2029-04-30T00:00:00Z,Office of the Administrator,66.959,Greenhouse Gas Reduction Fund Solar for all,EPA-R-HQ-SFA-23-01,Governors Energy Office,ME,Augusta,ME-02,State,https://www.usaspending.gov/award/ASST_NON_84088301_068/,https://enviro.epa.gov/envirofacts/nggs/report?grantId=84088301,N/A
84088401,Disrupted,Terminated,Oweesta Corporation Solar for All,This agreement provides funding under the Inflation Reduction Act The recipient will provide financial and technical assistance to low income and disadvantaged communities to deploy and benefit from residential serving distributed solar energy and storage projects These programs will ensure low income households receive residential distributed solar by providing program beneficiaries household savings community ownership energy resilience and other meaningful benefits Activities Solar projects receiving financial assistance from the recipient may receive assistance for associated energy storage and upgrades that either enable project deployment or maximize the benefits of the project for low income and disadvantaged communities The recipient will also provide project deployment services to enable low income and disadvantaged communities to deploy and benefit from residential solar Outcomes The anticipated deliverables will include steps and milestones to implement the strategies and plans for the Solar for All Program a distribute solar market strategy the financial assistance strategy the project deployment technical assistance strategy and an equitable access and meaningful involvement plan The expected outcomes include climate and air pollution benefits equity and community benefits and market transformation benefits The intended beneficiaries include households in low income and disadvantaged communities Subrecipient No subawards are included in this assistance agreement,156120000,156120000,2825619.0700000003,153294380.93,2025-07-31,"Program terminated, End date cut short (USAspending)",N/A,N/A,2024-05-01T00:00:00Z,2029-04-30T00:00:00Z,Office of the Administrator,66.959,Greenhouse Gas Reduction Fund Solar for all,EPA-R-HQ-SFA-23-01,Oweesta Corp,CO,Longmont,CO-02,Not for Profit,https://www.usaspending.gov/award/ASST_NON_84088401_068/,https://enviro.epa.gov/envirofacts/nggs/report?grantId=84088401,N/A
84088601,Disrupted,Terminated,State of Tennessee Solar For All Proposal,This agreement provides funding under the Inflation Reduction Act The recipient will provide financial and technical assistance to low income and disadvantaged communities to deploy and benefit from residential serving distributed solar energy and storage projects These programs will ensure low income households receive residential distributed solar by providing program beneficiaries household savings community ownership energy resilience and other meaningful benefits Activities Solar projects receiving financial assistance from the recipient may receive assistance for associated energy storage and upgrades that either enable project deployment or maximize the benefits of the project for low income and disadvantaged communities The recipient will also provide project deployment services to enable low income and disadvantaged communities to deploy and benefit from residential solar Outcomes The anticipated deliverables will include steps and milestones to implement the strategies and plans for the Solar for All Program a distribute solar market strategy the financial assistance strategy the project deployment technical assistance strategy and an equitable access and meaningful involvement plan The expected outcomes include climate and air pollution benefits equity and community benefits and market transformation benefits The intended beneficiaries include households in low income and disadvantaged communities Subrecipient No subawards are included in this assistance agreement,156120000,156120000,102081.72999999998,156017918.27,2025-07-31,"Program terminated, End date cut short (USAspending)",N/A,N/A,2024-09-01T00:00:00Z,2029-08-31T00:00:00Z,Office of the Administrator,66.959,Greenhouse Gas Reduction Fund Solar for all,EPA-R-HQ-SFA-23-01,Department of Environment Conservation Tennessee,TN,Nashville,TN-07,State,https://www.usaspending.gov/award/ASST_NON_84088601_068/,https://enviro.epa.gov/envirofacts/nggs/report?grantId=84088601,N/A
84088701,Disrupted,Terminated,Kentucky Solar for All Program,This agreement provides funding under the Inflation Reduction Act The recipient will provide financial and technical assistance to low income and disadvantaged communities to deploy and benefit from residential serving distributed solar energy and storage projects These programs will ensure low income households receive residential distributed solar by providing program beneficiaries household savings community ownership energy resilience and other meaningful benefits Activities Solar projects receiving financial assistance from the recipient may receive assistance for associated energy storage and upgrades that either enable project deployment or maximize the benefits of the project for low income and disadvantaged communities The recipient will also provide project deployment services to enable low income and disadvantaged communities to deploy and benefit from residential solar Outcomes The anticipated deliverables will include steps and milestones to implement the strategies and plans for the Solar for All Program a distribute solar market strategy the financial assistance strategy the project deployment technical assistance strategy and an equitable access and meaningful involvement plan The expected outcomes include climate and air pollution benefits equity and community benefits and market transformation benefits The intended beneficiaries include households in low income and disadvantaged communities Subrecipient No subawards are included in this assistance agreement,62450000,62450000,40706.22000000067,62409293.78,2025-07-31,"Program terminated, End date cut short (USAspending)",N/A,N/A,2024-09-01T00:00:00Z,2029-08-31T00:00:00Z,Office of the Administrator,66.959,Greenhouse Gas Reduction Fund Solar for all,EPA-R-HQ-SFA-23-01,Energy Environment Cabinet,KY,Frankfort,KY-01,State,https://www.usaspending.gov/award/ASST_NON_84088701_068/,https://enviro.epa.gov/envirofacts/nggs/report?grantId=84088701,N/A
84088801,Disrupted,Terminated,US Virgin Islands - Solar for All - Virgin Islands Energy Office,This agreement provides funding under the Inflation Reduction Act The recipient will provide financial and technical assistance to low income and disadvantaged communities to deploy and benefit from residential serving distributed solar energy and storage projects These programs will ensure low income households receive residential distributed solar by providing program beneficiaries household savings community ownership energy resilience and other meaningful benefits Activities Solar projects receiving financial assistance from the recipient may receive assistance for associated energy storage and upgrades that either enable project deployment or maximize the benefits of the project for low income and disadvantaged communities The recipient will also provide project deployment services to enable low income and disadvantaged communities to deploy and benefit from residential solar Outcomes The anticipated deliverables will include steps and milestones to implement the strategies and plans for the Solar for All Program a distribute solar market strategy the financial assistance strategy the project deployment technical assistance strategy and an equitable access and meaningful involvement plan The expected outcomes include climate and air pollution benefits equity and community benefits and market transformation benefits The intended beneficiaries include households in low income and disadvantaged communities Subrecipient No subawards are included in this assistance agreement,62450000,62450000,5629.799999999999,62444370.2,2025-07-31,"Program terminated, End date cut short (USAspending)",N/A,N/A,2024-09-01T00:00:00Z,2029-08-31T00:00:00Z,Office of the Administrator,66.959,Greenhouse Gas Reduction Fund Solar for all,EPA-R-HQ-SFA-23-01,Office of the Governor,VI,Frederiksted,VI-98,State,https://www.usaspending.gov/award/ASST_NON_84088801_068/,https://enviro.epa.gov/envirofacts/nggs/report?grantId=84088801,N/A
84088901,Disrupted,Terminated,New York State EPA Solar for All,This agreement provides funding under the Inflation Reduction Act The recipient will provide financial and technical assistance to low income and disadvantaged communities to deploy and benefit from residential serving distributed solar energy and storage projects These programs will ensure low income households receive residential distributed solar by providing program beneficiaries household savings community ownership energy resilience and other meaningful benefits Activities Solar projects receiving financial assistance from the recipient may receive assistance for associated energy storage and upgrades that either enable project deployment or maximize the benefits of the project for low income and disadvantaged communities The recipient will also provide project deployment services to enable low income and disadvantaged communities to deploy and benefit from residential solar Outcomes The anticipated deliverables will include steps and milestones to implement the strategies and plans for the Solar for All Program a distribute solar market strategy the financial assistance strategy the project deployment technical assistance strategy and an equitable access and meaningful involvement plan The expected outcomes include climate and air pollution benefits equity and community benefits and market transformation benefits The intended beneficiaries include households in low income and disadvantaged communities Subrecipient No subawards are included in this assistance agreement,249800000,249800000,420662.4700000001,249379337.53,2025-07-31,"Program terminated, End date cut short (USAspending)",N/A,N/A,2024-09-01T00:00:00Z,2029-08-31T00:00:00Z,Office of the Administrator,66.959,Greenhouse Gas Reduction Fund Solar for all,EPA-R-HQ-SFA-23-01,New York State Energy Research Development Authority,NY,Albany,NY-20,State,https://www.usaspending.gov/award/ASST_NON_84088901_068/,https://enviro.epa.gov/envirofacts/nggs/report?grantId=84088901,N/A
84089401,Disrupted,Terminated,INDIANA Solar of All,This agreement provides funding under the Inflation Reduction Act The recipient will provide financial and technical assistance to low income and disadvantaged communities to deploy and benefit from residential serving distributed solar energy and storage projects These programs will ensure low income households receive residential distributed solar by providing program beneficiaries household savings community ownership energy resilience and other meaningful benefits Activities Solar projects receiving financial assistance from the recipient may receive assistance for associated energy storage and upgrades that either enable project deployment or maximize the benefits of the project for low income and disadvantaged communities The recipient will also provide project deployment services to enable low income and disadvantaged communities to deploy and benefit from residential solar Outcomes The anticipated deliverables will include steps and milestones to implement the strategies and plans for the Solar for All Program a distribute solar market strategy the financial assistance strategy the project deployment technical assistance strategy and an equitable access and meaningful involvement plan The expected outcomes include climate and air pollution benefits equity and community benefits and market transformation benefits The intended beneficiaries include households in low income and disadvantaged communities Subrecipient No subawards are included in this assistance agreement,117470000,117470000,283159.91000000003,117186840.09,2025-07-31,"Program terminated, End date cut short (USAspending)",N/A,N/A,2024-05-01T00:00:00Z,2029-04-30T00:00:00Z,Office of the Administrator,66.959,Greenhouse Gas Reduction Fund Solar for all,EPA-R-HQ-SFA-23-01,Indiana Community Action Association Inc,IN,Indianapolis,IN-07,Not for Profit,https://www.usaspending.gov/award/ASST_NON_84089401_068/,https://enviro.epa.gov/envirofacts/nggs/report?grantId=84089401,N/A
84089501,Disrupted,Terminated,Minnesota Solar for All,This agreement provides funding under the Inflation Reduction Act The recipient will provide financial and technical assistance to low income and disadvantaged communities to deploy and benefit from residential serving distributed solar energy and storage projects These programs will ensure low income households receive residential distributed solar by providing program beneficiaries household savings community ownership energy resilience and other meaningful benefits Activities Solar projects receiving financial assistance from the recipient may receive assistance for associated energy storage and upgrades that either enable project deployment or maximize the benefits of the project for low income and disadvantaged communities The recipient will also provide project deployment services to enable low income and disadvantaged communities to deploy and benefit from residential solar Outcomes The anticipated deliverables will include steps and milestones to implement the strategies and plans for the Solar for All Program a distribute solar market strategy the financial assistance strategy the project deployment technical assistance strategy and an equitable access and meaningful involvement plan The expected outcomes include climate and air pollution benefits equity and community benefits and market transformation benefits The intended beneficiaries include households in low income and disadvantaged communities Subrecipient No subawards are included in this assistance agreement,62450000,62450000,47235.85999999999,62402764.14,2025-07-31,"Program terminated, End date cut short (USAspending)",N/A,N/A,2024-09-01T00:00:00Z,2029-08-31T00:00:00Z,Office of the Administrator,66.959,Greenhouse Gas Reduction Fund Solar for all,EPA-R-HQ-SFA-23-01,Department of Commerce Minnesota,MN,Saint Paul,MN-04,State,https://www.usaspending.gov/award/ASST_NON_84089501_068/,https://enviro.epa.gov/envirofacts/nggs/report?grantId=84089501,N/A
84089601,Disrupted,Terminated,State of Ohio Solar for All,This agreement provides funding under the Inflation Reduction Act The recipient will provide financial and technical assistance to low income and disadvantaged communities to deploy and benefit from residential serving distributed solar energy and storage projects These programs will ensure low income households receive residential distributed solar by providing program beneficiaries household savings community ownership energy resilience and other meaningful benefits Activities Solar projects receiving financial assistance from the recipient may receive assistance for associated energy storage and upgrades that either enable project deployment or maximize the benefits of the project for low income and disadvantaged communities The recipient will also provide project deployment services to enable low income and disadvantaged communities to deploy and benefit from residential solar Outcomes The anticipated deliverables will include steps and milestones to implement the strategies and plans for the Solar for All Program a distribute solar market strategy the financial assistance strategy the project deployment technical assistance strategy and an equitable access and meaningful involvement plan The expected outcomes include climate and air pollution benefits equity and community benefits and market transformation benefits The intended beneficiaries include households in low income and disadvantaged communities Subrecipient No subawards are included in this assistance agreement,156120000,156120000,1270544.3699999999,154849455.63,2025-07-31,"Program terminated, End date cut short (USAspending)",N/A,N/A,2024-05-01T00:00:00Z,2029-04-30T00:00:00Z,Office of the Administrator,66.959,Greenhouse Gas Reduction Fund Solar for all,EPA-R-HQ-SFA-23-01,Ohio Air Quality Development Authority,OH,Columbus,OH-15,State,https://www.usaspending.gov/award/ASST_NON_84089601_068/,https://enviro.epa.gov/envirofacts/nggs/report?grantId=84089601,N/A
84089701,Disrupted,Terminated,Florida Solar For All Program,This agreement provides funding under the Inflation Reduction Act The recipient will provide financial and technical assistance to low income and disadvantaged communities to deploy and benefit from residential serving distributed solar energy and storage projects These programs will ensure low income households receive residential distributed solar by providing program beneficiaries household savings community ownership energy resilience and other meaningful benefits Activities Solar projects receiving financial assistance from the recipient may receive assistance for associated energy storage and upgrades that either enable project deployment or maximize the benefits of the project for low income and disadvantaged communities The recipient will also provide project deployment services to enable low income and disadvantaged communities to deploy and benefit from residential solar Outcomes The anticipated deliverables will include steps and milestones to implement the strategies and plans for the Solar for All Program a distribute solar market strategy the financial assistance strategy the project deployment technical assistance strategy and an equitable access and meaningful involvement plan The expected outcomes include climate and air pollution benefits equity and community benefits and market transformation benefits The intended beneficiaries include households in low income and disadvantaged communities Subawards The Florida Solar for All coalition is comprised of SELF along with coalition partners Solar United Neighbors SUN and The Nature Conservancy in Florida TNC Subawards will be provided to these partners to support their work in community outreach education technical assistance and direct project implementation SUN rsquo s role will focus on organizing and mobilizing the deployment of solar projects while TNC will provide expertise in program outreach and program monitoring and evaluation These partnerships will be critical in achieving the program rsquo s goals and ensuring long term sustainability Subrecipient No subawards are included in this assistance agreement,156120000,156120000,2136154.2399999998,153983845.76,2025-07-31,"Program terminated, End date cut short (USAspending)",N/A,N/A,2024-05-01T00:00:00Z,2029-04-30T00:00:00Z,Office of the Administrator,66.959,Greenhouse Gas Reduction Fund Solar for all,EPA-R-HQ-SFA-23-01,Solar and Energy Loan Fund of St Lucie County Inc,FL,Fort Pierce,FL-21,Not for Profit,https://www.usaspending.gov/award/ASST_NON_84089701_068/,https://enviro.epa.gov/envirofacts/nggs/report?grantId=84089701,N/A
84089801,Disrupted,Terminated,"Solar for All, Virginia Energy (SAVE)",This agreement provides funding under the Inflation Reduction Act The recipient will provide financial and technical assistance to low income and disadvantaged communities to deploy and benefit from residential serving distributed solar energy and storage projects These programs will ensure low income households receive residential distributed solar by providing program beneficiaries household savings community ownership energy resilience and other meaningful benefits Activities Solar projects receiving financial assistance from the recipient may receive assistance for associated energy storage and upgrades that either enable project deployment or maximize the benefits of the project for low income and disadvantaged communities The recipient will also provide project deployment services to enable low income and disadvantaged communities to deploy and benefit from residential solar Outcomes The anticipated deliverables will include steps and milestones to implement the strategies and plans for the Solar for All Program a distribute solar market strategy the financial assistance strategy the project deployment technical assistance strategy and an equitable access and meaningful involvement plan The expected outcomes include climate and air pollution benefits equity and community benefits and market transformation benefits The intended beneficiaries include households in low income and disadvantaged communities Subrecipient No subawards are included in this assistance agreement,156120000,156120000,674132.6,155445867.4,2025-07-31,"Program terminated, End date cut short (USAspending)",N/A,N/A,2024-09-01T00:00:00Z,2029-08-31T00:00:00Z,Office of the Administrator,66.959,Greenhouse Gas Reduction Fund Solar for all,EPA-R-HQ-SFA-23-01,The Virginia Department of Energy,VA,Big Stone Gap,VA-09,State,https://www.usaspending.gov/award/ASST_NON_84089801_068/,https://enviro.epa.gov/envirofacts/nggs/report?grantId=84089801,N/A
84089901,Disrupted,Terminated,Vermont Solar programs (1) Community Solar; (2) Multi-Family Residential Solar; and (3) Single Family Residential Solar,This amendment removes a financial information error within Section 10 of the orignial award This agreement provides funding under the Inflation Reduction Act The recipient will provide financial and technical assistance to low income and disadvantaged communities to deploy and benefit from residential serving distributed solar energy and storage projects These programs will ensure low income households receive residential distributed solar by providing program beneficiaries household savings community ownership energy resilience and other meaningful benefits Activities Solar projects receiving financial assistance from the recipient may receive assistance for associated energy storage and upgrades that either enable project deployment or maximize the benefits of the project for low income and disadvantaged communities The recipient will also provide project deployment services to enable low income and disadvantaged communities to deploy and benefit from residential solar Outcomes The anticipated deliverables will include steps and milestones to implement the strategies and plans for the Solar for All Program a distribute solar market strategy the financial assistance strategy the project deployment technical assistance strategy and an equitable access and meaningful involvement plan The expected outcomes include climate and air pollution benefits equity and community benefits and market transformation benefits The intended beneficiaries include households in low income and disadvantaged communities Subrecipient No subawards are included in this assistance agreement,62450000,62450000,104814.12000000029,62345185.88,2025-07-31,"Program terminated, End date cut short (USAspending)",N/A,N/A,2024-09-01T00:00:00Z,2029-08-31T00:00:00Z,Office of the Administrator,66.959,Greenhouse Gas Reduction Fund Solar for all,EPA-R-HQ-SFA-23-01,State of Vermont Public Service Department,VT,Montpelier,VT-00,State,https://www.usaspending.gov/award/ASST_NON_84089901_068/,https://enviro.epa.gov/envirofacts/nggs/report?grantId=84089901,N/A
84090001,Disrupted,Terminated,Project SunBridge: Connecting Communities to a Solar Future,This agreement provides funding under the Inflation Reduction Act The recipient will provide financial and technical assistance to low income and disadvantaged communities to deploy and benefit from residential serving distributed solar energy and storage projects These programs will ensure low income households receive residential distributed solar by providing program beneficiaries household savings community ownership energy resilience and other meaningful benefits Activities Solar projects receiving financial assistance from the recipient may receive assistance for associated energy storage and upgrades that either enable project deployment or maximize the benefits of the project for low income and disadvantaged communities The recipient will also provide project deployment services to enable low income and disadvantaged communities to deploy and benefit from residential solar Outcomes The anticipated deliverables will include steps and milestones to implement the strategies and plans for the Solar for All Program a distribute solar market strategy the financial assistance strategy the project deployment technical assistance strategy and an equitable access and meaningful involvement plan The expected outcomes include climate and air pollution benefits equity and community benefits and market transformation benefits The intended beneficiaries include households in low income and disadvantaged communities Subrecipient No subawards are included in this assistance agreement,62450000,62450000,35576.91000000011,62414423.09,2025-07-31,"Program terminated, End date cut short (USAspending)",N/A,N/A,2024-09-01T00:00:00Z,2029-08-31T00:00:00Z,Office of the Administrator,66.959,Greenhouse Gas Reduction Fund Solar for all,EPA-R-HQ-SFA-23-01,Dept of Energy Environmental Protection,CT,Hartford,CT-01,State,https://www.usaspending.gov/award/ASST_NON_84090001_068/,https://enviro.epa.gov/envirofacts/nggs/report?grantId=84090001,N/A
84090101,Disrupted,Terminated,Maryland Solar for All Program (MSFAP),This agreement provides funding under the Inflation Reduction Act The recipient will provide financial and technical assistance to low income and disadvantaged communities to deploy and benefit from residential serving distributed solar energy and storage projects These programs will ensure low income households receive residential distributed solar by providing program beneficiaries household savings community ownership energy resilience and other meaningful benefits Activities Solar projects receiving financial assistance from the recipient may receive assistance for associated energy storage and upgrades that either enable project deployment or maximize the benefits of the project for low income and disadvantaged communities The recipient will also provide project deployment services to enable low income and disadvantaged communities to deploy and benefit from residential solar Outcomes The anticipated deliverables will include steps and milestones to implement the strategies and plans for the Solar for All Program a distribute solar market strategy the financial assistance strategy the project deployment technical assistance strategy and an equitable access and meaningful involvement plan The expected outcomes include climate and air pollution benefits equity and community benefits and market transformation benefits The intended beneficiaries include households in low income and disadvantaged communities Subrecipient No subawards are included in this assistance agreement,62450000,62450000,648443.1600000004,61801556.839999996,2025-07-31,"Program terminated, End date cut short (USAspending)",N/A,N/A,2024-05-01T00:00:00Z,2029-04-30T00:00:00Z,Office of the Administrator,66.959,Greenhouse Gas Reduction Fund Solar for all,EPA-R-HQ-SFA-23-01,Maryland Clean Energy Center,MD,Colleg Park,MD-04,State,https://www.usaspending.gov/award/ASST_NON_84090101_068/,https://enviro.epa.gov/envirofacts/nggs/report?grantId=84090101,N/A
84090201,Disrupted,Terminated,Massachusetts Solar for All,This agreement provides funding under the Inflation Reduction Act The recipient will provide financial and technical assistance to low income and disadvantaged communities to deploy and benefit from residential serving distributed solar energy and storage projects These programs will ensure low income households receive residential distributed solar by providing program beneficiaries household savings community ownership energy resilience and other meaningful benefits Activities Solar projects receiving financial assistance from the recipient may receive assistance for associated energy storage and upgrades that either enable project deployment or maximize the benefits of the project for low income and disadvantaged communities The recipient will also provide project deployment services to enable low income and disadvantaged communities to deploy and benefit from residential solar Outcomes The anticipated deliverables will include steps and milestones to implement the strategies and plans for the Solar for All Program a distribute solar market strategy the financial assistance strategy the project deployment technical assistance strategy and an equitable access and meaningful involvement plan The expected outcomes include climate and air pollution benefits equity and community benefits and market transformation benefits The intended beneficiaries include households in low income and disadvantaged communities Subrecipient No subawards are included in this assistance agreement,156120000,156120000,488339.72,155631660.28,2025-07-31,"Program terminated, End date cut short (USAspending)",N/A,N/A,2024-09-01T00:00:00Z,2029-08-31T00:00:00Z,Office of the Administrator,66.959,Greenhouse Gas Reduction Fund Solar for all,EPA-R-HQ-SFA-23-01,Massachusetts Department of Energy Resources,MA,Boston,MA-08,State,https://www.usaspending.gov/award/ASST_NON_84090201_068/,https://enviro.epa.gov/envirofacts/nggs/report?grantId=84090201,N/A
84090301,Disrupted,Terminated,South Dakota Solar for All.,This agreement provides funding under the Inflation Reduction Act The recipient will provide financial and technical assistance to low income and disadvantaged communities to deploy and benefit from residential serving distributed solar energy and storage projects These programs will ensure low income households receive residential distributed solar by providing program beneficiaries household savings community ownership energy resilience and other meaningful benefits Activities Solar projects receiving financial assistance from the recipient may receive assistance for associated energy storage and upgrades that either enable project deployment or maximize the benefits of the project for low income and disadvantaged communities The recipient will also provide project deployment services to enable low income and disadvantaged communities to deploy and benefit from residential solar Outcomes The anticipated deliverables will include steps and milestones to implement the strategies and plans for the Solar for All Program a distribute solar market strategy the financial assistance strategy the project deployment technical assistance strategy and an equitable access and meaningful involvement plan The expected outcomes include climate and air pollution benefits equity and community benefits and market transformation benefits The intended beneficiaries include households in low income and disadvantaged communities Subrecipient No subawards are included in this assistance agreement,62450000,62450000,471878.9100000004,61978121.089999996,2025-07-31,"Program terminated, End date cut short (USAspending)",N/A,N/A,2024-05-01T00:00:00Z,2029-04-30T00:00:00Z,Office of the Administrator,66.959,Greenhouse Gas Reduction Fund Solar for all,EPA-R-HQ-SFA-23-01,Coalition for Green Capital,DC,Washington,DC-98,Not for Profit,https://www.usaspending.gov/award/ASST_NON_84090301_068/,https://enviro.epa.gov/envirofacts/nggs/report?grantId=84090301,N/A
84090601,Disrupted,Terminated,State of Alaska Solar for All Program,This agreement provides funding under the Inflation Reduction Act The recipient will provide financial and technical assistance to low income and disadvantaged communities to deploy and benefit from residential serving distributed solar energy and storage projects These programs will ensure low income households receive residential distributed solar by providing program beneficiaries household savings community ownership energy resilience and other meaningful benefits Activities Solar projects receiving financial assistance from the recipient may receive assistance for associated energy storage and upgrades that either enable project deployment or maximize the benefits of the project for low income and disadvantaged communities The recipient will also provide project deployment services to enable low income and disadvantaged communities to deploy and benefit from residential solar Outcomes The anticipated deliverables will include steps and milestones to implement the strategies and plans for the Solar for All Program a distribute solar market strategy the financial assistance strategy the project deployment technical assistance strategy and an equitable access and meaningful involvement plan The expected outcomes include climate and air pollution benefits equity and community benefits and market transformation benefits The intended beneficiaries include households in low income and disadvantaged communities Subrecipient No subawards are included in this assistance agreement,62450000,62450000,283865.61,62166134.39,2025-07-31,"Program terminated, End date cut short (USAspending)",N/A,N/A,2024-05-01T00:00:00Z,2029-04-30T00:00:00Z,Office of the Administrator,66.959,Greenhouse Gas Reduction Fund Solar for all,EPA-R-HQ-SFA-23-01,Alaska Energy Authority,AK,Anchorage,AK-00,State,https://www.usaspending.gov/award/ASST_NON_84090601_068/,https://enviro.epa.gov/envirofacts/nggs/report?grantId=84090601,N/A
84090801,Disrupted,Terminated,WISCONSIN SOLAR FOR ALL,This agreement provides funding under the Inflation Reduction Act The recipient will provide financial and technical assistance to low income and disadvantaged communities to deploy and benefit from residential serving distributed solar energy and storage projects These programs will ensure low income households receive residential distributed solar by providing program beneficiaries household savings community ownership energy resilience and other meaningful benefits Activities Solar projects receiving financial assistance from the recipient may receive assistance for associated energy storage and upgrades that either enable project deployment or maximize the benefits of the project for low income and disadvantaged communities The recipient will also provide project deployment services to enable low income and disadvantaged communities to deploy and benefit from residential solar Outcomes The anticipated deliverables will include steps and milestones to implement the strategies and plans for the Solar for All Program a distribute solar market strategy the financial assistance strategy the project deployment technical assistance strategy and an equitable access and meaningful involvement plan The expected outcomes include climate and air pollution benefits equity and community benefits and market transformation benefits The intended beneficiaries include households in low income and disadvantaged communities Subrecipient No subawards are included in this assistance agreement,62450000,62450000,223605.7,62226394.3,2025-07-31,"Program terminated, End date cut short (USAspending)",N/A,N/A,2024-05-01T00:00:00Z,2029-04-30T00:00:00Z,Office of the Administrator,66.959,Greenhouse Gas Reduction Fund Solar for all,EPA-R-HQ-SFA-23-01,Wisconsin Economic Development Corporation,WI,Madison,WI-02,State,https://www.usaspending.gov/award/ASST_NON_84090801_068/,https://enviro.epa.gov/envirofacts/nggs/report?grantId=84090801,N/A
84091001,Disrupted,Terminated,Rhode Island Solar for All,This agreement provides funding under the Inflation Reduction Act The recipient will provide financial and technical assistance to low income and disadvantaged communities to deploy and benefit from residential serving distributed solar energy and storage projects These programs will ensure low income households receive residential distributed solar by providing program beneficiaries household savings community ownership energy resilience and other meaningful benefits Activities Solar projects receiving financial assistance from the recipient may receive assistance for associated energy storage and upgrades that either enable project deployment or maximize the benefits of the project for low income and disadvantaged communities The recipient will also provide project deployment services to enable low income and disadvantaged communities to deploy and benefit from residential solar Outcomes The anticipated deliverables will include steps and milestones to implement the strategies and plans for the Solar for All Program a distribute solar market strategy the financial assistance strategy the project deployment technical assistance strategy and an equitable access and meaningful involvement plan The expected outcomes include climate and air pollution benefits equity and community benefits and market transformation benefits The intended beneficiaries include households in low income and disadvantaged communities Subrecipient No subawards are included in this assistance agreement,49330000,49330000,81269.84,49248730.16,2025-07-31,"Program terminated, End date cut short (USAspending)",N/A,N/A,2024-05-01T00:00:00Z,2029-04-30T00:00:00Z,Office of the Administrator,66.959,Greenhouse Gas Reduction Fund Solar for all,EPA-R-HQ-SFA-23-01,State of Rhode Island Providence Plantations,RI,Providence,RI-01,State,https://www.usaspending.gov/award/ASST_NON_84091001_068/,https://enviro.epa.gov/envirofacts/nggs/report?grantId=84091001,N/A
84091101,Disrupted,Terminated,The State of New Jersey -- GGRF: Solar for All Program,This agreement provides funding under the Inflation Reduction Act The recipient will provide financial and technical assistance to low income and disadvantaged communities to deploy and benefit from residential serving distributed solar energy and storage projects These programs will ensure low income households receive residential distributed solar by providing program beneficiaries household savings community ownership energy resilience and other meaningful benefits Activities Solar projects receiving financial assistance from the recipient may receive assistance for associated energy storage and upgrades that either enable project deployment or maximize the benefits of the project for low income and disadvantaged communities The recipient will also provide project deployment services to enable low income and disadvantaged communities to deploy and benefit from residential solar Outcomes The anticipated deliverables will include steps and milestones to implement the strategies and plans for the Solar for All Program a distribute solar market strategy the financial assistance strategy the project deployment technical assistance strategy and an equitable access and meaningful involvement plan The expected outcomes include climate and air pollution benefits equity and community benefits and market transformation benefits The intended beneficiaries include households in low income and disadvantaged communities Subrecipient No subawards are included in this assistance agreement,156120000,156120000,0,156120000,2025-08-08,"Program terminated, End date cut short (USAspending)",N/A,N/A,2024-09-01T00:00:00Z,2029-08-31T00:00:00Z,Office of the Administrator,66.959,Greenhouse Gas Reduction Fund Solar for all,EPA-R-HQ-SFA-23-01,New Jersey Department of Treasury,NJ,Trenton,NJ-12,State,https://www.usaspending.gov/award/ASST_NON_84091101_068/,https://enviro.epa.gov/envirofacts/nggs/report?grantId=84091101,N/A
84091201,Disrupted,Terminated,Puerto Rico's Solar for All Coalition,This agreement provides funding under the Inflation Reduction Act The recipient will provide financial and technical assistance to low income and disadvantaged communities to deploy and benefit from residential serving distributed solar energy and storage projects These programs will ensure low income households receive residential distributed solar by providing program beneficiaries household savings community ownership energy resilience and other meaningful benefits Activities Solar projects receiving financial assistance from the recipient may receive assistance for associated energy storage and upgrades that either enable project deployment or maximize the benefits of the project for low income and disadvantaged communities The recipient will also provide project deployment services to enable low income and disadvantaged communities to deploy and benefit from residential solar Outcomes The anticipated deliverables will include steps and milestones to implement the strategies and plans for the Solar for All Program a distribute solar market strategy the financial assistance strategy the project deployment technical assistance strategy and an equitable access and meaningful involvement plan The expected outcomes include climate and air pollution benefits equity and community benefits and market transformation benefits The intended beneficiaries include households in low income and disadvantaged communities Subrecipient No subawards are included in this assistance agreement,156120000,156120000,0,156120000,2025-08-08,"Program terminated, End date cut short (USAspending)",N/A,N/A,2024-05-01T00:00:00Z,2029-04-30T00:00:00Z,Office of the Administrator,66.959,Greenhouse Gas Reduction Fund Solar for all,EPA-R-HQ-SFA-23-01,Oficina De Gerencia y Presupuesto,PR,San Juan,PR-98,State,https://www.usaspending.gov/award/ASST_NON_84091201_068/,https://enviro.epa.gov/envirofacts/nggs/report?grantId=84091201,N/A
84091301,Disrupted,Terminated,New Hampshire Solar for All Project,This agreement provides funding under the Inflation Reduction Act The recipient will provide financial and technical assistance to low income and disadvantaged communities to deploy and benefit from residential serving distributed solar energy and storage projects These programs will ensure low income households receive residential distributed solar by providing program beneficiaries household savings community ownership energy resilience and other meaningful benefits Activities Solar projects receiving financial assistance from the recipient may receive assistance for associated energy storage and upgrades that either enable project deployment or maximize the benefits of the project for low income and disadvantaged communities The recipient will also provide project deployment services to enable low income and disadvantaged communities to deploy and benefit from residential solar Outcomes The anticipated deliverables will include steps and milestones to implement the strategies and plans for the Solar for All Program a distribute solar market strategy the financial assistance strategy the project deployment technical assistance strategy and an equitable access and meaningful involvement plan The expected outcomes include climate and air pollution benefits equity and community benefits and market transformation benefits The intended beneficiaries include households in low income and disadvantaged communities Subrecipient No subawards are included in this assistance agreement,43510000,43510000,120407.76999999999,43389592.23,2025-07-31,"Program terminated, End date cut short (USAspending)",N/A,N/A,2024-05-01T00:00:00Z,2029-04-30T00:00:00Z,Office of the Administrator,66.959,Greenhouse Gas Reduction Fund Solar for all,EPA-R-HQ-SFA-23-01,Executive Office of the State of New Hampshire,NH,Concord,NH-02,State,https://www.usaspending.gov/award/ASST_NON_84091301_068/,https://enviro.epa.gov/envirofacts/nggs/report?grantId=84091301,N/A
84091501,Disrupted,Terminated,Arkansas Solar for All,This agreement provides funding under the Inflation Reduction Act The recipient will provide financial and technical assistance to low income and disadvantaged communities to deploy and benefit from residential serving distributed solar energy and storage projects These programs will ensure low income households receive residential distributed solar by providing program beneficiaries household savings community ownership energy resilience and other meaningful benefits Activities Solar projects receiving financial assistance from the recipient may receive assistance for associated energy storage and upgrades that either enable project deployment or maximize the benefits of the project for low income and disadvantaged communities The recipient will also provide project deployment services to enable low income and disadvantaged communities to deploy and benefit from residential solar Outcomes The anticipated deliverables will include steps and milestones to implement the strategies and plans for the Solar for All Program a distribute solar market strategy the financial assistance strategy the project deployment technical assistance strategy and an equitable access and meaningful involvement plan The expected outcomes include climate and air pollution benefits equity and community benefits and market transformation benefits The intended beneficiaries include households in low income and disadvantaged communities Subrecipient No subawards are included in this assistance agreement,93670000,93670000,486972.44000000006,93183027.56,2025-07-31,"Program terminated, End date cut short (USAspending)",N/A,N/A,2024-05-01T00:00:00Z,2029-04-30T00:00:00Z,Office of the Administrator,66.959,Greenhouse Gas Reduction Fund Solar for all,EPA-R-HQ-SFA-23-01,Hope Enterprise Corp,MS,Jackson,MS-03,Not for Profit,https://www.usaspending.gov/award/ASST_NON_84091501_068/,https://enviro.epa.gov/envirofacts/nggs/report?grantId=84091501,N/A
84091601,Disrupted,Terminated,Louisiana Solar for All,This agreement provides funding under the Inflation Reduction Act The recipient will provide financial and technical assistance to low income and disadvantaged communities to deploy and benefit from residential serving distributed solar energy and storage projects These programs will ensure low income households receive residential distributed solar by providing program beneficiaries household savings community ownership energy resilience and other meaningful benefits Activities Solar projects receiving financial assistance from the recipient may receive assistance for associated energy storage and upgrades that either enable project deployment or maximize the benefits of the project for low income and disadvantaged communities The recipient will also provide project deployment services to enable low income and disadvantaged communities to deploy and benefit from residential solar Outcomes The anticipated deliverables will include steps and milestones to implement the strategies and plans for the Solar for All Program a distribute solar market strategy the financial assistance strategy the project deployment technical assistance strategy and an equitable access and meaningful involvement plan The expected outcomes include climate and air pollution benefits equity and community benefits and market transformation benefits The intended beneficiaries include households in low income and disadvantaged communities Subrecipient No subawards are included in this assistance agreement,156120000,156120000,1792221.2499999995,154327778.75,2025-07-31,"Program terminated, End date cut short (USAspending)",N/A,N/A,2024-05-01T00:00:00Z,2029-04-30T00:00:00Z,Office of the Administrator,66.959,Greenhouse Gas Reduction Fund Solar for all,EPA-R-HQ-SFA-23-01,State of Louisiana Department of Natural Resources,LA,Baton Rouge,LA-06,State,https://www.usaspending.gov/award/ASST_NON_84091601_068/,https://enviro.epa.gov/envirofacts/nggs/report?grantId=84091601,N/A
84091701,Disrupted,Terminated,NC Solar for All,This agreement provides funding under the Inflation Reduction Act The recipient will provide financial and technical assistance to low income and disadvantaged communities to deploy and benefit from residential serving distributed solar energy and storage projects These programs will ensure low income households receive residential distributed solar by providing program beneficiaries household savings community ownership energy resilience and other meaningful benefits Activities Solar projects receiving financial assistance from the recipient may receive assistance for associated energy storage and upgrades that either enable project deployment or maximize the benefits of the project for low income and disadvantaged communities The recipient will also provide project deployment services to enable low income and disadvantaged communities to deploy and benefit from residential solar Outcomes The anticipated deliverables will include steps and milestones to implement the strategies and plans for the Solar for All Program a distribute solar market strategy the financial assistance strategy the project deployment technical assistance strategy and an equitable access and meaningful involvement plan The expected outcomes include climate and air pollution benefits equity and community benefits and market transformation benefits The intended beneficiaries include households in low income and disadvantaged communities Subrecipient No subawards are included in this assistance agreement,156120000,156120000,1359920.9100000001,154760079.09,2025-07-31,"Program terminated, End date cut short (USAspending)",N/A,N/A,2024-05-01T00:00:00Z,2029-04-30T00:00:00Z,Office of the Administrator,66.959,Greenhouse Gas Reduction Fund Solar for all,EPA-R-HQ-SFA-23-01,North Carolina Department of Environmental Quality,NC,Raleigh,NC-02,State,https://www.usaspending.gov/award/ASST_NON_84091701_068/,https://enviro.epa.gov/envirofacts/nggs/report?grantId=84091701,N/A
84092001,Disrupted,Terminated,Solar for All Arizonans: Enhancing Access to Solar Energy for Low-Income and Disadvantaged Communities in Arizona,This agreement provides funding under the Inflation Reduction Act The recipient will provide financial and technical assistance to low income and disadvantaged communities to deploy and benefit from residential serving distributed solar energy and storage projects These programs will ensure low income households receive residential distributed solar by providing program beneficiaries household savings community ownership energy resilience and other meaningful benefits Activities Solar projects receiving financial assistance from the recipient may receive assistance for associated energy storage and upgrades that either enable project deployment or maximize the benefits of the project for low income and disadvantaged communities The recipient will also provide project deployment services to enable low income and disadvantaged communities to deploy and benefit from residential solar Outcomes The anticipated deliverables will include steps and milestones to implement the strategies and plans for the Solar for All Program a distribute solar market strategy the financial assistance strategy the project deployment technical assistance strategy and an equitable access and meaningful involvement plan The expected outcomes include climate and air pollution benefits equity and community benefits and market transformation benefits The intended beneficiaries include households in low income and disadvantaged communities Subrecipient No subawards are included in this assistance agreement,156120000,156120000,14976.330000000002,156105023.67,2025-07-31,"Program terminated, End date cut short (USAspending)",N/A,N/A,2024-05-01T00:00:00Z,2029-04-30T00:00:00Z,Office of the Administrator,66.959,Greenhouse Gas Reduction Fund Solar for all,EPA-R-HQ-SFA-23-01,Executive Office of State of Arizona,AZ,Phoenix,AZ-03,State,https://www.usaspending.gov/award/ASST_NON_84092001_068/,https://enviro.epa.gov/envirofacts/nggs/report?grantId=84092001,N/A
84092302,Disrupted,Terminated,California Solar for All Program,This agreement provides funding under the Inflation Reduction Act The recipient will provide financial and technical assistance to low income and disadvantaged communities to deploy and benefit from residential serving distributed solar energy and storage projects These programs will ensure low income households receive residential distributed solar by providing program beneficiaries household savings community ownership energy resilience and other meaningful benefits Activities Solar projects receiving financial assistance from the recipient may receive assistance for associated energy storage and upgrades that either enable project deployment or maximize the benefits of the project for low income and disadvantaged communities The recipient will also provide project deployment services to enable low income and disadvantaged communities to deploy and benefit from residential solar Outcomes The anticipated deliverables will include steps and milestones to implement the strategies and plans for the Solar for All Program a distribute solar market strategy the financial assistance strategy the project deployment technical assistance strategy and an equitable access and meaningful involvement plan The expected outcomes include climate and air pollution benefits equity and community benefits and market transformation benefits The intended beneficiaries include households in low income and disadvantaged communities Subrecipient No subawards are included in this assistance agreement,249800000,249800000,100641.00000000076,249699359,2025-07-31,"Program terminated, End date cut short (USAspending)",N/A,N/A,2024-09-06T00:00:00Z,2029-04-30T00:00:00Z,Office of the Administrator,66.959,Greenhouse Gas Reduction Fund Solar for all,EPA-R-HQ-SFA-23-01,Cpuc 0187 California Public Utilities Commission,CA,San Francisco,CA-11,State,https://www.usaspending.gov/award/ASST_NON_84092302_068/,https://enviro.epa.gov/envirofacts/nggs/report?grantId=84092302,N/A
84092401,Disrupted,Terminated,Solar for All - Guam,This agreement provides funding under the Inflation Reduction Act The recipient will provide financial and technical assistance to low income and disadvantaged communities to deploy and benefit from residential serving distributed solar energy and storage projects These programs will ensure low income households receive residential distributed solar by providing program beneficiaries household savings community ownership energy resilience and other meaningful benefits Activities Solar projects receiving financial assistance from the recipient may receive assistance for associated energy storage and upgrades that either enable project deployment or maximize the benefits of the project for low income and disadvantaged communities The recipient will also provide project deployment services to enable low income and disadvantaged communities to deploy and benefit from residential solar Outcomes The anticipated deliverables will include steps and milestones to implement the strategies and plans for the Solar for All Program a distribute solar market strategy the financial assistance strategy the project deployment technical assistance strategy and an equitable access and meaningful involvement plan The expected outcomes include climate and air pollution benefits equity and community benefits and market transformation benefits The intended beneficiaries include households in low income and disadvantaged communities Subrecipient No subawards are included in this assistance agreement,62450000,62450000,0,62450000,2025-08-08,"Program terminated, End date cut short (USAspending)",N/A,N/A,2024-05-01T00:00:00Z,2029-04-30T00:00:00Z,Office of the Administrator,66.959,Greenhouse Gas Reduction Fund Solar for all,EPA-R-HQ-SFA-23-01,T 1889 Guam Energy Office,GU,Tamuning,GU-98,State,https://www.usaspending.gov/award/ASST_NON_84092401_068/,https://enviro.epa.gov/envirofacts/nggs/report?grantId=84092401,N/A
84092501,Disrupted,Terminated,"Southeast Regional Community Solar Network for HBCUs, HSIs, and TCUs",This agreement provides funding under the Inflation Reduction Act The recipient will provide financial and technical assistance to low income and disadvantaged communities to deploy and benefit from residential serving distributed solar energy and storage projects These programs will ensure low income households receive residential distributed solar by providing program beneficiaries household savings community ownership energy resilience and other meaningful benefits Activities Solar projects receiving financial assistance from the recipient may receive assistance for associated energy storage and upgrades that either enable project deployment or maximize the benefits of the project for low income and disadvantaged communities The recipient will also provide project deployment services to enable low income and disadvantaged communities to deploy and benefit from residential solar Outcomes The anticipated deliverables will include steps and milestones to implement the strategies and plans for the Solar for All Program a distribute solar market strategy the financial assistance strategy the project deployment technical assistance strategy and an equitable access and meaningful involvement plan The expected outcomes include climate and air pollution benefits equity and community benefits and market transformation benefits The intended beneficiaries include households in low income and disadvantaged communities Subrecipient No subawards are included in this assistance agreement,156120000,156120000,1319111.0200000012,154800888.98,2025-07-31,"Program terminated, End date cut short (USAspending)",N/A,N/A,2024-05-01T00:00:00Z,2029-04-30T00:00:00Z,Office of the Administrator,66.959,Greenhouse Gas Reduction Fund Solar for all,EPA-R-HQ-SFA-23-01,Clean Energy Fund of Texas Inc,TX,Houston,TX-22,Not for Profit,https://www.usaspending.gov/award/ASST_NON_84092501_068/,https://enviro.epa.gov/envirofacts/nggs/report?grantId=84092501,N/A
84092601,Disrupted,Terminated,Capital Good Fund Solar for All,This agreement provides funding under the Inflation Reduction Act The recipient will provide financial and technical assistance to low income and disadvantaged communities to deploy and benefit from residential serving distributed solar energy and storage projects These programs will ensure low income households receive residential distributed solar by providing program beneficiaries household savings community ownership energy resilience and other meaningful benefits Activities Solar projects receiving financial assistance from the recipient may receive assistance for associated energy storage and upgrades that either enable project deployment or maximize the benefits of the project for low income and disadvantaged communities The recipient will also provide project deployment services to enable low income and disadvantaged communities to deploy and benefit from residential solar Outcomes The anticipated deliverables will include steps and milestones to implement the strategies and plans for the Solar for All Program a distribute solar market strategy the financial assistance strategy the project deployment technical assistance strategy and an equitable access and meaningful involvement plan The expected outcomes include climate and air pollution benefits equity and community benefits and market transformation benefits The intended beneficiaries include households in low income and disadvantaged communities Subrecipient No subawards are included in this assistance agreement,156010000,156010000,10869097.180000002,145140902.82,2025-07-31,"Program terminated, End date cut short (USAspending)",N/A,N/A,2024-05-01T00:00:00Z,2029-04-30T00:00:00Z,Office of the Administrator,66.959,Greenhouse Gas Reduction Fund Solar for all,EPA-R-HQ-SFA-23-01,The Capital Good Fund Inc,RI,Providence,RI-02,Not for Profit,https://www.usaspending.gov/award/ASST_NON_84092601_068/,https://enviro.epa.gov/envirofacts/nggs/report?grantId=84092601,N/A
84092901,Disrupted,Terminated,Oregon Solar For All Coalition application,This agreement provides funding under the Inflation Reduction Act The recipient will provide financial and technical assistance to low income and disadvantaged communities to deploy and benefit from residential serving distributed solar energy and storage projects These programs will ensure low income households receive residential distributed solar by providing program beneficiaries household savings community ownership energy resilience and other meaningful benefits Activities Solar projects receiving financial assistance from the recipient may receive assistance for associated energy storage and upgrades that either enable project deployment or maximize the benefits of the project for low income and disadvantaged communities The recipient will also provide project deployment services to enable low income and disadvantaged communities to deploy and benefit from residential solar Outcomes The anticipated deliverables will include steps and milestones to implement the strategies and plans for the Solar for All Program a distribute solar market strategy the financial assistance strategy the project deployment technical assistance strategy and an equitable access and meaningful involvement plan The expected outcomes include climate and air pollution benefits equity and community benefits and market transformation benefits The intended beneficiaries include households in low income and disadvantaged communities Subrecipient No subawards are included in this assistance agreement,86600000,86600000,72233.41999999998,86527766.58,2025-07-31,"Program terminated, End date cut short (USAspending)",N/A,N/A,2024-05-01T00:00:00Z,2029-04-30T00:00:00Z,Office of the Administrator,66.959,Greenhouse Gas Reduction Fund Solar for all,EPA-R-HQ-SFA-23-01,Oregon Department of Energy,OR,Salem,OR-06,State,https://www.usaspending.gov/award/ASST_NON_84092901_068/,https://enviro.epa.gov/envirofacts/nggs/report?grantId=84092901,N/A
84086201,Disrupted,Terminated,Solar for All of Utah,This agreement provides funding under the Inflation Reduction Act The recipient will provide financial and technical assistance to low income and disadvantaged communities to deploy and benefit from residential serving distributed solar energy and storage projects These programs will ensure low income households receive residential distributed solar by providing program beneficiaries household savings community ownership energy resilience and other meaningful benefits Activities Solar projects receiving financial assistance from the recipient may receive assistance for associated energy storage and upgrades that either enable project deployment or maximize the benefits of the project for low income and disadvantaged communities The recipient will also provide project deployment services to enable low income and disadvantaged communities to deploy and benefit from residential solar Outcomes The anticipated deliverables will include steps and milestones to implement the strategies and plans for the Solar for All Program a distribute solar market strategy the financial assistance strategy the project deployment technical assistance strategy and an equitable access and meaningful involvement plan The expected outcomes include climate and air pollution benefits equity and community benefits and market transformation benefits The intended beneficiaries include households in low income and disadvantaged communities Subrecipient No subawards are included in this assistance agreement,62450000,62450000,107897.49,62342102.51,2025-07-31,"Program terminated, End date cut short (USAspending)",N/A,N/A,2024-09-01T00:00:00Z,2029-08-31T00:00:00Z,Office of the Administrator,66.959,Greenhouse Gas Reduction Fund Solar for all,EPA-R-HQ-SFA-23-01,Office of Energy Development,UT,Salt Lake City,UT-02,State,https://www.usaspending.gov/award/ASST_NON_84086201_068/,https://enviro.epa.gov/envirofacts/nggs/report?grantId=84086201,N/A
84087601,Disrupted,Terminated,Industrial Heartland Solar Coalition,This agreement provides funding under the Inflation Reduction Act The recipient will provide financial and technical assistance to low income and disadvantaged communities to deploy and benefit from residential serving distributed solar energy and storage projects These programs will ensure low income households receive residential distributed solar by providing program beneficiaries household savings community ownership energy resilience and other meaningful benefits Activities Solar projects receiving financial assistance from the recipient may receive assistance for associated energy storage and upgrades that either enable project deployment or maximize the benefits of the project for low income and disadvantaged communities The recipient will also provide project deployment services to enable low income and disadvantaged communities to deploy and benefit from residential solar Outcomes The anticipated deliverables will include steps and milestones to implement the strategies and plans for the Solar for All Program a distribute solar market strategy the financial assistance strategy the project deployment technical assistance strategy and an equitable access and meaningful involvement plan The expected outcomes include climate and air pollution benefits equity and community benefits and market transformation benefits The intended beneficiaries include households in low income and disadvantaged communities Subrecipient No subawards are included in this assistance agreement,156120000,156120000,649519.9600000003,155470480.04,2025-07-31,"Program terminated, End date cut short (USAspending)",N/A,N/A,2024-05-01T00:00:00Z,2029-04-30T00:00:00Z,Office of the Administrator,66.959,Greenhouse Gas Reduction Fund Solar for all,EPA-R-HQ-SFA-23-01,Growth Opportunity Partners Inc,OH,Cleveland,OH-11,Not for Profit,https://www.usaspending.gov/award/ASST_NON_84087601_068/,https://enviro.epa.gov/envirofacts/nggs/report?grantId=84087601,N/A
84087701,Disrupted,Terminated,The Texas Solar for All Coalition: A Collaborative Effort to Enable Low-Income Solar and Storage.,This agreement provides funding under the Inflation Reduction Act The recipient will provide financial and technical assistance to low income and disadvantaged communities to deploy and benefit from residential serving distributed solar energy and storage projects These programs will ensure low income households receive residential distributed solar by providing program beneficiaries household savings community ownership energy resilience and other meaningful benefits Activities Solar projects receiving financial assistance from the recipient may receive assistance for associated energy storage and upgrades that either enable project deployment or maximize the benefits of the project for low income and disadvantaged communities The recipient will also provide project deployment services to enable low income and disadvantaged communities to deploy and benefit from residential solar Outcomes The anticipated deliverables will include steps and milestones to implement the strategies and plans for the Solar for All Program a distribute solar market strategy the financial assistance strategy the project deployment technical assistance strategy and an equitable access and meaningful involvement plan The expected outcomes include climate and air pollution benefits equity and community benefits and market transformation benefits The intended beneficiaries include households in low income and disadvantaged communities Subrecipient No subawards are included in this assistance agreement,249700000,249700000,888045.2900000007,248811954.71,2025-07-31,"Program terminated, End date cut short (USAspending)",N/A,N/A,2024-09-01T00:00:00Z,2029-08-31T00:00:00Z,Office of the Administrator,66.959,Greenhouse Gas Reduction Fund Solar for all,EPA-R-HQ-SFA-23-01,Harris County,TX,Houston,TX-18,County,https://www.usaspending.gov/award/ASST_NON_84087701_068/,https://enviro.epa.gov/envirofacts/nggs/report?grantId=84087701,N/A
84087801,Disrupted,Terminated,Solar Deployment for Low Income New Mexicans Statewide.,This agreement provides funding under the Inflation Reduction Act The recipient will provide financial and technical assistance to low income and disadvantaged communities to deploy and benefit from residential serving distributed solar energy and storage projects These programs will ensure low income households receive residential distributed solar by providing program beneficiaries household savings community ownership energy resilience and other meaningful benefits Activities Solar projects receiving financial assistance from the recipient may receive assistance for associated energy storage and upgrades that either enable project deployment or maximize the benefits of the project for low income and disadvantaged communities The recipient will also provide project deployment services to enable low income and disadvantaged communities to deploy and benefit from residential solar Outcomes The anticipated deliverables will include steps and milestones to implement the strategies and plans for the Solar for All Program a distribute solar market strategy the financial assistance strategy the project deployment technical assistance strategy and an equitable access and meaningful involvement plan The expected outcomes include climate and air pollution benefits equity and community benefits and market transformation benefits The intended beneficiaries include households in low income and disadvantaged communities Subrecipient No subawards are included in this assistance agreement,156120000,156120000,141783.11,155978216.89,2025-07-31,"Program terminated, End date cut short (USAspending)",N/A,N/A,2024-05-01T00:00:00Z,2029-04-30T00:00:00Z,Office of the Administrator,66.959,Greenhouse Gas Reduction Fund Solar for all,EPA-R-HQ-SFA-23-01,Energy Minerals Natural Resources Department,NM,Santa Fe,NM-03,State,https://www.usaspending.gov/award/ASST_NON_84087801_068/,https://enviro.epa.gov/envirofacts/nggs/report?grantId=84087801,N/A
84087901,Disrupted,Terminated,The Community Power Coalition &ldquo;Powering America Together&rdquo; Program,This agreement provides funding under the Inflation Reduction Act The recipient will provide financial and technical assistance to low income and disadvantaged communities to deploy and benefit from residential serving distributed solar energy and storage projects These programs will ensure low income households receive residential distributed solar by providing program beneficiaries household savings community ownership energy resilience and other meaningful benefits Activities Solar projects receiving financial assistance from the recipient may receive assistance for associated energy storage and upgrades that either enable project deployment or maximize the benefits of the project for low income and disadvantaged communities The recipient will also provide project deployment services to enable low income and disadvantaged communities to deploy and benefit from residential solar Outcomes The anticipated deliverables will include steps and milestones to implement the strategies and plans for the Solar for All Program a distribute solar market strategy the financial assistance strategy the project deployment technical assistance strategy and an equitable access and meaningful involvement plan The expected outcomes include climate and air pollution benefits equity and community benefits and market transformation benefits The intended beneficiaries include households in low income and disadvantaged communities Subrecipient No subawards are included in this assistance agreement,249300000,249300000,1872933.5300000012,247427066.47,2025-07-31,"Program terminated, End date cut short (USAspending)",N/A,N/A,2024-05-01T00:00:00Z,2029-04-30T00:00:00Z,Office of the Administrator,66.959,Greenhouse Gas Reduction Fund Solar for all,EPA-R-HQ-SFA-23-01,Inclusive Prosperity Capital Inc,CT,Hartford,CT-01,Not for Profit,https://www.usaspending.gov/award/ASST_NON_84087901_068/,https://enviro.epa.gov/envirofacts/nggs/report?grantId=84087901,N/A
84088101,Disrupted,Terminated,Solar for All Midwest Tribes,This agreement provides funding under the Inflation Reduction Act The recipient will provide financial and technical assistance to low income and disadvantaged communities to deploy and benefit from residential serving distributed solar energy and storage projects These programs will ensure low income households receive residential distributed solar by providing program beneficiaries household savings community ownership energy resilience and other meaningful benefits Activities Solar projects receiving financial assistance from the recipient may receive assistance for associated energy storage and upgrades that either enable project deployment or maximize the benefits of the project for low income and disadvantaged communities The recipient will also provide project deployment services to enable low income and disadvantaged communities to deploy and benefit from residential solar Outcomes The anticipated deliverables will include steps and milestones to implement the strategies and plans for the Solar for All Program a distribute solar market strategy the financial assistance strategy the project deployment technical assistance strategy and an equitable access and meaningful involvement plan The expected outcomes include climate and air pollution benefits equity and community benefits and market transformation benefits The intended beneficiaries include households in low income and disadvantaged communities Subrecipient No subawards are included in this assistance agreement,62330000,62330000,395406.38,61934593.62,2025-07-31,"Program terminated, End date cut short (USAspending)",N/A,N/A,2024-05-01T00:00:00Z,2029-04-30T00:00:00Z,Office of the Administrator,66.959,Greenhouse Gas Reduction Fund Solar for all,EPA-R-HQ-SFA-23-01,Midwest Tribal Energy Resources Association Inc,WI,Milwaukee,WI-04,Indian Tribe,https://www.usaspending.gov/award/ASST_NON_84088101_068/,https://enviro.epa.gov/envirofacts/nggs/report?grantId=84088101,N/A
84088201,Disrupted,Terminated,South Carolina Solar for All,This agreement provides funding under the Inflation Reduction Act The recipient will provide financial and technical assistance to low income and disadvantaged communities to deploy and benefit from residential serving distributed solar energy and storage projects These programs will ensure low income households receive residential distributed solar by providing program beneficiaries household savings community ownership energy resilience and other meaningful benefits Activities Solar projects receiving financial assistance from the recipient may receive assistance for associated energy storage and upgrades that either enable project deployment or maximize the benefits of the project for low income and disadvantaged communities The recipient will also provide project deployment services to enable low income and disadvantaged communities to deploy and benefit from residential solar Outcomes The anticipated deliverables will include steps and milestones to implement the strategies and plans for the Solar for All Program a distribute solar market strategy the financial assistance strategy the project deployment technical assistance strategy and an equitable access and meaningful involvement plan The expected outcomes include climate and air pollution benefits equity and community benefits and market transformation benefits The intended beneficiaries include households in low income and disadvantaged communities Subrecipient No subawards are included in this assistance agreement,124440000,124440000,20573.27000000002,124419426.73,2025-07-31,"Program terminated, End date cut short (USAspending)",N/A,N/A,2024-05-01T00:00:00Z,2029-04-30T00:00:00Z,Office of the Administrator,66.959,Greenhouse Gas Reduction Fund Solar for all,EPA-R-HQ-SFA-23-01,State Treasurer South Carolina,SC,Columbia,SC-06,State,https://www.usaspending.gov/award/ASST_NON_84088201_068/,https://enviro.epa.gov/envirofacts/nggs/report?grantId=84088201,N/A
84088501,Disrupted,Terminated,Alaska Tribal Solar for All,This agreement provides funding under the Inflation Reduction Act The recipient will provide financial and technical assistance to low income and disadvantaged communities to deploy and benefit from residential serving distributed solar energy and storage projects These programs will ensure low income households receive residential distributed solar by providing program beneficiaries household savings community ownership energy resilience and other meaningful benefits Activities Solar projects receiving financial assistance from the recipient may receive assistance for associated energy storage and upgrades that either enable project deployment or maximize the benefits of the project for low income and disadvantaged communities The recipient will also provide project deployment services to enable low income and disadvantaged communities to deploy and benefit from residential solar Outcomes The anticipated deliverables will include steps and milestones to implement the strategies and plans for the Solar for All Program a distribute solar market strategy the financial assistance strategy the project deployment technical assistance strategy and an equitable access and meaningful involvement plan The expected outcomes include climate and air pollution benefits equity and community benefits and market transformation benefits The intended beneficiaries include households in low income and disadvantaged communities Subrecipient No subawards are included in this assistance agreement,62450000,62450000,189044.2,62260955.8,2025-07-31,"Program terminated, End date cut short (USAspending)",N/A,N/A,2024-05-01T00:00:00Z,2029-04-30T00:00:00Z,Office of the Administrator,66.959,Greenhouse Gas Reduction Fund Solar for all,EPA-R-HQ-SFA-23-01,Dena Nena Henash,AK,Fairbanks,AK-00,Indian Tribe,https://www.usaspending.gov/award/ASST_NON_84088501_068/,https://enviro.epa.gov/envirofacts/nggs/report?grantId=84088501,N/A
84089101,Disrupted,Terminated,Pennsylvania Solar for All Program,This agreement provides funding under the Inflation Reduction Act The recipient will provide financial and technical assistance to low income and disadvantaged communities to deploy and benefit from residential serving distributed solar energy and storage projects These programs will ensure low income households receive residential distributed solar by providing program beneficiaries household savings community ownership energy resilience and other meaningful benefits Activities Solar projects receiving financial assistance from the recipient may receive assistance for associated energy storage and upgrades that either enable project deployment or maximize the benefits of the project for low income and disadvantaged communities The recipient will also provide project deployment services to enable low income and disadvantaged communities to deploy and benefit from residential solar Outcomes The anticipated deliverables will include steps and milestones to implement the strategies and plans for the Solar for All Program a distribute solar market strategy the financial assistance strategy the project deployment technical assistance strategy and an equitable access and meaningful involvement plan The expected outcomes include climate and air pollution benefits equity and community benefits and market transformation benefits The intended beneficiaries include households in low income and disadvantaged communities Subrecipient No subawards are included in this assistance agreement,156120000,156120000,0,156120000,2025-08-07,"Program terminated, End date cut short (USAspending)",N/A,N/A,2024-09-01T00:00:00Z,2029-08-31T00:00:00Z,Office of the Administrator,66.959,Greenhouse Gas Reduction Fund Solar for all,EPA-R-HQ-SFA-23-01,Energy Development Authority,PA,Harrisburg,PA-10,State,https://www.usaspending.gov/award/ASST_NON_84089101_068/,https://enviro.epa.gov/envirofacts/nggs/report?grantId=84089101,N/A
84089201,Disrupted,Terminated,Hopi Tribe Solar for All,This agreement provides funding under the Inflation Reduction Act The recipient will provide financial and technical assistance to low income and disadvantaged communities to deploy and benefit from residential serving distributed solar energy and storage projects These programs will ensure low income households receive residential distributed solar by providing program beneficiaries household savings community ownership energy resilience and other meaningful benefits Activities Solar projects receiving financial assistance from the recipient may receive assistance for associated energy storage and upgrades that either enable project deployment or maximize the benefits of the project for low income and disadvantaged communities The recipient will also provide project deployment services to enable low income and disadvantaged communities to deploy and benefit from residential solar Outcomes The anticipated deliverables will include steps and milestones to implement the strategies and plans for the Solar for All Program a distribute solar market strategy the financial assistance strategy the project deployment technical assistance strategy and an equitable access and meaningful involvement plan The expected outcomes include climate and air pollution benefits equity and community benefits and market transformation benefits The intended beneficiaries include households in low income and disadvantaged communities Subrecipient No subawards are included in this assistance agreement,25120000,25120000,186499,24933501,2025-07-31,"Program terminated, End date cut short (USAspending)",N/A,N/A,2024-05-01T00:00:00Z,2029-04-30T00:00:00Z,Office of the Administrator,66.959,Greenhouse Gas Reduction Fund Solar for all,EPA-R-HQ-SFA-23-01,Hopi Utilities Corporation,AZ,Flagstaff,AZ-02,Indian Tribe,https://www.usaspending.gov/award/ASST_NON_84089201_068/,https://enviro.epa.gov/envirofacts/nggs/report?grantId=84089201,N/A
84089301,Disrupted,Terminated,"Solar For All, Bring Solar Power to the Tribes",This agreement provides funding under the Inflation Reduction Act The recipient will provide financial and technical assistance to low income and disadvantaged communities to deploy and benefit from residential serving distributed solar energy and storage projects These programs will ensure low income households receive residential distributed solar by providing program beneficiaries household savings community ownership energy resilience and other meaningful benefits Activities Solar projects receiving financial assistance from the recipient may receive assistance for associated energy storage and upgrades that either enable project deployment or maximize the benefits of the project for low income and disadvantaged communities The recipient will also provide project deployment services to enable low income and disadvantaged communities to deploy and benefit from residential solar Outcomes The anticipated deliverables will include steps and milestones to implement the strategies and plans for the Solar for All Program a distribute solar market strategy the financial assistance strategy the project deployment technical assistance strategy and an equitable access and meaningful involvement plan The expected outcomes include climate and air pollution benefits equity and community benefits and market transformation benefits The intended beneficiaries include households in low income and disadvantaged communities Subrecipient No subawards are included in this assistance agreement,135580000,135580000,871887,134708113,2025-07-31,"Program terminated, End date cut short (USAspending)",N/A,N/A,2024-05-01T00:00:00Z,2029-04-30T00:00:00Z,Office of the Administrator,66.959,Greenhouse Gas Reduction Fund Solar for all,EPA-R-HQ-SFA-23-01,Three Affiliated Tribes,ND,New Town,ND-00,Indian Tribe,https://www.usaspending.gov/award/ASST_NON_84089301_068/,https://enviro.epa.gov/envirofacts/nggs/report?grantId=84089301,N/A
84090401,Disrupted,Terminated,State of Colorado - Solar For All,This agreement provides funding under the Inflation Reduction Act The recipient will provide financial and technical assistance to low income and disadvantaged communities to deploy and benefit from residential serving distributed solar energy and storage projects These programs will ensure low income households receive residential distributed solar by providing program beneficiaries household savings community ownership energy resilience and other meaningful benefits Activities Solar projects receiving financial assistance from the recipient may receive assistance for associated energy storage and upgrades that either enable project deployment or maximize the benefits of the project for low income and disadvantaged communities The recipient will also provide project deployment services to enable low income and disadvantaged communities to deploy and benefit from residential solar Outcomes The anticipated deliverables will include steps and milestones to implement the strategies and plans for the Solar for All Program a distribute solar market strategy the financial assistance strategy the project deployment technical assistance strategy and an equitable access and meaningful involvement plan The expected outcomes include climate and air pollution benefits equity and community benefits and market transformation benefits The intended beneficiaries include households in low income and disadvantaged communities Subrecipient No subawards are included in this assistance agreement,156120000,156120000,290182.57,155829817.43,2025-07-31,"Program terminated, End date cut short (USAspending)",N/A,N/A,2024-09-01T00:00:00Z,2029-08-31T00:00:00Z,Office of the Administrator,66.959,Greenhouse Gas Reduction Fund Solar for all,EPA-R-HQ-SFA-23-01,Colorado Energy Office,CO,Denver,CO-01,State,https://www.usaspending.gov/award/ASST_NON_84090401_068/,https://enviro.epa.gov/envirofacts/nggs/report?grantId=84090401,N/A
84090501,Disrupted,Terminated,Illinois Solar for All Expansion,This agreement provides funding under the Inflation Reduction Act The recipient will provide financial and technical assistance to low income and disadvantaged communities to deploy and benefit from residential serving distributed solar energy and storage projects These programs will ensure low income households receive residential distributed solar by providing program beneficiaries household savings community ownership energy resilience and other meaningful benefits Subawards are being provided to the Illinois Power Agency to expand the residential single family and multifamily solar sub program and the community solar sub program to community based organizations to provide technical assistance for community engagement for the Bright Neighborhoods pilot project and to local municipalities to implement Solar App for permitting automation Activities Solar projects receiving financial assistance from the recipient may receive assistance for associated energy storage and upgrades that either enable project deployment or maximize the benefits of the project for low income and disadvantaged communities The recipient will also provide project deployment services to enable low income and disadvantaged communities to deploy and benefit from residential solar Outcomes The anticipated deliverables will include steps and milestones to implement the strategies and plans for the Solar for All Program a distribute solar market strategy the financial assistance strategy the project deployment technical assistance strategy and an equitable access and meaningful involvement plan The expected outcomes include climate and air pollution benefits equity and community benefits and market transformation benefits The intended beneficiaries include households in low income and disadvantaged communities Subrecipient No subawards are included in this assistance agreement,156120000,156120000,11535139.92,144584860.08,2025-07-31,"Program terminated, End date cut short (USAspending)",N/A,N/A,2024-05-01T00:00:00Z,2029-04-30T00:00:00Z,Office of the Administrator,66.959,Greenhouse Gas Reduction Fund Solar for all,EPA-R-HQ-SFA-23-01,Illinois Finance Authority,IL,Chicago,IL-07,State,https://www.usaspending.gov/award/ASST_NON_84090501_068/,https://enviro.epa.gov/envirofacts/nggs/report?grantId=84090501,N/A
84090701,Disrupted,Terminated,Michigan Solar For All Program,This agreement provides funding under the Inflation Reduction Act The recipient will provide financial and technical assistance to low income and disadvantaged communities to deploy and benefit from residential serving distributed solar energy and storage projects These programs will ensure low income households receive residential distributed solar by providing program beneficiaries household savings community ownership energy resilience and other meaningful benefits Activities Solar projects receiving financial assistance from the recipient may receive assistance for associated energy storage and upgrades that either enable project deployment or maximize the benefits of the project for low income and disadvantaged communities The recipient will also provide project deployment services to enable low income and disadvantaged communities to deploy and benefit from residential solar Outcomes The anticipated deliverables will include steps and milestones to implement the strategies and plans for the Solar for All Program a distribute solar market strategy the financial assistance strategy the project deployment technical assistance strategy and an equitable access and meaningful involvement plan The expected outcomes include climate and air pollution benefits equity and community benefits and market transformation benefits The intended beneficiaries include households in low income and disadvantaged communities Subrecipient No subawards are included in this assistance agreement,156120000,156120000,222658.62000000023,155897341.38,2025-07-31,"Program terminated, End date cut short (USAspending)",N/A,N/A,2024-05-01T00:00:00Z,2029-04-30T00:00:00Z,Office of the Administrator,66.959,Greenhouse Gas Reduction Fund Solar for all,EPA-R-HQ-SFA-23-01,Michigan Department of Environment Great Lakes and Energy,MI,Lansing,MI-07,State,https://www.usaspending.gov/award/ASST_NON_84090701_068/,https://enviro.epa.gov/envirofacts/nggs/report?grantId=84090701,N/A
84090901,Disrupted,Terminated,North Dakota Solar for All,This amendment is to stop work terminate the agreement reduce performance period duration curtail scope of work and waive certain reporting requirements Administrative terms and conditions are added Per 2 CFR 200 340 and the Termination General Terms and Conditions of this agreement EPA is terminating this award Your organization shall immediately stop work and take all reasonable steps to minimize the incurrence of costs otherwise allocable to the assistance agreement See terms and conditions Activities Solar projects receiving financial assistance from the recipient may receive assistance for associated energy storage and upgrades that either enable project deployment or maximize the benefits of the project for low income and disadvantaged communities The recipient will also provide project deployment services to enable low income and disadvantaged communities to deploy and benefit from residential solar Outcomes The anticipated deliverables will include steps and milestones to implement the strategies and plans for the Solar for All Program a distribute solar market strategy the financial assistance strategy the project deployment technical assistance strategy and an equitable access and meaningful involvement plan The expected outcomes include climate and air pollution benefits equity and community benefits and market transformation benefits The intended beneficiaries include households in low income and disadvantaged communities Subrecipient No subawards are included in this assistance agreement,62450000,62450000,456668.7700000005,61993331.23,2025-07-31,"Program terminated, End date cut short (USAspending)",N/A,N/A,2024-05-01T00:00:00Z,2029-04-30T00:00:00Z,Office of the Administrator,66.959,Greenhouse Gas Reduction Fund Solar for all,EPA-R-HQ-SFA-23-01,Coalition for Green Capital,DC,Washington,DC-98,Not for Profit,https://www.usaspending.gov/award/ASST_NON_84090901_068/,https://enviro.epa.gov/envirofacts/nggs/report?grantId=84090901,N/A
84091401,Disrupted,Terminated,Mississippi Solar for All,This agreement provides funding under the Inflation Reduction Act The recipient will provide financial and technical assistance to low income and disadvantaged communities to deploy and benefit from residential serving distributed solar energy and storage projects These programs will ensure low income households receive residential distributed solar by providing program beneficiaries household savings community ownership energy resilience and other meaningful benefits Activities Solar projects receiving financial assistance from the recipient may receive assistance for associated energy storage and upgrades that either enable project deployment or maximize the benefits of the project for low income and disadvantaged communities The recipient will also provide project deployment services to enable low income and disadvantaged communities to deploy and benefit from residential solar Outcomes The anticipated deliverables will include steps and milestones to implement the strategies and plans for the Solar for All Program a distribute solar market strategy the financial assistance strategy the project deployment technical assistance strategy and an equitable access and meaningful involvement plan The expected outcomes include climate and air pollution benefits equity and community benefits and market transformation benefits The intended beneficiaries include households in low income and disadvantaged communities Subrecipient No subawards are included in this assistance agreement,62450000,62450000,347660.32000000007,62102339.68,2025-07-31,"Program terminated, End date cut short (USAspending)",N/A,N/A,2024-05-01T00:00:00Z,2029-04-30T00:00:00Z,Office of the Administrator,66.959,Greenhouse Gas Reduction Fund Solar for all,EPA-R-HQ-SFA-23-01,Hope Enterprise Corp,MS,Jackson,MS-03,Not for Profit,https://www.usaspending.gov/award/ASST_NON_84091401_068/,https://enviro.epa.gov/envirofacts/nggs/report?grantId=84091401,N/A
84091801,Disrupted,Terminated,Solar for All - HI Financing Program,This agreement provides funding under the Inflation Reduction Act The recipient will provide financial and technical assistance to low income and disadvantaged communities to deploy and benefit from residential serving distributed solar energy and storage projects These programs will ensure low income households receive residential distributed solar by providing program beneficiaries household savings community ownership energy resilience and other meaningful benefits Activities Solar projects receiving financial assistance from the recipient may receive assistance for associated energy storage and upgrades that either enable project deployment or maximize the benefits of the project for low income and disadvantaged communities The recipient will also provide project deployment services to enable low income and disadvantaged communities to deploy and benefit from residential solar Outcomes The anticipated deliverables will include steps and milestones to implement the strategies and plans for the Solar for All Program a distribute solar market strategy the financial assistance strategy the project deployment technical assistance strategy and an equitable access and meaningful involvement plan The expected outcomes include climate and air pollution benefits equity and community benefits and market transformation benefits The intended beneficiaries include households in low income and disadvantaged communities Subrecipient No subawards are included in this assistance agreement,62450000,62450000,51970.320000000414,62398029.68,2025-07-31,"Program terminated, End date cut short (USAspending)",N/A,N/A,2024-05-01T00:00:00Z,2029-04-30T00:00:00Z,Office of the Administrator,66.959,Greenhouse Gas Reduction Fund Solar for all,EPA-R-HQ-SFA-23-01,Hawaii Green Infrastructure Authority,HI,Honolulu,HI-01,State,https://www.usaspending.gov/award/ASST_NON_84091801_068/,https://enviro.epa.gov/envirofacts/nggs/report?grantId=84091801,N/A
84091901,Disrupted,Terminated,Nevada Solar for All,This agreement provides funding under the Inflation Reduction Act The recipient will provide financial and technical assistance to low income and disadvantaged communities to deploy and benefit from residential serving distributed solar energy and storage projects These programs will ensure low income households receive residential distributed solar by providing program beneficiaries household savings community ownership energy resilience and other meaningful benefits Activities Solar projects receiving financial assistance from the recipient may receive assistance for associated energy storage and upgrades that either enable project deployment or maximize the benefits of the project for low income and disadvantaged communities The recipient will also provide project deployment services to enable low income and disadvantaged communities to deploy and benefit from residential solar Outcomes The anticipated deliverables will include steps and milestones to implement the strategies and plans for the Solar for All Program a distribute solar market strategy the financial assistance strategy the project deployment technical assistance strategy and an equitable access and meaningful involvement plan The expected outcomes include climate and air pollution benefits equity and community benefits and market transformation benefits The intended beneficiaries include households in low income and disadvantaged communities Subrecipient No subawards are included in this assistance agreement,156120000,156120000,1733199.53,154386800.47,2025-07-31,"Program terminated, End date cut short (USAspending)",N/A,N/A,2024-05-01T00:00:00Z,2029-04-30T00:00:00Z,Office of the Administrator,66.959,Greenhouse Gas Reduction Fund Solar for all,EPA-R-HQ-SFA-23-01,Nevada Clean Energy Fund,NV,Reno,NV-02,Not for Profit,https://www.usaspending.gov/award/ASST_NON_84091901_068/,https://enviro.epa.gov/envirofacts/nggs/report?grantId=84091901,N/A
84092101,Disrupted,Terminated,Nebraska Solar for All,This agreement provides funding under the Inflation Reduction Act The recipient will provide financial and technical assistance to low income and disadvantaged communities to deploy and benefit from residential serving distributed solar energy and storage projects These programs will ensure low income households receive residential distributed solar by providing program beneficiaries household savings community ownership energy resilience and other meaningful benefits Activities Solar projects receiving financial assistance from the recipient may receive assistance for associated energy storage and upgrades that either enable project deployment or maximize the benefits of the project for low income and disadvantaged communities The recipient will also provide project deployment services to enable low income and disadvantaged communities to deploy and benefit from residential solar Outcomes The anticipated deliverables will include steps and milestones to implement the strategies and plans for the Solar for All Program a distribute solar market strategy the financial assistance strategy the project deployment technical assistance strategy and an equitable access and meaningful involvement plan The expected outcomes include climate and air pollution benefits equity and community benefits and market transformation benefits The intended beneficiaries include households in low income and disadvantaged communities Subrecipient No subawards are included in this assistance agreement,62450000,62450000,452604.43,61997395.57,2025-07-31,"Program terminated, End date cut short (USAspending)",N/A,N/A,2024-05-01T00:00:00Z,2029-04-30T00:00:00Z,Office of the Administrator,66.959,Greenhouse Gas Reduction Fund Solar for all,EPA-R-HQ-SFA-23-01,Center for Rural Affairs,NE,Lyons,NE-03,Not for Profit,https://www.usaspending.gov/award/ASST_NON_84092101_068/,https://enviro.epa.gov/envirofacts/nggs/report?grantId=84092101,N/A
84092201,Disrupted,Terminated,Missouri is proposing a program strategy for enabling distributed solar for low income and disadvantaged communities.,This agreement provides funding under the Inflation Reduction Act The recipient will provide financial and technical assistance to low income and disadvantaged communities to deploy and benefit from residential serving distributed solar energy and storage projects These programs will ensure low income households receive residential distributed solar by providing program beneficiaries household savings community ownership energy resilience and other meaningful benefits Activities Solar projects receiving financial assistance from the recipient may receive assistance for associated energy storage and upgrades that either enable project deployment or maximize the benefits of the project for low income and disadvantaged communities The recipient will also provide project deployment services to enable low income and disadvantaged communities to deploy and benefit from residential solar Outcomes The anticipated deliverables will include steps and milestones to implement the strategies and plans for the Solar for All Program a distribute solar market strategy the financial assistance strategy the project deployment technical assistance strategy and an equitable access and meaningful involvement plan The expected outcomes include climate and air pollution benefits equity and community benefits and market transformation benefits The intended beneficiaries include households in low income and disadvantaged communities Subrecipient No subawards are included in this assistance agreement,156120000,156120000,1121758.68,154998241.32,2025-07-31,"Program terminated, End date cut short (USAspending)",N/A,N/A,2024-05-01T00:00:00Z,2029-04-30T00:00:00Z,Office of the Administrator,66.959,Greenhouse Gas Reduction Fund Solar for all,EPA-R-HQ-SFA-23-01,State Environmental Improvement Energy Resources Authority,MO,Jefferson City,MO-03,State,https://www.usaspending.gov/award/ASST_NON_84092201_068/,https://enviro.epa.gov/envirofacts/nggs/report?grantId=84092201,N/A
84093001,Disrupted,Terminated,Washington State Solar for All,This agreement provides funding under the Inflation Reduction Act The recipient will provide financial and technical assistance to low income and disadvantaged communities to deploy and benefit from residential serving distributed solar energy and storage projects These programs will ensure low income households receive residential distributed solar by providing program beneficiaries household savings community ownership energy resilience and other meaningful benefits Activities Solar projects receiving financial assistance from the recipient may receive assistance for associated energy storage and upgrades that either enable project deployment or maximize the benefits of the project for low income and disadvantaged communities The recipient will also provide project deployment services to enable low income and disadvantaged communities to deploy and benefit from residential solar Outcomes The anticipated deliverables will include steps and milestones to implement the strategies and plans for the Solar for All Program a distribute solar market strategy the financial assistance strategy the project deployment technical assistance strategy and an equitable access and meaningful involvement plan The expected outcomes include climate and air pollution benefits equity and community benefits and market transformation benefits The intended beneficiaries include households in low income and disadvantaged communities Subrecipient No subawards are included in this assistance agreement,156120000,156120000,423088.37,155696911.63,2025-07-31,"Program terminated, End date cut short (USAspending)",N/A,N/A,2024-05-01T00:00:00Z,2029-04-30T00:00:00Z,Office of the Administrator,66.959,Greenhouse Gas Reduction Fund Solar for all,EPA-R-HQ-SFA-23-01,Commerce Washington State Department of,WA,Olympia,WA-10,State,https://www.usaspending.gov/award/ASST_NON_84093001_068/,https://enviro.epa.gov/envirofacts/nggs/report?grantId=84093001,N/A
96229424,Disrupted,Terminated,Environmental Justice Collaborative Problem Solving Cooperative Agreement Program award to Bronx River Alliance Inc,"THIS AGREEMENT PROVIDES FUNDING UNDER THE INFLATION REDUCTION ACT TO THE BRONX RIVER ALLIANCE. THE RECIPIENT WILL TRAIN UNDESERVED, DIVERSE STUDENTS AND RESIDENTS OF THE BRONX AS WELL AS YONKERS AND MOUNT VERNON IN WESTCHESTER COUNTY, NEW YORK ABOUT WATER QUALITY ISSUES AFFECTING THEIR COMMUNITY. THROUGH WATER QUALITY SAMPLING, STUDENTS AND RESIDENTS WILL LEARN ABOUT THE HEALTH OF THEIR LOCAL ECOSYSTEM AND ITS WATER QUALITY. THE PROJECT WILL ENABLE HIRING AN URBAN WATERWAYS ENVIRONMENTAL JUSTICE FELLOW RECRUITED FROM LOCAL COMMUNITIES WHO WILL WORK WITH LOCAL STAKEHOLDERS TO CARRY OUT PATHOGEN WATER QUALITY MONITORING, ADDITIONAL MONITORING OF HIGH POLLUTING OUTFALLS IDENTIFIED THROUGH THE PROJECT, AND EDNA TESTING. DATA REVEALING THE ENVIRONMENTAL HEALTH OF THESE WATERWAYS FOR PEOPLE AND WILDLIFE WILL BE ANALYZED AND VISUALIZED TO BE ACCESSIBLE AND USEFUL TO THE PUBLIC. PUBLIC EDUCATION AND OUTREACH INCLUDING COMMUNITY-BASED MACROINVERTEBRATE STUDIES AND PUBLIC EVENTS WILL TAKE PLACE WITH STAKEHOLDERS IN EACH COMMUNITY TO DISCUSS SOLUTIONS TO REGIONAL WATER QUALITY ISSUES.ACTIVITIES:THE ACTIVITIES INCLUDE PATHOGEN WATER QUALITY MONITORING, ADDITIONAL MONITORING OF HIGH POLLUTING OUTFALLS IDENTIFIED THROUGH THE PROJECT, AND EDNA TESTING. AS WELL AS, PUBLIC EDUCATION AND OUTREACH INCLUDING COMMUNITY-BASED MACROINVERTEBRATE STUDIES AND PUBLIC EVENTS WILL TAKE PLACE WITH STAKEHOLDERS IN EACH COMMUNITY TO DISCUSS SOLUTIONS TO REGIONAL WATER QUALITY ISSUES. THE RECIPIENT WILL USE EDUCATION AND TRAINING TO INCREASE AWARENESS OF HOW CRITICAL ENVIRONMENTAL ISSUES IMPACT THE HEALTH OF RESIDENTS AND THE LOCAL ECOSYSTEM.SUBRECIPIENT:BRONX RIVER ALLIANCE, INC WILL ISSUE SUBAWARDS UNDER THIS COOPERATIVE AGREEMENT. SUBAWARD ACTIVITIES WILL INCLUDE, PROJECT COORDINATION, RECRUITING AND TRAINING VOLUNTEERS ON SAMPLING PROCEDURES, WATER QUALITY MONITORING, DATA ANALYSIS AND PUBLIC OUTREACH AND EDUCATION.

OUTCOMES:THE ANTICIPATED DELIVERABLES INCLUDE PROJECT QAPP APPROVED BY EPA, PATHOGEN SAMPLES COLLECTED AND ANALYZED, DNA SAMPLES COLLECTED AND ANALYZED, COMMUNITY SCIENCE VOLUNTEERS TRAINED, ENGLISH LANGUAGE ONE-PAGERS PRODUCED, 25 TRANSLATED-PAGERS (5 LANGUAGES TOTAL),  OUTREACH EVENTS, PUBLIC MEETINGS, SOCIAL MEDIA POSTS AND A MAINSTREAM MEDIA ARTICLE.
EXPECTED OUTCOMES AND OUTPUTS ARE TO INCREASE COMMUNITY AWARENESS OF THE WATER ISSUES AND THEIR POTENTIAL HEALTH EFFECTS, EDUCATIONAL CONTENT FOR STUDENTS AND COMMUNITY MEMBERS FOR BOTH IN-PERSON AND ONLINE. THE INTENDED BENEFICIARIES FOR THIS PROJECT ARE STUDENTS AND RESIDENTS OF UNDERSERVED COMMUNITIES IN THE BRONX AND WESTCHESTER COUNTIES, NEW YORK.",500000,500000,47433.13,452566.87,2025-03-25,"Program terminated, DOGE, End date cut short (USAspending), Senate committee list",2025-05-22,"Sustainability Institute v. Trump, End date re-extended (USAspending)",2024-02-01T00:00:00Z,2027-01-31T00:00:00Z,Region 2,66.306,Environmental Justice Collaborative Problem Solving Cooperative Agreement Program,EPA-R-OEJECR-OCS-23-01,Bronx River Alliance Inc,NY,Bronx,NY-15,N/A,https://www.usaspending.gov/award/ASST_NON_96229424_068/,N/A,N/A
96272300,Disrupted,Terminated,Environmental and Climate Justice Community Change Grants Program award to Bronx River Alliance Inc,"THIS AGREEMENT PROVIDES FUNDING UNDER THE INFLATION REDUCTION ACT (IRA) TO BRONX RIVER ALLIANCE, INC. SPECIFICALLY, THE PROJECT WILL ESTABLISH A BRONX CLIMATE JUSTICE TASK FORCE COMPOSED OF 10 COMMUNITY ORGANIZATIONS TO AMPLIFY DISADVANTAGED COMMUNITY VOICES IN CLIMATE RESILIENCE PLANNING. THE PROJECT WILL SYNTHESIZE EXISTING HABITAT RESTORATION PLANS, PRIORITIZE CLIMATE RESILIENCE PROJECTS, ENGAGE WITH GOVERNMENT AGENCIES, AND DEVELOP EDUCATIONAL MATERIALS TO FACILITATE COMMUNITY PARTICIPATION IN ENVIRONMENTAL DECISION-MAKING. THROUGH QUARTERLY TASK FORCE MEETINGS, THE CREATION OF A UNIFIED VALUE STATEMENT, AND AT LEAST 24 PUBLIC EVENTS REACHING APPROXIMATELY 2,400 PEOPLE, THE PROJECT WILL ENSURE MEANINGFUL COMMUNITY ENGAGEMENT IN CLIMATE PLANNING. THE TASK FORCE WILL ENGAGE WITH FEDERAL, STATE AND LOCAL AGENCIES THROUGH AT LEAST 4 IN-PERSON MEETINGS, COMPLETE ONE FEASIBILITY STUDY FOR A PRIORITIZED CLIMATE RESILIENCE PROJECT, AND PRODUCE MULTILINGUAL COMMUNICATIONS MATERIALS INCLUDING COMMUNITY VIDEO TESTIMONIALS. THE PROJECT AIMS TO BREAK DOWN SYSTEMIC BARRIERS TO COMMUNITY PARTICIPATION AND ENSURE DISADVANTAGED COMMUNITIES IN THE BRONX HAVE MEANINGFUL INPUT INTO CLIMATE RESILIENCE AND COASTAL ADAPTATION PLANNING DECISIONS, WHILE SUPPORTING PARTNER ORGANIZATIONS IN DEVELOPING AND FUNDING IMPLEMENTATION PROJECTS.ACTIVITIES:THE ACTIVITIES INCLUDE CONVENING A BRONX CLIMATE JUSTICE TASK FORCE TO SYNTHESIZE COMMUNITY INPUT, REVIEW AND COMPILE CLIMATE RESILIENCE PROJECTS FROM THE BRONX RIVER WATERSHED MANAGEMENT PLAN AND OTHER BRONX-BASED PLANS TO ADVANCE THEM TOWARDS DESIGN PHASES, AND ENGAGE WITH GOVERNMENT AGENCIES TO COORDINATE ON THE EVALUATION OF POTENTIAL PROJECTS. BRONX RIVER ALLIANCE WILL ORGANIZE 9 TASK FORCE MEETINGS WITH 8-10 COMMUNITY ORGANIZATIONS, AT LEAST 24 PUBLIC EVENTS (AVERAGE 100 PEOPLE PER EVENT, TOTAL 2,400 PEOPLE ENGAGED), AND 12 TO 16 MEETINGS WITH STATE AND FEDERAL AGENCIES (4-6 EACH YEAR) SUCH AS URBAN WATERS FEDERAL PARTNERSHIP, DEC AIR QUALITY MEETINGS AND UPDATES, CLIMATE JUSTICE WORKING GROUP, AND CLIMATE ACTION COUNCIL.SUBRECIPIENT:THE SUBAWARD RECIPIENTS, AS MEMBERS OF THE BRONX CLIMATE JUSTICE TASK FORCE, WILL PARTICIPATE IN ALL TASK FORCE MEETINGS WITH ROTATING LEADERSHIP RESPONSIBILITIES FOR AGENDA FORMATION, FACILITATION, AND NOTE-TAKING. EACH ORGANIZATION WILL HOLD OR ATTEND 2-3 PUBLIC ENGAGEMENT EVENTS ANNUALLY THROUGH THEIR EXISTING COMMUNITY PROGRAMS SUCH AS THE FISH PARADE, TOWN HALLS, COMMUNITY ROWING EVENTS, AND COMMUNITY ENVISIONING SESSIONS. MEMBERS WILL REVIEW AND PROVIDE FEEDBACK ON EDUCATION AND OUTREACH MATERIALS WHILE CONDUCTING STAKEHOLDER OUTREACH THROUGH SOCIAL MEDIA, EVENTS, AND OTHER CHANNELS. THEY WILL CONTRIBUTE TO DEVELOPING THE VALUE STATEMENT AND EVALUATING/PRIORITIZING POTENTIAL HABITAT RESTORATION AND CLIMATE RESILIENCE PROJECTS, WHILE SUPPORTING FELLOW TASK FORCE MEMBERS IN DEVELOPING AND FUNDING RELATED INITIATIVES. ORGANIZATIONS WILL PARTICIPATE IN MEETINGS AND COMMUNICATIONS WITH OFFICIAL AGENCIES REGARDING CLIMATE CHANGE PLANNING DECISIONS AND ENGAGE WITH FEDERAL, STATE AND LOCAL PLANNING PROCESSES TO ENSURE BRONX VOICES ARE REPRESENTED. MEMBERS WILL ALSO PROVIDE INPUT ON THE FEASIBILITY STUDY FOR A PRIORITIZED CLIMATE RESILIENCE PROJECT. THE SUBAWARDS WILL COVER STAFF TIME AND TRANSPORTATION COSTS RELATED TO THESE PROJECT ACTIVITIES OVER THE THREE-YEAR PERIOD.OUTCOMES:THE ANTICIPATED DELIVERABLES INCLUDE 9 TASK FORCE MEETINGS WITH REPRESENTATION OF 10 COMMUNITY STAKEHOLDER ORGANIZATIONS, 1 VALUE STATEMENT, A SUMMARY OF HABITAT RESTORATION AND CLIMATE CHANGE PROJECTS FROM PREVIOUS PLANNING PROCESSES, AT LEAST 20 PRIORITIZED PROJECTS, MINIMUM OF 4 IN-PERSON MEETINGS WITH AGENCIES, MINIMUM OF 6 WRITTEN AGENCY CORRESPONDENCES, A BRAND MANUAL WITH COMMUNICATIONS MATERIALS (3 PRESS RELEASES, 3 FLYERS WITH 1,000 COPIES EACH, 3 COMMENT LETTER TEMPLATES), 1 INTERACTIVE EDUCATIONAL MODULE WITH VISUAL AIDS AND INFORMATIONAL POSTERS, 30 SOCIAL MEDIA POSTS REACHI",1047647,1047647,37802.72,1009844.28,2025-03-25,"Program terminated, End date cut short (USAspending), Senate committee list",2025-05-20,Sustainability Institute v. Trump,2024-11-01T00:00:00Z,2027-10-31T00:00:00Z,Region 2,66.616,Environmental and Climate Justice Community Change Grants Program,EPA-R-OEJECR-OCS-23-04,Bronx River Alliance Inc,NY,Bronx,NY-15,N/A,https://www.usaspending.gov/award/ASST_NON_96272300_068/,N/A,N/A
95336801,Disrupted,Terminated,Environmental Justice Government to Government Ejg 2 g Program award to City of Baltimore,"THIS COOPERATIVE AGREEMENT PROVIDES FUNDING UNDER THE INFLATION REDUCTION ACT (IRA) FOR THE OPERATION AND EXECUTION OF ACTIVITIES CONDUCTED THROUGH THE CITY OF BALTIMORE TO SUPPORT THE DEPARTMENT OF PUBLIC WORKS YH20 EXPANSION II PROGRAM. THIS AGREEMENT FUNDS ADMINISTRATIVE REQUIREMENTS, TRAININGS, WORKSHOPS, OUTREACH, AND EVENTS, IN SUPPORT OF DECISIVE ACTION TO ADVANCE ENVIRONMENTAL JUSTICE AND CIVIL RIGHTS AND EMBED ENVIRONMENTAL JUSTICE AND CIVIL RIGHTS INTO THE CITY OF BALTIMORE AND ITS PROGRAMS, POLICIES, AND ACTIVITIES.

THESE OBJECTIVES WILL BE MET BY CARRYING OUT THE ACTIVITIES DEFINED IN THE APPROVED GRANT WORKPLAN, BUDGET, AND STATUTORY REQUIREMENTS IDENTIFIED UNDER THE CLEAN AIR ACT: SECTION 138. THE CITIZENS OF BALTIMORE ARE DIRECT BENEFICIARIES OF THIS AGREEMENT.

THIS ACTION PROVIDES A TOTAL OF $324,000.00 IN FEDERAL FUNDS FOR THE BUDGET AND PROJECT PERIOD OF 10/01/2023-09/30/2025.
ACTIVITIES:THE ACTIVITIES TO BE PERFORMED BY THE CITY OF BALTIMORE INCLUDE EDUCATING THE PUBLIC ABOUT THE YH20 EXPANSION II YOUTH INTERNSHIP AND CAREER MENTORING PROGRAM; RECRUITMENT OF TWO 30 PERSON COHORTS; MARKETING THE YH20 PROGRAM BY CREATING FLYERS, POSTERS, AND MOTIVATIONAL MATERIALS WITH COMMUNITY PARTNERS INCLUDING THE MAYOR'S OFFICE OF EMPLOYMENT AND DEVELOPMENT OF BALTIMORE, HOWARD COUNTY, AND BALTIMORE COUNTY. PROGRAM PARTICIPANTS WILL ENGAGE IN VARIOUS HANDS-ON ACTIVITIES INCLUDING WORKSITE TOURS, WORKSHOPS, AND TRAININGS TO DISCUSS AND LEARN THE SKILLS NEEDED TO BE SUCCESSFUL IN THE WATER, WASTEWATER, AND SOLID WASTE INDUSTRIES AND DEVELOP TRANSFERABLE LIFE SKILLS LIKE EMOTIONAL REGULATION AND CONFLICT RESOLUTION. PARTICIPANTS WILL ALSO OBTAIN DRIVERS EDUCATION TRAINING, TRANSPORTATION PASSES, FIELD RELATED ATTIRE, OFFICE SUPPLIES, TABLETS, AND STIPENDS TO ENSURE SUCCESSFUL COMPLETION THROUGHOUT EACH PHASE OF THE PROGRAM. THE CITY OF BALTIMORE WILL ALSO PURCHASE TWO FIFTEEN PASSENGER VANS TO ENSURE SAFE, CONSISTENT, AND RELIABLE TRANSPORTATION FOR ALL PARTICIPANTS. WATER SAMPLING KITS WILL BE PURCHASED TO DEMONSTRATE HOW WATER QUALITY TESTING IS USED TO EDUCATE THE COMMUNITY ON ACCEPTABLE AND EXTREME IMPACTS ON AQUATIC ECOSYSTEMS. EACH COHORT WILL CLOSEOUT BY CELEBRATING THE PARTICIPANTS' SUCCESS WITH A COMMENCEMENT CEREMONY, HONORING CURRENT PARTICIPANTS, ALUMNI, AND SUPPORTERS WITH CERTIFICATES AND CERTIFICATIONS IN COORDINATION WITH THE DEPARTMENT OF PUBLIC WORKS LEADERSHIP, FAMILY, FRIENDS, ELECTED OFFICIALS, AND INDUSTRY LEADERS.SUBRECIPIENT:NO SUBAWARDS ARE INCLUDED IN THIS ASSISTANCE AGREEMENT.OUTCOMES:THE ANTICIPATED DELIVERABLES AND EXPECTED OUTCOMES OF THIS AGREEMENT WITH THE CITY OF BALTIMORE INCLUDE ENGAGEMENT OF THE CITY'S YOUTH AND PARTICIPATING COHORTS; ACCESS TO FIELD RELATED SOFTWARE AND TECHNOLOGY TO DEVELOP COMPUTER LITERACY SKILLS; INTRODUCING AND EDUCATING PARTICIPANTS ON THE WATER, WASTEWATER, AND SOLID WASTE INDUSTRY AND IMPORTANCE OF KEEPING THE ENVIRONMENT CLEAN AND HEALTHY; INCREASING THE CHANCES FOR PARTICIPANTS TO OBTAIN A JOB OR RAISING THEIR SALARY POST INTERNSHIP; GAINING EXPERIENCE WORKING IN LARGE AND SMALL GROUP SETTINGS TO SUPPORT DEVELOPMENT OF TRANSFERABLE LIFE SKILLS SUCH AS EMOTIONAL REGULATION, CONFLICT MEDIATION, SOCIAL-EMOTIONAL SKILLS, AND ATTACHMENT STYLES. 

THE CITIZENS OF BALTIMORE ARE DIRECT BENEFICIARIES OF THIS AGREEMENT.",324000,324000,0,324000,2025-03-25,"Program terminated, DOGE, End date cut short (USAspending), Senate committee list",2025-05-22,"Sustainability Institute v. Trump, End date re-extended (USAspending)",2023-10-01T00:00:00Z,2025-09-30T00:00:00Z,Region 3 (Mid-Atlantic),66.312,Environmental Justice Government to Government Ejg 2 g Program,EPA-R-OEJECR-OCS-23-02,City of Baltimore,MD,Baltimore,MD-07,N/A,https://www.usaspending.gov/award/ASST_NON_95336801_068/,N/A,N/A
00A01441,Disrupted,Terminated,Environmental Justice Government to Government Ejg 2 g Program award to City of New Haven,"THE COOPERATIVE AGREEMENT PROVIDES FUNDING TO THE CITY OF NEW HAVEN. THE RECIPIENT WILL PARTNER WITH LOCAL COMMUNITY-BASED ORGANIZATIONS AND ENGAGE COMMUNITIES WITH A FOCUS ON SIX NEIGHBORHOODS: WEST ROCK/WEST HILLS, NEWHALLVILLE, DIXWELL, THE HILL, FAIR HAVEN, AND ANNEX. THE RECIPIENT WILL DEVELOP A PROGRAM TO REDUCE ENERGY BURDEN AND PROVIDE ENERGY EFFICIENCY ALTERNATIVES TO 50-100 HOUSEHOLDS AND ENROLL UP TO 400 HOUSEHOLDS IN ENERGY COUNSELING PROGRAMS. THROUGH THIS PROJECT, THE CITY OF NEW HAVEN WILL SEEK TO DISTRIBUTE THE BENEFITS OF ENERGY EFFICIENCY CONVERSIONS TO HISTORICALLY UNDERSERVED COMMUNITIES, LOWER GREENHOUSE GAS EMISSIONS AND INDOOR AIR POLLUTION, AND INCREASE RESILIENCE TO CLIMATE CHANGE IMPACTS. THE RECIPIENT WILL EVALUATE THE EFFECTIVENESS OF THE PROPOSED PROJECT WITH YALE UNIVERSITY INCLUDING QUALITATIVE INTERVIEWS AND MONITORING INDOOR AIR QUALITY BEFORE AND AFTER THE ELECTRIFICATION INTERVENTIONS.ACTIVITIES:THIS PROJECT WILL DEVELOP A NEW PROGRAM FOCUSED ON PROVIDING ELECTRIFICATION IMPROVEMENTS TO ENERGY-BURDENED RESIDENTS AND EQUITABLY DISTRIBUTING THE BENEFITS OF ENERGY EFFICIENCY UPGRADES AND COUNSELING TO HISTORICALLY DISADVANTAGED COMMUNITIES IN NEW HAVEN, CONNECTICUT. THROUGH PARTNERSHIP WITH LOCAL COMMUNITY-BASED ORGANIZATIONS (CBOS), THE NEW HAVEN OFFICE OF CLIMATE AND SUSTAINABILITY (OCS) WILL IDENTIFY AND ENGAGE ELIGIBLE HOUSEHOLDS IN THE PROJECT, DESIGN AND COMPLETE ELECTRIFICATION AND DEEP ENERGY EFFICIENCY IMPROVEMENTS, AND QUALIFY RESIDENT PARTICIPATION, PARTICIPANTS' PERCEIVED BENEFITS OF IMPROVEMENTS, AND PUBLIC PERCEPTION OF ELECTRIFICATION. IN ADDITION, THROUGH PARTNERSHIP WITH YALE UNIVERSITY, OCS WILL ASSESS THE PARTICIPANT BENEFITS OF IMPROVEMENTS, QUANTIFY INDOOR AIR QUALITY IMPROVEMENTS AND COLLECT DATA TO IMPROVE AWARENESS OF THE POTENTIAL IMPACTS OF RESIDENTIAL EXPOSURE TO INDOOR AIR POLLUTANTS.  SUBRECIPIENT:THE COMMUNITY ACTION AGENCY OF NEW HAVEN (CAANH) WILL SUPPORT ONE OUTREACH WORKER OVER TWO YEARS TO ASSIST WITH ENROLLING HOUSEHOLDS INTO ENERGY EFFICIENCY PROGRAMS AND ACT AS AN INITIAL POINT OF CONTACT FOR RESIDENTS. THE PRIMARY ROLE OF CAANH IN THE PROJECT IS TO IDENTIFY HOUSEHOLDS WHO ARE ELIGIBLE AND INTERESTED IN PARTICIPATING IN THE PROJECT. CAANH WILL ALSO PARTICIPATE IN UP TO 150 COMMUNITY EVENTS IN COLLABORATION WITH THE CITY OF NEW HAVEN AND JUNTA FOR PROGRESSIVE ACTION (JUNTA) TO CARRY OUT PUBLIC OUTREACH AND ASSIST YALE UNIVERSITY IN CONNECTING WITH 250 COMMUNITY MEMBERS AT THE BEGINNING AND END OF THE 3-YEAR PROJECT. 

JUNTA WILL WORK TO CONNECT LATINE HOUSEHOLDS ELIGIBLE FOR AND INTERESTED IN PARTICIPATING IN THE PROJECT. JUNTA WILL WORK IN COLLABORATION WITH CAANH TO CONTACT HOUSEHOLDS AND PARTICIPATE IN UP TO 150 COMMUNITY ENGAGEMENT EVENTS WITH THE GOAL OF RECRUITING PARTICIPANTS INTERESTED IN ENROLLING IN THE NEIGHBORHOOD HOUSING SERVICES' ENERGY COUNSELING PROGRAM AND CONNECTICUT'S HOME ENERGY SOLUTIONS - INCOME ELIGIBLE (HES-IE) ENERGY EFFICIENCY PROGRAM. TOGETHER, JUNTA AND CAANH WILL AIM TO ENROLL 350-750 PARTICIPANTS. 

NEIGHBORHOOD HOUSING SERVICES OF NEW HAVEN (NHS) WILL WORK TO CONNECT PARTICIPANTS WITH ENERGY EFFICIENCY PROGRAMS AND REBATES, SUPPORT PARTICIPANTS THROUGH THE APPLICATION PROCESS, DESIGN OF ENERGY EFFICIENCY PLANS, AND ENGAGING RELIABLE CONTRACTORS TO INSTALL THE ELECTRIFICATION UPGRADES. NHS WILL PROVIDE COUNSELLING SERVICES TO UP TO 400 HOUSEHOLDS. 

YALE UNIVERSITY WILL CONDUCT 30 INTERVIEWS BEFORE AND AFTER ELECTRIFICATION INTERVENTION. YALE UNIVERSITY WILL ALSO CONDUCT FOCUS GROUPS TO ASSESS WHETHER THE PROJECT HAD A DEMONSTRABLE EFFECT. YALE UNIVERSITY WILL CONDUCT ADDITIONAL EVALUATION AT THE BEGINNING AND END OF THE PROJECT PERIOD TO ASSESS GENERAL CHANGE OF PUBLIC AWARENESS REGARDING AIR QUALITY CONCERNS, ENERGY EFFICIENCY, AND ELECTRIFICATION.  OUTCOMES:IT IS ANTICIPATED THAT THIS PROJECT WILL RESULT IN THE FOLLOWING DELIVERABLES: ENROLLMENT OF UP TO 400 ENERGY-BURDENED HOUSEHOLDS",1000000,1000000,19008.979999999996,980991.02,2025-03-25,"Program terminated, End date cut short (USAspending), Senate committee list",2025-05-22,"Sustainability Institute v. Trump, End date re-extended (USAspending)",2024-07-01T00:00:00Z,2027-06-30T00:00:00Z,Region 1 (New England),66.312,Environmental Justice Government to Government Ejg 2 g Program,EPA-R-OEJECR-OCS-23-02,City of New Haven,CT,New Haven,CT-03,N/A,https://www.usaspending.gov/award/ASST_NON_00A01441_068/,N/A,N/A
00A01479,Disrupted,Terminated,Environmental and Climate Justice Community Change Grants Program award to City of New Haven,"THIS AGREEMENT PROVIDES FUNDING UNDER THE INFLATION REDUCTION ACT (IRA), TO THE CITY OF NEW HAVEN OFFICE OF CLIMATE AND SUSTAINABILITY AND THEIR STATUTORY PARTNER, THE GREATER DWIGHT DEVELOPMENT CORPORATION (GDDC) THE 'PROJECT TEAM.' TOGETHER, THE PROJECT TEAM WILL IMPLEMENT THEIR PROJECT, THE ELM CITY COLLABORATIVE (EC3), TO SUPPORT 14 NEIGHBORHOODS IN NEW HAVEN, DEFINED AS DISADVANTAGED COMMUNITIES BY THE EPA IRA DISADVANTAGED COMMUNITIES MAP, THE 'PROJECT AREA' (WEST RIVER, DWIGHT, EDGEWOOD, BEAVER HILLS, THE HILL, AMITY, WEST ROCK, NEWHALLVILLE, DIXWELL, LONG WHARF, FAIR HAVEN, QUINNIPIAC MEADOWS, FAIR HAVEN HEIGHTS, AND THE ANNEX). SPECIFICALLY, EC3 WILL DEPLOY 4 CONNECTED STRATEGIES ENCOMPASSING 12 PROJECTS THAT ADDRESS 9 EPA CLIMATE AND POLLUTION REDUCTION STRATEGIES. EC3'S 4 STRATEGIES WILL ADDRESS: 1) COMMUNITY INFRASTRUCTURE AND LAND USE, 2) HOUSING, 3) MATERIALS MANAGEMENT, AND 4) TRANSPORTATION. THESE STRATEGIES WILL SUPPORT COMMUNITY ACTION ACROSS THE PROJECT AREA BY MANAGING STORMWATER AND MITIGATING URBAN HEAT, EXPANDING ACCESS TO ZERO-EMISSION TRANSPORTATION, SIGNIFICANTLY REDUCING GREENHOUSE GAS EMISSIONS, AND REDUCING LOCAL FOOD WASTE. EC3'S OUTPUTS WILL STIMULATE THE LOCAL ECONOMY BY TRAINING A GREEN WORKFORCE AND CREATING GREEN JOBS; PROVIDE FUNDING FOR ONGOING ENVIRONMENTAL INITIATIVES FACILITATED BY LOCAL BUSINESSES; REDUCE FINANCIAL, PUBLIC, AND ENVIRONMENTAL IMPACTS IN COMMUNITIES; AND REDUCE UTILITY RATES FOR ENERGY BURDENED HOUSEHOLDS. ACTIVITIES:THE ACTIVITIES INCLUDE: 4 STRATEGIES TO ADDRESS ENVIRONMENTAL AND CLIMATE JUSTICE IN THE 14 NEIGHBORHOODS THROUGH INTEGRATED OUTREACH WITH COMMUNITY-BASED ORGANIZATIONS (CBOS) AND RESIDENT ENGAGEMENT IN THE PROJECT AREA. THE PROJECT TEAM WILL PROMOTE IMPROVED COMMUNITY INFRASTRUCTURE AND LAND USE BY ESTABLISHING CLIMATE RESILIENCE CORRIDORS, CREATING OVER 5,000 FEET OF NEW GREENWAY, AND ENHANCE SOIL AND GROW VEGETATION IN OVER 90 COMMUNITY GARDENS AND GREEN SPACES. THE PROJECT TEAM WILL REVISE CURRENT SITE REQUIREMENTS IN THE CITY'S ZONING ORDINANCE RELATED TO HEAT GENERATION TO BETTER ADDRESS HEAT ISLANDS. THE PROJECT TEAM WILL ADDRESS HOUSING AND ENERGY EFFICIENCY BY ENROLLING RESIDENTS IN THE PROJECT AREA WHO LIVE IN 1-4-UNIT BUILDINGS IN ENERGY EFFICIENCY COUNSELING PROGRAMS AND FACILITATING ENERGY UPGRADES FOR AFFORDABLE HOUSING PROJECTS THROUGH SMALL GRANTS. THE PROJECT TEAM WILL PROMOTE MATERIALS MANAGEMENT BY ENHANCING ACCESS TO HEALTHY FOOD AND ADDRESSING FOOD INSECURITY THROUGH INCREASED FOOD RECOVERY EFFORTS, INCREASING COMMUNITY-BASED COMPOSTING CAPACITY BY ENHANCING FACILITIES, AND SUPPORTING 20 SCHOOLS AND A NETWORK OF CBOS TO IMPLEMENT FOOD RECOVERY, COMPOSTING, ANTI-LITTER, RECYCLING, AND LOCAL PRODUCE PROGRAMS. FINALLY, TO ADDRESS TRANSPORTATION, THE PROJECT TEAM WILL CONDUCT REPAIR CLINICS AND WORKSHOPS TO HELP RESIDENTS MAINTAIN HOUSEHOLD APPLIANCES AND CONSUMER GOODS. IN ADDITION, THEY WILL INCREASE BIKE INFRASTRUCTURE, ACCESS, AND SAFETY EDUCATION. EC3 WILL ALSO CONNECT RESIDENTS TO GREEN JOB OPPORTUNITIES THROUGH CONSTRUCTION AND STUDENT INTERNSHIPS, INCLUDING MINI GRANTS TO STIMULATE GRASSROOTS COMMUNITY ACTION ON CLIMATE AND POLLUTION REDUCTION ACTIONS, CREATING FULL-TIME GREEN JOBS, AND MONITORING LOCAL AIR QUALITY.SUBRECIPIENT:GREATER DWIGHT DEVELOPMENT CORPORATION (GDDC)- RUN THE SMALL BUILDING ENERGY UPGRADES PROGRAM, WHICH WILL RECRUIT 350 BUILDINGS TO RECEIVE COMPREHENSIVE ENERGY ASSESSMENTS. GDDC WILL ALSO OFFER UP TO FOUR GRANTS OF UP TO $100,000 EACH FOR ENERGY UPGRADES AT COMMUNITY DEVELOPMENT CORPORATION SPONSORED NEW OR SUBSTANTIALLY REHABILITATED AFFORDABLE HOUSING PROJECTS. GDDC WILL ALSO OFFER AN ESTIMATED 4-10 MINI GRANTS EACH YEAR (UP TO 30 ACROSS THE GRANT PERIOD) TO GRASSROOTS GROUPS COMMUNITIES STIMULATING COMMUNITY ACTION ON CLIMATE AND POLLUTION REDUCTION. GDDC WILL LEAD ENVIRONMENTAL MONITORING ON AIR QUALITY AND URBAN HEAT IN VARIOUS LOCATIONS THROUGHOU",20000000,20000000,0,20000000,2025-03-25,"Program terminated, End date cut short (USAspending), Senate committee list",2025-05-20,Sustainability Institute v. Trump,2025-04-01T00:00:00Z,2028-03-31T00:00:00Z,Region 1 (New England),66.616,Environmental and Climate Justice Community Change Grants Program,EPA-R-OEJECR-OCS-23-04,City of New Haven,CT,New Haven,CT-03,N/A,https://www.usaspending.gov/award/ASST_NON_00A01479_068/,N/A,N/A
03D03424,Disrupted,Terminated,Environmental Justice Collaborative Problem Solving Cooperative Agreement Program award to Cleanaire North Carolina,"THIS ACTION APPROVES AN AWARD IN THE AMOUNT OF $500,000 TO PROVIDE FUNDING UNDER THE INFLATION REDUCTION ACT (IRA) TO CLEANAIRE NORTH CAROLINA. THE RECIPIENT WILL, IN PARTNERSHIP WITH NORTH MECKLENBURG COMMUNITY-BASED NONPROFIT LETHA'S 1STOP SHOP AND NORTH MECKLENBURG ECONOMIC MOBILITY COLLABORATIVE, WILL ESTABLISH AN AIR MONITORING CLUSTER NETWORK IN FOUR IMPACTED COMMUNITIES ACROSS NORTH MECKLENBURG TO ADDRESS HEALTH IMPACTS ASSOCIATED WITH AIR POLLUTION. THEIR WORK WILL BE FOCUSED ON THE COMMUNITIES OF HUNTINGTON GREEN (HUNTERSVILLE, NC), POTTSTOWN (HUNTERSVILLE, NC), SMITHVILLE (CORNELIUS, NC), AND WEST DAVIDSON (DAVIDSON, NC). RESIDENTS WILL COLLECT AIR QUALITY DATA THROUGH THE CLUSTER NETWORK AND PARTAKE IN CLEANAIRE NORTH CAROLINA'S AIRKEEPER ACADEMY, ENGAGING IN THE HEALTHY AIR EDUCATION SERIES, CLEAN AIR ADVOCACY TRAINING, AND MAPS AND APPS SESSION. CLEANAIRE NORTH CAROLINA WILL ALSO WORK WITH LOCAL COMMUNITY-BASED ORGANIZATIONS, ATRIUM HEALTH, AND THE MECKLENBURG COUNTY HEALTH DEPARTMENT TO TRAIN COMMUNITY HEALTH WORKERS AS LEAD AIRKEEPERS AND CONDUCT A HEALTH IMPACT ASSESSMENT WITH LAKE NORMAN COMMUNITY HEALTH CLINIC, MECKLENBURG COUNTY HEALTH DEPARTMENT, ATRIUM HEALTH AND NORTH CAROLINA STATE UNIVERSITY.ACTIVITIES:THE ACTIVITIES INCLUDE: CLEANAIRE NORTH CAROLINA WILL ESTABLISH AN AIR MONITORING CLUSTER NETWORK IN FOUR IMPACTED COMMUNITIES ACROSS NORTH MECKLENBURG TO ADDRESS HEALTH IMPACTS ASSOCIATED WITH AIR POLLUTION. RESIDENTS WILL COLLECT AIR QUALITY DATA THROUGH THE CLUSTER NETWORK AND PARTAKE IN CLEANAIRE NORTH CAROLINA'S AIRKEEPER ACADEMY, ENGAGING IN THE HEALTHY AIR EDUCATION SERIES, CLEAN AIR ADVOCACY TRAINING, AND MAPS AND APPS SESSION. CLEANAIRE NORTH CAROLINA WILL ALSO WORK WITH LOCAL CBOS, ATRIUM HEALTH, AND THE MECKLENBURG COUNTY HEALTH DEPARTMENT TO TRAIN COMMUNITY HEALTH WORKERS AS LEAD AIRKEEPERS AND CONDUCT A HEALTH IMPACT ASSESSMENT WITH LAKE NORMAN COMMUNITY HEALTH CLINIC, MECKLENBURG COUNTY HEALTH DEPARTMENT, ATRIUM HEALTH AND NORTH CAROLINA STATE UNIVERSITY. SUBRECIPIENT:FOUR SUBAWARDS: LETHA'S 1STOP SHOP WILL MANAGE THE COMMUNITY ENGAGEMENT ACTIVITIES, RECRUIT COMMUNITY SCIENTISTS, KNOWN AS AIRKEEPERS, AND FACILITATE RESIDENTS' PARTICIPATION IN CANC'S AIRKEEPER ACADEMY. AND WILL SERVE AS THE COMMUNITY VOICE FOR THIS INITIATIVE CONNECTING RESIDENTS WITH LOCAL AND STATE AGENCIES, ELECTED OFFICIALS, HEALTH PROFESSIONALS, AND OTHER FAITH-BASED COMMUNITIE; NMEMC WILL RECEIVE A SUB-AWARD FOR ASSISTING WITH ELEMENT 4 OF THE EPA EJCPS MODEL. RECOGNIZING THAT ECONOMIC IMMOBILITY IS A MULTIDETERMINANT PROBLEM, NMEMC HAS ORGANIZED ITS EFFORTS AS A BACKBONE ORGANIZATION AS DESCRIBED BY STANFORD'S CENTER FOR SOCIAL INFORMATION AND HAS DEVELOPED A HEALTH-CENTERED COMMUNITY OF PRACTICE THAT CAN BE LEVERAGED TO ENGAGE IN BUILDING COMMUNITY CAPACITY TO ADDRESS ENVIRONMENTAL INJUSTICE; SUBAWARD FOR POTTSTOWN AND SMITHVILLE COMMUNITY COALITION WILL BRING PEOPLE POWER AND COMMUNITY ORGANIZATION TO THIS GRANT. THEY WILL CONTRIBUTE TO THIS PROJECT BY RECRUITING AIRKEEPERS FROM THEIR COMMUNITY TO HOST LOW-SENSOR AIR MONITORS AND ENCOURAGE RESIDENTS TO ENGAGE IN EDUCATION AND ADVOCACY TRAININGS THROUGH THE AIRKEEPER ACADEMY; AND CATERPILLAR MINISTRIES WILL SUPPORT AND ENGAGE IN THE GRANT, SPECIFICALLY WITH ELEMENT 4: MULTI-STAKEHOLDER PARTNERSHIPS AND LEVERAGING OF RESOURCES. THEY WILL ASSIST LOCAL COMMUNITY-BASED ORGANIZATIONS WITH AIRKEEPER RECRUITMENT AND COMMUNITY ENGAGEMENT IN THE AIRKEEPER ACADEMY COURSES FOR THE HUNTINGTON GREEN COMMUNITY.OUTCOMES:THE ANTICIPATED DELIVERABLES INCLUDE: CLEANAIRE NORTH CAROLINA WILL ESTABLISH AN AIR MONITORING CLUSTER NETWORK IN FOUR IMPACTED COMMUNITIES ACROSS NORTH MECKLENBURG TO ADDRESS HEALTH IMPACTS ASSOCIATED WITH AIR POLLUTION. RESIDENTS WILL COLLECT AIR QUALITY DATA THROUGH THE CLUSTER NETWORK AND PARTAKE IN CLEANAIRE NORTH CAROLINA'S AIRKEEPER ACADEMY, ENGAGING IN THE HEALTHY AIR EDUCATION SERIES, CLEAN AIR ADV",500000,500000,232410.37000000002,267589.63,2025-03-25,"Program terminated, End date cut short (USAspending), Senate committee list",2025-05-22,"Sustainability Institute v. Trump, End date re-extended (USAspending)",2024-03-01T00:00:00Z,2026-02-28T00:00:00Z,Region 4 (Southeast),66.306,Environmental Justice Collaborative Problem Solving Cooperative Agreement Program,EPA-R-OEJECR-OCS-23-01,Cleanaire North Carolina,NC,Charlotte,NC-12,N/A,https://www.usaspending.gov/award/ASST_NON_03D03424_068/,N/A,N/A
03D30824,Disrupted,Terminated,Environmental and Climate Justice Community Change Grants Program award to Sustainability Institute,"THIS ACTION APPROVES FUNDING IN THE AMOUNT OF $11,396,020 UNDER THE INFLATION REDUCTION ACT (IRA) TO THE SUSTAINABILITY INSTITUTE OF SOUTH CAROLINA. SPECIFICALLY, THE PROJECT WILL: PROVIDE FUNDING TO THE SUSTAINABILITY INSTITUTE OF SOUTH CAROLINA ALONG WITH ITS STATUTORY PARTNER, THE CITY OF NORTH CHARLESTON TO REDUCE GREENHOUSE GAS EMISSIONS BY WEATHERIZING AND RETROFITTING EXISTING HOMES; RESTORE A HISTORICALLY BLACK COMMUNITY PREVIOUSLY DISINTEGRATED BY THE CONSTRUCTION OF HIGHWAY 218, AND DEVELOP NEWLY CONSTRUCTED ENERGY EFFICIENT AFFORDABLE HOMES TO BENEFIT DISADVANTAGED PERSONS IN THE UNION HEIGHTS COMMUNITY IN NORTH CHARLESTON; AND CREATE TRAINING AND WORKFORCE PROGRAMS TO TRAIN COMMUNITY MEMBERS IN ENVIRONMENTAL JUSTICE AND PREPARATION FOR ENVIRONMENTAL JUSTICE JOBS.


ACTIVITIES:THE ACTIVITIES TO BE PREFORMED INCLUDE: REPAIRING, WEATHERIZING, FORTIFYING AND UPGRADING THE ENERGY EFFICIENCY AND RESILIENCE OF FIFTY (50) EXISTING HOMES TO REDUCE GREENHOUSE GAS EMISSIONS THAT WILL RESULT IN IMPROVED HEALTH OUTCOMES FOR FAMILIES; PROJECT 218 - DEVELOPING 2.77 ACRES OF LAND FORMERLY OCCUPIED BY EXIT 218 TO PILOT A NEW PARADIGM FOR ENERGY EFFICIENT/ZERO-ENERGY HOUSING CONSTRUCTION AND AFFORDABLE, RESILIENT DEVELOPMENT BY CONSTRUCTING 10 SINGLE-FAMILY 'GREEN' HOMES, WITH LAND TO BE TRANSFERRED TO AND OPERATED BY A COMMUNITY-BASED LAND TRUST; CONSTRUCTING ONE 'SHOWCASE' HOME THAT WILL BE USED FOR PURPOSES OF COMMUNITY DEMONSTRATION, OUTREACH, AND EDUCATION, AND WILL SHOWCASE ZERO-ENERGY, HEALTHY, RESILIENT AND LOW-CARBON TECHNOLOGIES; EXPANDING ECONOMIC OPPORTUNITY - PARTICULARLY FOR THE NEXT GENERATION OF CLIMATE WORKERS AND LEADERS - BY HARNESSING A LONG-STANDING AND ACCREDITED AMERICORPS WORKFORCE TRAINING AND SERVICE-LEARNING PROGRAM FOCUSED ON CLIMATE-RELATED JOBS; AND PROVIDING OPPORTUNITIES FOR COMMUNITY RESIDENTS TO BECOME SKILLFULLY ENGAGED AND DRIVE THE SHAPING OF THE COMMUNITY'S FUTURE THROUGH INVESTMENTS IN LEADERSHIP DEVELOPMENT AND TRAINING.

SUBRECIPIENT:ACTIVITIES TO BE IMPLEMENTED THROUGH SUBAWARDS INCLUDE BUT ARE NOT LIMITED TO THE FOLLOWING:  HOME ENERGY RETROFITS, SHOW CASE HOUSING, WORKFORCE TRAINING, COMMUNITY ENGAGEMENT AND LEADERSHIP TRAINING, GREEN INFRASTRUCTURE AND NATURE-BASED SOLUTIONS.
OUTCOMES:THE ANTICIPATED DELIVERABLES INCLUDE 50 WEATHERIZED, ENERGY EFFICIENT EXISTING HOMES AND CONSTRUCTING A TOTAL OF 30 NEWLY CONSTRUCTED ENERGY EFFICIENT HOMES; HOSTING TRAININGS AND WORKSHOPS IN ENVIRONMENTAL JUSTICE TO EDUCATE COMMUNITY MEMBERS AND PREPARE THEM FOR THE ENVIRONMENTAL JUSTICE WORKFORCE: INSTALLED PERVIOUS PAVING, PLANTED NATIVE PLANTS, TREES, INSTALLED RAIN COLLECTION DEVICES, AND CONSTRUCTED RAIN GARDENS. THE EXPECTED OUTCOMES INCLUDE LESS OUTDOOR AND INDOOR POLLUTION IN THE UNION HEIGHTS COMMUNITY, IMPROVED HEALTH OUTCOMES OF THE COMMUNITY, AND LOWER ENERGY BURDENS AS A RESULT OF THIS PROJECT. THE INTENDED BENEFICIARIES ARE DISADVANTAGED COMMUNITIES.",11396020,11396020,145008.85,11251011.15,2025-03-25,"Program terminated, End date cut short (USAspending), Senate committee list",2025-05-20,Sustainability Institute v. Trump,2025-01-01T00:00:00Z,2027-12-31T00:00:00Z,Region 4 (Southeast),66.616,Environmental and Climate Justice Community Change Grants Program,EPA-R-OEJECR-OCS-23-04,Sustainability Institute,SC,North Charleston,SC-06,N/A,https://www.usaspending.gov/award/ASST_NON_03D30824_068/,N/A,N/A
03D33625,Disrupted,Terminated,Environmental and Climate Justice Community Change Grants Program award to West Anniston Foundation,"THIS AGREEMENT PROVIDES FUNDING IN THE AMOUNT OF $2,596,592 UNDER THE INFLATION REDUCTION ACT (IRA) TO WEST ANNISTON FOUNDATION, ALABAMA.  SPECIFICALLY, THE PROJECT WILL EMPOWER YOUNG ADULTS IN THE COMMUNITY TO HAVE AGENCY IN SHAPING THE FUTURE OF THEIR COMMUNITY THROUGH THREE INTERCONNECTED TRACKS: EDUCATION, COMMUNITY ENVIRONMENTAL HEALTH ASSESSMENTS, AND ESTABLISHING A COMMUNITY-DRIVEN LEADERSHIP TEAM.
ACTIVITIES:THE ACTIVITIES INCLUDE: 1) EDUCATION, TRAINING AND WORKSHOPS; 2) CONDUCT COMMUNITY ENVIRONMENTAL HEALTH ASSESSMENTS; AND 3) ESTABLISH A COMMUNITY-DRIVEN LEADERSHIP TEAM TO IMPROVE ENGAGEMENT WITH DECISION MAKERS.

SUBRECIPIENT:ACTIVITIES TO BE IMPLEMENTED THROUGH SUBAWARDS INCLUDE BUT ARE NOT LIMITED TO LEADING A COMMUNITY ENVIRONMENTAL HEALTH ASSESSMENT DEVELOPED IN COLLABORATION WITH COMMUNITY MEMBERS, YES4EJ AMBASSADORS, AND THE STATUTORY PARTNERS. OUTCOMES:THE ANTICIPATED DELIVERABLES INCLUDE: 1) AT LEAST 300 INDIVIDUALS PARTICIPATED IN THE ENVIRONMENTAL EDUCATION, TRAINING OR WORKSHOPS OVER THREE YEARS; 2) A MINIMUM OF 10 PARTICIPANTS COMMIT TO SERVE AS AMBASSADORS FOR TWO YEARS; 3)  A MINIMUM OF 8 COMMUNITY WORKSHOPS; 4) AT LEAST SIX COMMUNITY MEMBERS WILL TRAIN AND TAKE THE EXAM FOR ACCREDITATION AS JUST COMMUNITIES PRACTITIONERS AND LEED (LEADERSHIP IN ENERGY AND ENVIRONMENTAL DESIGN) GREEN ASSOCIATE; 5) AT LEAST 30 INDIVIDUALS WILL CONTRIBUTE TO THE COMMUNITY ENVIRONMENTAL HEALTH ASSESSMENTS; 6) A COMMUNITY BENEFITS PLAN AND MODEL COMMUNITY BENEFITS AGREEMENT WILL BE DRAFTED BY THE LEADERSHIP TEAM. THE EXPECTED OUTCOMES INCLUDE: INCREASED INVOLVEMENT OF COMMUNITY MEMBERS IN LOCAL, STATE, FEDERAL, AND OTHER ENVIRONMENTAL PUBLIC ENGAGEMENT ACTIVITIES, INCREASED KNOWLEDGE OF ENVIRONMENTAL PUBLIC PROCESSES, INCREASED TRUST BETWEEN COMMUNITY MEMBERS AND GOVERNMENT ENTITIES. THE INTENDED BENEFICIARIES ARE DISADVANTAGED COMMUNITIES.",2596592,2596592,0,2596592,2025-03-25,"Program terminated, End date cut short (USAspending), Senate committee list",2025-05-20,Sustainability Institute v. Trump,2025-03-01T00:00:00Z,2028-02-29T00:00:00Z,Region 4 (Southeast),66.616,Environmental and Climate Justice Community Change Grants Program,EPA-R-OEJECR-OCS-23-04,West Anniston Foundation,AL,Anniston,AL-03,N/A,https://www.usaspending.gov/award/ASST_NON_03D33625_068/,N/A,N/A
00E05005,Disrupted,Terminated,Environmental and Climate Justice Community Change Grants Program award to City of Madison,"THIS AGREEMENT PROVIDES FUNDING UNDER THE INFLATION REDUCTION ACT (IRA) TO CITY OF MADISON. SPECIFICALLY, THE PROJECT WILL ADDRESS ENERGY JUSTICE HEAD ON AND IMPLEMENTING EQUITABLE
RESIDENTIAL ENERGY EFFICIENCY AND WORKFORCE TRAINING PROGRAMS TAILORED TO AND DELIVERING MEANINGFUL BENEFITS FOR DISADVANTAGED COMMUNITIES IN MADISON. THE PROJECT WILL SERVE 61 CENSUS BLOCK GROUPS DESIGNATED AS DISADVANTAGED ON THE EPA IRA DISADVANTAGED COMMUNITIES MAP. THESE DISADVANTAGED BLOCK GROUPS CORRESPOND TO 10 CITY OF MADISON NEIGHBORHOODS - WEXFORD RIDGE, PARK EDGE-PARK RIDGE, HAMMERSLEY THERESA, BALSAM RUSSET ROAD, MEADOWOOD, UNIVERSITY AVENUE STUDENT HOUSING, TENNEY LAPHAM, MARQUETTE, SHERMAN, SHERIDAN TRIANGLE, BRENTWOOD NORTHPORT CORRIDOR, CARPENTER RIDGEWAY, DARBO-WORTHINGTON, EAST TOWN-BURKE HEIGHTS - AND 3 NEIGHBORHOODS SHARED BY THE CITY OF MADISON AND CITY OF FITCHBURG, INCLUDING ALLIED-DUNN'S MARSH, ARBOR HILLS-LEOPOLD, AND PARK STREET-FISH HATCHERY.
ACTIVITIES:- THE PROJECT WILL TRAIN AND LEAD A CBO AMBASSADOR NETWORK TO COLLABORATIVELY PROVIDE OUTREACH AND EDUCATION TO RESIDENTS AND HOUSING OWNERS IN THE DISADVANTAGED COMMUNITIES SERVED BY THIS PROJECT.
= THIS PROJECT WILL PROVIDE FREE ENERGY-EFFICIENCY AND HEALTHY HOME UPGRADES TO BOTH SINGLE- AND MULTI-FAMILY HOUSING SERVING LOW-INCOME RESIDENTS IN MADISON'S DISADVANTAGED NEIGHBORHOODS.
- THIS PROJECT WILL PROVIDE WORKFORCE TRAINING THROUGH OPERATION FRESH START'S BUILD ACADEMY AND CLIMATE CORPS PROGRAMS.

SUBRECIPIENT:PROJECT HOME WILL SERVE ON THE LEADERSHIP TEAM (TASK 1) AND LEAD IMPLEMENTATION OF WEATHERIZATION AND HEALTHY HOME UPGRADES TO 50 SINGLE-FAMILY HOMES PER YEAR.

SUSTAIN DANE WILL SERVE ON THE LEADERSHIP TEAM (TASK 2) AND LEAD IMPLEMENTATION OF ENERGY EFFICIENCY AND HEALTHY HOME UPGRADES TO 135 MULTI-FAMILY BUILDINGS (675 UNITS) THROUGH THEIR EFFICIENCY NAVIGATOR PROGRAM.

OPERATION FRESH START WILL SERVE ON THE LEADERSHIP TEAM (TASK 1) AND LEAD IMPLEMENTATION OF GREEN WORKFORCE TRAINING.

URBAN TRIAGE WILL SERVE ON THE PROJECTS LEADERSHIP TEAM (TASK 1) AND IMPLEMENT COMMUNITY ENGAGEMENT.OUTCOMES:LOWER ENERGY USAGE BY 20% OR MORE IN 285 RESIDENTIAL BUILDINGS (825 UNITS); COMPLETE 295 OR MORE ENERGY AUDITS AND HOME HEALTH ASSESSMENTS; 
WEATHERIZATION (AIR SEALING AND INSULATION) COMPLETED ON 150 SINGLE FAMILY HOMES AND 675 MULTIFAMILY UNITS; ELECTRIFICATION AND HVAC UPGRADES COMPLETED ON 75 SINGLE FAMILY HOMES AND 50 OR MORE MULTIFAMILY UNITS (10 BUILDINGS); THE INTENDED BENEFICIARIES ARE DISADVANTAGED COMMUNITIES.60 TRAINEES COMPLETE BUILD ACADEMY TRAINING;36 TRAINEES COMPLETE CLIMATE CORPS TRAINING;  WEATHERIZATION (AIR SEALING AND INSULATION) COMPLETED ON 150 SINGLE FAMILY HOMES AND 675 MULTIFAMILY UNITS. ELECTRIFICATION AND HVAC UPGRADES COMPLETED ON 75 SINGLE FAMILY HOMES AND 50 OR MORE MULTIFAMILY UNITS (10 BUILDINGS); 
OUTCOMES: REDUCED ENERGY BURDEN FOR RESIDENTS OF UPGRADED HOMES (CALCULATED FROM ENERGY BILLS); REDUCTION IN GREENHOUSE GAS EMISSIONS FROM REDUCTION IN FOSSIL FUEL USE (CALCULATED USING EPA GHG EQUIVALENCIES CALCULATOR); REDUCED COMBUSTION OF FOSSIL FUELS RESULTING IN IMPROVED INDOOR AIR QUALITY DUE TO REDUCTION IN CO2, VOLATILE ORGANIC COMPOUNDS, AND PARTICULATE MATTER (CALCULATED FROM INDOOR AIR QUALITY TESTING IN A SAMPLE OF UNITS); INCREASED BUSINESS OPPORTUNITIES FOR DISADVANTAGED CONTRACTORS AND OTHER LOCAL CONTRACTORS (MEASURED BY NUMBER OF MINORITY/WOMEN/VETERAN OWNED BUSINESS ENGAGED THROUGH THE PROGRAM); IMPROVED JOB OPPORTUNITIES FOR TRAINEES INCLUDING OPPORTUNITIES TO WORK WITH PARTICIPATING CONTRACTORS AND/OR ENTER APPRENTICESHIP PROGRAMS (MEASURED BY NUMBER OF TRAINEES THAT OBTAIN JOBS OR ENTER APPRENTICESHIP PROGRAMS); REDUCED COMBUSTION OF FOSSIL FUELS RESULTING IN IMPROVED INDOOR AIR QUALITY DUE TO REDUCTION IN CO2, VOLATILE ORGANIC COMPOUNDS, AND PARTICULATE MATTER (CALCULATED FROM INDOOR AIR QUALITY SAMPLING ON SAMPLE NUMBER OF UNITS); IMPROVED COMFORT FROM WEATHERIZA",20232335,20232335,1210706.01,19021628.99,2025-03-25,"Program terminated, End date cut short (USAspending), Senate committee list",N/A,N/A,2024-12-01T00:00:00Z,2027-11-30T00:00:00Z,Region 5,66.616,Environmental and Climate Justice Community Change Grants Program,EPA-R-OEJECR-OCS-23-04,City of Madison,WI,Madison,WI-02,N/A,https://www.usaspending.gov/award/ASST_NON_00E05005_068/,N/A,N/A
97T28301,Disrupted,Terminated,Environmental and Climate Justice Community Change Grants Program award to Leadership Counsel for Justice and Accountability,"THIS AGREEMENT PROVIDES FUNDING UNDER THE INFLATION REDUCTION ACT (IRA) TO THE LEADERSHIP COUNSEL FOR JUSTICE AND ACCOUNTABILITY. SPECIFICALLY, THE PROJECT WILL HELP COMMUNITIES CHARACTERIZED A 'DISADVANTAGED UNINCORPORATED COMMUNITIES (DUC)' BY CONNECTING THEM TO DECISION-MAKING VENUES WHERE THEY CAN SHARE NEEDS, SUPPORT GOVERNMENT AGENCIES WITH ENACTING AND IMPLEMENTING POLICIES, AND INVESTING IN CLIMATE RESILIENCE WITH IN SERVING COMMUNITIES.

THIS AGREEMENT PROVIDES FULL FEDERAL FUNDING IN THE AMOUNT OF $3,058,750. REFER TO TERMS AND CONDITIONS. 


ACTIVITIES:THE ACTIVITIES FOR THIS PROJECT INCLUDE FACILITATE ENGAGEMENT OF DUCS IN PUBLIC PROCESSES BY (1) BUILDING THE CAPACITY OF COMMUNITY RESIDENTS TO PARTICIPATE IN DECISION-MAKING, AND (2) BUILDING RELATIONSHIPS AND CAPACITY BETWEEN RESIDENTS AND RELEVANT GOVERNMENT STAFF THROUGH ENSURING COMMUNITY IN THE DEVELOPMENT AND IMPLEMENTATION OF PLANS AND PROGRAMS. THESE OBJECTIVES WILL BE CENTERED AROUND NEEDS UPLIFTED BY RESIDENTS OF DUCS IN THE SJV REGARDING CLIMATE JUSTICE. 



SUBRECIPIENT:THE SUBAWARDS ARE PART OF A COLLABORATIVE OF COMMUNITY-BASED ORGANIZATIONS THAT WILL EDUCATE RESIDENTS ABOUT LOCAL PLANNING PROCESSES AND STATE-LEVEL FUNDING PROGRAMS THAT IMPACT EXTREME HEAT AND OTHER CLIMATE VULNERABILITIES IN THEIR COMMUNITIES AND SUPPORT THEIR DIRECT ENGAGEMENT IN THOSE PROCESSES. SPECIFIC ACTIVITIES INCLUDE CAPACITY-BUILDING, EDUCATIONAL TRAININGS, AND OTHER SUPPORT FOR RESIDENTS' DIRECT PARTICIPATION IN CLIMATE RESILIENCE DECISION-MAKING PROCESSES HELD AT IN-PERSON COMMUNITY MEETINGS IN EACH COMMUNITY TO DEVELOP, ALIGN AND IMPLEMENT PROJECT PLANS THAT PROVIDE MULTIPLE BENEFITS TO THE TARGET COMMUNITIES. THE SSUBAWARDEE ARE LISTED BELOW.
CENTRAL CALIFORNIA ENVIRONMENTAL JUSTICE NETWORK WILL RECEIVE $600,000	
CENTER ON RACE, POVERTY AND THE ENVIRONMENT WILL RECEIVE $500,000	
FRESNO BUILDING HEALTHY COMMUNITIES WILL RECEIVE $350,000	
JAKARA MOVEMENT WILL RECEIVE $400,000	
OUTCOMES:THE ANTICIPATED DELIVERABLES FOR ACTIVITY 1 INCLUDE: NUMBER OF COMMUNITY MEETINGS ON CAPACITY BUILDING ON PLANS AND PROCESSES TO ADDRESS CRITICAL GAPS IN CLIMATE RESILIENCE (150); NUMBER OF RESIDENTS WHO ATTEND COMMUNITY MEETINGS FOCUSED ON EDUCATION AND CAPACITY-BUILDING RELATING TO CLIMATE RESILIENCE PLANS AND PROCESSES (500); NUMBER OF CROSS-COMMUNITY CAPACITY BUILDING WORKSHOPS HOSTED BY SJVCJC PARTNERS (6 WORKSHOPS, 250 DISTINCT RESIDENTS ENGAGED); AND NUMBER OF HOUSEHOLDS REACHED THROUGH DOOR-TO-DOOR CANVASSING, TEXTING, PHONE CALLS, AND POP-UP COMMUNITY EVENTS (1,500).

THE ANTICIPATED DELIVERABLES FOR ACTIVITY 2 INCLUDE: NUMBER OF COMMUNITY RESIDENTS DIRECTLY ENGAGED WITH LOCAL GOVERNMENTAL STAFF TO ADVANCE THE CLIMATE RESILIENCE OF THEIR COMMUNITIES (300); NUMBER OF MEETINGS BETWEEN COMMUNITY RESIDENTS AND LOCAL GOVERNMENT STAFF TO ADVANCE THEIR CLIMATE RESILIENCE GOALS (50); NEW LOCAL POLICIES DEVELOPED IN RESPONSE TO COMMUNITY ENGAGEMENT IN DECISION- MAKING PROCESSES (E.G., POLICIES IN PLANNING DOCUMENTS THAT ADDRESS THE OBJECTIVES OF THIS PROPOSAL) (30); AND NUMBER OF STATE GUIDELINE DOCUMENTS AMENDED OR DEVELOPED TO INCORPORATE PRIORITIZATION OF DUCS.

THE EXPECTED OUTCOMES FOR ACTIVITY 1 INCLUDE: INCREASED UNDERSTANDING OF RESIDENTS FROM DUCS IN THE SJV OF HOW TO ENGAGE IN RELEVANT GOVERNMENTAL PROCESSES (YEARS 1-3); INCREASED ENGAGEMENT BY DUC RESIDENTS IN COMMUNITY MEETINGS AND OTHER LOCAL PROCESSES (YEARS 1-3); AND INCREASED PARTICIPATION BY DUC RESIDENTS IN LOCAL, REGIONAL, AND STATE LEVEL DECISION MAKING PROCESSES (YEARS 2-3).

 THE EXPECTED OUTCOMES FOR ACTIVITY 2 INCLUDE: STRENGTHENED RELATIONSHIPS BETWEEN DUC RESIDENTS AND LOCAL, REGIONAL, AND STATE GOVERNMENTAL STAFF ON CLIMATE JUSTICE (YEARS 1-3); INCREASED ACCOUNTABILITY OF DECISION MAKERS TO DUCS DUE TO INCREASED COMMUNITY ENGAGEMENT IN DECISION-MAKING PROCESSES (YEARS 1-3); IMPROVED TRANSPARENCY AND COMMUNITY ENGAGEMENT IN GOVERNMENT PROCESSES THAT ARE ACCESSIBLE TO RESIDENT",3058750,3058750,999999,2058751,2025-02-05,"Program terminated, End date cut short (USAspending), Senate committee list",2025-05-20,Sustainability Institute v. Trump,2025-01-01T00:00:00Z,2028-02-29T00:00:00Z,Region 9 (Pacific Southwest),66.616,Environmental and Climate Justice Community Change Grants Program,EPA-R-OEJECR-OCS-23-04,Leadership Counsel for Justice and Accountability,CA,Fresno,CA-21,N/A,https://www.usaspending.gov/award/ASST_NON_97T28301_068/,N/A,N/A
97T28901,Disrupted,Terminated,Environmental and Climate Justice Community Change Grants Program award to Earth Island Institute Inc,"THIS AGREEMENT PROVIDES FUNDING UNDER THE INFLATION REDUCTION ACT (IRA) TO EARTH ISLAND INSTITUTE.  SPECIFICALLY, THE PROJECT WILL IMPLEMENT DATA AND SCIENCE DRIVEN PROGRAMS FOR ENVIRONMENTAL SUSTAINABILITY AND COMMUNITY WELL-BEING TO RESIDENTS OF WAI'ANAE. THE WORK WILL BE FOCUSED ON HARNESSING TRADIONAL KNOWLEDGE AND MODERN TECHNOLOGY TO FOSTER AND DEVELOP INTERGENERATIONAL LEARNING AND ENVIRONMENTAL UNDERSTANDING TO HELP INFORM GOVERNMENT DECISION-MAKING AT THE FEDERAL, STATE, AND LOCAL LEVELS. THE PROJECT WILL DEVELOP AND CREATE EDUCATIONAL ACTIVITIES, TOOLS, WORKSHOPS AND COMMUNITY GATHERINGS TO FURTHER THIS GOAL AND EMPOWER THE RESIDENTS OF WAI'ANAE TO PROMOTE A SUSTAINABLE FUTURE. 

THIS ASSISTANCE AGREEMENT PROVIDES FULL FEDERAL FUNDING IN THE AMOUNT OF $3,073,914. SEE TERMS AND CONDITIONS.
ACTIVITIES:THE ACTIVITIES INCLUDE CREATION AND TRAINING OF AN ENVIRONMENTAL ADVISORY COUNCIL OF NATIVE HAWAIIAN LEADERS, IMPLEMENTATION OF A CITIZEN SCIENCE PROGRAM THAT INCLUDES TRAINING AND EMPOWERING RESIDENTS TO CONDUCT SIMPLE ENVIRONMENTAL MONITORING ASSESSMENTS, AND ESTABLISH WORKSHOPS TO DISSEMINATE KNOWLEDGE FROM ELDERS TO CHILDREN, FOSTERING A SENSE OF COMMUNITY. IN ADDITION TO THESE ACTIVITIES, THE PROJECT ALSO PLANS TO IMPLEMENT A COMMUNITY HEALTH ASSESSMENT OF NATIVE HAWAIIANS IN WAIA'NAE.

SUBRECIPIENT:A SUBAWARD TO KINGDOM PATHWAYS ($2,040,679) WILL FOCUS ON COMMUNITY ENGAGEMENT ACTIVITIES, INCLUDING COMMUNITY MEETINGS (LIVE AND ONLINE), SURVEYS, INFORMATIONAL INTERVIEWS, SEMINARS, WORKSHOPS AND OTHER OUTREACH METHODS. KINGDOM PATHWAYS WILL HIRE 21 FULL AND PART TIME STAFF FROM THE COMMUNITY TO ACHIEVE THE GOALS OF THE HULIAU O WAI'ANAE.OUTCOMES:THE ANTICIPATED DELIVERABLES INCLUDE EDUCATIONAL WORKSHOPS, TRAINING SESSIONS THAT INFORM ON ENVIRONMENTAL EDUCATION, ADVOCACY AND CITIZEN SCIENCE. CITIZEN SCIENCE PROGRAMS WILL ENGAGE RESIDENTS IN AIR AND WATER QUALITY MONITORING. THE PROJECT WILL ALSO AWARD FELLOWSHIPS TO FOSTER INTERGENERATIONAL COLLABORATION AND KNOWLEDGE SHARING BETWEEN THE ELDERS OF THE COMMUNITY AND THE YOUNGER GENERATION OF CITIZEN SCIENTISTS.
THE EXPECTED OUTCOMES INCLUDE AN IMPROVEMENT WATER AND AIR QUALITY INDICATORS, REDUCE HEALTH ISSUES RELATED TO ENVIRONMENTAL FACTORS, AND PROMOTE A HIGHER LEVEL OF COMMUNITY ENGAGEMENT IN ENVIRONMENTAL AND SUSTAINABLE EDUCATION. 

THE INTENDED BENEFICIARIES ARE DISADVANTAGED COMMUNITIES.",3073914,3073914,0,3073914,2025-03-25,"Program terminated, End date cut short (USAspending), Senate committee list",2025-05-20,Sustainability Institute v. Trump,2025-01-01T00:00:00Z,2027-12-31T00:00:00Z,Region 9 (Pacific Southwest),66.616,Environmental and Climate Justice Community Change Grants Program,EPA-R-OEJECR-OCS-23-04,Earth Island Institute Inc,CA,Berkeley,CA-12,N/A,https://www.usaspending.gov/award/ASST_NON_97T28901_068/,N/A,N/A
84068101,Disrupted,Terminated,Environmental Monitoring and Remediation Technology Assessment Initiative (EMRTAI),EPA is soliciting applications from qualified non profit entities that have an interest and experience in conducting assessments or tests of new or existing environmental monitoring and remediation technologies for identifying and recovering critical minerals CMs at contaminated legacy mining sites Applicants must have the ability and knowledge to conduct assessment testing and quality assurance support for new SBIR Phase 2 and 3 and commercial environmental monitoring and remediation technologies Ability and knowledge can be illustrated in a number of ways including but not limited to having conducted the same or similar activities in the past as those described here Familiarity with Federal cooperative agreement or grant operation and management would also be helpful for applicants to highlight Displaying and describing productivity under these or other Federal agreements would also benefit in the solicitation process Activities Activities and responsibilities of the recipient must include bull Establishing a stakeholder group and technical panels to help in prioritizing technical monitoring and recovery needs i e categories of technology to assess and or test bull Developing and submitting a Scientific Data Management Plan SDMP see Section I F and IV D 6 and a post award Initiative Quality Management Plan QMP and operating the Initiative in accordance with their QMP bull Providing outreach workshops bull Preparing and developing technology testing protocols that include stakeholder needs bull Developing performance metrics for assessing and testing new or existing technologies as well as sustainability metrics for evaluating long term and cross media impacts of the characterization or recovery technologies bull Potentially managing subawards contracts as needed with organizations for managing assessment testing and data collection and write progress and summary reports Recipient may conduct but are not limited to CM identification monitoring and recovery projects that provide bull Outreach on the Initiative rsquo s activities and track outcomes for impacts bull Technology and process evaluations or demonstrations bull Technical assistance outreach and or training to model or accelerate solutions bull Feasibility studies bull Expanding acceptance of monitoring or reclamation technologies at mining sites through technology demonstration projects or training and technical assistance or bull Demonstration training or technical assistance projects for developing or improving existing technologies for lsquo alternative use rsquo bull Help make technology assessments more relevant to stakeholders through such activities as establishing relationships with other organizations that conduct technology assessment and performance testing similar to that undertaken by the Initiative Technology demonstrations must involve new or experimental technologies methods or approaches where the results of the project will be disseminated so that others can benefit from the knowledge gained in the demonstration project A project that is accomplished through the performance of routine traditional or established practices or a project that is simply intended to carry out a task rather than transfer information or advance the state of knowledge however worthwhile the project might be is not a demonstration These activities relate generally to the gathering or transferring of information or advancing the state of knowledge Recipient should emphasize this ldquo learning rdquo concept as opposed to ldquo fixing rdquo an environmental problem via a well established method To the extent practicable recipient rsquo s work must embody innovation Innovation for the purposes of this RFA is defined as the process of making changes a new method custom or device Innovation can take the form of wholly n,0,1194662,577485.66,-577485.66,2025-07-01,"Program terminated, Deobligation (USAspending)",N/A,N/A,2024-03-01T00:00:00Z,2027-02-28T00:00:00Z,Office of Land and Emergency Management,66.813,Alternative or Innovative Treatment Technology Research Demonstration Training and Hazardous Substance Research Grants,EPA-OLEM-OMDP-23-01,Battelle Memorial Institute,OH,Columbus,OH-03,Not for Profit,https://www.usaspending.gov/award/ASST_NON_84068101_068/,https://enviro.epa.gov/envirofacts/nggs/report?grantId=84068101,N/A
84055701,Disrupted,Terminated,The Role of State Networks in Advancing Community-Initiated and -Engaged Sustainable Energy Action in Underserved Communities,The goal is to understand the role of statewide Local Energy Action Networks LEANs in supporting and advancing renewable energy and energy efficiency REE in underserved communities with community engaged state and local pilot projects focusing on indigenous rural and low income communities Activities The project will 1 identify and compare barriers opportunities decision drivers of renewable energy and energy efficiency REE adoption for individuals community and government of underserved communities 2 examine benefits challenges and effectiveness of statewide local energy action networks LEANs in supporting REE adoption in underserved communities and 3 examine the role of targeted interventions capacity education ownership in advancing REE awareness engagement and adoption in underserved communities Outcomes Anticipated deliverables include community co created research instruments and research products including reports briefings articles and presentations Expected outcomes include improved awareness and understanding of barriers opportunities decision drivers related to sustainable energy adoption in underserved communities effective methods for engagement and co production of knowledge with communities best practices for state networks and state policy program design to support local sustainable energy adoption Additional outcomes include increased adoption and diffusion of sustainable energy in underserved communities as well as improved risk management for underserved communities in climate and energy resilience Intended beneficiaries include ten underserved indigenous low income and or rural Maine communities as well as similar communities in other states Subrecipient Subawardee Penobscot Nation PN Tribal Government will have a Sustainable Energy Coordinator to serve all Wabanaki tribes build capacity and accelerate implementation of local energy solutions oversee project development engage community members and engage in research activities 307 007,1125000,1125000,232344.49999999997,892655.5,2025-05-10,"Program terminated, DOGE, End date cut short (USAspending)",2025-06-06,End date re-extended (USAspending),2023-06-01T00:00:00Z,2027-05-31T00:00:00Z,Office of Research and Development,66.509,Science to Achieve Results Star Research Program,EPA-G2022-STAR-F1,University of Maine System,ME,Orono,ME-02,State Institution of Higher Learning,https://www.usaspending.gov/award/ASST_NON_84055701_068/,https://enviro.epa.gov/envirofacts/nggs/report?grantId=84055701,N/A
00A00596,Disrupted,Terminated,Environmental Justice Collaborative Problem Solving Cooperative Agreement Program award to Hartford Parent University Inc,"THE PURPOSE OF THIS COOPERATIVE AGREEMENT (FUNDED WITH AMERICAN RESCUE PLAN APPROPRIATIONS) IS TO PROVIDE FUNDING TO HARTFORD PARENT UNIVERSITY, INC. (HPU) TO PROVIDE TRAINING UNDER SECTION 103 OF THE CLEAN AIR ACT (CAA) AND SECTION 1442 OF THE SAFE DRINKING WATER ACT (SDWA) TO HARTFORD PARENTS SO THAT THEY CAN EDUCATE THE YOUTH OF HARTFORD ON THE DANGERS OF LEAD POISONING IN THE HOME, SCHOOL, AND IN THE DRINKING WATER SUPPLY. HPU PLANS TO INITIALLY FOCUS ON OUTREACH, EDUCATION, AND TRAINING OF PARENTS TO IMPROVE SCREENING AND TESTING FOR LEAD CONTAMINANTS IN WATER AND TO IDENTIFY LEAD PAINT IN HOMES.  HARTFORD HAS MANY RESIDENCES CONSTRUCTED BEFORE 1960, 18 YEARS BEFORE LEAD-BASED PAINTS WERE BANNED FOR USE. THIS INDICATES HIGH USAGE OF LEAD-BASED PAINTS IN EXISTING BUILDINGS IN HARTFORD, TO WHICH COMMUNITY MEMBERS, ESPECIALLY CHILDREN, ARE REGULARLY EXPOSED. WITHIN THEIR TWO-YEAR PLAN, HPU WILL EDUCATE FAMILIES ON THE DANGERS OF LEAD CONTAMINATION AND HOW TO PREVENT LEAD EXPOSURE TO KEEP LOCAL FAMILIES AND CHILDREN SAFE.

CAA 103(B)(3): PEOPLE WITH MODERATE-TO-SEVERE OR UNCONTROLLED ASTHMA ARE MORE LIKELY TO BE HOSPITALIZED FROM COVID-19. AIR POLLUTION MAY CONTRIBUTE TO ASTHMA. BY ADDRESSING AIR POLLUTION IN CAA 103(B)(3) PROJECTS, THE CHANCES OF SEVERE ILLNESS FROM COVID-19 ARE REDUCED.

SDWA 1442: HANDWASHING IS A WELL-ACCEPTED APPROACH TO COMBATING THE SPREAD OF COVID-19. CLEAN WATER IS NECESSARY FOR THE PROPER WASHING OF HANDS. SDWA 1442 GRANT PROJECTS CONTRIBUTE TO PROVIDING CLEAN WATER FOR HANDWASHING IN COMBATTING THE SPREAD OF COVID-19.
ACTIVITIES:ACTIVITIES TO BE PERFORMED INCLUDE: (1) EDUCATING 1,000 FAMILIES ON LEAD CONTAMINATION DANGERS AND (2) CONDUCT REVIEWS OF HOUSING STOCK TO CREATE A MAP OF 30 LEAD POLLUTED AND AFFECTED BUILDINGS IN HARTFORD TO DIRECTLY PROTECT THE FAMILIES OF HARTFORD, CONNECTICUT (CT) FROM LEAD POLLUTANT EXPOSURES. HARTFORD PARENT UNIVERSITY WILL USE FUNDING TO OPERATE PARENT TRAINING SESSIONS, PAY FOR LEAD TESTING KITS, FUND STAFF TRAVEL, AND PAY FOR COMMUNITY-DISTRIBUTED MATERIALS EDUCATING ABOUT THE DANGERS AND METHODS OF EXPOSURE OF LEAD POLLUTANTS.SUBRECIPIENT:NO SUBAWARDS ARE INCLUDED IN THIS ASSISTANCE AGREEMENT.OUTCOMES:ANTICIPATED DELIVERABLES AND EXPECTED OUTCOMES INCLUDE: (1) 1,000 STAKEHOLDERS ARMED WITH KNOWLEDGE AND AWARENESS ABOUT LEAD POISONING, AND (2) 30 HOMES IN HIGH RISK NEIGHBORHOODS WILL BE EVALUATED FOR LEAD CONTAMINATION IN WATER AND THE ENVIRONMENT. 

INTENDED BENEFICIARIES INCLUDE DIRECTLY PROTECTING THE FAMILIES OF HARTFORD, CT FROM LEAD POLLUTANT EXPOSURES.  AN INVOLVED AND EDUCATED COMMUNITY IS BETTER EQUIPPED TO PARTICIPATE IN EFFORTS TO PROTECT THEMSELVES AND THE ENVIRONMENT.",200000,200000,123221.45,76778.55,2025-03-25,"Program terminated, DOGE, Senate committee list",N/A,N/A,2022-04-01T00:00:00Z,2025-03-31T00:00:00Z,Region 1 (New England),66.306,Environmental Justice Collaborative Problem Solving Cooperative Agreement Program,EPA-OP-OEJ-21-02,Hartford Parent University Inc,CT,Hartford,CT-01,N/A,https://www.usaspending.gov/award/ASST_NON_00A00596_068/,N/A,N/A
00A00657,Disrupted,Terminated,Environmental Justice Small Grant Program award to Passamaquoddy Tribe,"THE GOAL OF THIS PROJECT IS TO CONDUCT TESTING OF DRINKING WATER QUALITY ON THE PASSAMAQUODDY TRIBE OF PLEASANT POINT RESERVATION, AND TO INCREASE COMMUNITY AWARENESS AND INVOLVEMENT RELATING TO DRINKING WATER EDUCATION. OUTPUTS INCLUDE A COMMUNITY DRINKING WATER REPORT, AS WELL AS INSTALLING AN EASILY ACCESSIBLE WATER PURIFICATION STATION FOR THE COMMUNITY TO USE. OVERALL, THE PROJECT WILL EMPOWER PLEASANT POINT RESERVATION COMMUNITY MEMBERS IN UNDERSTANDING THEIR DRINKING WATER ISSUES. WITH THE DATA COLLECTED FROM DRINKING WATER QUALITY TESTING, THE COMMUNITY CAN COLLECTIVELY DISCUSS AND DETERMINE AN ACTION PLAN AS IT PERTAINS TO THEIR DRINKING WATER.ACTIVITIES:THE GOAL OF THIS PROJECT IS TO CONDUCT TESTING OF DRINKING WATER QUALITY ON THE PASSAMAQUODDY TRIBE OF PLEASANT POINT RESERVATION, AND TO INCREASE COMMUNITY AWARENESS AND INVOLVEMENT RELATING TO DRINKING WATER EDUCATION. OUTPUTS INCLUDE A COMMUNITY DRINKING WATER REPORT, AS WELL AS INSTALLING AN EASILY ACCESSIBLE WATER PURIFICATION STATION FOR THE COMMUNITY TO USE. OVERALL, THE PROJECT WILL EMPOWER PLEASANT POINT RESERVATION COMMUNITY MEMBERS IN UNDERSTANDING THEIR DRINKING WATER ISSUES. WITH THE DATA COLLECTED FROM DRINKING WATER QUALITY TESTING, THE COMMUNITY CAN COLLECTIVELY DISCUSS AND DETERMINE AN ACTION PLAN AS IT PERTAINS TO THEIR DRINKING WATER.SUBRECIPIENT:OUTCOMES:THE GOAL OF THIS PROJECT IS TO CONDUCT TESTING OF DRINKING WATER QUALITY ON THE PASSAMAQUODDY TRIBE OF PLEASANT POINT RESERVATION, AND TO INCREASE COMMUNITY AWARENESS AND INVOLVEMENT RELATING TO DRINKING WATER EDUCATION. OUTPUTS INCLUDE A COMMUNITY DRINKING WATER REPORT, AS WELL AS INSTALLING AN EASILY ACCESSIBLE WATER PURIFICATION STATION FOR THE COMMUNITY TO USE. OVERALL, THE PROJECT WILL EMPOWER PLEASANT POINT RESERVATION COMMUNITY MEMBERS IN UNDERSTANDING THEIR DRINKING WATER ISSUES. WITH THE DATA COLLECTED FROM DRINKING WATER QUALITY TESTING, THE COMMUNITY CAN COLLECTIVELY DISCUSS AND DETERMINE AN ACTION PLAN AS IT PERTAINS TO THEIR DRINKING WATER.",30000,30000,28677.269999999997,1322.7300000000032,2025-03-25,"Program terminated, DOGE, Senate committee list",N/A,N/A,2020-01-01T00:00:00Z,2025-02-28T00:00:00Z,Region 1 (New England),66.604,Environmental Justice Small Grant Program,EPA-OP-OEJ-19-01,Passamaquoddy Tribe,ME,Perry,ME-02,N/A,https://www.usaspending.gov/award/ASST_NON_00A00657_068/,N/A,N/A
02D48323,Disrupted,Terminated,Surveys Studies Investigations Training and Special Purpose Activities Relating to Environmental Justice award to Jackson State University,"THIS ACTION APPROVES AN AWARD IN THE AMOUNT OF $40,000 TO JACKSON STATE UNIVERSITY (JSU). THE PURPOSE OF THIS GRANT IS FOR JSU TO PROVIDE GRANT WRITING TECHNICAL ASSISTANCE TO UNDERSERVED COMMUNITIES IN, OR NEAR, JACKSON, MISSISSIPPI. FELLOWS WILL BE ASSIGNED TO MISSISSIPPI COMMUNITIES THAT NEED TECHNICAL ASSISTANCE IN GRANT RESEARCH, WRITING AND MAINTENANCE. THE ACTIVITIES TO BE PERFORMED INCLUDE ESTABLISHING GRANT WRITING TECHNICAL ASSISTANCE FOR UNDERSERVED COMMUNITIES, ASSESS THE SUCCESS OF THE PROGRAM, SUPPLY A WATER TAP FOR THE JSU/BLACKBURN MIDDLE SCHOOL LEARNING GARDEN, AND EXPAND TO OTHER HISTORICAL BLACK COLLEGES AND UNIVERSITIES. ANTICIPATED DELIVERABLES INCLUDE ESTABLISHING GRANT WRITING TECHNICAL ASSISTANCE, EXPANDING THE VARIETY OF VEGETABLES PRODUCED, GAIN A HIGHER CROP YIELD PER YEAR, PROVIDING MORE NUTRIENT RICH FOOD FOR COMMUNITY RESIDENTS, AND HOLDING ANNUAL GREENS COOK-OFFS AND STUDENT LED FARMERS MARKETS. INTENDED BENEFICIARIES INCLUDE THE RESIDENTS OF THE STATE OF MISSISSIPPI.ACTIVITIES:-SUBRECIPIENT:NO SUBAWARDS ARE INCLUDED IN THIS ASSISTANCE AGREEMENT.OUTCOMES:-",40000,40000,19890,20110,2025-03-25,"Program terminated, DOGE, Senate committee list",N/A,N/A,2023-09-01T00:00:00Z,2025-08-31T00:00:00Z,Region 4 (Southeast),66.309,Surveys Studies Investigations Training and Special Purpose Activities Relating to Environmental Justice,EPA-R4-EJ-2023-01,Jackson State University,MS,Jackson,MS-02,N/A,https://www.usaspending.gov/award/ASST_NON_02D48323_068/,N/A,N/A
84008101,Disrupted,Terminated,Office of Research and Development Consolidated Research Training Fellowships award to Trustees of Indiana University,"THE OBJECTIVE OF THIS PROJECT IS TO DEVELOP A MODEL USING MACHINE-LEARNED BAYESIAN NETWORKS TO ANALYZE DATA SAMPLES TO PREDICT PER- AND POLYFLUOROALKYL SUBSTANCES (PFASS) CONTAMINATION SOURCES AND CREATE FATE-AND-TRANSPORT MODELS IN RURAL DRINKING WATER SYSTEMS. THIS RESEARCH FOCUSES ON A MODEL APPROACH INTEGRATED WITH RISK ASSESSMENT, RISK COMMUNICATION, AND PFAS TESTING TO IMPROVE THE ACCURACY OF RISK PREDICTIONS AND TO FACILITATE INFORMED RISK MANAGEMENT DECISIONS FOR PFAS CONTAMINATION IN RURAL/AGRICULTURAL COMMUNITIES.ACTIVITIES:.SUBRECIPIENT:OUTCOMES:.",937555,937555,636377.89,301177.11,2025-06-04,"Program terminated, DOGE",N/A,N/A,2020-09-01T00:00:00Z,2025-08-31T00:00:00Z,Office of Research and Development,66.511,Office of Research and Development Consolidated Research Training Fellowships,N/A,Trustees of Indiana University,IN,Bloomington,IN-09,N/A,https://www.usaspending.gov/award/ASST_NON_84008101_068/,N/A,N/A
84037801,Disrupted,Terminated,Environmental Justice Collaborative Problem Solving Cooperative Agreement Program award to Vista Community Clinic,"THE PURPOSE OF THIS AMERICAN RESCUE PLAN FUNDED COOPERATIVE AGREEMENT IS TO PROVIDE FUNDING UNDER SECTION 103(B) OF THE CLEAN AIR ACT TO VISTA COMMUNITY CLINIC (VCC) TO UPDATE AND MODERNIZE AN EXISTING FARMWORKER-SPECIFIC EMERGENCY RESPONSE PLAN AND TO DESIGN AND DELIVER A CURRICULUM TO TRAIN FARMWORKERS ON EMERGENCY PREPAREDNESS, AS WELL AS WILDFIRE AND COVID-19 RISK MITIGATION. FARMWORKERS IN SAN DIEGO COUNTY, CALIFORNIA ARE OFTEN EXPLOITED FOR CHEAP LABOR, AND MANY FACE SIGNIFICANT INSECURITY DUE TO THEIR LACK OF LEGAL IMMIGRATION STATUS. THE TARGETED UNDERSERVED POPULATION OF FARMWORKERS IS PREDOMINANTLY LATINX (82.1%), UNINSURED (35.9%), AND LIVING 200% BELOW THE FEDERAL POVERTY LINE (96.6%). THIS POPULATION ALSO FACES SIGNIFICANT HOUSING INSECURITY, INSUFFICIENT NUTRITIONAL ACCESS, EXPOSURE TO PESTICIDES, AND INCREASED ELEMENTAL EXPOSURE INCLUDING HEAT, SUN, COLD, RAIN, AS WELL IS PERSISTENCE OF HEALTH CONDITIONS SUCH AS RESPIRATORY ISSUES, DIABETES, AND HYPERTENSION. PEOPLE WITH MODERATE-TO-SEVERE OR UNCONTROLLED RESPIRATORY ISSUES LIKE ASTHMA ARE MORE LIKELY TO  BE HOSPITALIZED FROM COVID-19. AIR POLLUTION MAY CONTRIBUTE TO ASTHMA. BY ADDRESSING AIR POLLUTION IN CAA 103(B)(3) PROJECTS, THE CHANCES OF SEVERE ILLNESS FROM COVID-19 ARE REDUCED.. ACTIVITIES:THE PLANNING FOR THE ROAD AHEAD PROGRAM AIMS TO FIRST CONDUCT A NEEDS-BASED ASSESSMENT FOR THE FARMWORKER POPULATION IN ORDER TO DESIGN HEALTH EDUCATION TOOLS USED TO TRAIN PROMOTORES (CHWS) FOR THE DISSEMINATION OF A FARMWORKER-SPECIFIC EMERGENCY RESPONSE PLAN THAT ALSO ADDRESSES WILDFIRE RISKS, HEALTHCARE ACCESS, FARMWORKER-SPECIFIC HEALTH DISPARITIES, AND COVID-19. TRAININGS WILL BE CONDUCTED LOCALLY AS WELL AS NATIONALLY USING ONLINE WORKSHOPS. THE EFFECTIVENESS OF TRAINING AND EDUCATION MATERIALS WILL BE EVALUATED BASED ON DOCUMENTATION OF COMPLETION OF CURRICULA, HOW MANY COMMUNITIES USE THE WORKSHOP TO DEVELOP THEIR OWN EMERGENCY PREPAREDNESS PLAN (EPP), AND SURVEY DATA COLLECTED FROM WORKSHOP PARTICIPANTS ON THEIR SATISFACTION AFTER TRAINING. SUBRECIPIENT:THE SUBAWARD FUNDS WILL BE USED TO SUPPORT CURRICULUM DEVELOPMENT, TO DEVELOP A FARMWORKER EMERGENCY PREPAREDNESS PLAN, AND DISSEMINATE PROJECT RESULTS LOCALLY AND NATIONALLY.  SUBAWARD FUNDS WILL ALSO BE USED TO SUPPORT COMMUNITY-BASED ORGANIZATIONS IN AN ADVISORY ROLE ON THE PROJECT.  COMMUNITY-BASED ORGANIZATIONS WILL SERVE ON THE PROJECT'S ADVISORY BOARD, SHARE THEIR EXPERTISE, AND PROVIDE ACCESS TO COMMUNITIES AND RESOURCES WITHIN THEIR OWN NETWORKS.OUTCOMES:THE INTENDED BENEFICIARIES OF THE PLANNING FOR THE ROAD AHEAD PROJECT ARE SOUTHERN CALIFORNIA FARMWORKERS, FARMWORKERS AROUND THE U.S., AND PROMOTORES THAT OVERSEE THE HEALTH AND SAFETY OF THE WORKERS.",200000,200000,197024,2976,2025-03-25,"Program terminated, DOGE, Senate committee list",N/A,N/A,2022-09-01T00:00:00Z,2025-02-28T00:00:00Z,Office of Environmental Justice and External Civil Rights,66.306,Environmental Justice Collaborative Problem Solving Cooperative Agreement Program,EPA-OP-OEJ-21-02,Vista Community Clinic,CA,Vista,CA-49,N/A,https://www.usaspending.gov/award/ASST_NON_84037801_068/,N/A,N/A
84042401,Disrupted,Terminated,Science to Achieve Results Star Research Program award to University of California San Diego,"THIS GOAL OF THIS PROJECT TO DEVELOP AND IMPROVE A METHOD FOR ONLINE DETECTION AND QUANTIFICATION OF SEVERAL UNDERSTUDIED TOXIC PLASTIC ADDITIVES OF EMERGING CONCERN IN ATMOSPHERIC PARTICULATE MATTER. 
ACTIVITIES:
ACTIVITIES INCLUDE: 1) CALIBRATING AN EXTRACTIVE ELECTROSPRAY HIGH-RESOLUTION TIME-OF-FLIGHT MASS SPECTROMETER (EESI-TOF) FOR SENSITIVE DETECTION AND QUANTIFICATION OF TARGETED PLASTIC ADDITIVES; 2) EXPANDING ON A CURRENT METHODOLOGY FOR DETECTION AND QUANTIFICATION OF TARGETED PLASTIC ADDITIVES IN BULK WATER SAMPLES AND EXTRACTS FROM HIGH-VOLUME AEROSOL FILTER SAMPLES; 3) QUANTIFYING TARGETED PLASTIC ADDITIVES IN THE PARTICULATE MATTER IN THE AMBIENT COASTAL MARINE ENVIRONMENT IN SAN DIEGO, CALIFORNIA IN SUMMER AND WINTER; AND 4) ANALYZING TARGETED PLASTIC ADDITIVES IN PARTICULATE MATTER SAMPLED IN THE FIELD AND HOW THEY EVOLVE DUE TO CHANGING PROPERTIES OF SEAWATER, WASTEWATER OUTFLOW RATES, AND VARYING ENVIRONMENTAL CONDITIONS
OUTCOMES:
THE ANTICIPATED DELIVERABLES INCLUDE ANNUAL PROGRESS AND FINAL REPORTS. THE EXPECTED OUTCOMES INCLUDE: 1) DEMONSTRATION AND VALIDATION OF A NEW APPROACH FOR DETECTION AND QUANTIFICATION FOR PLASTIC ADDITIVES OF EMERGING CONCERN IN PARTICULATE MATTER; AND 2) NEW INSIGHTS AND KNOWLEDGE THAT WILL HELP TO INFORM ENVIRONMENTAL MANAGEMENT AND RISK ASSESSMENT ANALYSES OF PLASTIC ADDITIVES. THE INTENDED BENEFICIARIES ARE THE SCIENTIFIC COMMUNITY AND THE GENERAL PUBLIC WHO ARE AFFECTED BY EXPOSURE TO PLASTIC ADDITIVES IN PARTICULATE MATTER.
SUBRECIPIENT:
NO SUBAWARDS ARE INCLUDED IN THIS ASSISTANCE AGREEMENT.",399464,399464,399464,0,2025-06-04,"Program terminated, DOGE",N/A,N/A,2022-05-01T00:00:00Z,2025-04-30T00:00:00Z,Office of Research and Development,66.509,Science to Achieve Results Star Research Program,N/A,University of California San Diego,CA,La Jolla,CA-50,N/A,https://www.usaspending.gov/award/ASST_NON_84042401_068/,N/A,N/A
84050201,Disrupted,Terminated,Environmental Justice Small Grant Program award to Chickasaw Nation,"THE PURPOSE OF THIS AMERICAN RESCUE PLAN-FUNDED GRANT IS TO DEVELOP A WATER QUALITY PROTECTION PROGRAM AND CLEAN WATER EDUCATION PROGRAM IN RESPONSE TO THE IMPACTS OF MINING OPERATIONS ON THE SOLE SOURCE DRINKING WATER SUPPLY WITHIN THE CHICKASAW NATION (CN) TREATY TERRITORY, ARBUCKLE SIMPSON AQUIFER (ASA). IMPACTS OF THESE MINING OPERATIONS INCLUDE THE DISCHARGE OF LARGE VOLUMES OF AQUIFER WATER AND THE INTRODUCTION OF SAND AND CONTAMINANTS INTO ASA AND ITS EMANATING SPRINGS AT A LEVEL POTENTIALLY OUT OF COMPLIANCE WITH SAFE DRINKING WATER ACT CRITERIA, THREATENING HUMAN HEALTH. THE PROJECT WILL IMPROVE TRIBAL AND BROADER COMMUNITY UNDERSTANDING OF ENVIRONMENTAL AND PUBLIC HEALTH ISSUES AND IMPACTS RELATED TO DRINKING WATER SUSTAINABILITY, STRENGTHEN PUBLIC PARTICIPATION AND COMMUNITY ENGAGEMENT THROUGH CITIZEN SCIENCE WATER QUALITY MONITORING AND EDUCATION ACTIVITIES, AND DEVELOP STRONG TECHNICAL PARTNERSHIPS TO ADDRESS WATER QUALITY CONCERNS WITHIN THE SOLE SOURCE WATER SUPPLY.ACTIVITIES:THE CHICKASAW NATION (CN) WILL USE GIS TO DETERMINE THE MINING FOOTPRINT OVER ARBUCKLE SIMPSON AQUIFER (ASA), INCLUDING WHICH COMMUNITY WATER SUPPLIES ARE IMPACTED BY DISCHARGE FLOW PATHS AND POTENTIAL POLLUTANT CONTAMINATION. IN COLLABORATION WITH EPA'S KERR ENVIRONMENTAL RESEARCH CENTER, THE OKLAHOMA DEPARTMENT OF ENVIRONMENTAL QUALITY (ODEQ), AND THE OKA INSTITUTE AT EAST CENTRAL UNIVERSITY (ECU), CN WILL WORK WITH A TECHNICAL TEAM TO FORMULATE A PLAN FOR AND EXECUTE A WATER QUALITY SAMPLING PROGRAM FOR MINING DISCHARGE AFFECTING ASA. ADDITIONALLY, CN WILL PARTNER WITH THE OKA INSTITUTE TO ENGAGE THE PUBLIC IN PROJECT IMPLEMENTATION BY: 1) FORMING A COALITION OF TRIBAL CITIZENS, ECU STUDENTS,  AND OTHER COMMUNITY MEMBERS TO PARTICIPATE IN A CITIZEN SCIENCE WATER QUALITY MONITORING PROGRAM FOR ASA, INCLUDING EDUCATIONAL ACTIVITIES AND HANDS-ON OUTREACH; AND 2) INCORPORATING DISCUSSION OF THE PROJECT, INCLUDING ASA, ENVIRONMENTAL JUSTICE, AND COMMUNITY IMPACTS OF DRINKING WATER SUSTAINABILITY, INTO THE OKA INSTITUTE'S ANNUAL SUSTAINABILITY CONFERENCE.    
SUBRECIPIENT:THE SUBAWARDEE, EAST CENTRAL UNIVERSITY (ECU) OKA INSTITUTE, WILL BE THE PRIMARY IMPLEMENTER OF THE PUBLIC PARTICIPATION ASPECT OF THE SOLE SOURCE DRINKING WATER PROJECT. OKA INSTITUTE, IN PARTNERSHIP WITH THE CHICKASAW NATION (CN), WILL ORGANIZE MEETINGS AND CHAMPION STAKEHOLDER ENGAGEMENT AND OUTREACH, WHICH WILL INCLUDE: 
1) DEVELOPING A BROAD COALITION OF TRIBAL MEMBERS, ECU STAFF AND STUDENTS, LOCAL ENVIRONMENTAL ORGANIZATIONS, AND OTHER MEMBERS OF THE COMMUNITY TO ENGAGE IN THE PROJECT; 
2) WORKING CLOSELY WITH TRIBAL COMMUNITIES AND LANDOWNERS TO IDENTIFY AND DEVELOP CITIZEN SCIENCE EDUCATION AND ACTION IN THE FIELD;
3) PROVIDING TRAINING IN FIELD MONITORING TECHNIQUES AND REPORTING AND OVERSEEING THE CITIZEN SCIENCE WATER QUALITY MONITORING PROGRAM;
4) DEVELOPING AND DELIVERING MATERIALS TO TRIBAL COMMUNITIES THROUGHOUT THE LIFE OF THE PROJECT; AND
5) ORGANIZING AND COORDINATING A SUSTAINABILITY CONFERENCE TO HIGHLIGHT THE WATER SUSTAINABILITY AND ENVIRONMENTAL JUSTICE ACTIVITIES OCCURRING WITHIN THE SCOPE OF THIS GRANT PROJECT.

THE OKA INSTITUTE WILL ALSO WORK WITH CN TO ENSURE COMPLIANCE WITH THE TERMS AND CONDITIONS OF THE GRANT AGREEMENT AND DEVELOP A FINAL COMPREHENSIVE REPORT ON THE PROJECT.
OUTCOMES:THE DELIVERABLES FOR THIS PROJECT INCLUDE GIS MAPPING OF MINING ACTIVITY AND IMPACTS OCCURRING OVER THE ARBUCKLE SIMPSON AQUIFER (ASA), AN APPROVED QAPP FOR THE ASA MINING DISCHARGE WATER QUALITY SAMPLING PROGRAM, AND A FINAL COMPREHENSIVE REPORT DETAILING OUTCOMES OF THE CITIZEN SCIENCE WATER QUALITY MONITORING PROGRAM AND THE MINING DISCHARGE WATER QUALITY SAMPLING PROGRAM. EXPECTED OUTCOMES INCLUDE A BETTER UNDERSTANDING OF THE HUMAN HEALTH IMPACTS OF MINING OPERATIONS ON ASA, ESTABLISHMENT OF SUSTAINABLE PARTNERSHIPS AND APPROACHES TO ADDRESSING DRINKING WATER POLLUTANTS ENTERING PUBLIC WATER SUPPLIES, AND IMPROVED TRIBAL AND OT",99929,99929,30400.839999999997,69528.16,2025-03-25,"Program terminated, DOGE, Senate committee list",N/A,N/A,2023-02-01T00:00:00Z,2025-01-31T00:00:00Z,Office of Environmental Justice and External Civil Rights,66.604,Environmental Justice Small Grant Program,N/A,Chickasaw Nation,OK,Ada,OK-04,N/A,https://www.usaspending.gov/award/ASST_NON_84050201_068/,N/A,N/A
96263800,Disrupted,Terminated,"Ensuring a Just Transition in Southwest Brooklyn, NY: Planning, Engagement, Design in Sunset Park and Red Hook",The agreement provides funding to Resilient Homes and Communities Specifically the recipient will use the finding for Climate resiliency and adaptation planning community engagement project scoping and design and development This project will engage two environmental  communities on Brooklyn rsquo s industrial waterfront ndash the Sunset Park and Red Hook neighborhoods ndash in a climate resiliency and adaption planning engagement and design process that will identify critical environmental and climate based issues and potential solutions Planning approaches are tailored to best utilize the knowledge and skills of each CBO with the shared objective of being better prepared to competitively apply for implementation funding To achieve the goals of this program RHC will contract with two Community Based Organizations SBIDC and UPROSE Each partner CBO will lead efforts within their respective neighborhood This project has two distinct components The first component will engage two environmental  communities on Brooklyn rsquo s industrial waterfront ndash Sunset Park and Red Hook ndash in a climate resiliency and adaptation planning engagement and design process that includes zero emission technologies and preliminary to reduce greenhouse gas GHG emissions and other air pollutants Each community will convene a Resiliency Oversight Committee under the stewardship of RHC and a Community Based Organization CBO Committee members will include partners from other environmental  focused CBOs residents business owners and government and nongovernmental organizations The CBO s will procure the services of a professional planning engineering design firm to support planning engagement and design work Activities The activities being performed includes Project Activities Red Hook NY 1 As part of this project RHC will enter a Subrecipient Agreement with SBIDC that outlines anticipated roles and responsibilities project deliverables and financial support The primary role of SBIDC will be to lead community engagement by overseeing the creation of a planning committee that is representative of the community at large 2 To meet this deliverable they will involve a minimum of three neighborhood focused community organizations to ensure diverse participation on the committee Each organization will assign 1 2 representatives to participate in planning committee sessions Partners may include technical experts from the neighborhood and community organizations like Resilient Red Hook Red Hook Initiative RHI Red Hook  Center Red Hook Art Project and or Red Hook Business Alliance Additionally and resident leaders including from the New York City Housing Authority Tenant Associations 3 SBIDC plans to engage the services of a planning or A amp E firm that can assist with facilitating a community planning process reviewing resiliency projects for feasibility and designing one or two identified projects 4 The community committee will meet quarterly and will engage their membership and their larger community base around proposed project ideas culled from existing plans and studies as identified by the full committee reporting back on their membership rsquo s priorities In keeping with the tenets of Environmental  this inclusive process will ensure that both the CBO and their membership remain vested in the process as projects are further evaluated and selected to advance SBIDC will also engage its rsquo base of industrial and manufacturing business owners to generate additional project ideas for the committee to review At the conclusion of the planning and engagement phase the Committee will have identified up to ten priority resiliency projects for the neighborhood These projects will be implementation focused 5 During Phase II RHC working alongside SBIDC their partners and the pla,1000000,1000000,0,1000000,2025-03-25,"Program terminated, DOGE, End date cut short (USAspending), Senate committee list",N/A,N/A,2024-10-01T00:00:00Z,2027-09-30T00:00:00Z,Region 2,66.312,Environmental Justice Government to Government Ejg 2 g Program,EPA-R-OEJECR-OCS-23-02,Housing Trust Fund Corp,NY,Albany,NY-20,State,https://www.usaspending.gov/award/ASST_NON_96263800_068/,https://enviro.epa.gov/envirofacts/nggs/report?grantId=96263800,N/A
84061701,Restored,Reinstated (confirmed),Protecting Water Quality during Enhanced Aquifer Recharge,The purpose of this project is to develop a geochemical compatibility framework for enhanced aquifer recharge EAR suitability assessments that evaluates contaminant metals salts pesticides mobilization from source waters Activities The specific objectives are 1 to evaluate the quantity and quality of excess surface water and wastewater discharge that is available for recharge 2 to assess geochemical surface and hydrogeologic conditions for recharge suitability 3 to calculate contaminant risk scores based on spatial data modeling tools and potential shifts in geochemistry during enhanced recharge and 4 to determine regional site suitability for enhanced recharge using a combination of source water availability aquifer hydrogeology and contaminant mobilization risks Outcomes Deliverables of this project include a final technical report framework guidance for enhanced aquifer recharge operations and an interactive web based mapping tool for recharge suitability sites Intended beneficiaries of this project include water regulating officials the general public and human health and the environment Subrecipient University of California Davis 316 845 will lead research Task 1 Assessment of various source waters which is focused on evaluating the quantity and quality of excess surface water stormwater floodwater and wastewater discharges available for recharge in the watersheds overlying key regional aquifers across the United States US Dr Dahlke rsquo s lab will also contribute to research Task 2 Assessment of ambient aquifer conditions which focuses on assessing ambient geochemical conditions relevant surface conditions e g agrochemical use and hydrogeologic suitability of key regional aquifers across the US University of Texas Austin rsquo s 309 000 Dr Bridget R Scanlon will lead the evaluation of ambient aquifer conditions for the proposal This work will leverage the research she previously led for the U S Geological Survey USGS under the Powell Research program relating aquifer status to GRACE satellite data focusing on spatiotemporal variability in water storage Ground Water Protection Council 171 099 will be to manage the communications and engagement processes in three key areas 1 Provide Guidance Document and dashboard publication assistance 2 Provide three facilitated communication opportunities via online seminar and or face to face meetings with the targeted community to introduce project and gather feedback on design and content provide an opportunity to allow for feedback on the development of the dashboard tool and provide for opportunities to disseminate the results of the research and communicate availability and use of the dashboard tool 3 Provide public access to the Guidance Document dashboard tool data and reference information developed for this project online via the GWPC ASR MAR Workgroup rsquo s Online Library,1845583,1845583,388835.02,1456747.98,2025-05-13,"Program terminated, End date cut short (USAspending)",2026-04-15,End date re-extended (USAspending),2023-10-01T00:00:00Z,2028-09-30T00:00:00Z,Office of Research and Development,66.509,Science to Achieve Results Star Research Program,EPA-G2022-STAR-J1,Carnegie Mellon University,PA,Pittsburgh,PA-12,Private University,https://www.usaspending.gov/award/ASST_NON_84061701_068/,https://enviro.epa.gov/envirofacts/nggs/report?grantId=84061701,N/A
84087401,Restored,Reinstated (confirmed),Enhancement of Per- and Polyfluoroalkyl Substances (PFAS)-Contaminated Organic Wastes Treatment in Anaerobic Digestion by Carbon Materials.,The goal of this project is to improve upon anaerobic digestion technology with the addition of carbon materials that can be recycled and reused and to address potential per and polyfluoroalkyl substances PFAS leaching from digested biosolids Activities The project will 1 assess the performance of anaerobic digestors fed with PFAS contaminated food wastes and sewage sludge with and without granular activated carbon GAC addition 2 determine distribution of PFAS in different components i e liquid biosolids and GAC after digestion and explore biotransformation of PFAS 3 study leaching potential of different PFAS from digested biosolids with and without GAC after digestion 4 evaluate the feasibility of recycling the PFAS sorbed GAC for multiple cycles of digestion Outcomes Deliverables include annual and final reports as well as an integrated sustainable and efficient anaerobic digestion technology for treating PFAS contaminated organic wastes to improve the quality of recovered biosolids The outcome of this project will prevent PFAS pollution during the use of biosolids for land application improve the quality of digested biosolids and protection of environmental and human health Direct beneficiaries of the project include the food industry waste management treatment facilities farmers the environment and general public Subrecipient No subawards are included in this assistance agreement,75000,75000,48287.24,26712.760000000002,2025-05-13,"Program terminated, End date cut short (USAspending)",2025-10-02,End date re-extended (USAspending),2024-01-01T00:00:00Z,2026-12-31T00:00:00Z,Office of Research and Development,66.516,P 3 Award National Student Design Competition for Sustainability,EPA-G2023-P3-Q3,University of Maryland College Park,MD,College Park,MD-04,State Institution of Higher Learning,https://www.usaspending.gov/award/ASST_NON_84087401_068/,https://enviro.epa.gov/envirofacts/nggs/report?grantId=84087401,N/A
84045301,Restored,Reinstated (confirmed),Development of a Quantitative Adverse Outcome Pathway (qAOP) Network to Assess Neurodevelopmental Toxicity of Per- and Polyfluoroalkyl Substances (PFAs) Mixture in C. Elegans,The purpose of this project is to develop a quantitative adverse outcome pathway qAOP network with advanced mixtures risk assessment for assessing developmental neurotoxicity DNT of per and polyfluoroalkyl substance PFAS mixtures at multiple levels of biological organization Investigators will use the nematode C elegans as an invertebrate in vivo model which can be integrated in a manner useful to hazard and or risk assessment Activities The recipient will improve the fundamental knowledge on developmental neurotoxicity DNT testing that has not yet been conducted in depth for per and polyfluoroalkyl substances PFAS The specific objectives are to 1 construct an environmentally relevant and representative PFAS reference mixture 2 conduct systematic experiments to evaluate developmental neurotoxicity DNT of individual PFAS and reference mixture in C elegans to develop a quantitative adverse outcome pathway qAOP network 3 perform a whole mixture assessment in water samples by evaluating sufficient similarity to the reference mixture Outcomes Deliverables include annual and final reports as well as a newly developed quantitative adverse outcome pathway qAOP network integrated with non mammalian C elegans with support of statistical models which may contribute data useful for mixture based hazard and dose response assessments Direct beneficiaries of this program include people that are simultaneously and or sequentially exposed to multiple per and polyfluoroalkyl substance PFAS from various sources children with developing brains that are especially sensitive to toxic chemicals human health the environment and the general public Subrecipient No subawards are included in this assistance agreement,750000,750000,489629.74000000005,260370.25999999995,2025-05-13,"Program terminated, End date cut short (USAspending)",2025-09-11,End date re-extended (USAspending),2022-09-01T00:00:00Z,2026-08-31T00:00:00Z,Office of Research and Development,66.509,Science to Achieve Results Star Research Program,EPA-G2022-STAR-A1,University of Georgia Research Foundation Inc,GA,Athens,GA-10,State Institution of Higher Learning,https://www.usaspending.gov/award/ASST_NON_84045301_068/,https://enviro.epa.gov/envirofacts/nggs/report?grantId=84045301,N/A
84018201,Restored,Reinstated (confirmed),To Foster Partnership Efforts Among The States and Territories on Multi-Media Environmental Health Efforts,To address environmental health problems faced by State and Territorial Health Agencies STHA ASTHO rsquo s work will cover various areas that advance the priorities of both ASTHO and EPA including but not limited to water safety children rsquo s environmental health resilience to pollutants and related effects stemming from natural and man made disasters air quality lead contaminants of emerging concern and COVID 19 Activities Outcomes Subrecipient,985000,665000,540725.53,444274.47,2025-05-13,"Program terminated, End date cut short (USAspending)",2025-09-09,End date re-extended (USAspending),2021-05-01T00:00:00Z,2027-04-30T00:00:00Z,Office of Research and Development,66.510,Surveys Studies Investigations and Special Purpose Grants Within the Office of Research and Development,EPA-ORD-IOAA-2020-01,The Association of State and Territorial Health Officials,VA,Arlington,VA-08,Not for Profit,https://www.usaspending.gov/award/ASST_NON_84018201_068/,https://enviro.epa.gov/envirofacts/nggs/report?grantId=84018201,N/A
84095201,Restored,Reinstated (confirmed),Plant Uptake and Mitigation of PFAS Associated with Sewage Effluent and Biosolids Application in Tile-Drained Fields,The goal of this project is to enhance the understanding of Per and polyfluoroalkyl substances PFAS uptake and accumulation in plants grown in subsurface tile drained fields irrigated with rural sewage effluent explore the physical and molecular mechanisms that govern PFAS uptake and accumulation in plants grown in biosolids amended soils and develop innovative and efficient techniques to mitigate PFAS plant uptake and thereby reduce their entry into the food chain Activities This project will carry out a series of field and laboratory experiments to 1 monitor and measure PFAS in irrigation water groundwater drainage water soils and crops and evaluate the potential PFAS contamination and bioaccumulation through sewage effluent irrigation 2 understand uptake translocation accumulation and transformation of PFAS in a soils plant system with biosolids amendment and 3 develop innovative mitigation techniques using unique biochars to prevent PFAS plant uptake from sewage sludge effluent irrigation and biosolids soil amendment Outcomes Deliverables include annual and final reports The result of this project will provide useful and vital information concerning the occurrence of PFAS in tile drained agricultural fields irrigated with rural sewage effluents The expected outputs include a comprehensive profile of PFAS in contaminated biosolids understanding of PFAS plant uptake and accumulation in biosolids soil plant systems and two innovative PFAS mitigation techniques Direct beneficiaries of this project will be agricultural producers state and local policy makers and regulators the general public human health and the environment Subrecipient The University of California ndash Riverside 300 000 will be responsible for detection of PFAS in biosolids and plant tissues as well as the analysis of potential products using high resolution MS MS,1599522,1599522,156199.0299999999,1443322.9700000002,2025-05-13,"Program terminated, End date cut short (USAspending)",2025-07-07,End date re-extended (USAspending),2024-10-01T00:00:00Z,2027-09-30T00:00:00Z,Office of Research and Development,66.509,Science to Achieve Results Star Research Program,EPA-G2023-STAR-J1,University of Illinois,IL,Urbana,IL-13,State Institution of Higher Learning,https://www.usaspending.gov/award/ASST_NON_84095201_068/,https://enviro.epa.gov/envirofacts/nggs/report?grantId=84095201,N/A
84024801,Restored,Reinstated (confirmed),"Elucidating The Occurrence of Known and Emerging Chemical Contaminants in Wastewater Biosolids and The Influence of Treatment and Management processes on their fate, mobility and bioavailability",The purpose of the proposed research is to use a series of controlled lab experiments and field investigations to optimize treatment processes and reduce contaminant levels in U S biosolids and receiving soils The three primary goals are to 1 advance understanding of the composition bioaccessibility bioavailability persistence toxicity and mobility of chemical pollutants in sludges biosolids and soils 2 evaluate the influence of wastewater source and treatment choice on these 3 assess sludge pollutant effects on critical wastewater treatment and soil microbial processes Activities Research will explore validate methods for detecting chemicals of emerging concern polar and nonpolar organics microplastics and microbially derived endotoxins in sludges and biosolids Researchers will then identify and quantify legacy and emerging contaminants in sludges and biosolids from multiple wastewater treatment plants in the Hampton Roads Sanitation District Laboratory work will include evaluating the influence of select sludge treatment processes on the above contaminants Researchers will also investigate impact of sludge treatment processes on contaminant mobility and toxicity to microbial processes as well as mobility and persistence of chemical pollutants in biosolids applied soil Hampton Roads Sanitary District will conduct wastewater treatment plant sample collection and consultations and also make available a bench top chemical reactor for high temperature and pressure experiments with wastewater solids to examine thermal hydrolysis process effects on pollutant bioaccessibility Outcomes Expected deliverables include annual progress and final reports scientific data scientific publications and presentations New validated methods for detecting chemicals of emerging concern including microplastics and microbially derived endotoxins will be developed Improved methods will generate data on emerging contaminants in sludges and biosolids including differences in chemical pollutants in sludges collected from different sources with different biosolids treatment processes Thermal hydrolysis processes anerobic digestion liming and thermal drying and wastewater inputs municipal commercial and industrial Outcomes include improved strategies for monitoring sludge related pollutants selecting optimal treatment processes and reducing contaminant levels in U S biosolids and receiving soils These improvements will decrease associated public health and ecosystem risks Intended beneficiaries of this program include wastewater utilities and water quality program managers the scientific community and communities effected by the chemicals of emerging concern in biosolids Subrecipient No subawards are included in this assistance agreement,1658232,1658232,762407.1600000001,895824.8399999999,2025-05-13,"Program terminated, End date cut short (USAspending)",2025-07-03,End date re-extended (USAspending),2021-09-01T00:00:00Z,2026-07-31T00:00:00Z,Office of Research and Development,66.511,Office of Research and Development Consolidated Research Training Fellowships,EPA-G2021-ORD-F1,Virginia Institute of Marine Science,VA,Gloucester Point,VA-01,State Institution of Higher Learning,https://www.usaspending.gov/award/ASST_NON_84024801_068/,https://enviro.epa.gov/envirofacts/nggs/report?grantId=84024801,N/A
84095401,Restored,Reinstated (confirmed),"Investigating the Effects of Irrigation Water, Compost and Biosolid Qualities on PFAS Uptake by Edible Crops in Urban Gardens and Farms",The goal of this project is to examine the baseline PFAS levels in typical supplies and resources for urban farming and gardening and to examine the bioavailability of PFAS in edible crops Activities This project will 1 quantify the impact of soil nutrient amendments and irrigation water on crop uptake using raised beds supplemented with biosolids or compost 2 sample local freshwater resources and rainwater for a baseline of PFAS 3 quantify PFAS in the edible plant parts and surface soils after urban crop harvest and 4 measure other vital plant functions such as photosynthesis oxidative stress levels and seed viability Outcomes The expected outcomes of this project include an improved understanding of the bioavailability of PFAS in urban crops and how urban resources such as rainwater biosolids and homemade compost impact the PFAS levels in those crops The project is expected to deliver annual and final progress reports and peer reviewed publications Intended beneficiaries of this project include urban community gardeners in Philadelphia and across the country Subrecipient No subawards are included in this assistance agreement,800051,800051,124565.90999999997,675485.0900000001,2025-05-13,"Program terminated, End date cut short (USAspending)",2025-07-03,End date re-extended (USAspending),2024-09-01T00:00:00Z,2027-08-31T00:00:00Z,Office of Research and Development,66.509,Science to Achieve Results Star Research Program,EPA-G2023-STAR-J1,Temple University of the Commonwealth System of Higher Education,PA,Philadelphia,PA-02,State Institution of Higher Learning,https://www.usaspending.gov/award/ASST_NON_84095401_068/,https://enviro.epa.gov/envirofacts/nggs/report?grantId=84095401,N/A
84094501,Restored,Reinstated (confirmed),"Novel, Bio-Enabled Strategies to Prevent Per and Polyfluoralkyl Substances Accumulation in Crops and Food Webs",The goal of this project is to understand how and to what degree contamination of farmland by PFAS can bioaccumulate in native plants and animals of cultural significance to Tribal communities in Maine Activities This project will 1 quantify PFAS uptake into soil and crops from contaminated irrigation water chemicals and environmental conditions 2 develop on farm tools to identify unexpected PFAS sources 3 determine how PFAS can spread to culturally important plants to tribal communities 4 quantify PFAS bioaccumulation in animals and insects in food webs Outcomes The outcomes of this project include annual and final reports peer reviewed publications as well as protocols and cultivars for growers to reduce PFAS bioaccumulation in crops technologies for on farm direct detection of PFAS during the growing season and an understanding of how tribal and rural communities are exposed to PFAS contamination through its bioaccumulation in animals insects and native plants of cultural significance Intended beneficiaries include the Mi rsquo kmaq Nation in Aroostook County Maine and other indigenous communities in the U S state local and Tribal resource managers and local communities affected by PFAS contaminated agricultural products Subrecipient Central Aroostook Soil and Water Conservation District CASWCD University of Maine 207 196 will provide equipment supplies and labor for cultivation of crops irrigation and sample collection on site at the farm location in Aroostook County Maine CASWCD will also perform outreach efforts to growers in Aroostook County as well as provide chemicals and plant cultivars for testing Connecticut Agriculture Experimental Station CAES 239 953 will provide guidance on field trial design and sampling and process field samples to perform LC MS MS analysis for PFAS compounds Mi rsquo kmaq Environmental Laboratory 180 000 will provide guidance on trial design and support for field sample collection for foraging crops and animal tissue samples They will also lead outreach efforts to Mi rsquo kmaq and other Tribal Nations in Maine affected by PFAS contamination,1599999,1599999,144129.71000000008,1455869.29,2025-05-13,"Program terminated, End date cut short (USAspending)",2025-06-17,End date re-extended (USAspending),2024-09-01T00:00:00Z,2028-08-31T00:00:00Z,Office of Research and Development,66.509,Science to Achieve Results Star Research Program,EPA-G2023-STAR-J1,T 6438 Rector Visitors of the University of Virginia,VA,Charlottesville,VA-05,State Institution of Higher Learning,https://www.usaspending.gov/award/ASST_NON_84094501_068/,https://enviro.epa.gov/envirofacts/nggs/report?grantId=84094501,N/A
84020901,Disrupted,Terminated,An integrative Approach for Estimating Childrens Soil and Dust Ingestion Rates,This research seeks to develop an innovative integrative approach which fuses analytical computational observational and statistical methods to estimate dust soil ingestion rates of children aged 6 months through 6 years with demographic and environmental variabilities This project will provide exposure scientists with a hybrid approach to estimate the dust soil ingestion rate in a defensible and accurate manner and will provide health and risk assessors tabulated stratified estimates of dust soil ingestion rates for subgroups of children of interest and a holistic computational tool for population or site specific assessments Activities Outcomes Subrecipient,1341123,1341123,1089515.65,251607.3500000001,2025-05-13,"Program terminated, DOGE, End date cut short (USAspending)",N/A,N/A,2021-06-01T00:00:00Z,2026-05-31T00:00:00Z,Office of Research and Development,66.509,Science to Achieve Results Star Research Program,EPA-G2020-STAR-D1,Board of Regents of the Nevada System of Higher Education,NV,Reno,NV-02,State Institution of Higher Learning,https://www.usaspending.gov/award/ASST_NON_84020901_068/,https://enviro.epa.gov/envirofacts/nggs/report?grantId=84020901,N/A
84022101,Disrupted,Terminated,Connecting Early Life Chemical Stressors and Caregiving Environment to Neurodevelopmental Outcomes for Children Attending Licensed Child Care Centers,The overarching objective of this Center is to make causal linkages between cumulative environmental exposures caregiving environments in early childhood and changes in neurodevelopment for preschoolers The study will complete environmental exposure analyses at both the home and childcare center along with neurodevelopmental and caregiving environment evaluations With this data researchers will leverage objective performance based measures of children rsquo s cognitive function and behavior ratings to index neurodevelopmental functioning to causally relate them to chemical exposure Activities Outcomes Subrecipient,1899906,1899906,1359109.17,540796.8300000001,2025-05-13,"Program terminated, DOGE, End date cut short (USAspending)",N/A,N/A,2021-08-01T00:00:00Z,2026-07-31T00:00:00Z,Office of Research and Development,66.509,Science to Achieve Results Star Research Program,EPA-G2020-STAR-E1,Research Triangle Institute,NC,Research Triangle Park,NC-04,Not for Profit,https://www.usaspending.gov/award/ASST_NON_84022101_068/,https://enviro.epa.gov/envirofacts/nggs/report?grantId=84022101,N/A
84023601,Disrupted,Terminated,"Development, Implementation and Evaluation of Stakeholder-Driven Wildfire Smoke Monitoring and Messaging in Rural Nevada",The goal of the project is to increase wildfire smoke risk mitigation in rural communities northern Nevada through the development implementation and evaluation of stakeholder driven monitoring and messaging Researchers will evaluate the performance of selected portable air quality sensors and place them in three rural Nevada counties to monitor air quality develop education materials to reduce knowledge gaps in wildfire smoke risk among emergency managers and the public and evaluate the effectiveness of in air quality monitoring and messaging to mitigate wildfire smoke risk Activities Outcomes Subrecipient,544763,544763,380676.58,164086.41999999998,2021-07-22,"Program terminated, DOGE",N/A,N/A,2021-09-01T00:00:00Z,2026-08-31T00:00:00Z,Office of Research and Development,66.509,Science to Achieve Results Star Research Program,EPA-G2021-STAR-G2,Nsohe 6262 Nevada System of Higher Education,NV,Reno,NV-02,State Institution of Higher Learning,https://www.usaspending.gov/award/ASST_NON_84023601_068/,https://enviro.epa.gov/envirofacts/nggs/report?grantId=84023601,N/A
84033801,Disrupted,Terminated,Convergence Science in Environmental Health (COSINE),The Convergence Science in Environmental Health program will undertake trans disciplinary research collaborations with investigators of EPA rsquo s Public Health amp Integrated Toxicology Division laboratories These studies are focused on understanding the human health effects of air pollutants and environmental disease modifiers The broad goals for this program are 1 To undertake translational research identifying modifiers of response to pollutant exposure 2 To identify biological determinants of response to environmental agents 3 To develop resources and knowledge to decrease the impact of pollutant exposure on human health and 4 To train the next generation of environmental health scientists and respond to emerging research needs The general approaches to meet these objectives and goals include 1 controlled exposure studies of volunteers to pollutants 2 collection of biospecimens in panel or field studies of volunteer cohorts 3 in vitro approaches using cells epithelial cells phagocytes lymphocytes etc obtained from volunteers to assess mechanisms of pollutant effects on cell functions and 4 computational bioinformatic analysis of exposure data and clinical records to identify drivers of pollutant induced adverse health effects These studies are used to a undertake mechanistic studies of pollutant effects on relevant biological processes b estimate the impact of pollutants on susceptible populations and identify health disparities c assess the role of susceptibility factors and environmental stressors on pollutant induced health effects or d determine potential interventions or uncover determinants of environmental health resilience Intended beneficiaries include the residents of North Carolina and state and local risk assessors and managers There are no sub awards included in this project Activities Outcomes Subrecipient,4034188,4034188,3556835.67,477352.3300000001,2025-05-13,"Program terminated, DOGE, End date cut short (USAspending)",N/A,N/A,2022-04-01T00:00:00Z,2025-07-31T00:00:00Z,Office of Research and Development,66.511,Office of Research and Development Consolidated Research Training Fellowships,EPA-ORD-CPHEA-2021-01,University of North Carolina at Chapel Hill,NC,Chapel Hill,NC-04,State Institution of Higher Learning,https://www.usaspending.gov/award/ASST_NON_84033801_068/,https://enviro.epa.gov/envirofacts/nggs/report?grantId=84033801,N/A
84053401,Disrupted,Terminated,Culinary Home Empowerment for Food Waste Prevention and Minimization (CHEF-WPM),The proposed research investigates a highly innovative and scalable approach to strengthen consumers rsquo motivation opportunity and ability to reduce food waste by adapting professional culinary education interventions to the home kitchen Activities The project will develop and evaluate the effectiveness of a series of innovative food waste prevention and minimization culinary education videos and supplementary materials for home cooks The videos will be developed by nationally renowned food preparers and food waste educators in collaboration with Drexel Food Lab The community based education session with 100 selected households will be comprised of 8 educational culinary videos designed to empower consumers by providing the motivation knowledge and skills to reduce household food waste throughout the process including meal planning shopping consuming storing and disposing The project will measure the impacts of educational materials on food waste reduction at household and community levels and test national scalability and applicability Outcomes The deliverables include peer reviewed scientific research publications communication and education materials and multi media video training materials to educate and motivate communities and individuals to reduce household consumer food waste The expected outcomes would be meaningful reduction in food waste through consumer behavior changes involved in food shopping preparation consumption and post consumption disposal The intended beneficiaries are the households and communities in Philadelphia area and other regions and public in the United States Subrecipient Johns Hopkins University 76 386 will provide expertise in evaluation design and will also act as a scientific advisor,739381,739381,497110.50000000006,242270.49999999994,2025-05-13,"Program terminated, DOGE, End date cut short (USAspending)",N/A,N/A,2023-04-01T00:00:00Z,2026-03-31T00:00:00Z,Office of Research and Development,66.509,Science to Achieve Results Star Research Program,EPA-G2022-STAR-E1,Drexel University,PA,Philadelphia,PA-03,Private University,https://www.usaspending.gov/award/ASST_NON_84053401_068/,https://enviro.epa.gov/envirofacts/nggs/report?grantId=84053401,N/A
84058501,Disrupted,Terminated,"Natural Approach in Antifouling Protection: Remedy for Safer Water for Fisherman, Boaters, and Cargo Ships",The purpose of the project is to demonstrate the efficacy of natural extracts formulations in antifouling protection using a custom model aquarium which will contribute to the environmental health of marine environments by reducing the transmission of biofilm generating bacteria by boats and ships beyond their natural habitat to areas where it is invasive and causes uncontrolled algae bloom and contributes to fish and crab mortality Activities The specific objectives are to 1 build pilot aquariums for long term testing of new antifouling formulations on different types of submerged surfaces 2 demonstrate the effectiveness and conduct a pilot study of the concept of use of natural extracts encapsulated into biocompatible polymers for antifouling protection of submerged surfaces and 3 evaluate in long term experiments how water type and parameters as well as type of plant materials polymers and solvents influence the ability of the coating to protect against biofouling Outcomes Deliverables will include a final report as well as improve human well being by avoiding contamination of marine environments from products of biofouling and invasive bacteria and help to avoid uncontrolled algae blooms Direct beneficiaries include rural fishermen small farmers recreational boaters human health the environment and the general public Subrecipient No subawards are included in this assistance agreement,24958,24958,8446.259999999998,16511.74,2025-05-13,"Program terminated, DOGE, End date cut short (USAspending)",N/A,N/A,2023-08-01T00:00:00Z,2025-09-30T00:00:00Z,Office of Research and Development,66.516,P 3 Award National Student Design Competition for Sustainability,EPA-G2022-P3-Q3,University of Maryland Es,MD,Princess Anne,MD-01,State Institution of Higher Learning,https://www.usaspending.gov/award/ASST_NON_84058501_068/,https://enviro.epa.gov/envirofacts/nggs/report?grantId=84058501,N/A
84061901,Disrupted,Terminated,Risk and Performance Evaluation of Enhanced Aquifer Recharge in the Coastal Plain,The objective of this project is to develop a web based decision support tool to guide communities agencies and practitioners in the implementation of EAR in deep confined aquifers Activities Four experiments are proposed combined with model development and application to address multiple research objectives Experiments are designed to reveal relationships between the outcomes of several risk factors and to promote synergies in the research findings Outcomes The web based decision support tool will be designed to advance best practices and assist users in a careful evaluation of risk and performance factors to ensure EAR projects are effective sustainable and protective of groundwater resources Intended beneficiaries include water quality managers and residents of the East Coast Subrecipient Old Dominion University 356 731 will actively participate in data collection and sample analysis conducted at the PARML laboratory and are responsible for contributing to project deliverables ODU researchers will participate in regularly scheduled meetings remotely,2000000,2000000,567545.0999999999,1432454.9000000001,2025-05-13,"Program terminated, DOGE, End date cut short (USAspending)",N/A,N/A,2023-08-01T00:00:00Z,2026-07-31T00:00:00Z,Office of Research and Development,66.509,Science to Achieve Results Star Research Program,EPA-G2022-STAR-J1,Virginia Polytechnic Institute and State University,VA,Blacksburg,VA-09,State Institution of Higher Learning,https://www.usaspending.gov/award/ASST_NON_84061901_068/,https://enviro.epa.gov/envirofacts/nggs/report?grantId=84061901,N/A
84067901,Disrupted,Terminated,Production of Lithium Carbonate from Geothermal Brine by Selective Extraction of Lithium Using a Novel Ion Sieve Method,The goal of this project is to design and develop a novel method to efficiently extract lithium from a geothermal brine with minimal water loss Activities Specifically researchers propose to develop a novel zirconium doped compound that as the potential to increase the adsorption capacity of lithium from brine The research objectives are to 1 synthesize and characterize the lithium ion sieve Li4Mn4 9Zr0 1O12 2 convert the lithium ion to the manganese ion which is the adsorbent material for the lithium extraction and conduct adsorption desorption process and 3 purify the salt precipitates to produce lithium carbonate Outcomes Deliverables will include annual and final reports as well as journal articles on efforts to synthesize the novel zirconium compound and investigate the effectiveness of using as an adsorbent for the process of lithium extraction Direct beneficiaries of this project include the lithium mining and battery industries electric vehicle manufacturers water quality managers and communities currently affected by lithium mining pollution Subrecipient No subawards are included in this assistance agreement,75000,75000,7578.140000000003,67421.86,2025-05-13,"Program terminated, DOGE, End date cut short (USAspending)",N/A,N/A,2024-01-01T00:00:00Z,2025-12-31T00:00:00Z,Office of Research and Development,66.516,P 3 Award National Student Design Competition for Sustainability,EPA-G2023-P3-Q1,Old Dominion University Research Foundation,VA,Norfolk,VA-03,Not for Profit,https://www.usaspending.gov/award/ASST_NON_84067901_068/,https://enviro.epa.gov/envirofacts/nggs/report?grantId=84067901,N/A
84086901,Disrupted,Terminated,Developing Geopolymer Cement using Sewage Sludge Ash as Precursors,This project aims to use sewage sludge ash SSA an industrial byproduct from wastewater treatment to develop sustainable low carbon cement Activities The team will develop low carbon geopolymer cement The research objectives are to 1 thoroughly characterize the sewage sludge ash both physically and chemically and 2 investigate various influencing factors such as the activator binder ratio and activators coupled with curing conditions to determine the optimal set of factors that yield competent mechanical and engineering properties Outcomes Deliverables include annual and final reports on their efforts to develop a low carbon geopolymer cement using the waste product SSA Direct beneficiaries of this program include solid waste disposal and landfill managers specifically in Pennsylvania water quality managers and the cement industry Subrecipient No subawards are included in this assistance agreement,74809,74809,26803.53,48005.47,2025-05-13,"Program terminated, DOGE, End date cut short (USAspending)",N/A,N/A,2024-01-01T00:00:00Z,2025-12-31T00:00:00Z,Office of Research and Development,66.516,P 3 Award National Student Design Competition for Sustainability,EPA-G2023-P3-Q3,Widener University,PA,Chester,PA-05,Private University,https://www.usaspending.gov/award/ASST_NON_84086901_068/,https://enviro.epa.gov/envirofacts/nggs/report?grantId=84086901,N/A
953A0075,Disrupted,Terminated,Environmental and Climate Justice Community Change Grants Program award to Energy Coordinating Agency of Philadelphia Inc,"THIS AGREEMENT PROVIDES FUNDING UNDER THE INFLATION REDUCTION ACT (IRA) TO ECAP - THE ENERGY COORDINATING AGENCY OF PHILADELPHIA, INC. AND HABITAT FOR HUMANITY PHILADELPHIA, INC. (HFHP). SPECIFICALLY, THE PROJECT WILL ADDRESS THE ENVIRONMENTAL AND SOCIOECONOMIC CHALLENGES FACED BY THE GRAYS FERRY COMMUNITY. IT AIMS TO ENHANCE COMMUNITY RESILIENCE BY ESTABLISHING HUB FACILITIES AND CLIMATE-SAFE HOUSING PROGRAMS, OFFERING VITAL SUPPORT TO THOSE DISPROPORTIONATELY AFFECTED BY ENVIRONMENTAL HAZARDS AND SOCIOECONOMIC DISPARITIES. IT ALSO FOCUSES ON ENHANCING CLIMATE ADAPTATION STRATEGIES THROUGH TARGETED INITIATIVES, SUCH AS WORKFORCE DEVELOPMENT, WHOLE HOME REPAIR, AND DEPLOYMENT OF CLIMATE RESILIENCE EQUIPMENT. ALTOGETHER, THESE STRATEGIES WILL COMPREHENSIVELY ACHIEVE COMMUNITY-LEVEL CLIMATE RESILIENCE AND GHG POLLUTION REDUCTION WITHIN GRAYS FERRY. THE PRIMARY STRATEGY WILL INVOLVE WHOLE HOME REPAIRS OF 189 GRAYS FERRY HOMES THROUGH PHILADELPHIA'S BUILT TO LAST (BTL) FRAMEWORK, CONDUCTED BY CONSTRUCTION MANAGERS HFHP AND ECA. THIS PRIMARY GOAL INCLUDES WEATHERIZATION CONDUCTED BY ECA USING DOE'S WEATHERIZATION ASSISTANCE PROGRAM (WAP). EACH OF THE 189 HOMES WILL RECEIVE A COMPREHENSIVE ASSESSMENT AND HAVE THE NECESSARY WORK COMPLETED BY LEVERAGING SEVERAL FUNDING SOURCES. HOMES IN GRAYS FERRY WILL BENEFIT FROM INCREASED RESILIENCE AND REDUCED ENERGY BURDEN. THIS PROJECT WILL ESTABLISH THE HUB TO SERVE AS A CENTRALIZED NETWORK TO FORTIFY THE NEIGHBORHOOD, A SAFE GO-TO DESTINATION DURING CLIMATE DISASTERS. UNLIKE TRADITIONAL RESPONSE CENTERS, THE HUB WILL BE ACTIVE AT ALL TIMES, ADDRESSING COMMUNITY NEEDS DAILY, DURING CRISES, AND IN RECOVERY PHASES. ADDITIONALLY, THE HUB AIMS TO PROVIDE HIGH-QUALITY CLEAN ENERGY TRAINING TO MORE THAN 50 STUDENTS ANNUALLY, PRIORITIZING HISTORICALLY EXCLUDED WORKERS AGED 16 AND ABOVE, INCLUDING OPPORTUNITY YOUTH, RETURNING CITIZENS, AND VETERANS. THE GREEN CAREERS PROGRAM WILL BE IMPLEMENTED IN YEARS 2 AND 3 AND WILL TAKE PLACE IN A DESIGNATED SPACE WITHIN THE NEW HUB. LEVERAGING VARIOUS FUNDS, INCLUDING BIL, IRA, AND WIOA, THE INITIATIVE SEEKS TO REPLICATE ECA'S SUCCESSFUL GREEN CAREERS TRAINING CENTER IN WEST KENSINGTON, PHILADELPHIA. THE HUB WILL OFFER HIGH-QUALITY, PRE-APPRENTICESHIP TRAINING PROGRAMS, PREPARING STUDENTS FOR IN-DEMAND POSITIONS IN CLEAN ENERGY SECTORS SUCH AS SUSTAINABLE CONSTRUCTION, HVAC INSTALLATION, SOLAR PV INSTALLATION, ENERGY AUDITING, DISASTER RECOVERY, AND MORE, WITH AVERAGE HOURLY WAGES OF $17-$30 AND POTENTIAL FOR ADVANCEMENT TO POSITIONS WITH SALARIES EXCEEDING $100,000. 
ACTIVITIES:THE PROPOSED PROJECT ACTIVITIES AIM TO MAXIMIZE BENEFITS FOR RESIDENTS OF DISADVANTAGED COMMUNITIES BY LEVERAGING EXISTING RESOURCES AND COMMUNITY ASSETS. THE ESTABLISHMENT OF A COMMUNITY RESILIENCE HUB (THE 'HUB') WILL CENTRALIZE COMMUNITY-CLIMATE RESILIENCE PROGRAMS AND EMERGENCY RESPONSE EFFORTS, PROVIDING CRUCIAL SUPPORT BEFORE, DURING, AND AFTER DISASTERS. THE HOME REPAIR PROGRAM WILL ADDRESS DISPLACEMENT AND INSECURITY BY PRIORITIZING STABLE HOUSING SOLUTIONS, WHILE OUR NEW COMMUNITY CENTER WILL EQUIP RESIDENTS WITH ADVOCACY SKILLS AND INFORMATION ON LOCAL ISSUES. THE GREEN CAREERS WORKFORCE DEVELOPMENT PROGRAM WILL OFFER SUSTAINABLE CAREER PATHWAYS, ADDRESSING SYSTEMIC INEQUALITIES AND IMPROVING QUALITY OF LIFE. HEALING SUPPORT SERVICES WILL ADDRESS THE MENTAL AND EMOTIONAL HEALTH NEEDS OF RESIDENTS AFFECTED BY ENVIRONMENTAL INJUSTICE, ENSURING COMPREHENSIVE SUPPORT FOR COMMUNITY RESILIENCE AND EMPOWERMENT. ALL PROGRAMS WILL PHYSICALLY BE HOUSED WITHIN THE NEW HUB.
SUBRECIPIENT:THE ACTIVITIES TO BE IMPLEMENTED THROUGH SUB-AWARDS INCLUDE THE FOLLOWING.

HABITAT FOR HUMANITY OF PHILADELPHIA, INC. (HFHP) SUBAWARD: THE TOTAL AMOUNT ALLOCATED TO HFHP FOR THE HOUSE REPAIR PROGRAM IS $2,516,930 INCLUSIVE OF PROGRAM ADMINISTRATION COSTS. HFHP WILL WORK ON A TOTAL OF 129 HOUSING UNITS AT THE PRICE OF $16,336 PER UNIT. THIS PER UNIT COST INCLUDES PROJ",19997822,19997822,0,19997822,2025-03-25,"Program terminated, DOGE, End date cut short (USAspending), Senate committee list",N/A,N/A,2025-01-01T00:00:00Z,2027-12-31T00:00:00Z,Region 3 (Mid-Atlantic),66.616,Environmental and Climate Justice Community Change Grants Program,EPA-R-OEJECR-OCS-23-04,Energy Coordinating Agency of Philadelphia Inc,PA,Philadelphia,PA-02,N/A,https://www.usaspending.gov/award/ASST_NON_953A0075_068/,N/A,N/A
84046101,Restored,Reinstated (unconfirmed),Accelerating Technical and Community Readiness for Beneficial Water Reuse in Small Systems,The objective of this project is to accelerate water reuse adoption in rural communities by increasing technical and community readiness The general hypothesis is that community readiness for water reuse in small systems can be accelerated by a convergence of technical informational social and institutional innovation Activities The research project aims for an integrated research and engagement program that will 1 address knowledge gaps and generate frameworks for overcoming these barriers and 2 use research outputs to evaluate and accelerate community readiness for reuse in five case studies Both general activities will be executed in parallel such that knowledge can be co produced with decision makers Specific methods to address knowledge gaps include community surveys the use of a prototype calculation engine and desktop bench scale and pilot scale evaluations of treatment technologies Specific methods to accelerate community readiness include legal and policy analyses and case study evaluations of five small water systems Outcomes This project rsquo s outputs include annual and final reports as well as modular decision support tools such as water inventories technology databases cost and demand curves for water reuse These outputs will be integrated into institutional and state and local regulatory decision making processes in small rural and underserved communities Intended beneficiaries include stakeholders in small communities such as utilities and local resource managers state and tribal decision makers as well as customers of small water systems Subrecipient The subaward to the University of Rhode Island Requested 681 965 Cost share 171 319 is for analyses for Objectives 2 Develop validated list of fit for purpose technologies 4 Identify ways to overcome social barriers to public acceptance and 6 Conduct case studies The subaward to the University of California Berkeley Requested 559 941 is for work on organizational barriers in Objective 5 Foster institutional innovation to overcome organizational barriers and support for Objective 6 Conduct case studies,3246000,3246000,1582445.0600000003,1663554.9399999997,2025-05-12,"Program terminated, End date cut short (USAspending)",2026-07-01,End date re-extended (USAspending),2022-09-01T00:00:00Z,2027-08-31T00:00:00Z,Office of Research and Development,66.511,Office of Research and Development Consolidated Research Training Fellowships,EPA-G2021-ORD-E1,Iowa State University of Science and Technology,IA,Ames,IA-04,State Institution of Higher Learning,https://www.usaspending.gov/award/ASST_NON_84046101_068/,https://enviro.epa.gov/envirofacts/nggs/report?grantId=84046101,N/A
84045601,Restored,Reinstated (confirmed),Protein Binding Affinity as the Driver for Studying Polyfluoroalkyl Substances Mixture Toxicity,The purpose of this project is to use a combination of in silico in vitro and in vivo tools to test the overarching hypothesis that binding of per and polyfluoroalkyl substances PFAS to hemoglobin is a physiological signal for predicting the toxicity of PFAS mixtures Activities Using PFAS concentrations and ratios of mixtures found in surface and drinking water across the country researchers will quantify the binding of single PFAS and their mixtures to hemoglobin The specific objectives are to 1 develop mechanistic models to determine whether the toxicity of PFAS mixtures deviates from additivity 2 inform and validate in silico models using PFAS and hemoglobin binding affinity data and 3 inform and validate in silico models using in vivo toxicity tests The long term goal of the project is to produce mechanistic toxicity data for PFAS mixtures to support human and environmental health risk assessment Outcomes Deliverables include annual and final reports and the development of a novel simple cost effective and ecologically relevant approach for testing the toxicity of PFAS mixtures Direct beneficiaries of this project include communities across the U S exposed to PFAS mixtures human health the environment and the general public Subrecipient A subaward to Jackson State University for 166 223 to conduct computational protein docking and QSAR modeling of PFAS and their mixtures A subaward to Hendrix University for 36 964 to run equilibrium dialyses general toxicity testing with midges and hemoglobin content,725481,725481,631961.53,93519.46999999997,2025-05-12,"Program terminated, End date cut short (USAspending)",2026-01-08,End date re-extended (USAspending),2022-09-01T00:00:00Z,2026-08-31T00:00:00Z,Office of Research and Development,66.509,Science to Achieve Results Star Research Program,EPA-G2022-STAR-A1,Purdue University,IN,West Lafayette,IN-04,State Institution of Higher Learning,https://www.usaspending.gov/award/ASST_NON_84045601_068/,https://enviro.epa.gov/envirofacts/nggs/report?grantId=84045601,N/A
84045101,Restored,Reinstated (confirmed),"Assessment of Neurotoxicity of Mixtures of PFAS and other Neuroactive Organic Pollutants through Integrated in Silico, in Vitro Cellular and in Vivo Models",The purpose of this project is to Integrate In Vito and In Silico High throughput testing with In Vivo tests using a Zebrafish model in order to evaluate the neurotoxicity of mixtures of Per and Polyfluoroalkyl Substances PFAS and their mixtures with other organic contaminants Activities The objectives of the research are to 1 derive information on the effects of PFAS mixtures on cellular key events leading to neurotoxicity 2 develop machine learning toxicity prediction tools to map the multivariate data on the structure and functionality of PFAS mixtures 3 investigate the role of cellular transporters in PFAS uptake and localization and 4 validate the results from in vitro and in silica approaches using a zebrafish in vivo model to assess impacts of PFAS on neurodevelopment Outcomes Deliverables include annual and final reports as well as models to predict neurotoxicity of PFAS mixtures The data generated may enable the application of adverse outcome pathway frameworks for PFAS neurological outcomes Direct beneficiaries of this program include human health the environment and the general public Subrecipient The Helmholtz Center for Environmental Research 150 009 will host a student from UB to investigate mixture effects using neuronal cell lines to be performed in the high throughput testing facility CITEPro The instruments at Helmholtz have specific dispenser to prepare complex mixtures of defined compositions custom built robotic devices for pipetting all steps of cell based bioassay and an Image Express high content microscope for endpoint detection SUNY Stony Brook University 205 797 will conduct in vivo studies using zebrafish to assess neurodevelopmental and behavioral impacts of selected PFAS individually and as mixtures and PFAS mixtures with other organic contaminants Bioaccumulation and biotransformation of treatment chemicals in zebrafish will be evaluated to correlate internal concentrations of PFAS with neurotoxicity and exploit distinct experimental advantages of zebrafish models in multi well dishes,750000,750000,480916.3199999999,269083.6800000001,2025-05-12,"Program terminated, End date cut short (USAspending)",2025-09-30,End date re-extended (USAspending),2022-10-01T00:00:00Z,2026-03-31T00:00:00Z,Office of Research and Development,66.509,Science to Achieve Results Star Research Program,EPA-G2022-STAR-A1,The Research Foundation for the State University of New York,NY,Amherst,NY-26,Not for Profit,https://www.usaspending.gov/award/ASST_NON_84045101_068/,https://enviro.epa.gov/envirofacts/nggs/report?grantId=84045101,N/A
84082401,Restored,Reinstated (confirmed),A Multistate Study to Establish A Risk Assessment Framework for the AMR in Surface Water Attributable to Municipal Wastewater and Biosolids,The purpose of the project is to establish a risk assessment framework that can estimate human health risks based on measurements of antibiotic resistant bacteria ARB and antibiotic resistant genes ARGs in source waters under the influence of municipal wastewater and biosolids The research will generate field data collected from surface water which will be used to calibrate and validate mechanistic fate and transport models for ARB and ARGs in runoff and rivers Once developed these models will inform development of an exposure assessment model for ARB and a semi quantitative risk characterization model for ARGs to improve stakeholders rsquo abilities to understand risks and develop prioritize mitigation strategies Activities The project will start by collecting samples from a variety of wastewater discharging facilities located in New Jersey Nebraska California and Hawaii Including point and non point AMR sources water reuse scenarios de facto non potable potable and environmental settings treatment plant flow water age average precipitation Water samples will then be collected from receiving water bodies at multiple distances downstream during both dry and wet weather conditions from AMR discharges A separate effort will focus on sampling AMR levels in land applied biosolids using field plots in NE to estimate and model concentrations of ARB and ARGs in runoff Using the above information fate and transport models will be calibrated to model ARB and ARGs in each of the selected rivers to predict concentrations downstream explore relative significance of various point and non point sources and provide information for risk assessment modeling Last a risk assessment framework will be developed to evaluate the relative importance of exposure pathways and risk from wastewater originated ARB and ARG levels in rivers Outcomes Key deliverables include new information on ARB and ARG levels and source attribution of AMR from wastewater and non wastewater sources A calibrated and validated mechanistic model will be developed to estimate the significance of AMR loads in surface water to increase the ability of water resource managers to evaluate ethe significance of AMR from land applied biosolids and wastewater A risk exposure assessment model will then be developed to evaluate multiple exposure pathways for ARB and exposure routes for ARGs Key outcomes from the project include improved ability for water resource managers to assess the significance of AMR from wastewater and biosolids along with the ability for stakeholders to quantify the exposure and risk of wastewater originated ARB and ARGs in rivers Beneficiaries include the public state and local regulators wastewater utilities and water quality program managers Subrecipient University of Aawaii at Manoa Yan ndash Objective 1 Generate data from field and laboratory studies 251 124 cost share 63 176 314 300 University of California Riverside Meng ndash Objective 1 Generate data from field and laboratory studies 278 327 cost share 69 626 347 953 Rutgers University Fahrenfield ndash Objective 1 Generate data from field and laboratory studies 421 553 cost share 105 391 526 944 Iowa State University Ikuma and Rehmann ndash Objective 4 Fate and transport modeling for rivers 273 866 cost share 68 629 342 495,2374999,2374999,45765.87999999989,2329233.12,2025-05-12,"Program terminated, End date cut short (USAspending)",2025-07-14,End date re-extended (USAspending),2024-08-01T00:00:00Z,2027-07-31T00:00:00Z,Office of Research and Development,66.511,Office of Research and Development Consolidated Research Training Fellowships,EPA-G2023-ORD-F1,Board of Regents of the University of Nebraska,NE,Lincoln,NE-01,State Institution of Higher Learning,https://www.usaspending.gov/award/ASST_NON_84082401_068/,https://enviro.epa.gov/envirofacts/nggs/report?grantId=84082401,N/A
84095101,Restored,Reinstated (confirmed),PFAS Accumulation in Finfish and Shellfish Species within the Coastal and Inland Waters of the Peskotomuhkati (Passamaquoddy) Homelands.,The objective of this project is to assess local watersheds and food sources in the Peskotomuhkati Passmaquoddy homelands for PFAS accumulation This research aims to identify and mitigate PFAS contamination in Tribal lifeway practices Activities This project will 1 quantify the amount of PFAS and heavy metals within local water sources and fish species 2 evaluate the distribution of PFAS and heavy metals with aquatic environments and 3 translate the findings to local Tribal community members Outcomes Anticipated deliverables include outreach materials project reports and journal publications The project outcome includes new scientific knowledge on PFAS fate in local Peskotomuhkati homelands and support for Tribal state and federal resource managers to make decisions to facilitate pollution prevention measures Beneficiaries include Passamaquoddy Tribe policy makers human health and the environment Subrecipient Bigelow Laboratory 253 102 with its expertise in PFAS analysis chemistry and trace metals will train Sipayik Environmental Department SED staff in sampling and sample preparation and collaborate with SED and Indian Health Services staff in data evaluation interpretation and outreach Pleasant Point Health Center 12 401 will develop research finding pamphlets and collaborate with the project team in community engagement and outreach efforts,1558555,1558555,345387.0900000001,1213167.91,2025-05-12,"Program terminated, End date cut short (USAspending)",2025-07-07,End date re-extended (USAspending),2024-12-01T00:00:00Z,2028-11-30T00:00:00Z,Office of Research and Development,66.509,Science to Achieve Results Star Research Program,EPA-G2023-STAR-J1,Pleasant Point Indian Reservation,ME,Perry,ME-02,Indian Tribe,https://www.usaspending.gov/award/ASST_NON_84095101_068/,https://enviro.epa.gov/envirofacts/nggs/report?grantId=84095101,N/A
83948401,Disrupted,Terminated,EPA NAS-NRC Research Associateship Program,Activities Outcomes Subrecipient,1609241,1609241,1510727.9000000001,98513.09999999986,2025-05-12,"Program terminated, DOGE, End date cut short (USAspending)",N/A,N/A,2019-09-01T00:00:00Z,2025-08-31T00:00:00Z,Office of Research and Development,66.511,Office of Research and Development Consolidated Research Training Fellowships,EPA-ORD-OARS-2018-01,National Academy of Sciences,DC,Washington,DC-98,Not for Profit,https://www.usaspending.gov/award/ASST_NON_83948401_068/,https://enviro.epa.gov/envirofacts/nggs/report?grantId=83948401,N/A
83997801,Disrupted,Terminated,Community Assess of Env Health Risks-Vieques PR,This research will address Viequenses health concerns by facilitating residents greater understanding about and control over testing evaluation quantification and mitigation of toxic substances in Vieques The overall goal is to use a community based participatory research CBPR approach to 1 Establish exposure to multiple contaminants through person centered environmental assessments 2 Establish a resident data monitoring and decision making infrastructure and 3 develop a plant based remediation system for soil metals and train the community to implement in appropriate sites Activities Outcomes Subrecipient,800000,800000,622041.8300000001,177958.16999999993,2025-05-12,"Program terminated, DOGE, End date cut short (USAspending)",N/A,N/A,2020-05-01T00:00:00Z,2026-04-30T00:00:00Z,Office of Research and Development,66.511,Office of Research and Development Consolidated Research Training Fellowships,EPA-G2019-ORD-A1,University of Mass at Boston,MA,Boston,MA-08,State Institution of Higher Learning,https://www.usaspending.gov/award/ASST_NON_83997801_068/,https://enviro.epa.gov/envirofacts/nggs/report?grantId=83997801,N/A
84008801,Disrupted,Terminated,System to Capture/Recover Tile Drainage Nutrients,Activities Outcomes Subrecipient,999377,999377,960150.83,39226.17000000004,2025-05-12,"Program terminated, DOGE, End date cut short (USAspending)",N/A,N/A,2020-09-01T00:00:00Z,2025-08-31T00:00:00Z,Office of Research and Development,66.509,Science to Achieve Results Star Research Program,EPA-G2020-STAR-A1,Board of Trustees University of Illinois Urbana Champaign,IL,Champaign,IL-13,State Institution of Higher Learning,https://www.usaspending.gov/award/ASST_NON_84008801_068/,https://enviro.epa.gov/envirofacts/nggs/report?grantId=84008801,N/A
84042501,Disrupted,Terminated,"Enabling Real-time, Low-cost Measurement of Hazardous Air Pollutants",The goal of the proposed research is to develop characterize and demonstrate a novel technique for a low cost way of measuring organic hazardous air pollutants HAPs with high sensitivity and selectivity and at high time resolution Activities Activities include 1 developing a new multidimensional technique for identifying and quantifying hazardous air pollutants HAPs 2 demonstrating the use of a prototype device in both the laboratory and the field 3 optimizing data processing and interpretation using advanced analysis techniques and 4 developing a modular approach for optimizing measurement methods to target specific HAPs Outcomes The anticipated deliverables are annual progress and final reports The expected outcomes include development and demonstration of prototype instruments that provide low cost ways to conduct real time monitoring of HAPs The intended beneficiaries are the scientific community and communities affected by HAPs Subrecipient Subawardee Massachusetts Institute of Technology will lead the development of sensor array and data approaches to interpret the results for the prototype device that will be developed Subawardee South Coast Air Quality Management District will be responsible for the overall design development and implementation of the laboratory testing portion of the project,800000,800000,488514.73,311485.27,2025-05-12,"Program terminated, DOGE, End date cut short (USAspending)",N/A,N/A,2022-05-01T00:00:00Z,2027-04-30T00:00:00Z,Office of Research and Development,66.509,Science to Achieve Results Star Research Program,EPA-G2021-STAR-C1,Virginia Polytechnic Institute State University,VA,Blacksburg,VA-09,State Institution of Higher Learning,https://www.usaspending.gov/award/ASST_NON_84042501_068/,https://enviro.epa.gov/envirofacts/nggs/report?grantId=84042501,N/A
84043001,Disrupted,Terminated,PFAS-HOME: Characterizing Residential PFAS Exposure Pathways among Children and Adults using Multimedia Measurements and Questionnaires,The goal of the proposed research is to better characterize important exposure pathways of Per and poly fluoroalkyl substances PFAS among vulnerable groups in impacted communities and in the general population Activities The project will collect data that will allow the recipient to evaluate how much variability in PFAS serum levels can be explained by water consumption and other residential and dietary exposure sources pathways such as indoor air Outcomes The anticipated deliverables are annual progress and final reports Project outputs include 1 Exposure measurements indoor air concentrations household dust concentrations for 37 PFAS chemicals and questionnaire data from 50 homes concordant with biomonitoring data 2 Total fluorine TF and extractable organofluorine EOF concentrations levels in 50 house dust samples 3 Evaluated protocols and SOPs for measuring a targeted set of PFAS in the residential environment including drinking water and 4 Preliminary assessment of residential exposures including relationship between measured indoor air and house dust concentrations and associations with housing characteristics and behaviors related to consumer products within the home Direct beneficiaries are state and local public health managers the scientific community and communities affected by residential PFAS exposure Subrecipient A subaward will be given to Indiana University to perform PFAS analysis of 50 passive indoor air and 50 dust samples collected in participant homes with the analyses to be conducted in Year 1,250000,250000,235811.97,14188.029999999999,2025-05-12,"Program terminated, DOGE, End date cut short (USAspending)",N/A,N/A,2022-07-01T00:00:00Z,2025-06-30T00:00:00Z,Office of Research and Development,66.511,Office of Research and Development Consolidated Research Training Fellowships,EPA-G2021-ORD-D1,Silent Spring Institute Inc,MA,Newtonville,MA-04,Not for Profit,https://www.usaspending.gov/award/ASST_NON_84043001_068/,https://enviro.epa.gov/envirofacts/nggs/report?grantId=84043001,N/A
84045401,Disrupted,Terminated,Innovative Approach to Assess the Effect of Metal Mixtures From Infant Meconium Associated with Adverse Infant Outcomes by Identifying Methylation Loci,The purpose of this project is to establish a platform to quantify intrauterine exposure to metal mixtures and determine their effect on epigenetic loci changes in newborns Activities The specific objectives are to 1 develop a standardized methodology for assessing intrauterine exposure using meconium as a biomarker and quantify metal mixtures among an urban population and 2 explore and quantify the effect of metal mixture exposure on methylated genes for three adverse birth outcomes small for gestational age intellectual disability and autism spectrum disorders Researchers will develop a standardized method to quantify metals in meconium and implement this approach to measure metal concentrations from newborns delivered in New York City The research team will also collect buccal cells from mothers and infants and identify methylated genes for the adverse birth outcomes Researchers will then investigate the relationship between the metal mixtures and DNA methylation Outcomes Deliverables include annual and final reports as well as the identification of gene loci where metal mixture effects result in changes in methylation which could enhance the understanding of the pathways that result in human harm The results of this project may lead to state and local public health actions to identify at risk infants and develop remediation strategies Direct beneficiaries include mothers and infants in New York City infants at risk of heavy metals exposure human health the environment and the general public Subrecipient A subaward to University of South Carolina 97 947 will develop a complex Bayesian mixture model to evaluate the association between metal mixtures and adverse birth outcomes and analyze the DNA methylation in the proposed study A subaward to Medger Evers College 42 395 will develop a standardized method for assessing metal concentrations in meconium as well as sample digestion and processing for analysis,746154,746154,600315.09,145838.91000000003,2025-05-12,"Program terminated, DOGE, End date cut short (USAspending)",N/A,N/A,2022-11-01T00:00:00Z,2025-10-31T00:00:00Z,Office of Research and Development,66.509,Science to Achieve Results Star Research Program,EPA-G2022-STAR-A1,Research Foundation of the City University of New York,NY,New York,NY-13,State Institution of Higher Learning,https://www.usaspending.gov/award/ASST_NON_84045401_068/,https://enviro.epa.gov/envirofacts/nggs/report?grantId=84045401,N/A
84046401,Disrupted,Terminated,Investigating the Distribution and Value of Water Quality benefits Along the Mississippi River,The goal of the proposed research is to develop a non market valuation survey administered to residents along the Mississippi River to evaluate how benefits vary across socioeconomic and geographic scales and populations of concern Research will evaluate tradeoffs between equity and efficiency with respect to water quality improvements and river restoration and will also explore how different methods lead to alternative policy conclusions resulting in better approaches tools for potential policy actions Overall the research will empower communities to advocate for their priorities and will lead to improved understanding of the benefits and distribution of water quality changes Activities Activities to be performed include a non market valuation survey administered to residents of the 246 counties and parishes that border or are adjacent to the Mississippi River The survey will ask respondents to report day and overnight trips to the River and will include a discrete choice referendum based on proposed changes in watershed restoration and management recreational cultural and or ecological values In addition to a ldquo push to web rdquo approach based on postcard mailers to a randomly selected address 8208 based sample potential survey participants will be identified via social media profiles and signage at river locations will direct visitors to an online survey Engagement with community organizations working on environmental  along the River will take the form of participatory workshops and co design of citizen science approaches that address community articulated priorities for restoration or management Outcomes Grant results include new methods of eliciting environmental values and insights into how different methods lead to alternative policy conclusions across equity and efficiency objectives In addition to peer reviewed papers and presentations the research will make contributions to benefit cost analyses and will inform the development of next generation integrated assessment models by testing the generalizability and scalability of new methods for valuation across spatial and demographic gradients Last the project will deliver beneficial outcomes to partner communities along the Mississippi River Intended beneficiaries include the public state and local environmental agencies regulators and partner communities along the Mississippi River Subrecipient University of Washington Lead PI Spencer Wood Team members from the University of Washington will Develop test and deploy approaches for using new technology and data sources to elicit information from communities within the study corridor Store and aggregate raw data to characterize populations Summarize findings in reports and publications Michigan State University Lead PI Dr Frank Lupi Team members from Michigan State University will Contribute to the design testing and implementation of water quality values using the survey data and available secondary data Advise o n and contribute to the economic modeling of water quality values using the survey data and available secondary data contribute to and co author project related publications,742000,742000,331224.19999999995,410775.80000000005,2025-05-12,"Program terminated, DOGE, End date cut short (USAspending)",N/A,N/A,2022-09-01T00:00:00Z,2027-08-31T00:00:00Z,Office of Research and Development,66.509,Science to Achieve Results Star Research Program,EPA-G2022-STAR-D1,Regents of the University of Minnesota,MN,Minneapolis,MN-05,State Institution of Higher Learning,https://www.usaspending.gov/award/ASST_NON_84046401_068/,https://enviro.epa.gov/envirofacts/nggs/report?grantId=84046401,N/A
84047401,Disrupted,Terminated,"Studying Air Pollution-Health-Climate Interactions for People of Color in Southeast Queens, NY: A Community-Based Project",The goal of the project is to engage S E Queens residents in the measurements of key air pollutants NO2 O3 SO2 PM2 5 toxic metals and PFAS through community based participatory research CBPR increasing their understanding of climatic factors and air pollution impacts on health and empowering them to use such knowledge to inform policy on alleviating climate impacts and sustaining good health Activities The project will test the hypothesis that CBPR is a powerful driver in promoting air pollution reduction with the aim of protecting the health of S E Queens Residents and the environment The project will 1 demonstrate the impact of pollutant emissions from nearby waste stations on air quality in S E Queens through research field measurements 2 train residents to develop community science strategies such as crowdsourcing tools with new knowledge gained from the measurements enabling residents facing environmental in to mobilize new innovative low cost replicable strategies leading to the development of policy recommendations for better management of waste transfer stations and 3 translate the research data and community input into state and local climate and policy solutions for traffic emission reduction and relief from current health stressors improving quality of life Outcomes Deliverables include annual and final research reports as well as journal publications with critical data addressing urgent issues associated with urban minority and underserved communities that have never been investigated in New York City Expected outcomes include improved health and well being for residents living in low income urban minority communities Intended beneficiaries include health professionals state and local policy makers environmental managers and community leaders Subrecipient CUNY Medgar Evers College 245 629 will provide measurement monitoring of air pollutants including PM2 5 and PFAS Rutgers University 335 076 will 1 lead sampling efforts at three sites to determine toxic metals associated with PM2 5 2 participate in sampling preparation and analytical lab procedures 3 supervise a graduate student and 4 lead lab tour to promote community engagement,1344622,1344622,492812.14,851809.86,2025-05-12,"Program terminated, DOGE, End date cut short (USAspending)",N/A,N/A,2022-11-01T00:00:00Z,2025-10-31T00:00:00Z,Office of Research and Development,66.509,Science to Achieve Results Star Research Program,EPA-G2021-STAR-H1,The Research Foundation of Cuny York College,NY,Jamaica,NY-05,State Institution of Higher Learning,https://www.usaspending.gov/award/ASST_NON_84047401_068/,https://enviro.epa.gov/envirofacts/nggs/report?grantId=84047401,N/A
84047601,Disrupted,Terminated,Community Based Research to Address Cumulative Health Effects of Drought on Rural Communities Who Operate Drinking Water Aqueducts in Puerto Rico,The overarching goal of this research is to engage small communities that are reliant on small water supply systems and empower them to identify strategies that sustain water quality quantity and accessibility and provide resilient continuous access to potable water This project will provide an opportunity to better understand the challenges and problems climate variability and change pose to water distribution and quality that might impact public health through waterborne diseases Activities Meteorological observations will establish climate relationships important to pathogen exposure and provide information to understand high resolution climate change projections for microclimates Community engagement methods key informant interviews data collection of rainfall water quality and surveillance of waterborne pathogens will be conducted Results will be shared with water operators and stakeholders to determine community led science based solutions appropriate for each context to mitigate health impacts Observed factors like number served financial status accumulated rainfall water source water treatment and power source when used with high resolution climate change projections will provide holistic solutions for risk assessment and building resilience Outcomes Deliverables include annual and final reports as well as scientific information regarding water quality and quantity risk assessments for capacity building Expected outcomes include advancing the science and understanding of impacts of weather and climatic change on rural communities and microclimates Intended beneficiaries include residents and resource managers in Puerto Rico and other similar communities Subrecipient The Inter American University 490 660 will provide expertise on water sampling design community visits design of water quality related data collection and forms for self reported health data from community members and will conduct community visits and analyze data related to water quality and human health North Carolina State University 180 649 will provide expertise on climate related data collection and design this aspect of information collection and analyses This includes training community leaders and members to collect and report data on rain quantity and frequency temperature and other indicators,1349990,1349990,621756.12,728233.88,2025-05-12,"Program terminated, End date cut short (USAspending)",N/A,N/A,2023-02-01T00:00:00Z,2026-01-31T00:00:00Z,Office of Research and Development,66.509,Science to Achieve Results Star Research Program,EPA-G2021-STAR-H1,Puerto Rico Science Technology Research Trust,PR,San Juan,PR-98,Not for Profit,https://www.usaspending.gov/award/ASST_NON_84047601_068/,https://enviro.epa.gov/envirofacts/nggs/report?grantId=84047601,N/A
84047701,Disrupted,Terminated,Septic to Sewer,The goal of the project is to research and bring environmental  focused strategies to mitigate septic failures in coastal communities under the environmental conditions of rising sea levels and increased flooding Activities Researchers will 1 identify and partner with vulnerable underserved communities that are at risk of septic system failures now and in the future due to climate changes 2 address the antecedent conditions including historical settlement patterns and exclusion from municipal sewers that potentially exacerbate contaminant exposure by collecting primary data on septic health and the environment to develop composite risks and 3 evaluate where and how specific policy and technology solutions can address the compounded risks while ensuring that benefits accrue in a way that addresses past discriminatory practices Outcomes Deliverables include annual and final research reports as well as scientific publications educational information and solutions for public health agencies and community planners to prevent and mitigate septic failures in underserved coastal communities Expected outcomes are prevention of water contamination from septic failures and improved public health Intended beneficiaries include underserved coastal communities in Eastern Maryland state and local water resource managers and state and local public health agencies Subrecipient Resources for the Future 477 000 will measure the value of sewer as captured in property values and as measured by the preferences of local residents and community leaders George Mason University 226 000 will be responsible for the flood hazards modeling component of the proposed work including climate induced coastal flooding and sea level rise inundation Southeast Rural Community Assistance Project 117 705 will co produce research e g guiding research questions to ensure they are relevant support data sharing where appropriate administer a survey or support resident interviews support collection of water soil samples and support research outreach,1350000,1350000,915969.49,434030.51,2025-05-12,"Program terminated, DOGE, End date cut short (USAspending)",N/A,N/A,2022-09-01T00:00:00Z,2026-08-31T00:00:00Z,Office of Research and Development,66.509,Science to Achieve Results Star Research Program,EPA-G2021-STAR-H1,University of Maryland Office of Research Adminstration,MD,College Park,MD-04,State Institution of Higher Learning,https://www.usaspending.gov/award/ASST_NON_84047701_068/,https://enviro.epa.gov/envirofacts/nggs/report?grantId=84047701,N/A
84055501,Disrupted,Terminated,FLEETS for All: Facilitating Local Electrified Energy and Transportation Services for All,The goal is to address air pollution and subsequent health impacts while considering the challenges for energy mobility accessibility and equitability in fifteen underserved communities in the Columbus Metropolitan Area CMA Activities The project will 1 partner with underserved communities in the CMA to understand their needs for electrification and mobility and evaluate the effectiveness of current efforts 2 develop strategies to guide transition investment and deployment to improve health environmental and social conditions over time for the CMA communities across the urban exurban rural gradient and 3 understand how knowledge perception and values vary and design and evaluate informational interventions that inform individual and domicile level decisions Outcomes Deliverables include annual and final research reports Other expected deliverables include community assessments and toolkits to support local and regional decision makers on transitions to electrified energy and mobility and electricity and mobility infrastructure planning white papers and presentations Expected outcomes are tested informational interventions for use in helping marginalized communities understand the decisions facing their households during electrified energy and mobility transitions Direct beneficiaries of this project include underserved communities in the Columbus Metropolitan Area as well as researchers working with similar communities to address air quality public health and cost concerns associated with electrified energy and transportation services Subrecipient No subawards are included in this assistance agreement,1120313,1120313,419351.64,700961.36,2025-05-12,"Program terminated, DOGE, End date cut short (USAspending)",N/A,N/A,2023-07-01T00:00:00Z,2026-06-30T00:00:00Z,Office of Research and Development,66.509,Science to Achieve Results Star Research Program,EPA-G2022-STAR-F1,The Ohio State University,OH,Columbus,OH-03,State Institution of Higher Learning,https://www.usaspending.gov/award/ASST_NON_84055501_068/,https://enviro.epa.gov/envirofacts/nggs/report?grantId=84055501,N/A
84056601,Disrupted,Terminated,"Evaluating the Environmental, Behavioral, and Financial Benefits of Electrification and Energy Efficiency for Underserved Communities",The purpose of this project is to develop an energy  model for freight vehicle electrification in an urban environmental  community that is responsive to community needs while advancing science in air quality public health socioeconomic organizational and institutional factors that play a role in assessing benefits and costs of transitioning into freight vehicle electrification Activities The specific objectives are 1 analyze the sociotechnical regime in which a transition to electrified freight vehicles will occur 2 evaluate potential scenarios for such a transition in terms of their reduction in air emissions and 3 determine the health benefits of such a transition for a community that is heavily impacted by freight vehicle traffic Outcomes Deliverables include annual and final research reports Other expected deliverables include a community Air Monitoring and Exposure Assessment Plan AMEAP community air monitoring guidance materials for low cost sensors a data repository that contains a variety of environmental and traffic data collected by the project a holistic environmental impact analysis tool kit and an online mapping tool for community stakeholders Expected outcomes are improved ability to predict the potential public health and air quality risk tradeoffs in underserved communities due to the freight electrification related energy transitions and enhanced socioeconomic cultural and behavioral insights that can inform future electrification scenarios Direct beneficiaries of this project include the residents of the Little Village neighborhood in southwest Chicago and similar communities situated near freight rails as well as researchers working with similar communities to address environmental concerns associated with large scale changes in energy and transportation systems Subrecipient Subawardee University of Illinois Chicago will lead the work on baseline exposure assessment electrification scenario analysis of emission modeling air dispersion modeling and exposure and health impacts assessment University of Illinois Chicago will also be involved in recruiting community participants mobile sensor training and baseline air monitoring data collection,991796,991796,310809.19,680986.81,2025-05-12,"Program terminated, DOGE, End date cut short (USAspending)",N/A,N/A,2023-07-01T00:00:00Z,2026-06-30T00:00:00Z,Office of Research and Development,66.509,Science to Achieve Results Star Research Program,EPA-G2022-STAR-F1,Board of Trustees University of Illinois Urbana Champaign,IL,Champaign,IL-13,State Institution of Higher Learning,https://www.usaspending.gov/award/ASST_NON_84056601_068/,https://enviro.epa.gov/envirofacts/nggs/report?grantId=84056601,N/A
84060401,Disrupted,Terminated,Winning the Race Against Competing Risks: Optimizing Drinking Water Disinfection to Minimize Opportunistic Pathogen &amp; DBP Risks,The goal of this project is to better understand and predict occurrence of disinfection byproducts opportunistic pathogens and the associated health risk tradeoffs posed by them in drinking water distribution systems DWDS across the continental U S Activities This project will develop a strategic monitoring program through partnership with public health departments and water utility managers and analysis of historic data to sample water for regulated and unregulated disinfection byproducts DBPs and pathogens The research will also conduct a chemical and quantitative microbial risk assessment and evaluation of risk risk tradeoffs considering temporal spatial and population dynamics Outcomes Deliverables include publications risk models and data to inform decision support tools This project will also host workshops and online communications to engage stakeholders as well as develop toolkit for communications outreach The outcome of this work will enable movement away from routine monitoring for these hazards towards tools for more comprehensive water system evaluation risk based and prioritized monitoring strategies based on drinking water distribution system characteristics and the biological chemical and physical parameters most likely to lead to elevated risks Intended Beneficiaries of this project include residents of New York state and local government agencies water utility managers and site managers and operators Subrecipient No subawards are included in this assistance agreement,2250000,2250000,711842.96,1538157.04,2025-05-12,"Program terminated, DOGE, End date cut short (USAspending)",N/A,N/A,2023-08-01T00:00:00Z,2026-07-31T00:00:00Z,Office of Research and Development,66.511,Office of Research and Development Consolidated Research Training Fellowships,EPA-G2022-ORD-H1,Michigan State University,MI,East Lansing,MI-07,State Institution of Higher Learning,https://www.usaspending.gov/award/ASST_NON_84060401_068/,https://enviro.epa.gov/envirofacts/nggs/report?grantId=84060401,N/A
84060501,Disrupted,Terminated,"Innovations in Sampling, (Bio)analytical Chemistry, and Analytics to Characterize Disinfectant Use Tradeoffs in U.S. Water Systems for Minimizing Exposure to Opportunistic Pathogens and DBPs",This application proposes a highly innovative project to assess the tradeoffs between opportunistic pathogens OPs and disinfection by products DBPs and develop strategies for limiting exposure to both classes of water contaminants via U S drinking water distribution systems Activities This project will quantify and assess OPs regulated DBPs and unregulated DBPs Outcomes Deliverables include annual progress and final reports peer reviewed publications and conference presentations Direct beneficiaries include water utilities and communities served by water distribution systems throughout the U S Subrecipient Towson University 31 865 EPA will perform DBP analyses Johns Hopkins 57 827 EPA will perform non target DBP analysis and toxicity testing University of Alaska Fairbanks 37 634 EPA will perform data analytics and modeling,2289299,2289299,904807.05,1384491.95,2025-05-12,"Program terminated, DOGE, End date cut short (USAspending)",N/A,N/A,2023-08-01T00:00:00Z,2026-07-31T00:00:00Z,Office of Research and Development,66.511,Office of Research and Development Consolidated Research Training Fellowships,EPA-G2022-ORD-H1,Regents of the University of Minnesota,MN,Minneapolis,MN-05,State Institution of Higher Learning,https://www.usaspending.gov/award/ASST_NON_84060501_068/,https://enviro.epa.gov/envirofacts/nggs/report?grantId=84060501,N/A
84073901,Disrupted,Terminated,Integrating environmental  in restoration and protection programs,The goal of the proposed project is to engage with state and tribal wetland programs to identify examples of existing plans programs tools and methodologies and highlight opportunities to better integrate environmental  in restoration and protection programs The main objective of this project is to develop the capacity of state tribal territorial and local wetland programs to develop fund and implement conservation and restoration projects that incorporate community goals and where appropriate and possible prioritize the goals and objectives of vulnerable and underserved communities To support this goal ELI will assemble an Advisory Committee conduct desk research and in depth interviews with state and local natural resource managers and wetland program managers develop a research report record two podcasts host a webinar and write and publish an article detailing the findings of the research report Activities Specifically ELI will 1 engage with eight to ten national experts from state and tribal wetland programs other state and federal agencies environmental  communities and conservation organizations to guide the project 2 conduct research and Interviews including identify and analyze existing wetland and aquatic resource plans programs assessment and monitoring methodologies and prioritization tools 3 develop a report that will describe effective approaches to help state and tribal wetland programs develop fund and implement conservation and restoration projects that build in community goals and where appropriate and possible prioritize the goals and objectives of vulnerable and underserved communities 4 develop detailed case studies of states tribes and or local governments that have engaged in noteworthy and innovate approaches for accounting for community input in mapping planning and funding for restoration projects 5 host a webinar and record two podcast episodes that feature the findings of the research report 6 publish an article to report the research findings more broadly for interested stakeholders 7 publish a blog post highlighting key themes identified in the research and 8 post the results of our research on ELI rsquo s Wetlands www eli org wetlands program Webpage Outcomes The intended primary beneficiaries of this project are states Tribes territories and local governments while secondary beneficiaries are the interest public Results of Activities Outputs This project will result in three outputs 1 Final Report ELI will publish a report on best practices and case studies that demonstrate how states tribes and local governments can integrate community priorities prioritize stakeholder input integrate traditional knowledge and address inequities in distribution of resources and benefits in restoration and conservation projects 2 Webinar Podcasts and Blog Posts The project partners will design and deliver an in depth webinar on the findings of the research We will also create two podcasts and a blog post on key themes that emerge from the research 3 Article ELI will develop for publication an article in The Environmental Law Reporter based on our research Anticipated Environmental Improvement Outcomes ELI rsquo s project will result in 1 Increased knowledge of state tribal and local wetland programs on how to integrate environmental  in wetland restoration programs 2 Increased number of restoration plans tools and methodologies that build in stakeholder participation 3 Increased number of conservation and restoration projects identified and developed with community goals stakeholder input and traditional knowledge and cultural considerations integrated 4 Increased equity in distribution of conservation and restoration investment 5 Improved protection and restoration of watersheds and aquatic ecosystems in underserved communities Subrecipient No s,82945,82945,59124.4,23820.6,2025-05-12,"DOGE, End date cut short (USAspending)",N/A,N/A,2024-02-01T00:00:00Z,2026-01-30T00:00:00Z,Office of Water,66.462,National Wetland Program Development Grants and Five Star Restoration Training Grant,EPA-OW-OWOW-23-01,Environmental Law Institute the,DC,Washington,DC-98,Not for Profit,https://www.usaspending.gov/award/ASST_NON_84073901_068/,https://enviro.epa.gov/envirofacts/nggs/report?grantId=84073901,N/A
84074001,Disrupted,Terminated,Building Capacity to Incorporate Climate Change in Compensatory Mitigation Projects,The goal of the proposed project is to develop the capacity of state and Tribal wetland programs to effectively address climate change in wetland mitigation and restoration projects to ensure functions lost to permitted impacts are effectively and permanently replaced and all projects are sustainable over the long term To support this goal ELI will assemble and work with an Advisory Committee to provide guidance on the ways in which mitigation and restoration plans and projects are identifying designing ways to avoid and providing effective tools to adapt to climate change Activities ELI will work with an Advisory Committee to provide guidance on the ways in which mitigation and restoration plans and projects are identifying designing ways to avoid and providing effective tools to adapt to climate change ELI will design and host 4 ndash 5 expert training webinars create associated resource materials and record a podcast to discuss key themes The project will increase the capacity of states tribes and local governments to ensure ecologically effective and sustainable compensatory mitigation and restoration projects Outcomes Results of Activities Outputs This project will result in three outputs 1 4 5 Expert Training Webinars The project partners will design and deliver 4 5 training webinars 2 Resource Materials ELI will develop resource materials to accompany each webinar The materials may include case studies literature reviews resource compilations or model language for bank or in lieu fee program instruments or mitigation plans 3 Podcast ELI will develop a podcast related to some of the key themes identified in the webinar series Anticipated Environmental Improvements Outcomes ELI rsquo s project will result in an 1 Improved capacity of state agencies serving on IRTs to ensure successful mitigation projects 2 Increased capacity of state wetland restoration programs to integrate climate science 3 Increased number of guidance documents and procedures that include information on how to effectively address changing conditions ndash with models and best practices 4 Increased number of instruments and mitigation plans that provide effective strategies for addressing climate change 5 Increased number of successful mitigation projects 6 Improved protection and restoration of watersheds and aquatic ecosystems Direct Beneficiaries of this program include states tribes the compensatory mitigation community and the general public Subrecipient No subawards are included in this assistance agreement,85860,85860,57594.63,28265.370000000003,2025-05-12,"DOGE, End date cut short (USAspending)",N/A,N/A,2024-02-01T00:00:00Z,2026-01-30T00:00:00Z,Office of Water,66.462,National Wetland Program Development Grants and Five Star Restoration Training Grant,EPA-OW-OWOW-23-01,Environmental Law Institute the,DC,Washington,DC-98,Not for Profit,https://www.usaspending.gov/award/ASST_NON_84074001_068/,https://enviro.epa.gov/envirofacts/nggs/report?grantId=84074001,N/A
84086401,Disrupted,Terminated,3D-Printed Floating Photocatalyst Structures that Mimic Natural Objects to Combat Harmful Algal Blooms,This project aims to design a sustainable and affordable strategy to treat harmful algal blooms HABs using sunlight driven photocatalysts that will degrade the cyanobacteria Researchers will develop 3D printed floating structures coated with photocatalysts which can be deployed in water bodies that frequently experience cyanobacteria dominated HABs such as the Indian Lake in Worcester MA Activities The team will design and fabricate 3D printed floated systems which 1 have high specific surface area for high efficiency 2 are coated with a fully exposed uniform layer of photocatalyst on the surface for high number of exposed active sites 3 are intentionally designed to be in the shape of locally occurring n local wildlife 4 can breakdown cyanobacteria 5 can be quickly deployed at the site of concern and 6 can be retrieved by swimming robots and reused when where needed Outcomes Deliverables will include annual and final reports Additionally the project is expected to produce multiple peer reviewed publications in journals The expected outcome of this project will be a reusable prototype prepared by modified 3D printing process which can be deployed into water bodies when needed to control HAB outbreaks efficiently and recovered after treatment Direct beneficiaries of this program include water quality managers human health and the environment and the general public Subrecipient No subawards are included in this assistance agreement,74881,74881,35613.899999999994,39267.100000000006,2025-05-12,"Program terminated, DOGE, End date cut short (USAspending)",N/A,N/A,2024-02-01T00:00:00Z,2026-01-31T00:00:00Z,Office of Research and Development,66.516,P 3 Award National Student Design Competition for Sustainability,EPA-G2023-P3-Q2,Worcester Polytechnic Institute,MA,Worcester,MA-02,Private University,https://www.usaspending.gov/award/ASST_NON_84086401_068/,https://enviro.epa.gov/envirofacts/nggs/report?grantId=84086401,N/A
84087101,Restored,Reinstated (confirmed),Cellulose-Metal Organic Frameworks Hybrid Adsorbent for PFAS Removal from Water,The goal of this project is to develop an innovative cellulose metal organic frameworks Cello MOFs hybrid adsorbent for a practical column removal process to remediate aquatic per and polyfluoroalkyl substances PFAS pollution Activities The specific objectives are to 1 synthesize nanocellulose templated MOFs Cello MOFs hybrid sorbents 2 test for efficient removal of long and short chain PFAS adsorption and 3 demonstrate efficient aquatic PFAS removal using Cello MOFs packed column Outcomes Deliverables include annual and final reports as well as the tested technology for Cello MOFs for removal of PFAS The expected outcome of the project is to develop a sustainable and practical solution for PFAS pollutant removal from drinking surface and groundwater environments Direct beneficiaries of this project include human health the environment and the general public Subrecipient No subawards are included in this assistance agreement,75000,75000,35330.08,39669.92,2025-05-10,"Program terminated, End date cut short (USAspending)",2026-03-11,End date re-extended (USAspending),2024-01-01T00:00:00Z,2026-12-31T00:00:00Z,Office of Research and Development,66.516,P 3 Award National Student Design Competition for Sustainability,EPA-G2023-P3-Q2,University of Tennessee,TN,Knoxville,TN-02,State Institution of Higher Learning,https://www.usaspending.gov/award/ASST_NON_84087101_068/,https://enviro.epa.gov/envirofacts/nggs/report?grantId=84087101,N/A
84045501,Restored,Reinstated (confirmed),Whole Animal New Approach Methodologies for Predicting Developmental Effects of Air Pollutant Mixtures,The purpose of this project is to provide a novel effects based approach for screening contaminant mixtures for developmental impairments Activities The objectives of this research are to 1 develop and validate a novel whole animal new approach methodology NAM in crustacean embryos that targets disruptions in conserved developmental pathways through gene and behavioral assays for use in human health risk assessments 2 evaluate the ability of fish and crustacean embryo tests to detect developmental toxicity to single compounds and simulated mixtures of air pollutants and compare with predicted values from toxicological databases assuming additive toxicity and 3 validate the applicability of the assays using air samples collected following open detonations of unexploded ordnance in Vieques Puerto Rico The proposed assays can be scaled to provide high throughput screening of chemical mixtures from both manufactured chemical formulations and environmental samples specifically relevant to human health Outcomes Deliverables include annual and final reports as well as a robust framework for identifying hidden stressors in air pollution mixtures The approach provides novel tools which may improve the risk assessment of complex air pollution mixtures Direct beneficiaries of this program include the community of Vieques Puerto Rico and other communities with environmental  concerns in the U S human health the environment and the general public Subrecipient The University of California Davis 314 995 will be responsible for conducting fish embryo tests RT qPCR and analytical chemistry non target analysis on air sampling filters The University of Puerto Rico Rio Piedras 128 851 will be responsible for air sampling in Vieques PR and for overseeing project activities by a Ph D student from the UPR Chemistry Department,750000,750000,383874.18,366125.82,2025-05-10,"Program terminated, End date cut short (USAspending)",2025-10-01,End date re-extended (USAspending),2022-10-01T00:00:00Z,2026-09-30T00:00:00Z,Office of Research and Development,66.509,Science to Achieve Results Star Research Program,EPA-G2022-STAR-A1,University of Mass at Boston,MA,Boston,MA-08,State Institution of Higher Learning,https://www.usaspending.gov/award/ASST_NON_84045501_068/,https://enviro.epa.gov/envirofacts/nggs/report?grantId=84045501,N/A
84020001,Restored,Reinstated (confirmed),INnovations to Generate Estimates of childrens Soil/dust inTake (INGEST),Researchers will assess dust and soil exposures for children ages six months to six years via macro and micro activity pattern and tracer studies Researchers will create a novel integrated toolset based on major innovations in activity patterns and tracer studies that will address all four key components needed to quantify children rsquo s soil and dust exposure This proposed work will yield novel insights necessary to refine and increase confidence in soil and dust ingestion estimates for young children Activities Outcomes Subrecipient,1350000,1350000,1217051.06,132948.93999999994,2025-05-10,"Program terminated, End date cut short (USAspending)",2025-07-14,End date re-extended (USAspending),2021-08-01T00:00:00Z,2026-06-30T00:00:00Z,Office of Research and Development,66.509,Science to Achieve Results Star Research Program,EPA-G2020-STAR-D1,The Johns Hopkins University,MD,Baltimore,MD-07,Private University,https://www.usaspending.gov/award/ASST_NON_84020001_068/,https://enviro.epa.gov/envirofacts/nggs/report?grantId=84020001,N/A
84087302,Restored,Reinstated (confirmed),Biochar-Enabled Platform for Enhanced Destruction and Defluorination of Short-Chain Per- and Polyfluoroalkyl Substances (PFAS) in Water,The purpose of this project is to develop a novel biochar based treatment platform to deconstruct and defluorinate Per and Polyfluoralkyl substances PFAS from drinking water Activities The objectives of the research are to 1 synthetize characterize and select the best biochar enabled platforms 2 investigate the effects of water matrices on the destruction and defluorination of C4 C6 PFAS by the best biochar enabled platforms and 3 regenerate and reuse the biochar enabled platforms for PFAS degradation to further lower down the treatment costs and achieve sustainability while minimizing environmental footprint of the treatment platform Outcomes Deliverables include annual and final reports as well as peer reviewed articles degradation platform operation manuals and demonstrations Outcomes include the potential to destruct short chain PFAS at high defluorination rates which will have the ability to supply the public with clean and safe drinking water in a cost effective manner through the innovative use of agricultural wastes Direct beneficiaries of the program include state and local governments human health the environment and the general public The Fiscal Line Details for this action are shown in whole dollars The actual costs to be increase are in dollars and cents as shown below Req No 242631M006 FY 2324 Appropriation Code C BO Code 2631000 PRC 000FK8 Object Class 4141 Amt 73 089 42 Subrecipient Tuskegee University will receive a subaward for 24 994 Dr Jafarinejad will recruit two undergrad students who will spend one summer working at the PIs lab to learn PFAS destruction technology Tuskegee University will then facilitate the PFAS destruction technology to the Alabama Black Belt region,73089.42,73089.42,7188.279999999999,65901.14,2025-05-10,"Program terminated, End date cut short (USAspending)",2025-07-08,End date re-extended (USAspending),2024-08-06T00:00:00Z,2026-12-31T00:00:00Z,Office of Research and Development,66.516,P 3 Award National Student Design Competition for Sustainability,EPA-G2023-P3-Q2,University of Florida,FL,Gainesville,FL-03,State Institution of Higher Learning,https://www.usaspending.gov/award/ASST_NON_84087302_068/,https://enviro.epa.gov/envirofacts/nggs/report?grantId=84087302,N/A
84083101,Restored,Reinstated (confirmed),Evaluation of a Hybrid Filtration/AOP Membrane Process for Point of Use PFAS Removal From Drinking Water,The goal of the project is to create highly active catalysts for Fenton like reactions with tunable surface charge for enhanced adsorption of Per and Polyfluoroalkyl Substances PFAS in drinking water Activities The specific objectives are to 1 synthesize mixed metal ndash iron based nanostructured catalysts following an iron replacement reaction in aqueous media 2 investigate adsorption capacity and mechanisms of PFOA to the nanostructured iron oxide materials iron and mixed metal and 3 evaluate the continuous filtration degradation reaction process for removal of PFOA by ceramic membranes coated with nanostructured iron oxide materials iron and mixed metal Outcomes Deliverables include annual and final reports The potential outcome of the project is improvement in drinking water quality for the affected population by testing a prototype for a hybrid filtration reaction membrane system that is capable of removing PFAS from drinking water Direct beneficiaries of this project will be rural municipalities communities and individuals in areas affected by per and polyfluoroalkyl substances contamination human health the environment and the general public Subrecipient No subawards are included in this assistance agreement,100000,100000,5087.269999999997,94912.73000000001,2025-05-10,"Program terminated, End date cut short (USAspending)",2025-07-07,End date re-extended (USAspending),2024-09-01T00:00:00Z,2026-08-31T00:00:00Z,Office of Research and Development,66.516,P 3 Award National Student Design Competition for Sustainability,EPA-G2021-P3-PHASE2,University of Missouri System,MO,Columbia,MO-03,State Institution of Higher Learning,https://www.usaspending.gov/award/ASST_NON_84083101_068/,https://enviro.epa.gov/envirofacts/nggs/report?grantId=84083101,N/A
84094901,Restored,Reinstated (confirmed),Developing Integrated Mitigation Strategies to Help Farmers Reduce PFAS Risks in Forage and Livestock Systems,The overall goal of this project is to equip farmers with a set of integrated and scalable PFAS mitigation strategies targeting key points of PFAS transfer to reduce the risks associated with producing forages milk and meat on PFAS contaminated soil Activities This research will 1 identify PFAS reduction methods that significantly affect PFAS uptake in forage crops 2 evaluate PFAS mitigation effectiveness of livestock feed binder alterations and 3 develop outreach to support the adoption of PFAS mitigation strategies by forage dairy and meat producers Outcomes Anticipated deliverables include annual and final reports fact sheets videos podcasts webinars peer reviewed journal publications and actionable information on PFAS contamination The expected outcome of this research is new PFAS management strategies which will be beneficial to farmers farm advisors state and local policy makers meat and dairy consumers and communities affected by PFAS contaminated soil Subrecipient No subawards are included in this assistance agreement,1599998,1599998,116822.05000000016,1483175.9499999997,2025-05-10,"Program terminated, End date cut short (USAspending)",2025-06-05,End date re-extended (USAspending),2024-09-01T00:00:00Z,2027-08-31T00:00:00Z,Office of Research and Development,66.509,Science to Achieve Results Star Research Program,EPA-G2023-STAR-J1,University of Maine System,ME,Orono,ME-02,State Institution of Higher Learning,https://www.usaspending.gov/award/ASST_NON_84094901_068/,https://enviro.epa.gov/envirofacts/nggs/report?grantId=84094901,N/A
84002901,Disrupted,Terminated,TK screening of zebrafish cytochrome P450,This project will determine the metabolic activities of key xenobiotic metabolizing enzymes in transgenic knockout zebrafish often used in toxicity assessments Parent and primary metabolite profiles for top hit compounds will be determined and more detailed kinetic assays will be performed on them A novel multiplexed multidimensional GCxGC MS identification will characterize the metabolite profiles for selected individual compounds and will be usable for others Activities Outcomes Subrecipient,799999,799999,751677.64,48321.359999999986,2025-05-10,"Program terminated, DOGE, End date cut short (USAspending)",N/A,N/A,2020-08-01T00:00:00Z,2025-07-31T00:00:00Z,Office of Research and Development,66.509,Science to Achieve Results Star Research Program,EPA-G2019-STAR-D1,Woods Hole Oceanographic Institution,MA,Woods Hole,MA-09,Not for Profit,https://www.usaspending.gov/award/ASST_NON_84002901_068/,https://enviro.epa.gov/envirofacts/nggs/report?grantId=84002901,N/A
84020201,Disrupted,Terminated,"Developmental, Behavioral and Environmental Determinants of Infant Dust Ingestion:  Budget Revision",This project will elucidate determinants of indoor dust ingestion in 6 to 24 month old infants Researchers will test if the frequency and characteristics of indoor dust and non dust mouthing events change with age and motor development stage for different micro environments and how home characteristics and demographic factors affect indoor dust mass loading and dust toxicant concentration The project also examines how dust transfer is influenced by dust properties surface features and contact dynamics and contributions of developmental behavioral and socio environmental factors to dust and toxicant resolved dust ingestion rates Amendment budget revision nbsp https www epa gov grants epa office research and development research terms and conditions effective december 15 2021 Activities Outcomes Subrecipient,1349566,1349566,1147454.91,202111.09000000008,2025-05-10,"Program terminated, DOGE, End date cut short (USAspending)",N/A,N/A,2021-09-01T00:00:00Z,2025-08-31T00:00:00Z,Office of Research and Development,66.509,Science to Achieve Results Star Research Program,EPA-G2020-STAR-D1,New York University,NY,New York,NY-10,Private University,https://www.usaspending.gov/award/ASST_NON_84020201_068/,https://enviro.epa.gov/envirofacts/nggs/report?grantId=84020201,N/A
84020501,Disrupted,Terminated,Developing Microbial Biocontainment Strategies and their Assessment Methods,This project will evaluate biocontainment of Genetically Engineered Microbes GEMs in environmental systems and generate a novel GEM kill switch relevant to bioremediation Consistent with the statutory authorities above this project will develop fundamental scientific screening and monitoring techniques as in subsections c and d to better understand assess and mitigate environmental risks of while advancing research on the reliability of such techniques and improvements on monitoring of GEMs particularly for broadly used bioremediation applications Activities Outcomes Subrecipient,744262,744262,551426.5499999999,192835.45000000007,2025-05-10,"Program terminated, DOGE, End date cut short (USAspending)",N/A,N/A,2021-07-01T00:00:00Z,2025-06-30T00:00:00Z,Office of Research and Development,66.509,Science to Achieve Results Star Research Program,EPA-G2020-STAR-C1,Washington University the,MO,Saint Louis,MO-01,Private University,https://www.usaspending.gov/award/ASST_NON_84020501_068/,https://enviro.epa.gov/envirofacts/nggs/report?grantId=84020501,N/A
84020601,Disrupted,Terminated,Microbial Community Models for Measuring Survival and Persistence of SynBio Microbes in Soil,The overarching goal of this project is to understand predict and control the relationships between natural soil microbial communities SMCs and genetically engineered microbes GEMs Specifically this project will apply current understanding of the composition of natural SMCs to create laboratory model SMCs to measure the survival and persistence of GEMs Additionally the project will assess the capacity of dominant SMC phylotypes to control the survival and persistence of GEMS Activities Outcomes Subrecipient,449213,449213,442771.10000000003,6441.899999999965,2025-05-10,"Program terminated, DOGE, End date cut short (USAspending)",N/A,N/A,2021-07-01T00:00:00Z,2025-06-30T00:00:00Z,Office of Research and Development,66.509,Science to Achieve Results Star Research Program,EPA-G2020-STAR-C2,Worcester Polytechnic Institute,MA,Worcester,MA-02,Private University,https://www.usaspending.gov/award/ASST_NON_84020601_068/,https://enviro.epa.gov/envirofacts/nggs/report?grantId=84020601,N/A
84023801,Disrupted,Terminated,Household Atmospheric Dynamics under Elevated Smoke (HADES): Holistic Evaluation of Interventions for Reducing Indoor Levels of Wildland Fire Emissions,The overall objective of this research is to conduct field and laboratory research to enable accurate modeling of interventions intended to reduce indoor woodsmoke exposures The project will improve understanding of outdoor to indoor air pollutant transport in single family detached homes evaluate commercial and low cost air cleaning approaches for particle and gas phase pollutants characterize polycyclic aromatic hydrocarbons PAHs on indoor surfaces to elucidate how indoor woodsmoke may cause long term exposure to PAHs indoors Activities Outcomes Subrecipient,547899,547899,475180.60000000003,72718.39999999997,2025-05-10,"Program terminated, DOGE, End date cut short (USAspending)",N/A,N/A,2021-09-01T00:00:00Z,2025-08-31T00:00:00Z,Office of Research and Development,66.509,Science to Achieve Results Star Research Program,EPA-G2021-STAR-G2,Portland State University,OR,Portland,OR-01,State Institution of Higher Learning,https://www.usaspending.gov/award/ASST_NON_84023801_068/,https://enviro.epa.gov/envirofacts/nggs/report?grantId=84023801,N/A
84025901,Disrupted,Terminated,Human Virus And Viral Surrogates As Measures Of Water Reuse Potential From Centralized And Decentralized Wastewater Treatment,The purpose of this study is to identify decentralized wastewater technologies and municipal treatment unit processes capable of removing human enteric viruses to allow safe reuse of the treated wastewater and to evaluate the use of five surrogates as possible indicators for presence of human enteric viruses during treatment processes Activities include using two culturable and three non culturable surrogate indicators for human enteric viruses to evaluate each technology rsquo s performance and to concurrently validate the use of these surrogates by parallel measurements of indigenous human adenoviruses and human noroviruses using state of the art analytical methods Deliverables include a rating of eight wastewater treatment processes with respect to removals inactivation of human enteric viruses and data with the outcome of ultimately informing policies and guidelines relative to testing of wastewater treatment technologies being considered for reuse of treated wastewater Direct Beneficiaries of this program include wastewater operators state and local regulators residents of Barnstable County MA and the general public Activities Outcomes Subrecipient,1239655,1239655,1135618.3699999999,104036.63000000012,2025-05-10,"Program terminated, DOGE, End date cut short (USAspending)",N/A,N/A,2021-08-01T00:00:00Z,2025-07-31T00:00:00Z,Office of Research and Development,66.509,Science to Achieve Results Star Research Program,EPA-G2021-STAR-A1,Barnstable County of,MA,Barnstable,MA-09,County,https://www.usaspending.gov/award/ASST_NON_84025901_068/,https://enviro.epa.gov/envirofacts/nggs/report?grantId=84025901,N/A
84046701,Disrupted,Terminated,Valuing Water Quality Improvements in Heartland Reservoirs,The focus of this proposed project is to study willingness to pay WTP for water quality improvements in Midwestern reservoirs Researchers will be measuring linkages between water quality and provision of ecosystem services to inform potential scenarios and ecosystem attributes WTP will be measured by incorporating choice experiments to determine impacts of water quality restoration along with scenarios and accounting for ecosystem services bundling Lastly research will evaluate demographic and spatial characteristics that may inform the extent to which water quality changes impact WTP Activities Non market valuation techniques will be used to characterize the market extent The grantee will also incorporate ecosystem services modeling to inform plausible scenarios and ecosystem attributes in valuation questionnaires Finally the grantee will integrate demographic and spatial characteristics that may inform the extent to which water quality changes impact WTP Outcomes The expected outcome will be to forecast the realistic future of Midwest reservoirs This includes publications describing research results and willingness to pay estimates for water quality improvement In addition SWAT BATHTUB models for three reservoirs and their respective watershed areas will be made available Beneficiaries include the public state and local regulators water quality program managers and communities located close to the reservoirs to be studied Subrecipient Subaward to Kansas State University Co PIs Dr Trisha Moore and Dr Aleksey Sheshukov will be responsible for creation calibration and validation and generation of scenarios and results for a coupled watershed hydrology reservoir eutrophication model The model framework developed by Moore and Sheshukov will be applied to up to 3 study reservoirs,740014,740014,471742.8,268271.2,2025-05-10,"Program terminated, DOGE, End date cut short (USAspending)",N/A,N/A,2022-09-01T00:00:00Z,2025-08-31T00:00:00Z,Office of Research and Development,66.509,Science to Achieve Results Star Research Program,EPA-G2022-STAR-D1,University of Missouri System,MO,Columbia,MO-03,State Institution of Higher Learning,https://www.usaspending.gov/award/ASST_NON_84046701_068/,https://enviro.epa.gov/envirofacts/nggs/report?grantId=84046701,N/A
84048201,Disrupted,Terminated,"Building Adaptive Capacity to Climate Change in Alaska Native Communities by Reducing Health Risks from Water Infrastructure, Quality, and Security",The goal of this project is to assess the relationships between diverse climate induced concerns related to water infrastructure and water quality and their effects on health in Alaska Native communities The project aims to build capacity against climate change risks by addressing water infrastructure issues in Alaska Native communities Activities The project will 1 conduct community based monitoring CBM and direct sampling to assess water quality 2 gather surveys and interviews and photovoice submissions to capture water insecurity and local vulnerabilities 3 assess the cumulative effects of water quality water insecurity and local vulnerabilities on health mental health and non Western perspective of health using statistical analyses and fuzzy set qualitative comparative analysis and 4 build resilient water infrastructure capacity Outcomes Deliverables include annual and final research reports as well as 1 hydraulic models of the water distribution system and open source data driven algorithms and codes for leak detection and localization 2 maps of the most vulnerable households at risk of water quality and insecurity and 3 comprehensive models showing the factors that are the most significant in determining health mental health and non Western health outcomes Expected outcomes are resilient water infrastructures and improved health in Alaska Native communities Direct beneficiaries include tribal communities as well as state and local public health and environmental resource managers in Alaska Subrecipient University of Texas 303 681 will identify technology and techniques for reducing climate based risks to water infrastructure identified in Task 1 1 Water Infrastructure and Task 3 1 Build Adaptive Capacity of Water Infrastructure,1350000,1350000,832968.0900000001,517031.9099999999,2025-05-10,"Program terminated, DOGE, End date cut short (USAspending)",N/A,N/A,2022-09-01T00:00:00Z,2025-08-31T00:00:00Z,Office of Research and Development,66.509,Science to Achieve Results Star Research Program,EPA-G2021-STAR-H1,Iowa State University of Science and Technology,IA,Ames,IA-04,State Institution of Higher Learning,https://www.usaspending.gov/award/ASST_NON_84048201_068/,https://enviro.epa.gov/envirofacts/nggs/report?grantId=84048201,N/A
84056201,Disrupted,Terminated,Community-Engaged Co-Design for a Just and Sustainable Energy Transition,The goal of this research is to understand how social and institutional factors drive individual and household electrification decisions in underserved communities and how these factors affect environmental co benefits of energy efficient electrification Activities The project will use community based participatory research CBPR approach and integrate ethnographic and behavioral economic methods with engineering analysis and air quality testing to 1 to understand how low and moderate income LMI households and neighborhoods in an environmental  community experience and envision the 21st century energy transition and identify community priorities 2 develop a robust community based research platform for designing scalable solutions to the challenge of energy efficient electrification of aging housing infrastructure and 3 work with local housing partners to implement and test community co designed interventions and prototypes to assess their efficacy in addressing household priorities including indoor air quality comfort and cost Outcomes Deliverables include annual and final research reports as well as co designed scalable adaptable solutions for household electrification Expected outcomes include increased knowledge regarding the drivers barriers and environmental co benefits of household electrification in underserved communities Direct beneficiaries of this project include low and moderate income LMI households in Massachusetts as well as researchers working with similar communities to study drivers and impacts of household electrification Subrecipient Subawardee Northeastern University will oversee the co design and implementation of a series of participatory causal loop diagramming CLD workshops to inform and facilitate stakeholder led input to identify barriers to just energy transition towards decarbonization train facilitators for the workshops co design and supervise the execution of participatory CLD sessions to draw a systems representation of the current energy systems and co design and supervise debriefing sessions to identify barriers to just transitions and identify opportunities for intervention The requested amount is 50 314 Subawardee Neighbor to Neighbor will do resident recruitment host group sessions and assist in planning workshops meetings and a community forum The requested amount is 199 720,1111418,1111418,330149.14,781268.86,2025-05-10,"Program terminated, DOGE, End date cut short (USAspending)",N/A,N/A,2023-09-01T00:00:00Z,2027-08-31T00:00:00Z,Office of Research and Development,66.509,Science to Achieve Results Star Research Program,EPA-G2022-STAR-F1,University of Massachusetts,MA,Amherst,MA-02,State Institution of Higher Learning,https://www.usaspending.gov/award/ASST_NON_84056201_068/,https://enviro.epa.gov/envirofacts/nggs/report?grantId=84056201,N/A
84057801,Disrupted,Terminated,Enhanced Detection and Removal of GenX from Water Supplies,The purpose of this project is to develop a more effective and sustainable method for detection and removal of GenX from water Activities The activities performed will address decreased sensitivity of GenX detection due to background levels in sample blanks and effective disposal of waste produced by the cleansing of anion exchange resins used in the removal of GenX at wastewater treatment plants The recipient will perform the following activities 1 Treat water used in LC MS MS blank samples using photocatalytic degradation to remove any background contaminants that would decrease instrument sensitivity 2 Treat the waste product obtained from cleansing of anion exchange resins using photocatalytic degradation and 3 Assess the success of removal using LC MS MS to detect changes in levels of GenX pre and post treatment for both the blank samples and waste products Outcomes Deliverables will include a final report documenting the effectiveness of photocatalytic degradation treatment in reducing levels of GenX in blank samples and waste products Direct beneficiaries of this project include wastewater treatment plant operators researchers contaminated site managers human health and the environment and the general public Subrecipient No subawards are included in this assistance agreement,25000,25000,13306.630000000001,11693.369999999999,2025-05-10,"Program terminated, DOGE, End date cut short (USAspending)",N/A,N/A,2023-08-01T00:00:00Z,2025-07-31T00:00:00Z,Office of Research and Development,66.516,P 3 Award National Student Design Competition for Sustainability,EPA-G2022-P3-Q2,Georgetown University,DC,Washington,DC-98,Private University,https://www.usaspending.gov/award/ASST_NON_84057801_068/,https://enviro.epa.gov/envirofacts/nggs/report?grantId=84057801,N/A
84082301,Disrupted,Terminated,Optimization and Deployment of Biofilters with Ultra-High Surface Media for Stormwater Remediation,The goal of the project is to optimize and test the biofiltration module in order to understand the mechanisms controlling the enhanced nutrient removal in runoff from urban and agricultural watersheds Activities The specific objectives are to 1 optimize the biofilter media topology with multiple objectives e g max SSA and void ratio 2 characterize the microbial biofilm and 3 deploy the optimized biofilters in situ in small scaled watersheds Outcomes Deliverables include annual and final reports The potential outcomes include a set of ultra high surface area designs a better understanding of the biofilm structure an increased capacity of stormwater treatment systems and a set of sustainability guidelines for advanced media designs based on life cycle assessment Direct beneficiaries of this project include rural municipalities communities and individuals in areas affected by per and polyfluoroalkyl substances contamination human health the environment and the general public Subrecipient No subawards are included in this assistance agreement,99933,99933,7858.37,92074.63,2025-05-10,"Program terminated, DOGE, End date cut short (USAspending)",N/A,N/A,2024-09-01T00:00:00Z,2026-08-31T00:00:00Z,Office of Research and Development,66.516,P 3 Award National Student Design Competition for Sustainability,EPA-G2021-P3-PHASE2,Georgia Southern University Research Service Foundation Inc,GA,Statesboro,GA-12,State Institution of Higher Learning,https://www.usaspending.gov/award/ASST_NON_84082301_068/,https://enviro.epa.gov/envirofacts/nggs/report?grantId=84082301,N/A
84086701,Disrupted,Terminated,Solar-Driven Photodegradation of MC-LR Using a Novel Au-Decorated Ni Metal-Organic Framework (Au/Ni-MOF),This project aims to develop a cost effective method to degrade harmful algal blooms HABs such as microcystin leucine arginine MC LR in recreational and drinking water sources Activities Researchers will use an innovative gold Au decorated metal organic framework MOF where the gold nanoparticles provide the solar function for the photocatalyst The project rsquo s three research objectives are 1 design and fabricate an Au decorated Ni MOF 2 characterize and evaluate optimal parameter conditions and 3 conduct a life cycle analysis for MC LR removal Outcomes Deliverables will include annual and final reports on their effort to design and fabricate a gold decorated photocatalyst Au NI MOF for its ability to advance sustainable water treatment methods for the removal of MC LR while eliminating the need for chemical and post treatment associated with conventional treatment methods Direct beneficiaries of this program include source and drinking water managers and communities that experience MC LR blooms Subrecipient No subawards are included in this assistance agreement,75000,75000,36624.990000000005,38375.009999999995,2025-05-10,"Program terminated, DOGE, End date cut short (USAspending)",N/A,N/A,2024-01-01T00:00:00Z,2025-12-31T00:00:00Z,Office of Research and Development,66.516,P 3 Award National Student Design Competition for Sustainability,EPA-G2023-P3-Q2,University of Central Florida,FL,Orlando,FL-10,State Institution of Higher Learning,https://www.usaspending.gov/award/ASST_NON_84086701_068/,https://enviro.epa.gov/envirofacts/nggs/report?grantId=84086701,N/A
84087201,Disrupted,Terminated,Navigating the Food-Energy-Water Nexus through the Conversion of Food Waste to Biocrude,The goal of this project is to evaluate the environmental performance of second generation biofuels produced via hydrothermal liquefaction HTL conversion of food waste using a range of experimental methods and life cycle and cost assessment techniques Activities The objectives of the project are to 1 characterize and optimize food waste feedstocks and their corresponding post HTL products i e biocrude biochar and aqueous co product ACP and 2 perform life cycle assessment LCA and life cycle cost LCC assessment of hypothetical regional collection and conversion systems for biocrude and post HTL products recovered from food waste streams Outcomes Deliverables include annual and final reports The expected outcome of this project is to assess feasibility and sustainability of waste to energy systems via HTL conversion and disseminate findings from a full scale LCA and LCC assessment model Direct beneficiaries of this project include food waste streams the renewable energy sector the environment human health and the general public Subrecipient No subawards are included in this assistance agreement,74999,74999,31779.989999999998,43219.01,2025-05-10,"Program terminated, DOGE, End date cut short (USAspending)",N/A,N/A,2024-01-01T00:00:00Z,2025-12-31T00:00:00Z,Office of Research and Development,66.516,P 3 Award National Student Design Competition for Sustainability,EPA-G2023-P3-Q3,Mercer Univ the Corporation of Mercer University,GA,Macon,GA-02,Private University,https://www.usaspending.gov/award/ASST_NON_84087201_068/,https://enviro.epa.gov/envirofacts/nggs/report?grantId=84087201,N/A
84038501,Restored,Reinstated (unconfirmed),Low-cost Household Water Filter for PFAS Removal,The purpose of this project is to develop and demonstrate an innovative cost effective technological solution for point of use removal of Perfluorooctanoic acid PFOA and Perfluorooctanesulfonic acid PFOS from drinking water for homes offices Activities The specific objectives are 1 Prepare and evaluate bio hybrid adsorbents with different granular activated carbon GAC as the substrates 2 Investigate Per and Polyfluoroalkyl Substances PFAS adsorption mechanism by the bio hybrid adsorbents 3 Develop and test prototype faucet filters using bio hybrid adsorbents under flow through conditions simulating practical application scenarios and 4 Conduct cost analysis and develop application guidelines Outcomes Deliverables include annual and a final report The expected outcome is the development of a water filter that may serve as a low cost point of use treatment for effective removal of persistent PFAS pollutants and safeguard human health Direct beneficiaries of this program include end users across public water systems of different scales and private wells in remote rural areas human health and the environment and the general public Subrecipient A subaward of 25 000 will be provided to Dr Daqian Jiang at University of Alabama to perform analytical analysis of PFAS samples,99998,99998,67637.75,32360.25,2025-05-09,"Program terminated, End date cut short (USAspending)",2026-07-02,End date re-extended (USAspending),2023-08-01T00:00:00Z,2027-07-31T00:00:00Z,Office of the Administrator,66.516,P 3 Award National Student Design Competition for Sustainability,EPA-G2019-P3-PHASE2,University of Alabama in Huntsville,AL,Huntsville,AL-05,State Institution of Higher Learning,https://www.usaspending.gov/award/ASST_NON_84038501_068/,https://enviro.epa.gov/envirofacts/nggs/report?grantId=84038501,N/A
84008001,Restored,Reinstated (confirmed),Improved Methods to Manage PFASs in Rural Areas,The objective of the project is to develop improved and cost effective treatment trains with advanced technologies for the removal of PFASs per and polyfluoroalkyl substances from drinking water wastewater and biosolids for safe drinking water The project aims to produce a new and improved data set on advanced treatment processes to fill in critical data and knowledge gaps in treatment trains by collecting and characterizing the efficiency of PFAS removal for each treatment train from samples all across the country Activities Outcomes Subrecipient,1599954,1599954,1559152.9300000002,40801.06999999983,2025-05-09,"Program terminated, End date cut short (USAspending)",2025-07-08,End date re-extended (USAspending),2020-09-01T00:00:00Z,2025-08-31T00:00:00Z,Office of Research and Development,66.511,Office of Research and Development Consolidated Research Training Fellowships,EPA-G2020-ORD-B1,University of Georgia Research Foundation Inc,GA,Athens,GA-10,State Institution of Higher Learning,https://www.usaspending.gov/award/ASST_NON_84008001_068/,https://enviro.epa.gov/envirofacts/nggs/report?grantId=84008001,N/A
00E03623,Disrupted,Terminated,Environmental Justice Collaborative Problem Solving Cooperative Agreement Program award to Community Power,"THIS AGREEMENT PROVIDES FUNDING UNDER THE INFLATION REDUCTION ACT (IRA) TO COMMUNITY POWER.  THE RECIPIENT AIMS TO ADDRESS A CENTRAL BOTTLENECK IN ACCESS FOR TO THE COST-SAVINGS, HEALTH, AND SAFETY BENEFITS OF EFFICIENCY PROGRAMS THAT LACK OF CULTURALLY RELEVANT, COMMUNITY-ROOTED OUTREACH AND SUPPORT TO NAVIGATE THE HIGHLY COMPLEX NETWORK OF MINNESOTA EFFICIENCY PROGRAMS. DURING THE FIRST YEAR, THE RECIPIENT WILL FOCUS ON PLANNING FOR AND DESIGNING THE COMMUNITY-FOCUSED ENERGY PROGRAM NAVIGATION: BUILDING RELATIONSHIPS WITH COMMUNITIES THAT COULD POTENTIALLY OFFER NAVIGATION SERVICES; RECRUITING ORGANIZATIONS/INDIVIDUALS THAT WOULD SERVE AS COMMUNITY NAVIGATORS AND CONDUCTING INTENSIVE TRAINING ABOUT EXISTING ENERGY PROGRAMS. THE GRANTEE'S COHORT WILL DETERMINE THE MOST EFFECTIVE AND APPROPRIATE ROLE FOR THEMSELVES IN OFFERING COMPREHENSIVE ENERGY PROGRAM NAVIGATION. IN THE FOLLOWING YEARS, THE GRANTEE WILL START INTRODUCING NAVIGATION SERVICES TO COMMUNITIES TO START TAKING ON CLIENTS. THE GOAL IS TO HAVE AN ENERGY NAVIGATION PROGRAM BECOME A PERMANENT PROGRAM. 

THIS WORK BUILDS ON THREE YEARS OF CAPACITY DEVELOPMENT AND RELATIONSHIP BUILDING WITH ~15 LOCAL CBOS AND COMMUNITY LEADERS WHO SERVE OR COME FROM TWIN CITIES RENTER, LOW/MODERATE INCOME, AND BIPOC COMMUNITIES. ACTIVITIES:THE ACTIVITIES INCLUDE IDENTIFYING ORGANIZATIONS AND INDIVIDUALS WHO SHOULD BE A PART OF THE PIOLET PROGRAM. COHORT MEMBERS WILL BE ASSISTING ORGANIZATIONS IN THE ENERGY NAVIGATION WORK. THE GRANTEE WILL INTRODUCE THE NAVIGATION PROGRAM TO COMMUNITIES AND START RECRUITING CLIENTS FOR A YEAR. NEAR THE END OF THE GRANT, WITH THE HELP OF HOST SITES, AND PARTNERS, THE GRANTEE WILL EXPLORE WHAT CHALLENGES THERE WERE AND DETERMINE IF THE NAVIGATOR PROGRAM IS A VIABLE LONG-TERM OPTION. SUBRECIPIENT:CENTER FOR EARTH, ENERGY, AND DEMOCRACY (CEED - STAFFED BY NATALYA AREVALO)  CEED WILL PLAY A LEAD ROLE COORDINATING WITH COHORT MEMBERS AND OTHER PARTNER AGENCIES IN ENSURING THE NAVIGATION PROGRAM DESIGN REFLECTS COMMUNITY NEEDS. THEY WILL FACILITATE COMMUNITY DISCUSSIONS AND HELP IN THE RECRUITMENT OF NAVIGATION PROGRAM HOST SITES AND NAVIGATORS. THEY WILL ALSO WORK WITH THE UMN IN DESIGNING AN EVALUATION MATRIX FOR MEASURING PROGRAM EFFECTIVENESS AND IDENTIFYING THE NEED FOR PROGRAM MODIFICATIONS. THIS LOCAL PROGRAM NAVIGATION WORK COMPLIMENTS CEED'S WORK TO PROVIDE POPULAR EDUCATION ABOUT ENERGY SYSTEM DESIGN AND ENERGY EFFICIENCY AND ACCESSIBILITY MEASURES. CEED HAS A NATIONAL PRESENCE AND OFFERS WORKSHOPS ON A VARIETY OF ENERGY TOPICS RELEVANT TO THIS WORK INCLUDING RESILIENT ENERGY SYSTEMS, ENVIRONMENTAL JUSTICE, ENERGY DEMOCRACY AND CARBON EMISSIONS. CEED IS COMMITTED TO COMMUNITY FOCUSED WORK ON A LOCAL AND NATIONAL SCALE. THIS PROJECT WILL ALLOW CEED TO SHARE WORK OF THIS PROJECT WITH A BROADER REGIONAL AND NATIONAL AUDIENCE.

THE CITIZENS UTILITY BOARD OF MINNESOTA (CUB - STAFFED BY HANNAH HOEGER AND CARMEN CARRUTHERS) CUB, CEED, AND THE UNIVERSITY OF MINNESOTA WILL SHARE LEARNINGS AND INSIGHTS REGARDING THE DESIGN OF THE NAVIGATION PILOT PROGRAM. CUB IS WELL VERSED IN THE VARIOUS ENERGY PROGRAMS SERVING MINNESOTA CONSUMERS AND WILL PLAY A LEAD ROLE IN TRAINING ENERGY NAVIGATORS ABOUT EXISTING ENERGY PROGRAMS. WITH INPUT FROM OTHERS, CUB CAN ASSIST IN PUTTING TOGETHER COMMUNICATION MATERIALS FOR TRAINING AND MATERIALS TO PROMOTE THE NAVIGATION PROGRAM. CUB INTERACTS REGULARLY WITH A WIDE VARIETY OF GOVERNMENT AGENCIES, UTILITY COMPANIES, AND ENERGY PROGRAM PROVIDERS. CUB WILL TAKE A LEAD IN COORDINATING PROJECT DESIGN AND DEVELOPMENT WITH THESE ORGANIZATIONS THROUGHOUT THE PROJECT DURATION. IT WILL BE IMPORTANT TO HAVE OPEN COMMUNICATION WITH THESE GROUPS TO ENSURE GOOD PROJECT DESIGN, ACCEPTANCE AND LONG TERM COMMITMENT. THESE RELATIONSHIPS WILL ALSO BE VALUABLE IN EVALUATING AND RECRUITING POTENTIAL NAVIGATION HOST SITES AND NAVIGATORS. CUB WILL PARTICIPATE IN PROGRAM EVALUATION WITH OTHER PROGRAM PARTNERS. PARTNERSHIPS",500000,500000,71760.97,428239.03,2025-03-25,"Program terminated, End date cut short (USAspending), Senate committee list",N/A,N/A,2024-07-01T00:00:00Z,2027-06-30T00:00:00Z,Region 5,66.306,Environmental Justice Collaborative Problem Solving Cooperative Agreement Program,EPA-R-OEJECR-OCS-23-01,Community Power,MN,Minneapolis,MN-05,N/A,https://www.usaspending.gov/award/ASST_NON_00E03623_068/,N/A,N/A
84001101,Disrupted,Terminated,A Diagnostic Package for Chemical Mechanisms,The objective of the proposed project is to develop a diagnostic software package based on machine learning to identify the key elements of a chemical mechanism to aid the future development of air quality models AQMs as well as to create a chemical mechanism emulator that can be used as an alternative computationally inexpensive method to simulate atmospheric chemistry This project aims to greatly simplify application specific model development as will be demonstrated using the regional CMAQ and global GEOS Chem air quality models Activities Outcomes Subrecipient,796885,796885,559440.17,237444.82999999996,2025-05-09,"Program terminated, DOGE, End date cut short (USAspending)",N/A,N/A,2020-08-01T00:00:00Z,2025-07-31T00:00:00Z,Office of Research and Development,66.509,Science to Achieve Results Star Research Program,EPA-G2019-STAR-C1,University of Maryland Office of Research Adminstration,MD,College Park,MD-04,State Institution of Higher Learning,https://www.usaspending.gov/award/ASST_NON_84001101_068/,https://enviro.epa.gov/envirofacts/nggs/report?grantId=84001101,N/A
84001301,Disrupted,Terminated,Automated Model Reduction for Chemical Mechanisms,The primary outcome of this research will be the development of an algorithm and associated tool to generate accurate and simplified chemical mechanisms used in air quality models Specific focus of this work will be on the gas phase chemistry of isoprene The project is expected to lead to improved understanding of isoprene chemistry and modeling of air quality Activities Outcomes Subrecipient,799699,799699,780972.5800000001,18726.419999999925,2025-05-09,"Program terminated, DOGE, End date cut short (USAspending)",N/A,N/A,2020-08-01T00:00:00Z,2025-07-31T00:00:00Z,Office of Research and Development,66.509,Science to Achieve Results Star Research Program,EPA-G2019-STAR-C1,Columbia r 2 Trustees of Columbia University in Nyc Dba Columbia University,NY,New York,NY-13,Private University,https://www.usaspending.gov/award/ASST_NON_84001301_068/,https://enviro.epa.gov/envirofacts/nggs/report?grantId=84001301,N/A
84040701,Disrupted,Terminated,Using Stationary and Mobile Low-cost Sensors to Assess Air Quality,The objective of the project is to improve the accessibility of air quality sensors increase the number of air quality observations and increase the spatial resolution of air quality sensors using low cost sensors LCSs This will be established by comparing three LCSs at different locations namely urban suburban and rural areas at different diurnal and seasonal variations The goal of the project is to compare the sensors and evaluate their performance across varying environmental and meteorological conditions Activities The team will place LCSs in three different operational modes to characterize the horizontal and vertical profiles of atmospheric PM which will further enable the team to devise control measures These modes vary in the dimensions that they sample 1 stationary 1D collocated with a PM monitor based on the federal equivalent method at a suburban site 2 mobile on a manned vehicle 2D touring the ERAU campus and 3 mobile on unmanned vehicle 3D flying at urban suburban and rural sites Students will aid in the integration testing and implementation of the commercially used sensors Outcomes The outcomes will result in the improvement of the environment and human health This project will create accessible and low cost sensors for efficient monitoring of air quality The sensor will help identify the need for air pollution mitigation strategies Direct beneficiaries of this project will be governmental agencies interested in air related monitoring and measurements researchers and academic institutions community groups and planning organizations Subrecipient No subawards are included in this assistance agreement,25000,25000,24973.06,26.93999999999869,2025-05-09,"Program terminated, DOGE, End date cut short (USAspending)",N/A,N/A,2022-07-01T00:00:00Z,2025-06-30T00:00:00Z,Office of Research and Development,66.516,P 3 Award National Student Design Competition for Sustainability,EPA-G2021-P3-Q1,Embry Riddle Aeronautical University,FL,Daytona Beach,FL-06,Private University,https://www.usaspending.gov/award/ASST_NON_84040701_068/,https://enviro.epa.gov/envirofacts/nggs/report?grantId=84040701,N/A
84041001,Disrupted,Terminated,An Experimental Study to Develop Affordable Non-Invasive Radon Mitigation System for Single-Family Dwellings,The objective of the project is to investigate enhancing indoor air quality by researching alternative radon mitigation systems for building operation and maintenance The study aims at finding the significant impact of building occupant rsquo s daily practices on level of indoor radon in Kentucky Activities The researchers will examine the effectiveness of using three building design parameters that haven rsquo t been systematically used for radon mitigation in the past ventilation air filtration and detailing pattern The study will utilize 9 digital monitors that will be installed in the 6 houses to log data about indoor radon level around the clock for the period of the study The data includes Radon pCi L Temperature deg F Humidity rH and Pressure kPa The purpose is to monitor the level of radon in these houses throughout the cold months in Bowling Green the season that has the highest levels of natural radon gas Outcomes Deliverable of this experiment include new measurable guideline that can mitigate the level of radon concentration in houses using regular maintenance practices The grantees with also provide a report at the end of the project sharing their results Expected outcomes include improved indoor air quality and improved human health Direct beneficiaries of this project will be individuals and communities in Kentucky and across the U S particularly people in low income areas affected by high radon levels Subrecipient No subawards are included in this assistance agreement,24971,24971,24767.72,203.27999999999884,2025-05-09,"Program terminated, DOGE, End date cut short (USAspending)",N/A,N/A,2022-07-01T00:00:00Z,2025-06-30T00:00:00Z,Office of Research and Development,66.516,P 3 Award National Student Design Competition for Sustainability,EPA-G2021-P3-Q1,Western Kentucky University,KY,Bowling Green,KY-02,State Institution of Higher Learning,https://www.usaspending.gov/award/ASST_NON_84041001_068/,https://enviro.epa.gov/envirofacts/nggs/report?grantId=84041001,N/A
84041801,Disrupted,Terminated,Single-Stage Process for Biogas Purification,The overarching goal of this research is to develop an alternative upgrading technique capable of integrating i e reducing the number of treatment units and intensifying i e decreasing power consumption the purification process The team will continue to improve the adsorption performance and long term stability of the final aminosilica candidate Activities The project seeks to identify the optimal aminosilica candidate and evaluate their ability to effectively and simultaneously remove target impurities such as carbon dioxide water vapor and hydrogen sulfide This will be accomplished in the following tasks 1 improve the oxidation stability of aminosilica 2 study the removal of other biogas and landfill gas impurities 3 assess the long term stability of aminosilica during cycling The ultimate goal is to integrate the biogas and landfill gas purification process into one single stage Outcomes Deliverables will include annual and final reports documenting the progress of their efforts to optimize the made to order adsorbent materials that can simultaneously and effectively remove target impurities from biogas and landfill gas to produce high purity biomethane Direct beneficiaries of this program will include farm owners and landfill operators manage hazardous gases state and local governments and the general public Subrecipient No subawards are included in this assistance agreement,100000,100000,92741.69,7258.309999999998,2025-05-09,"Program terminated, DOGE, End date cut short (USAspending)",N/A,N/A,2022-11-01T00:00:00Z,2025-10-31T00:00:00Z,Office of Research and Development,66.516,P 3 Award National Student Design Competition for Sustainability,EPA-G2020-P3-PHASE2,Atlantic Univ Florida Atlantic University,FL,Boca Raton,FL-23,State Institution of Higher Learning,https://www.usaspending.gov/award/ASST_NON_84041801_068/,https://enviro.epa.gov/envirofacts/nggs/report?grantId=84041801,N/A
84042801,Disrupted,Terminated,Multimedia Measurement of PFAS in the Residential Environment: Evaluating Human Exposure Pathways,The goal of the proposed research is to address per and polyfluoroalkyl substances PFAS exposure via indoor environments by evaluating PFAS in a residential environment and estimating its contribution to total PFAS exposure in the general population Activities The project will 1 characterize total organic fluorine TOF in indoor air and dust evaluating variation within the home and potential PFAS sources and 2 assess the relative contributions of PFAS measured in drinking water and the indoor environment in determining human PFAS exposure Outcomes Anticipated deliverables include annual progress and final reports Primary outputs will include a series of presentations and peer reviewed manuscripts which will report on the relative contributions of residential PFAS sources to serum concentrations variation of TOF in the home residential factors related to higher levels of PFAS exposure and the utility of silicone wristbands as exposure assessment tools Direct beneficiaries include the state and local public health managers the scientific community and communities affected by residential PFAS exposure Subrecipient The University of Norte Dame will be responsible for the total organic fluorine TOF analysis of air samples dust samples and wristbands collected from the residential cohort,248180,248180,182744.54,65435.45999999999,2025-05-09,"Program terminated, DOGE, End date cut short (USAspending)",N/A,N/A,2022-07-01T00:00:00Z,2025-06-30T00:00:00Z,Office of Research and Development,66.511,Office of Research and Development Consolidated Research Training Fellowships,EPA-G2021-ORD-D1,Duke University,NC,Durham,NC-04,Private University,https://www.usaspending.gov/award/ASST_NON_84042801_068/,https://enviro.epa.gov/envirofacts/nggs/report?grantId=84042801,N/A
84042901,Disrupted,Terminated,PFAS Exposure Pathways in the Atlanta African American Birth Cohort,The goal of the proposed research is to address per and polyfluoroalkyl substances PFAS exposure via indoor environments by evaluating PFAS in multiple residential media and estimating its contribution to total PFAS exposure Activities The project will use dietary and questionnaire data to estimate exposures from personal care products foods and food packaging By measuring concentrations of PFAS in environmental samples using a fully validated multi faceted LC MS MS method with isotope dilution calibration the project will be able to estimate the overall exposures and reconcile the exposure with biological measurements Outcomes The anticipated deliverables are annual progress and final reports Project outputs include a validated standardized protocol and SOP for measuring a targeted set of PFAS in the residential environment and exposure measurement data concordant with biomonitoring data for a targeted set of PFAS chemicals in an African American pregnant study population Direct beneficiaries include state and local public health managers the scientific community and communities affected by residential PFAS exposure Subrecipient No subawards are included in this assistance agreement,250000,250000,151336.23,98663.76999999999,2025-05-09,"Program terminated, DOGE, End date cut short (USAspending)",N/A,N/A,2022-07-01T00:00:00Z,2025-06-30T00:00:00Z,Office of Research and Development,66.511,Office of Research and Development Consolidated Research Training Fellowships,EPA-G2021-ORD-D1,Emory University,GA,Atlanta,GA-05,Private University,https://www.usaspending.gov/award/ASST_NON_84042901_068/,https://enviro.epa.gov/envirofacts/nggs/report?grantId=84042901,N/A
84045201,Disrupted,Terminated,High-Throughput Lung Damage and Inflammation Assessment of Polyaromatic Hydrocarbon Mixtures,The purpose of this project is to develop a new approach methodology NAM based on high throughput in vitro air blood barrier arrays ABBA to predict respiratory tract inflammation risk Activities The specific objectives are to 1 produce defined PAH component and mixture solutions including secondary organic aerosols SOA 2 develop an air blood barrier arrays ABBA based new approach methodology NAM and determine full dose response curves for polycyclic aromatic hydrocarbon PAH secondary organic aerosol SOA components to derive inflammatory toxic equivalency factor iTEF and 3 analyze PAH SOA mixtures for joint toxicities Researchers will obtain full dose response curves for air blood barrier property degradation and will use neutrophil cell infiltration to test the ability to group PAHs according to a newly proposed iTEF The research team will also analyze the joint toxicities of mixtures and the utility of iTEFs to predict mixtures toxicity Outcomes Deliverables include annual and final reports as well as a broadly useful new approach methodology NAM that is a practical human cell based alternative to the current rodent based bronchoalveolar lavage based respiratory tract inhalation toxicity assessments Direct beneficiaries of this program include people exposed to air pollutants from ambient and occupational sources children and older adults with asthma chronic obstructive pulmonary disease COPD heart disease or diabetes households in the wildland urban interface that are at risk for forest fires human health the environment and the general public Subrecipient No subawards are included in this assistance agreement,749999,749999,634573.23,115425.77000000002,2025-05-09,"Program terminated, DOGE, End date cut short (USAspending)",N/A,N/A,2022-09-01T00:00:00Z,2025-08-31T00:00:00Z,Office of Research and Development,66.509,Science to Achieve Results Star Research Program,EPA-G2022-STAR-A1,Georgia Tech Research Corp,GA,Atlanta,GA-05,State Institution of Higher Learning,https://www.usaspending.gov/award/ASST_NON_84045201_068/,https://enviro.epa.gov/envirofacts/nggs/report?grantId=84045201,N/A
84045801,Disrupted,Terminated,Wildfire Smoke Mixtures Toxicity Testing,The purpose of this project is to understand how individual chemicals in wildlife smoke induce in vitro responses that group according to biological pathways and inform mixtures based joint toxicities that overlap with in vivo pulmonary responses and disease outcomes Activities The objectives of this project are to 1 establish qualitative membership of wildfire mixture components into pathway groupings through in vitro transcriptomic screening 2 quantify joint toxicities across pathway groupings and compare to whole biomass smoke mixture effects through in silico modeling and 3 relate in vitro wildfire chemical induced signatures to similarly exposed mice and human pulmonary disease tissues to evaluate events along adverse outcome pathways AOPs Researchers will leverage existing chemical characterization results from variable biomass burn scenarios representing wildfire events to prioritize chemicals that co occur in wildfire smoke to test for chemical groupings and joint toxicities Lung cells from human donors will be exposed to individual chemicals and transcriptomic signatures from exposed cells will be used to group chemicals These chemical groups will then be tested using the same in vitro model alongside the full chemical mixture and whole biomass smoke mixtures to compare individual chemicals chemical groups and whole mixture effects on pathway level responses Outcomes Deliverables include annual and final reports as well as an improved mechanistic understanding and health risk quantification of wildfire smoke Results from this study may help identify geographic locations and vulnerable populations at increased risk of most harmful exposure conditions based on biomass composition burn scenarios Direct beneficiaries of this program include geographic locations and vulnerable populations at increased risk of wildfires human health the environment and the general public Subrecipient A subaward to North Carolina State University 45 000 will contribute towards overall data processing and statistical evaluation incorporating Bayesian based methodologies and advanced mixtures modeling,599999,599999,440412.22,159586.78000000003,2025-05-09,"Program terminated, DOGE, End date cut short (USAspending)",N/A,N/A,2022-10-01T00:00:00Z,2025-09-30T00:00:00Z,Office of Research and Development,66.509,Science to Achieve Results Star Research Program,EPA-G2022-STAR-A2,University of North Carolina at Chapel Hill,NC,Chapel Hill,NC-04,State Institution of Higher Learning,https://www.usaspending.gov/award/ASST_NON_84045801_068/,https://enviro.epa.gov/envirofacts/nggs/report?grantId=84045801,N/A
84046001,Disrupted,Terminated,Developing an Integrated Framework for Evaluating Toxicity of Real-Life Chemical Mixtures,The purpose of this project is to improve how real life exposure to multiple chemicals is considered in toxicity assessments of chemical mixtures Activities Researchers will identify real life chemical mixtures from biological samples taken during a large epidemiologic birth cohort study The research team will then prioritize exposure mixtures using epidemiologic analysis to identify mixtures most strongly associated with child health Researchers will also develop mixture toxicity assessments for prioritized exposures Outcomes Deliverables include annual and final reports as well as an innovative framework for toxicological assessment of real world exposure mixtures across a broad range of biological endpoints The resulting tools may provide a valuable resource to risk assessors and the broader scientific community interested in risk assessment of chemical mixtures Direct beneficiaries of this program include children s health nbsp human health the environment and the general public Subrecipient The subaward to Clemson University will be responsible for Aim 3 which involves testing the toxicity of the chemical mixtures using cell lines The goals are to first screen individual chemicals to assess whether they can cause or inhibit adipogensis Then researchers will develop a set of transfected mesenchymal stem cells that has five different receptors of interest to test whether the selected chemicals bind to them and determine the potency or strength of the binding Finally the Clemson lab will use the prioritized chemicals and mixtures from Aims 1 and 2 to examine altered adipocyte formation and triglyceride deposition while simultaneously examining mechanistic effects in the transfected cells,599998,599998,472865.45,127132.54999999999,2025-05-09,"Program terminated, DOGE, End date cut short (USAspending)",N/A,N/A,2022-10-01T00:00:00Z,2025-09-30T00:00:00Z,Office of Research and Development,66.509,Science to Achieve Results Star Research Program,EPA-G2022-STAR-A2,Med Uni Sc the Medical University of South Carolina,SC,Charleston,SC-06,State Institution of Higher Learning,https://www.usaspending.gov/award/ASST_NON_84046001_068/,https://enviro.epa.gov/envirofacts/nggs/report?grantId=84046001,N/A
84048501,Disrupted,Terminated,Leveraging Community Knowledge to Understand and Map the Health Impacts of Cumulative Environmental Exposures and Social Vulnerability in the Context of Climate Change,The goal of the project is to understand the cumulative health impacts of chemical and non chemical exposures exacerbated by climate change among the most vulnerable communities in Atlanta and to develop suitable intervention programs to reduce exposures Activities This project will 1 create an index and map at the neighborhood level focused on the cumulative chemical and non chemical exposure of individuals in Atlanta and how their health is adversely impacted by elevated air pollution due to climate change 2 seek to understand how highly susceptible individuals with chronic disease perceive and manage the effects of chemical non chemical and climate related factors on their mental health asthma and obesity sensitive conditions and 3 facilitate community led education initiatives and interventions to empower the community and increase resilience against climate change and its health effects Outcomes Deliverables include annual and final research reports peer reviewed journal publications and scientific reports as well as educational materials and policy recommendations for state and local public health agencies environmental managers health professionals and community planners and leaders Expected outcomes include a reduction of harmful pollutant exposures and a general improvement in environmental health among residents with preexisting health conditions in the Atlanta area Intended beneficiaries include state and local public health agencies environmental managers health professionals community leaders and vulnerable subpopulations in the Atlanta area Subrecipient Subaward to ECO Action 455 773 for leading community engagement activities as listed in the community engagement plan Subaward to Spelman College 134 408 to provide the preliminary data on cumulative environmental vulnerability analysis needed for objective 1 In addition Spelman will lead the community level environmental hazard data collection using the Proctor Creek Citizen Science App,1349998,1349998,816640.3400000001,533357.6599999999,2025-05-09,"Program terminated, DOGE, End date cut short (USAspending)",N/A,N/A,2022-09-01T00:00:00Z,2025-08-31T00:00:00Z,Office of Research and Development,66.509,Science to Achieve Results Star Research Program,EPA-G2021-STAR-H1,Emory University,GA,Atlanta,GA-05,Private University,https://www.usaspending.gov/award/ASST_NON_84048501_068/,https://enviro.epa.gov/envirofacts/nggs/report?grantId=84048501,N/A
84053501,Disrupted,Terminated,Preventing Consumer Food Waste: Developing and Evaluating Household-Level Interventions,This project aims to evaluate a set of household food waste prevention interventions researchers have developed with local health food and environmental organizations in North Carolina Activities The project will enroll 200 low income households in the Raleigh NC area to implement an intervention that is based on each household rsquo s root causes of food waste It aims to evaluate the effectiveness of the intervention by measuring the impacts on avoidable food waste grams household week food waste prevention behaviors psychosocial drivers of food waste and food security The project will also simulate the impact of the interventions on environmental outcomes e g greenhouse gas emissions blue water withdrawal land use and energy use and cost effectiveness for national scale application Outcomes The deliverables include peer reviewed scientific publications communication materials and education training materials to help communities and individuals to prevent and reduce household consumer food waste Outputs include an intervention toolkit for households estimates of environmental impact and cost effectiveness dissemination materials and at least three scientific publications Outcomes will include widespread dissemination of intervention materials resulting in extensive reduction in household food waste nationally The intended beneficiaries are individual consumers and communities in the state of North Carolina and other regions in the United States Subrecipient RTI International 149 979 will provide scientific guidance and expertise for designing and implementing the research methods as a research partner,732045,732045,365843.92000000004,366201.07999999996,2025-05-09,"Program terminated, DOGE, End date cut short (USAspending)",N/A,N/A,2023-04-01T00:00:00Z,2026-03-31T00:00:00Z,Office of Research and Development,66.509,Science to Achieve Results Star Research Program,EPA-G2022-STAR-E1,University of North Carolina at Chapel Hill,NC,Chapel Hill,NC-04,State Institution of Higher Learning,https://www.usaspending.gov/award/ASST_NON_84053501_068/,https://enviro.epa.gov/envirofacts/nggs/report?grantId=84053501,N/A
84056501,Disrupted,Terminated,"Renewable Energy, Environmental , and Public Wellbeing (RENEW) - Evaluating Biogas Transformation in Eastern NC",The goal of the project is to characterize the environmental public health economic and environmental impacts of a large scale swine waste to energy SWE operation in eastern North Carolina Activities The project will 1 use stakeholder surveys interviews and economic analyses to quantitatively and qualitatively assess risk perceptions and social economic andconsiderations related to SWE 2 collect air private well water and surface water samples before and during construction and after completion of a planned SWE operation 3 spatiotemporally evaluate impacts of SWE operations on air and water quality of adjacent communities and compare SWE with other alternative energy sources and 4 use the findings to facilitate multisectoral dialogue and educational activities related to SWE Outcomes Deliverables include annual and final research reports as well as an easy to use interactive tool designed to help community stakeholders consider how SWE operations affect climate air quality and other environmental goals Expected outcomes include environmental social and economic findings that will be of interest to communities withconcerns as well as environmental health practitioners and decision makers Direct beneficiaries of this project include residents in Sampson and Duplin counties in eastern North Carolina decision makers concerned about the impacts of swine waste to energy SWE operations and the general public Subrecipient Subawardee Environmental  Community Action Network EJCAN will assist in the community sampling efforts establish an EJCAN community laboratory for analysis of water samples and coordinate community led stakeholder workshops The requested amount is 233 410 Subawardee University of North Carolina at Chapel Hill UNC will be involved in conducting the analysis of community and other stakeholders risk perceptions and assist with site selection and data analysis of environmental monitoring data The requested amount is 299 839,1124999,1124999,443055.32,681943.6799999999,2025-05-09,"Program terminated, DOGE, End date cut short (USAspending)",N/A,N/A,2023-07-01T00:00:00Z,2027-06-30T00:00:00Z,Office of Research and Development,66.509,Science to Achieve Results Star Research Program,EPA-G2022-STAR-F1,Research Triangle Institute,NC,Research Triangle Park,NC-04,Not for Profit,https://www.usaspending.gov/award/ASST_NON_84056501_068/,https://enviro.epa.gov/envirofacts/nggs/report?grantId=84056501,N/A
84058101,Disrupted,Terminated,"Urban Water Pollution Extent and Impact on the Village Creek in Birmingham, AL - Analysis and Mitigation Strategies",The purpose of the project is to analyze the movement of pollutants around the Village Creek River study the vulnerability of the communities living along the river and in the flood risk zones and promote the inclusion of Low Impact Developments and green infrastructure to mitigate the issue Activities The specific objectives are to 1 provide a platform for the public to access information regarding the pollutant exposure and high risk areas in an easily understandable format and 2 propose modified mitigation strategies such as floating gardens pollution absorbing rain gardens and bioswales in the impacted communities Outcomes Deliverables will include a final report along with a vulnerability hazard map that will identify the communities at risk of exposure to pollutants an informative website providing information regarding the type of pollutants in the area and modified Low Impact Developments and Green Infrastructure design Direct beneficiaries of this program include community members near the Village Creek River city planners human health and the environment Subrecipient No subawards are included in this assistance agreement,25000,25000,25000,0,2025-05-09,"Program terminated, DOGE, End date cut short (USAspending)",N/A,N/A,2023-08-01T00:00:00Z,2025-07-31T00:00:00Z,Office of Research and Development,66.516,P 3 Award National Student Design Competition for Sustainability,EPA-G2022-P3-Q3,University of Alabama at Birmingham,AL,Birmingham,AL-07,State Institution of Higher Learning,https://www.usaspending.gov/award/ASST_NON_84058101_068/,https://enviro.epa.gov/envirofacts/nggs/report?grantId=84058101,N/A
84058401,Disrupted,Terminated,Modelling Outdoor Comfort with UAV-based Digitization Technique and a Comfort Tracking System for Underserved Communities.,The purpose of this project is to create a tracking system that combines heat and air pollution effects at the near surface or localized microclimatic conditions to measure a comfort index value within vulnerable communities Activities To create a comfort index the project will 1 deploy drone mapping of the built environment in selected neighborhoods most at risk from air pollutants and high temperatures 2 use modeling tools to simulate the urban micro climate including heat and air pollution for real time simulation of conditions that individuals experience and 3 engage community members to monitor pollution data using small pollution monitoring devices that travel through the selected neighborhoods Outcomes Deliverables will include a final report as well as a better understanding of the near surface impact of increased temperature and air pollution on the health of the city of Birmingham Alabama Direct beneficiaries include the community members of Birmingham urban planners and designers and state and local government Subrecipient No subawards are included in this assistance agreement,25000,25000,215.33,24784.67,2025-05-09,"Program terminated, DOGE, End date cut short (USAspending)",N/A,N/A,2023-08-01T00:00:00Z,2025-07-31T00:00:00Z,Office of Research and Development,66.516,P 3 Award National Student Design Competition for Sustainability,EPA-G2022-P3-Q3,University of Alabama at Birmingham,AL,Birmingham,AL-07,State Institution of Higher Learning,https://www.usaspending.gov/award/ASST_NON_84058401_068/,https://enviro.epa.gov/envirofacts/nggs/report?grantId=84058401,N/A
84060601,Disrupted,Terminated,Integrated Water Microbiome and Disinfection Byproducts Monitoring and Management to Advance Drinking Water Quality,The overall goals of this project are to develop an integrated framework to quantitatively monitor the drinking water microbiome including waterborne pathogens WPs and disinfection byproducts DBPs and holistically manage WP and DBP risks in drinking water storage and distribution systems DWSDSs using inclusive and actionable risk metrics Activities This goal of an integrated framework will be realized through two research objectives 1 enacting comprehensive spatial temporal monitoring and characterization of water chemistry and microbiology of multiple full scale DWSDSs in different regions of the country and 2 formulating an integrated and actionable risk assessment and management framework to mitigate WP and DBP risks and identify the underlying trade offs to optimize drinking water quality in DWSDSs Outcomes Deliverables include annual and final reports as well as a unique dataset that concurrently quantifies WPs and regulated and unregulated DBPs in a diverse range of DWSDSs and puts this data in rich context with a thorough characterization of water chemistry and microbiology Additionally they will develop an integrated framework to quantitatively monitor the drinking water microbiome including WPs and DBPs They will also develop a risk management toolkit publications and conferences to disseminate their findings The intended beneficiaries include water utility managers and communities who get their water from public drinking water distribution systems Subrecipient The Water Tower Institute TWTI 10 000 federal plus 3 200 cost share 13 200 total will serve on the project as the utility liaison for the team TWTI plans to provide support for quality assurance quality control data management sampling and shipping logistics Northeastern University 35 000 federal plus 7 000 42 000 total will conduct niche sampling with utility partner in Massachusetts,2237169,2237169,830020.3499999999,1407148.6500000001,2025-05-09,"Program terminated, DOGE, End date cut short (USAspending)",N/A,N/A,2023-08-01T00:00:00Z,2026-07-31T00:00:00Z,Office of Research and Development,66.511,Office of Research and Development Consolidated Research Training Fellowships,EPA-G2022-ORD-H1,Georgia Tech Research Corp,GA,Atlanta,GA-05,State Institution of Higher Learning,https://www.usaspending.gov/award/ASST_NON_84060601_068/,https://enviro.epa.gov/envirofacts/nggs/report?grantId=84060601,N/A
84062701,Disrupted,Terminated,Integrating Multi-Source Data for Landfill Methane Emission Quantification,The purpose of this project is to improve the use of low cost sensors and ambient air monitoring to better quantify spatiotemporal variations of landfill methane emissions Activities The specific objectives are 1 develop low cost air quality sensors to capture methane variation spatially and temporally 2 integrate sensor data from fixed locations mobile sampling and drone surveys to map pollution distribution and estimate emission fluxes and 3 correlate the spatiotemporally resolved methane emission data with multiple environmental factors for evaluating methane reduction techniques Outcomes Deliverables include annual and final research reports The anticipated outputs include integrating sampling technologies for methane emission quantification The datasets will inform landfill operations methane emission models and methane reduction techniques Direct beneficiaries of this project include communities affected by air pollutants emitted by the landfill study sites in in Miami Florida as well the general public who are affected by methane s contribution to climate change Subrecipient No subawards are included in this assistance agreement,594550,594550,266994.76,327555.24,2025-05-09,"Program terminated, DOGE, End date cut short (USAspending)",N/A,N/A,2023-08-01T00:00:00Z,2026-07-31T00:00:00Z,Office of Research and Development,66.509,Science to Achieve Results Star Research Program,EPA-G2023-STAR-B2,University of Miami,FL,Coral Gables,FL-27,Private University,https://www.usaspending.gov/award/ASST_NON_84062701_068/,https://enviro.epa.gov/envirofacts/nggs/report?grantId=84062701,N/A
84063201,Disrupted,Terminated,The Bioecological Center for Rural Children&rsquo;s Health (BeRCH),The purpose of this project is to develop a transdisciplinary approach to evaluate and mitigate the cumulative health consequences of chemical and psychosocial stressors to children s health through a community driven participatory framework Activities The objective of this research is to asses the impacts of early life stage health stressors and create new models and language to encompass the data driven insights This project will 1 document and evaluate the cumulative impact of children s low dose chronic pesticide exposure 2 compare early life microbiome with environmental stressor exposures and 3 develop a statewide cumulative impact assessment to mitigate chemical and non chemical stressor exposure Outcomes Deliverables will include annual and final reports detailing the correlations between environmental stressors and childhood development evaluations of microbiome effects and a public health cumulative impact assessment Intended beneficiaries of this project include agricultural communities farm workers and state and local public health officials Subrecipient The project will provide the Farmworker Association of Florida FWAW with a subaward 116 649 to serve the Translation Core with community engagement and public health outreach to the farmworker population in Immokalee Florida,1900000,1900000,479767.16000000003,1420232.8399999999,2025-05-09,"Program terminated, DOGE, End date cut short (USAspending)",N/A,N/A,2023-09-01T00:00:00Z,2027-08-31T00:00:00Z,Office of Research and Development,66.509,Science to Achieve Results Star Research Program,EPA-G2023-STAR-C1,Florida State University,FL,Tallahassee,FL-02,State Institution of Higher Learning,https://www.usaspending.gov/award/ASST_NON_84063201_068/,https://enviro.epa.gov/envirofacts/nggs/report?grantId=84063201,N/A
84068401,Disrupted,Terminated,Understanding and Predicting Disparities in Organic Contaminant Levels in Blood Among the U.S. Population,The goal of this project is to improve and utilize PROTEX an advanced computational model to investigate the variations in blood chemical concentrations among individuals and any disparities among different sexes and racial ethnic groups The team will collect data from past NHANES ndash National Health and Nutrition Examination Survey to predict interindividual variability in blood concentrations of chemical contaminants based on individual specific diets physiological factors and anthropometrics across Americans Activities Research aims 1 Upgrade the exposure and toxicokinetic model PROTEX in order to calculate chemical blood concentrations with the ability to consider inter individual variability in the gut metabolism rate of chemicals 2 Develop databases of demographics physiology anthropometrics and diet composition for NHANES participation and 3 estimate the variations in blood concentration of three case study phthalic acidic esters to examine disparities between sexes and races ethnicities Outcomes Deliverables will include annual and final reports on their efforts to use the PROTEX model to understand the variations of the blood concentrations of chemical contaminants among the U S population and to predict such disparities between subgroups of the population This project is important because it will provide data to inform how specific chemicals impact different populations thereby addressing chemical disparities to improve health especially in disadvantaged and overburdened communities Direct beneficiaries of this program include risk assessors regulatory entities water quality managers chemical and pharmaceutical companies human health and the environment and the general public Subrecipient No subawards are included in this assistance agreement,74999,74999,57409.14,17589.86,2025-05-09,"Program terminated, DOGE, End date cut short (USAspending)",N/A,N/A,2024-03-01T00:00:00Z,2026-02-28T00:00:00Z,Office of Research and Development,66.516,P 3 Award National Student Design Competition for Sustainability,EPA-G2023-P3-Q4,Board of Regents of the Nevada System of Higher Education,NV,Reno,NV-02,State Institution of Higher Learning,https://www.usaspending.gov/award/ASST_NON_84068401_068/,https://enviro.epa.gov/envirofacts/nggs/report?grantId=84068401,N/A
84068601,Disrupted,Terminated,Biodiesel Production from Ethanol and Glycerol: a Living Laboratory for STEM Students,This project will develop and design a novel biodiesel reaction system that converts discarded cooking oil into biodiesel ethyl ester energy to power small scale equipment Activities The project will 1 evaluate a reactor system concept that will be constructed to produce biodiesel at a fifty gallon scale Upon successful evaluation 2 glyceroxide catalyst formulation will be tested for biodiesel production at a larger scale Outcomes The project outcome will be a novel renewable form of energy production Anticipated deliverables include informational workshops educational courses and annual reports Intended beneficiaries include university laboratories small scale industry state and local governments environmental health and the general public Subrecipient No subawards are included in this assistance agreement,75000,75000,50338.13,24661.870000000003,2025-05-09,"Program terminated, DOGE, End date cut short (USAspending)",N/A,N/A,2024-01-01T00:00:00Z,2025-12-31T00:00:00Z,Office of Research and Development,66.516,P 3 Award National Student Design Competition for Sustainability,EPA-G2023-P3-Q4,Queens University of Charlotte,NC,Charlotte,NC-12,Private University,https://www.usaspending.gov/award/ASST_NON_84068601_068/,https://enviro.epa.gov/envirofacts/nggs/report?grantId=84068601,N/A
84076601,Disrupted,Terminated,AERE Summer Conferences - Supplemental Funding,The primary objectives of the project are to conduct scientific gatherings of researchers students policy practitioners and other interested parties which will accomplish the following goals bull Provide a mechanism for discussing current issues and state of the art methods and applications in environmental and natural resource economics research bull Identify research needs for advancing sound ideas and new approaches in environmental and natural resource policy analysis bull Enhance opportunities for collaborative efforts by bringing together researchers and policy practitioners from around the world working on similar problems and sharing national experiences with environmental and natural resource problems and policies bull Encourage scholarship by young professionals The AERE Summer Conference offers young professionals constructive comments at early stages of their work opportunities to learn about professional service from interactions with AERE and greater connections with the broader research community Activities The recipient organizes and hosts the Association of Environmental and Resource Economics AERE Summer Conferences organized by the AERE members responsible for hosting the conferences the ldquo Organizing Committee rdquo in conjunction with members of the AERE Board of Directors and AERE Headquarters staff the ldquo Advisory Committee rdquo Together these groups are responsible for planning and executing all aspects of the conference including but not limited to selecting the location establishing a review panel to select papers for presentation organizing the academic program and planning social events In organizing the Conferences AERE works to ensure top researchers are able to attend and participate in sponsored sessions on priority environmental economic subjects The resources provided under this assistance agreement are primarily to enable AERE to offer stipends to researchers to travel and make presentations at sponsored sessions examining these priority topics as well as providing financial support for thought leaders in the environmental economics field to prepare and deliver keynote addresses at the Conferences Some funds also are also used to assist in promoting the Conference collecting and organizing material received from researchers submitting material for consideration to be included for presentation at the Conference and for the services of communication equipment providers used at the Conference Outcomes The conferences provide important forums for researchers government analysts students policy experts and other professionals to exchange research findings and ideas to apply evaluate and further develop research methodologies and to maintain and develop collaboration and partnerships These events will also contribute to many publications directly addressing topics important to NCEE and will stimulate interest in resource and environmental topics within the academic and policy community Subrecipient No subawards are included in this assistance agreement,40000,40000,34725,5275,2025-05-09,"DOGE, End date cut short (USAspending)",N/A,N/A,2023-12-01T00:00:00Z,2025-11-30T00:00:00Z,Office of the Administrator,66.611,Environmental Policy and Innovation Grants,EPA-OP-NCEE-2023-01,Association of Environmental and Resource Economists,FL,Altamonte Springs,FL-07,Not for Profit,https://www.usaspending.gov/award/ASST_NON_84076601_068/,https://enviro.epa.gov/envirofacts/nggs/report?grantId=84076601,N/A
84008102,Restored,Reinstated (confirmed),Predicting and Communicating PFAS Exposure Risks from Rural Private Wells,The objective of this project is to develop a model using machine learned Bayesian networks to analyze data samples to predict per and polyfluoroalkyl substances PFASs contamination sources and create fate and transport models in rural drinking water systems This research focuses on a model approach integrated with risk assessment risk communication and PFAS testing to improve the accuracy of risk predictions and to facilitate informed risk management decisions for PFAS contamination in rural agricultural communities Activities Outcomes Subrecipient No subawards are included in this assistance agreement,646865,646865,639898.7999999999,6966.20000000007,2025-05-08,"Program terminated, End date cut short (USAspending)",2025-07-08,End date re-extended (USAspending),2022-09-10T00:00:00Z,2025-08-31T00:00:00Z,Office of Research and Development,66.511,Office of Research and Development Consolidated Research Training Fellowships,EPA-G2020-ORD-B1,North Carolina State University,NC,Raleigh,NC-02,State Institution of Higher Learning,https://www.usaspending.gov/award/ASST_NON_84008102_068/,https://enviro.epa.gov/envirofacts/nggs/report?grantId=84008102,N/A
84095601,Restored,Reinstated (confirmed),"Comprehensive evaluation of fate, transport, bioaccumulation and management solution of PFAS on a crop and livestock farm that received biosolids",The goals of this project are to evaluate the fate transport and bioaccumulation of Per and Polyfluoroalkyl substances PFAS in a crop livestock farm that utilizes biosolid land application The project also aims to quantify PFAS precursor accumulation within on farm resources to assess farm management methods to mitigate PFAS contamination Activities The project will 1 examine the relationships between PFAS distribution and soil properties 2 measure and rank PFAS accumulation in different field crops vegetables and livestock forages 3 elucidate environmental fate transport and plant uptake of PFAS at the nexus of soil water and crops on the PFAS impacted farm 4 measure PFAS accumulation in livestock and 5 develop protocols to screen and map PFAS accumulation in agricultural settings Outcomes Deliverables include annual and final reports The results of this project will produce new scientific data and improve the basic knowledge on PFAS and precursor fate plant uptake bioaccumulation in livestock cycling process in typical Midwest crop livestock farms The expected outcome is to improve the knowledge of the PFAS life cycle in a farm setting Direct beneficiaries include farmers agricultural advisors human health and the environment Subrecipient No subawards are included in this assistance agreement,1600000,1600000,112466.27000000008,1487533.73,2025-05-08,"Program terminated, End date cut short (USAspending)",2025-07-07,End date re-extended (USAspending),2024-10-01T00:00:00Z,2027-09-30T00:00:00Z,Office of Research and Development,66.509,Science to Achieve Results Star Research Program,EPA-G2023-STAR-J1,Michigan State University,MI,East Lansing,MI-07,State Institution of Higher Learning,https://www.usaspending.gov/award/ASST_NON_84095601_068/,https://enviro.epa.gov/envirofacts/nggs/report?grantId=84095601,N/A
84043101,Restored,Reinstated (confirmed),Development of High-Resolution Chemical Ionization Mass Spectrometry Methods for Real-Time Measurement of Emerging Airborne Per- and Polyfluoroalkyl Substances (PFASs),The goal of the proposed research is to combine state of the art online high resolution chemical ionization mass spectrometers HR ToF CIMS together with novel air and particle phase sampling techniques to increase understanding of fugitive emissions of per and polyfluoroalkyl substances PFASs from stationary point sources Activities The project will 1 determine HR ToF CIMS calibration curves and detection limits for atmospherically relevant PFASs 2 oxidize PFAS standards with hydroxyl radicals OH and ozone under controlled laboratory settings to generate commercially unavailable PFASs that are also key to understanding PFASs rsquo atmospheric transformations and fates and 3 deploy a mobile laboratory with these newly developed and laboratory validated CIMS methods at a stationary point source to study fugitive PFAS emissions and PFAS near source downwind chemistry Outcomes The anticipated deliverables are annual progress and final reports Expected outcomes include advancements in measurement techniques to measure ambient levels of gas and particle phase PFASs and advancements in near source measurement methods for estimating emissions of PFASs The intended beneficiaries are the scientific community and communities affected by PFAS exposures Subrecipient Subawardee Texas A amp M University will conduct and lead the laboratory experiments using the high resolution chemical ionization mass spectrometers to determine calibration factors and detection limits and to determine whether legacy or emerging PFASs can be oxidized by atmospheric hydroxyl radicals In addition they will deploy a mobile laboratory to collect ambient data for the field study near the Chemours facility,799833,799833,726028.0599999999,73804.94000000006,2025-05-08,"Program terminated, End date cut short (USAspending)",2025-07-03,End date re-extended (USAspending),2022-05-01T00:00:00Z,2026-04-30T00:00:00Z,Office of Research and Development,66.509,Science to Achieve Results Star Research Program,EPA-G2021-STAR-C1,University of North Carolina at Chapel Hill,NC,Chapel Hill,NC-04,State Institution of Higher Learning,https://www.usaspending.gov/award/ASST_NON_84043101_068/,https://enviro.epa.gov/envirofacts/nggs/report?grantId=84043101,N/A
02J63901,Restored,Reinstated (confirmed),Environmental Justice Thriving Communities Grantmaking Program Ej Tcgm award to Philanthropy Northwest,"OEJECR IS PROVIDING WITHIN-SCOPE SUPPLEMENTAL FUNDING TO ADDRESS ADDITIONAL QUALITY ASSURANCE (QA) COSTS AS WELL AS PROVIDE FUNDING FOR ADDITIONAL MEANINGFUL OUTREACH AND GAP FILLING IN REMOTE, RURAL AND HARD-TO-REACH AREAS OF THE COUNTRY, AND TERRITORIES WITH $2 MILLION IN SUPPLEMENTAL FUNDS. ADDITIONALLY, $8 MILLION OF  SUPPLEMENTAL FUNDING WILL BE DISTRIBUTED VIA ADDITIONAL SUBGRANTS FOR A TOTAL OF $10 MILLION OF SUPPLEMENTAL FUNDING BEING PROVIDED TO YOUR GRANTMAKER FOR THIS WORK. ACTIVITIES:THE ACTIVITIES IN THE SUBSEQUENT AWARD PHASE INCLUDE DISTRIBUTION AND TRACKING OF THE ENVIRONMENTAL JUSTICE THRIVING COMMUNITIES SUBGRANTS TO ELIGIBLE SUBRECIPIENTS, PROGRAM EVALUATION, AND GRANT CLOSE-OUT. THE SUBSEQUENT AWARD WILL COVER THE EIGHT MONTHS OF PROGRAM MANAGEMENT FOLLOWING THE END OF THE INITIAL AWARD WHICH INCLUDES PERSONNEL, GRANT MANAGEMENT SYSTEMS, AND TRAVEL. THE SUPPLEMENTAL FUNDS WILL BE USED FOR QUALITY ASSURANCE COMPLIANCE COSTS AND MEANINGFUL OUTREACH TO REMOTE, RURAL, AND HARD-TO-REACH AREAS. PRIOR TO DISTRIBUTION OF SUBGRANTS PHILANTHROPY NORTHWEST WILL HAVE ESTABLISHED POLICIES, INCLUDING CONFLICT OF INTEREST AND CAP AMOUNT AWARD POLICIES, HAVE AN APPROVED QUALITY MANAGEMENT PLAN AND QUALITY ASSURANCE PROCESSES IN PLACE, AND HAVE FINANCIAL AND GRANT MANAGEMENT SYSTEMS IN PLACE. SUBRECIPIENT:THE SUBAWARDS TO THE AFFILIATED TRIBES OF NORTHWEST INDIANS (ATNI) AND NATIVE AMERICANS IN PHILANTHROPY (NAP) WILL BE USED TO SUPPORT TECHNICAL ASSISTANCE TO PHILANTHROPY NORTHWEST'S PROGRAM OFFICERS AND GRANT ADMINISTRATORS ON CULTURALLY SPECIFIC PRACTICES AND PROTOCOLS AS THEY ADVISE AND ASSIST WITH NEEDS RELATED TO CLOSE-OUT ACTIVITIES. 
THE REMAINDER OF SUBAWARDS WILL BE DISTRIBUTED TO ELIGIBLE SUBRECIPIENTS OF THE THRIVING COMMUNITIES SUBGRANTS WHICH WILL COVER A VARIETY OF PROJECTS THAT INCLUDE BUT ARE NOT LIMITED TO: AIR QUALITY, WATER QUALITY, SMALL CLEANUP PROJECTS, IMPROVING FOOD ACCESS, STORMWATER ISSUES, GREEN INFRASTRUCTURE, LEAD CONTAMINATION, PESTICIDES, EMERGENCY PREPAREDNESS AND DISASTER RESILIENCY, ENVIRONMENTAL JOB TRAINING, AND ENVIRONMENTAL JUSTICE TRAINING FOR YOUTH. 
OUTCOMES:THE ANTICIPATED DELIVERABLES FOR THE SUBSEQUENT AWARD ONLY, INCLUDE THE DISTRIBUTION OF OVER 200 ENVIRONMENTAL JUSTICE THRIVING COMMUNITIES SUBGRANTS OVER 3 YEARS. THERE WILL BE AN ESTIMATED 55 TIER 1 GRANTS, 77 TIER 2 GRANTS, AND 43 TIER 3 GRANTS AWARDED PLUS 72 FIXED AMOUNT AWARDS TO SEVERELY CAPACITY CONSTRAINED ENTITIES. THE EXPECTED OUTCOMES INCLUDE EQUITABLE DISTRIBUTION OF SUBGRANTS TO DISADVANTAGED COMMUNITIES. THE MAJORITY OF THE OUTCOMES WILL BE DEPENDENT ON THE SUBGRANTS FUNDED BUT WILL INCREASE ENVIRONMENTAL AND COMMUNITY HEALTH IN DISADVANTAGED COMMUNITIES. THE INTENDED BENEFICIARIES INCLUDE DISADVANTAGED COMMUNITIES AS DEFINED BY THE U.S. EPA INFLATION REDUCTION ACT (IRA) DISADVANTAGED COMMUNITIES MAP IN REGION 10.",52000000,52000000,364903.02999999933,51635096.97,2025-05-08,"Program terminated, End date cut short (USAspending)",2025-06-23,"Green and Healthy Homes Initiative Inc. vs EPA, End date re-extended (USAspending)",2024-11-01T00:00:00Z,2027-10-31T00:00:00Z,Region 10 (Pacific Northwest),66.615,Environmental Justice Thriving Communities Grantmaking Program Ej Tcgm,EPA-R-OEJECR-OCS-23-03,Philanthropy Northwest,WA,Seattle,WA-07,N/A,https://www.usaspending.gov/award/ASST_NON_02J63901_068/,N/A,N/A
84000601,Disrupted,Terminated,Parameterization of N2O5 Heterogeneous Chemistry,The project will update the chemical mechanisms related to dinitrogen pentoxide N2O5 chemistry in the CMAQ air quality model and use the improved CMAQ model to investigate the influence of N2O5 chemistry on NOx ozone and fine PM The research will generate publications and findings that lead to improved understanding of N2O5 chemistry and its impacts on the formation fate and transport of NOx ozone and fine particulate matter PM which are air pollutants associated with adverse health impacts Activities Outcomes Subrecipient,798234,798234,759749,38485,2025-05-08,"Program terminated, DOGE, End date cut short (USAspending)",N/A,N/A,2020-08-01T00:00:00Z,2025-07-31T00:00:00Z,Office of Research and Development,66.509,Science to Achieve Results Star Research Program,EPA-G2019-STAR-C1,University of Wisconsin Madison,WI,Madison,WI-02,State Institution of Higher Learning,https://www.usaspending.gov/award/ASST_NON_84000601_068/,https://enviro.epa.gov/envirofacts/nggs/report?grantId=84000601,N/A
84002701,Disrupted,Terminated,Integrated BB Barrier &ndash; Computational Model,The project will determine the bidirectional permeability of marker compounds to determine the permeation of 50 known environmental toxicants They will integrate a human cell based model of the Blood Brain Barrier to measure compound permeability Their physiological based pharmacokinetic PBPK models will improve accuracy in predicting doses of concern of chemicals that cause perturbations in brain cell based assays Activities Outcomes Subrecipient,790441,790441,787304.7400000001,3136.259999999893,2025-05-08,"Program terminated, DOGE, End date cut short (USAspending)",N/A,N/A,2020-08-01T00:00:00Z,2025-07-30T00:00:00Z,Office of Research and Development,66.509,Science to Achieve Results Star Research Program,EPA-G2019-STAR-D1,Purdue University Sponsored Program Services,IN,West Lafayette,IN-04,Private University,https://www.usaspending.gov/award/ASST_NON_84002701_068/,https://enviro.epa.gov/envirofacts/nggs/report?grantId=84002701,N/A
84020101,Disrupted,Terminated,Soil/Dust Ingestion for Children: A Modeling and Data Collection Approach Based on Regional and Sociodemographic Differences,Researchers will perform studies to quantify dust loading on children rsquo s hands and indoor home surfaces and will also deliver a household dust survey to families for analysis of key variables influencing dust loading on children rsquo s hands and in homes and ingestion rates By collecting children rsquo s hand contact and mouthing activities in homes through video methods researchers will expand the database of children rsquo s micro activities to include key environments locations and sociodemographic groups Finally researchers will enhance an existing model to capture additional soil dust pathways for children rsquo s dermal and non dietary ingestion Activities Outcomes Subrecipient,1340704,1340704,1124043.21,216660.79000000004,2025-05-08,"Program terminated, DOGE, End date cut short (USAspending)",N/A,N/A,2021-07-01T00:00:00Z,2026-06-30T00:00:00Z,Office of Research and Development,66.509,Science to Achieve Results Star Research Program,EPA-G2020-STAR-D1,North Carolina a t State University,NC,Greensboro,NC-05,State Institution of Higher Learning,https://www.usaspending.gov/award/ASST_NON_84020101_068/,https://enviro.epa.gov/envirofacts/nggs/report?grantId=84020101,N/A
84021901,Disrupted,Terminated,UNC Center for Early Life Exposures And Neurotoxicity (UNC CLEAN),Researchers will use longitudinal study data and urine samples from children to examine the impacts of early life exposure to phthalates The study will evaluate exposures in relation to neurobehavior development with attention to the potential for sex specific effects Additionally they will examine how prenatal toxicant exposures relate to 3rd trimester fetal brain imaging features and their trajectories of development postnatally using postnatal imaging scans Activities Outcomes Subrecipient,1894823,1894823,1816169.7799999998,78653.2200000002,2025-05-08,"Program terminated, DOGE, End date cut short (USAspending)",N/A,N/A,2021-07-01T00:00:00Z,2025-06-30T00:00:00Z,Office of Research and Development,66.509,Science to Achieve Results Star Research Program,EPA-G2020-STAR-E1,University of North Carolina at Chapel Hill,NC,Chapel Hill,NC-04,State Institution of Higher Learning,https://www.usaspending.gov/award/ASST_NON_84021901_068/,https://enviro.epa.gov/envirofacts/nggs/report?grantId=84021901,N/A
84024101,Disrupted,Terminated,Enhancing Communication to Reduce Health Risks of Wildland Fire Smoke Exposure Due to Prescribed Burns,The goal of the research is to decrease smoke exposures and associated health impacts from prescribed burn events Main output of the research is a risk communication toolkit that can be used to 1 facilitate communication to reinforce the smoke management goal associated with the careful planning of prescribed burns and 2 effectively inform the public about interventions that can be taken to reduce smoke exposure during prescribed burns Activities Outcomes Subrecipient,999995,999995,880470.26,119524.73999999999,2025-05-08,"Program terminated, DOGE, End date cut short (USAspending)",N/A,N/A,2021-10-01T00:00:00Z,2026-03-31T00:00:00Z,Office of Research and Development,66.509,Science to Achieve Results Star Research Program,EPA-G2021-STAR-G1,The Ohio State University,OH,Columbus,OH-03,State Institution of Higher Learning,https://www.usaspending.gov/award/ASST_NON_84024101_068/,https://enviro.epa.gov/envirofacts/nggs/report?grantId=84024101,N/A
84024601,Disrupted,Terminated,Integrated Communication and Intervention Strategies to Reduce Exposure to Prescribed Wildland Fire Emissions in Schools and Communities,The project goals are to 1 evaluate an integrated strategy containing both interventions and communications to reduce wildland fire pollution exposure 2 establish that targeted intervention can be used to effectively reduce exposures of school community members to wildland fire burn emissions and 3 investigate how wildland fire impact forecasting can be used to reduce exposures both by adjusting the timing of burn activities and providing guidance to potentially impacted areas in advance The expected outcomes include an assessment of approaches to reduce exposures to air pollution from wildland fires reduce exposures of schoolchildren and advance an operation prescribed fire impact forecasting system Activities Outcomes Subrecipient,1000000,1000000,523820.68,476179.32,2025-05-08,"Program terminated, DOGE, End date cut short (USAspending)",N/A,N/A,2021-09-01T00:00:00Z,2025-08-31T00:00:00Z,Office of Research and Development,66.509,Science to Achieve Results Star Research Program,EPA-G2021-STAR-G1,Georgia Tech Research Corp,GA,Atlanta,GA-05,State Institution of Higher Learning,https://www.usaspending.gov/award/ASST_NON_84024601_068/,https://enviro.epa.gov/envirofacts/nggs/report?grantId=84024601,N/A
84025601,Disrupted,Terminated,Developing Surrogate-Based Crediting Frameworks For Virus Control Through Water Recycling Facilities,The purpose of this research is to expand the current understanding of virus fate during wastewater treatment and develop surrogate based crediting frameworks for unit processes that have largely been uncredited or under credited in nonpotable and potable reuse applications Deliverables will elucidate potential relationships between culture and molecular data for human enteric viruses surrogate bacteriophages and fecal indicator viruses Outcomes of the research include surrogate based predictive models and regulatory crediting frameworks that can be readily adopted by states and the water industry Direct beneficiaries of this program include residents of communities in Nevada Virginia and Florida served by CBAT facilities covered by the study wastewater operators state and local regulators and the general public Subawardee Southern Nevada Water Authority will conduct laboratory scale sequencing batch reactors and analyze the corresponding samples for microbiological targets and general water quality parameters Subawardee Drexel University will work on mathematical model development Activities Outcomes Subrecipient,1239980,1239980,945579.98,294400.02,2025-05-08,"Program terminated, DOGE, End date cut short (USAspending)",N/A,N/A,2021-08-01T00:00:00Z,2025-07-31T00:00:00Z,Office of Research and Development,66.509,Science to Achieve Results Star Research Program,EPA-G2021-STAR-A1,Regents of the University of Michigan,MI,Ann Arbor,MI-06,State Institution of Higher Learning,https://www.usaspending.gov/award/ASST_NON_84025601_068/,https://enviro.epa.gov/envirofacts/nggs/report?grantId=84025601,N/A
84047101,Disrupted,Terminated,Analysis of Climate Change Related Chemical and Non-Chemical Stressor Exposures: Cumulative Health Impacts and Risk Trajectories in Vulnerable Ohio Census Tracts,The goal of this project is to analyze the impact of climate change related chemical and non chemical stressor exposures on personal health outcomes of residents living in underserved communities Specifically the project will assess the independent latent cumulative and interactive effects of climate change related environmental contaminants PM2 5 criteria air pollutants indoor air contaminants traffic related pollution combustion related contaminants and non chemical stressors from the built natural physical and social environments inherent personal characteristics activities and behaviors on the progression of disparate health outcomes Activities The project will compare the array of available data in broad categories of chemical and non chemical stressor exposures and four sources of de identified personal health data will be cross examined to places of residence in low income underserved and high income community cohorts for the years 2014 2020 The health outcomes investigated will include mental health substance abuse outpatient dialysis stroke respiratory disease heart disease diabetes obesity hypertension cancer kidney disease osteoporosis and adverse pregnancy outcomes The research will reveal important knowledge regarding which residents exhibit differential risk trajectories for disparate health and policy outcomes at the population level in response to climate change related chemical and non chemical stressor exposures from the built natural physical and social environment Outcomes Anticipated deliverables include annual and final reports scientific publications and communication documents to both community leaders and local public health policy professionals The expected outcomes are improved knowledge and understanding about the health risks threatening underserved communities in Ohio Intended beneficiaries include underserved communities in Ohio and other similar communities as well as community leaders and state and local public health officials Subrecipient MEHARRY MEDICAL COLLEGE 91 055 will provide the data curation for the project UNIVERSITY OF TENNESSEE 89 665 will lead the effort to design develop synthesize and implement novel combinatorial algorithms required for the analysis of highly heterogeneous data relevant to this project UNIVERSITY OF MISSISSIPPI 116 308 will provide expertise in the application of remote sensing and GIS techniques,1294249,1294249,626433.42,667815.58,2025-05-08,"Program terminated, DOGE, End date cut short (USAspending)",N/A,N/A,2022-12-01T00:00:00Z,2025-11-30T00:00:00Z,Office of Research and Development,66.509,Science to Achieve Results Star Research Program,EPA-G2021-STAR-H1,The Ohio State University,OH,Columbus,OH-03,State Institution of Higher Learning,https://www.usaspending.gov/award/ASST_NON_84047101_068/,https://enviro.epa.gov/envirofacts/nggs/report?grantId=84047101,N/A
84059901,Disrupted,Terminated,Integrated Portable Raman and Electrochemical NanoSystem (I-PRENS) for Neonicotinoid Detection and Remediation in Rural Drinking Water Supplies,The purpose of the project is to develop a portable Raman and electrochemical nanosystem I PRENS to be deployed for onsite detection and degradation of neonicotinoid pesticides in rural drinking water supplies in Alabama s Black Belt region Activities The project will apply the best available nanotechnology enabled sensing and treatment technologies into a field deployable prototype designed for long term monitoring and chemical supply free remediation of neonicotinoid impacted drinking water supplies The specific objectives are to 1 develop a hot spot normalized surface enhanced Raman spectroscopic HSN SERS sensing module for real time quantification of neonicotinoids 2 develop a nanobiochar enabled pre treatment module for neonicotinoid pre concentration 3 develop a sensor controlled catalytic advanced oxidation process AOP module for neonicotinoid degradation and 4 develop and deploy a small scale I PRENS prototype in rural Alabama Outcomes Deliverables will include annual and final reports documenting the progress toward developing the technology and results from field deployment Direct beneficiaries include the rural Alabama community communities that depend on pesticide impacted drinking water supplies private community well owners researchers and the general public Subrecipient Subaward of 490 241 to Yale University will support the development of a sensor controlled catalytic advanced oxidation process AOP module for neonicotinoid degradation Subaward of 379 206 to Auburn University will support the development of a nanobiochar enabled pre treatment module for neonicotinoid pre concentration and the deployment of a prototype,1362435,1362435,519905.91,842529.0900000001,2025-05-08,"Program terminated, DOGE, End date cut short (USAspending)",N/A,N/A,2023-08-01T00:00:00Z,2026-07-31T00:00:00Z,Office of Research and Development,66.509,Science to Achieve Results Star Research Program,EPA-G2023-STAR-A1,University of Wisconsin Madison,WI,Madison,WI-02,State Institution of Higher Learning,https://www.usaspending.gov/award/ASST_NON_84059901_068/,https://enviro.epa.gov/envirofacts/nggs/report?grantId=84059901,N/A
84062401,Disrupted,Terminated,Analysis of Continuous Monitoring Data with Inverse Atmospheric Models to Improve Landfill Gas Emissions Data and Elucidate Drivers of Emissions,The purpose of this project is to demonstrate and standardize existing inverse modeling and spatial mapping methods for identifying hotspots of methane and other health impacting gases released from landfills and to monitor and quantify these emissions Activities The specific objectives are 1 deploy high sensitivity laser based sensors to measure methane at strategic locations for two full years at downwind locations of four landfills in the United States 2 deploy sensors to measure landfill gas releases that impact local air quality including ammonia hydrogen sulfide and odors for two full years at the same sites as the methane sensors 3 collect complementary data on carbon dioxide ammonia and hydrogen sulfide with the laser based methane sensor to demonstrate the application of the methods to other landfill gases 4 use parallel drone based mapping methods to map methane concentrations above and around landfills to identify hot spots and identify the location of fugitive emissions and 5 apply the monitoring data in an inverse atmospheric transport model to quantify landfill emissions and for calculating the impact from environmental variables and landfill operations on emissions Outcomes Deliverables include annual and final research reports The anticipated outputs include advancements in methods for monitoring landfill gas emissions advancements in drone based approaches for identifying hot spots and processes that lead to high emissions and identification of factors that affect landfill emissions and effectiveness of mitigation strategies to reduce emissions Direct beneficiaries of this program include residents affected by hazardous air pollutants emitted from landfills the general public and human health and the environment Subrecipient St Louis University 199 701 will complete the drone measurements and the meteorological analyses that will be used in the project St Louis University will also conduct the inverse modeling analysis data analysis and the preparation of report publications and presentations cover the project results and findings,998049,998049,430692.9199999999,567356.0800000001,2025-05-08,"Program terminated, DOGE, End date cut short (USAspending)",N/A,N/A,2023-09-01T00:00:00Z,2026-08-31T00:00:00Z,Office of Research and Development,66.509,Science to Achieve Results Star Research Program,EPA-G2023-STAR-B1,University of Wisconsin Madison,WI,Madison,WI-02,State Institution of Higher Learning,https://www.usaspending.gov/award/ASST_NON_84062401_068/,https://enviro.epa.gov/envirofacts/nggs/report?grantId=84062401,N/A
84046301,Restored,Reinstated (confirmed),"Developing Tools and Resources to Enable Economic, Institutional, and Technical Clarity in Support of Enhanced Aquifer Recharge Implementation",This project will strategically combine applied research decision support innovations and public engagement to lower barriers to widespread adoption of enhanced aquifer recharge EAR and unlock its potential to provide multiple water security benefits Activities This project will develop a life cycle view of EAR to encompass three pillars of decision making geochemical and physical considerations legal and institutional considerations and cost benefit analysis and life cycle assessment The project will a generalize and contextualize cutting edge research contributions b produce a comprehensive picture of the life cycle of EAR implementation and c create actionable recommendations for practitioners and develop and formalize best practices for EAR Outcomes The deliverables of this project include annual and final reports as well as an EAR Lifecycle map that can be used as a tool for state and local decision makers contemplating EAR projects and as a repository from which key resources and tools can be found and evaluated Direct beneficiaries of this project will be water quality managers state and local decision makers and the general public especially in areas susceptible to drought Subrecipient The subaward to UC Davis 82 259 is for research and synthesis on geophysical elements and technical methods for EAR The subaward to UC Santa Cruz 254 912 is for research and synthesis on geophysical elements and technical methods for EAR as well as work on methods and considerations for managing water quality The subaward to UC Hastings 59 994 supports research on legal policy and institutional topics,1999998,1999998,1121989.45,878008.55,2025-05-07,"Program terminated, End date cut short (USAspending)",2025-09-11,End date re-extended (USAspending),2022-09-01T00:00:00Z,2027-08-31T00:00:00Z,Office of Research and Development,66.509,Science to Achieve Results Star Research Program,EPA-G2022-STAR-C1,Regents of the University of California the,CA,Berkeley,CA-12,State Institution of Higher Learning,https://www.usaspending.gov/award/ASST_NON_84046301_068/,https://enviro.epa.gov/envirofacts/nggs/report?grantId=84046301,N/A
84024501,Restored,Reinstated (confirmed),"Unregulated Organic Chemicals in Biosolids: Prioritization, Fate and Risk Evaluation for Land Applications",The purpose of the proposed research is to produce a prioritized list of unregulated organic chemicals UOCs that have the greatest potential to pose elevated risks to human health and the environment and standard rapid assays to measure mobile and bioavailable fractions of these chemicals in biosolids Activities Activities include prioritizing UOCs in biosolids based on their occurrence mobility persistence and bioaccumulation developing simple standard assays to measure mobile and bioavailable fractions of priority UOCs in biosolids and carrying out field studies at multiple locations to evaluate plant and earthworm accumulation leaching and runoff risks of priority UOCs under different biosolids application soil climate and planting conditions Outcomes The expected outcome of this research is a decrease in associated public health and ecosystem risks Direct beneficiaries of this research include the scientific community agriculture and water sectors and the broader community in ensuring the safe reuse of biosolids through land applications in the U S UC Riverside Purdue University and the University of Cincinnati are integrally involved in conducting all aspects of the research in the work plan Subrecipient,1497907,1497907,796965.98,700941.02,2025-05-07,"Program terminated, End date cut short (USAspending)",2025-07-14,End date re-extended (USAspending),2021-10-01T00:00:00Z,2026-09-30T00:00:00Z,Office of Research and Development,66.511,Office of Research and Development Consolidated Research Training Fellowships,EPA-G2021-ORD-F1,The Water Research Foundation,CO,Denver,CO-01,Not for Profit,https://www.usaspending.gov/award/ASST_NON_84024501_068/,https://enviro.epa.gov/envirofacts/nggs/report?grantId=84024501,N/A
84032501,Restored,Reinstated (confirmed),A Community-Aligned Plan for Effective Communication of Wildland Fire Smoke Exposure Risks,The purpose of proposed research is to identify the most effective data sources and dissemination strategies for communicating wildfire smoke exposure risks and the drivers of the disconnect that exists between scientists and communities on exposure and health risk communication The project will 1 conduct a multi tier assessment of the effectiveness of exposure risk communication in the Bay Area of California and 2 form an inclusive community advisory board to gather insight into community responses to health risk communication and exposure interventions The proposed research will produce a community aligned action plan for wildfire smoke exposure for the residents of the Bay Area California The expected outcome is improved understanding of how best to communicate health risks to enable actions to reduce wildfire smoke exposures Direct beneficiaries of this research include the scientific community and the residents of the Bay Area of California who are affected by wildfire smoke Subawards will not be issued under this award Activities Outcomes Subrecipient,549940,549940,415435.97,134504.03000000003,2025-05-07,"Program terminated, End date cut short (USAspending)",2025-07-11,End date re-extended (USAspending),2022-01-01T00:00:00Z,2026-12-31T00:00:00Z,Office of Research and Development,66.509,Science to Achieve Results Star Research Program,EPA-G2021-STAR-G2,Regents of the University of California the,CA,Berkeley,CA-12,State Institution of Higher Learning,https://www.usaspending.gov/award/ASST_NON_84032501_068/,https://enviro.epa.gov/envirofacts/nggs/report?grantId=84032501,N/A
84042201,Restored,Reinstated (confirmed),Assessing Toxic VOC Exposures with GC-CF-IMS,The purpose of the proposed research is to develop a portable small lightweight low power instrument for near real time speciation and quantification of volatile organic compounds VOCs including hazardous air pollutants HAPs in the ambient atmosphere and indoors Activities The proposed project will build test and field deploy a gas chromatography crossflow ion mobility spectrometer GC CF IMS that is moderate in cost can provide measurements at good time resolution requires low power is compact and lightweight and can identify individual compounds that are hazardous air pollutants HAPs At least two field studies will be conducted with the instrument to test its capabilities in situations relevant to communities facing environmental ins A community advisory committee will be formed to assist in developing a deployment strategy for field testing in such communities and in working with these communities to understand the study results and translate them into actions for reducing exposure to HAPs Outcomes The anticipated deliverables are annual progress and final reports The expected outcomes include a new instrument suitable for under resourced communities to use to detect hazardous air pollutants HAPs in the air they breathe and use this information to motivate emissions controls leading to cleaner air and consequently improved health The intended beneficiaries are the scientific community and communities affected by air toxic pollution Subrecipient No subawards are included in this assistance agreement,799660,799660,562200.05,237459.94999999995,2025-05-07,"Program terminated, End date cut short (USAspending)",2025-07-11,End date re-extended (USAspending),2022-05-01T00:00:00Z,2027-04-30T00:00:00Z,Office of Research and Development,66.509,Science to Achieve Results Star Research Program,EPA-G2021-STAR-C1,University of California Davis,CA,Davis,CA-04,State Institution of Higher Learning,https://www.usaspending.gov/award/ASST_NON_84042201_068/,https://enviro.epa.gov/envirofacts/nggs/report?grantId=84042201,N/A
84042601,Restored,Reinstated (confirmed),Development of a reference method for open-path remote sensing of air toxics,The goal of the proposed research is to develop an open source reference instrument and methodology for operation validation and QA QC of open path optical remote sensing OP ORS monitoring of volatile organic compounds and other air toxics Activities The proposed project will 1 design and build a portable open path reference instrument for accurate detection and quantification of several air toxics 2 validate the reference OP ORS system with other analytical methods 3 deploy the reference system in parallel with a current state of the art OP ORS system at a local refinery in the Los Angeles air basin to develop and test validation protocols and 4 develop guidance for best practices for operation QA QC and field validation for OP ORS observations Outcomes The anticipated deliverables are annual progress and final reports The expected outcomes include the demonstration of a portable OP ORS system for accurate quantification of several air toxics and the establishment of OP ORS as a reliable and trusted tool to monitor air toxic releases from industrial facilities and for community air quality monitoring of these compounds The intended beneficiaries are the scientific community and communities affected by air toxic pollution Subrecipient Subawardee South Coast Air Quality Management District will collaborate with the recipient University of California Los Angles UCLA to 1 Develop the quality assurance project plan for the optical remote sensing ORS system that will be designed by UCLA 2 contribute to the experimental design and execution of the ORS system controlled release validation experiment 3 the co location of the ORS system at a refinery in southern California and 4 write guidance documents for quality assurance quality control QA QC and validation of ORS systems,798825,798825,456864.03,341960.97,2025-05-07,"Program terminated, End date cut short (USAspending)",2025-07-11,End date re-extended (USAspending),2022-05-01T00:00:00Z,2027-04-30T00:00:00Z,Office of Research and Development,66.509,Science to Achieve Results Star Research Program,EPA-G2021-STAR-C1,University of California Los Angeles,CA,Los Angeles,CA-36,State Institution of Higher Learning,https://www.usaspending.gov/award/ASST_NON_84042601_068/,https://enviro.epa.gov/envirofacts/nggs/report?grantId=84042601,N/A
84042702,Restored,Reinstated (confirmed),Mapping Urban Emissions of Sub-10 nm Particles Using a Mobile Platform,The goal of the proposed research is to design demonstrate and validate a mobile platform for quantification and characterization of emissions of sub 10 nm particles Activities The project will 1 design and build a platform to measure the size morphology and elemental composition of sub 10 nm particles emitted to ambient air and 2 demonstrate that the platform can be used for source identification source apportionment studies and creation of detailed maps with emission inventories for sub 10 nm particles in urban environments Outcomes The anticipated deliverables are annual progress and final reports Project outputs include 1 a mobile sampling system with real time mapping 2 city scale sub 10 nm concentration maps for two urban centers in the South Eastern U S 3 a source inventory describing emissions from selected sources and 4 a target inventory that will highlight geographical areas with likely high toxicity sources exceptionally strong sources evidenced by large emission rates or high number concentrations and plumes affecting residential neighborhoods schools hospitals and other community locales with potential for high impacts on human health or community well being The main expected outcome of the proposed work is a new validated technique using a mobile near source measurement system that can quantify the emission rates of fugitive sub 10 nm particle emissions The intended beneficiaries are the scientific community and communities affected by ambient exposures to ultrafine particles Under the novation a subaward will be issued to North Carolina State University NCSU Raleigh The NCSU investigator will perform all modeling work using AERMOD a steady state air quality dispersion model Model results will be compared with the previously collected 5 10 nm sized particle number concentration to estimate the location of the particle source The Fiscal Line Details for this action are shown in whole dollars The actual costs to be increased are in whole dollars as shown below Req No 222631M022 FY 21 22 Appropriation Code C BO Code 2631000 PRC 000FK6XR2 Object Class 4141 Cost Org Code 26A6A Amt 576 683 Subrecipient No subawards are included in this assistance agreement,576683,576683,98575.31999999995,478107.68000000005,2025-05-07,"Program terminated, End date cut short (USAspending)",2025-07-11,End date re-extended (USAspending),2023-08-16T00:00:00Z,2026-04-30T00:00:00Z,Office of Research and Development,66.509,Science to Achieve Results Star Research Program,EPA-G2021-STAR-C1,Regents of the University of California at Riverside,CA,Riverside,CA-39,State Institution of Higher Learning,https://www.usaspending.gov/award/ASST_NON_84042702_068/,https://enviro.epa.gov/envirofacts/nggs/report?grantId=84042702,N/A
84047501,Restored,Reinstated (confirmed),"Contra Costa Climate, Air Pollution, and Pregnancy Study",The goal of this research is to investigate the relationship between wildfire smoke exposure during pregnancy and the health of the newborn baby and mother as well as to provide education and other preventive solutions to underserved communities Activities The project will utilize an existing spatiotemporally resolved lower cost air monitoring network in Richmond CA and aggregate data from other networks across Contra Costa County for three aims 1 characterizing local disparities in exposure to air pollution heat and humidity and the impact of wildfires on exacerbating these disparities 2 assessing relationships between exposure and perinatal outcomes and 3 developing model community driven interventions and policies to reduce exposures and health impacts Outcomes Deliverables include annual and final reports as well as critical environmental information on the impacts of wildfire smoke on infant and maternal health communicated to public health agencies pediatric specialists community leaders and pregnant mothers Intended beneficiaries include mothers children and public health agencies in underserved communities in the State of California and similar communities across the country Subrecipient UC Berkeley 486 995 will assist with analysis cleaning and management for exposure data and will establish automated quality assurance for all sources of data,1350000,1350000,759110.22,590889.78,2025-05-07,"Program terminated, End date cut short (USAspending)",2025-07-11,End date re-extended (USAspending),2022-11-01T00:00:00Z,2025-10-31T00:00:00Z,Office of Research and Development,66.509,Science to Achieve Results Star Research Program,EPA-G2021-STAR-H1,Physicians Scientists and Engineers for Sustainable and Healthy Energy Inc,CA,Oakland,CA-12,Not for Profit,https://www.usaspending.gov/award/ASST_NON_84047501_068/,https://enviro.epa.gov/envirofacts/nggs/report?grantId=84047501,N/A
84095701,Restored,Reinstated (confirmed),PFAS-MAPS: PFAS Mitigation and Monitoring in Amended Plant Systems,The goals of this project are to comprehensively understand PFAS uptake and bioaccumulation in plants across various nutrient condition to advance strategies for PFAS remediation in biosolids soil minimize PFAS uptake by plants and develop real time monitoring tools for PFAS in biosolids biosolids amended soils and irrigation water Activities To achieve its goals this project will 1 develop and assess integrated PFAS remediation methods to prepare biosolids for land application 2 develop and assess technologies to prevent PFAS uptake by plants in biosolids amended soils 3 screen design and develop plant based biosensors for PFAS detection in biosolids soils and water and 4 demonstrate the effectiveness of technologies in remediating PFAS in biosolids reducing PFAS bioavailability in plants in biosolids amended soils and evaluating the sensitivity of developed biosensors in monitoring PFAS contamination Outcomes The anticipated outcome of this project is the empowerment of agricultural communities wastewater professionals and state and federal regulatory agencies to increase their ability to manage PFAS risk associated with the beneficial uses of biosolids and reclaimed water The project is expected to deliver 1 annual and final progress reports 2 peer reviewed publications 3 novel strategies to remediate PFAS and reduce PFAS bioavailability and 4 scalable biosensors to monitor PFAS bioaccumulation in plants on site The direct beneficiaries of this project are agricultural communities and wastewater professionals Other beneficiaries include state and federal regulatory agencies the general publics human health and the environment Subrecipient The University of Michigan 638 675 will lead the work on the biosensor design and generation and PFOS phytoremediation of bio sorbent amended soil and wastewater,1600000,1600000,127721.2300000001,1472278.77,2025-05-07,"Program terminated, End date cut short (USAspending)",2025-07-08,End date re-extended (USAspending),2024-09-01T00:00:00Z,2028-08-31T00:00:00Z,Office of Research and Development,66.509,Science to Achieve Results Star Research Program,EPA-G2023-STAR-J1,Texas a m Engineering Experiment Station,TX,College Station,TX-10,State Institution of Higher Learning,https://www.usaspending.gov/award/ASST_NON_84095701_068/,https://enviro.epa.gov/envirofacts/nggs/report?grantId=84095701,N/A
83948101,Disrupted,Terminated,Systematic Evaluation of the Toxicity of PFAS,The project proposes to study the toxicity of a large collection of volatile and non volatile PFASs Per and Polyfluroalkyl Substances with the zebrafish assay and conduct developmental immunotoxicity studies as well as create pharmacokinetic models The research results will increase the knowledgebase of toxicity profiles for a large collection of PFAS covering a wide variety of toxicological endpoints and may provide key scientific information for prioritizing different types of PFAS for effective and efficient risk assessment and management Provide for Clean and Safe Water Activities Outcomes Subrecipient,1984400,1984400,1884687.3,99712.69999999995,2025-05-07,"Program terminated, DOGE",N/A,N/A,2019-05-01T00:00:00Z,2025-05-07T00:00:00Z,Office of Research and Development,66.511,Office of Research and Development Consolidated Research Training Fellowships,EPA-G2018-ORD-A1,Oregon State University,OR,Corvallis,OR-04,State Institution of Higher Learning,https://www.usaspending.gov/award/ASST_NON_83948101_068/,https://enviro.epa.gov/envirofacts/nggs/report?grantId=83948101,N/A
84046201,Disrupted,Terminated,Unlocking the Nationwide Potential of Water Reuse,This project aims to enhance water technology innovation and water resources information availability to advance clean and safe water reuse goals at a national scale The research objectives and approach align development of science and technology with advances in sociological understanding of opportunities and barriers to unlock the full nationwide potential of water reuse Activities The project will A use wastewater based epidemiology WBE and surveillance to understand pathogen loading and enable rapid identification and response in reuse systems develop quantitative microbial risk assessment tools for application to under appreciated reuse applications and identify opportunities for chemical health risk reduction B Develop a comprehensive model for reuse treatment processes that includes predictive algorithms integrated to evaluate treatment train performance for microbial and chemical water quality goals incorporating pilot demonstration and techno economic analysis to support real time monitoring and risk mitigation C Quantify water reuse potential across the nation and identify barriers drivers and pathways to successful reuse through a rigorous case study evaluation process D Partner with community leaders to synthesize and address organizational and social barriers to advancing reuse across diverse contexts and for traditionally marginalized communities and E Evaluate planned and potential reuse projects through a quantitative sustainable design process to identify strategies for water reuse capacity building efforts expanding reuse across a diversity of contexts Outcomes This project rsquo s outputs include annual and final reports as well as national data on viruses and antimicrobial resistance hazards in sewage an Outbreak Readiness Response Plan for the reuse sector a Quantitative Microbial Risk Assessment tool case studies for potable and agricultural reuse and a demonstration of the relative health index tool for constituents of concern in reuse applications Additional outputs include deterministic algorithms for critical processes and constituents of concern an Integrated Water Reuse Treatment Plant Model interactive maps showing water reuse availability and potential case study and cross case comparison reports and a sustainability assessment framework applied to multiple water reuse scenarios These outputs will be integrated as best practices for community engagement strategies and institutional state and local regulatory decision making processes including a synthesis of identified barriers and drivers for reuse and a compendium of national and regional needs for organizational and social factors related to uptake of water reuse highlighting the needs of underserved communities Intended beneficiaries include a diverse group of stakeholders of utilities states tribes local communities and end users of water reuse systems especially in underserved communities Subrecipient University of Colorado Boulder ndash Overall total 1 942 982 1 335 508 federal 607 474 cost share costs include support for work related to wastewater epidemiology and developing predictive algorithms Southern Nevada Water Authority ndash Overall total 305 855 237 731 federal 68 124 Cost Share for support of wastewater based epidemiology and quantitative microbial risk assessment activities University of Washington ndash Overall total 198 798 193 798 federal plus 5 000 Cost Share work associated with wastewater based epidemiology Colorado School of Mines ndash Overall total 813 660 650 928 federal plus 162 732 Cost Share support for the operation of the mobile demonstration trailer for Online monitoring and control as risk mitigation techniques Water Center at UPenn ndash Total subaward 642 458 cost include support for facilitating twelve 12 regional workshops and for expert assistance with quantifying water availability,3245999,3245999,1442949.7599999998,1803049.2400000002,2025-05-07,"Program terminated, DOGE, End date cut short (USAspending)",N/A,N/A,2022-09-01T00:00:00Z,2026-08-31T00:00:00Z,Office of Research and Development,66.511,Office of Research and Development Consolidated Research Training Fellowships,EPA-G2021-ORD-E1,The Water Research Foundation,CO,Denver,CO-01,Not for Profit,https://www.usaspending.gov/award/ASST_NON_84046201_068/,https://enviro.epa.gov/envirofacts/nggs/report?grantId=84046201,N/A
84047301,Disrupted,Terminated,Health and High Water: Health Impacts of Increased Rainfall on Families Living in Racially Isolated Neighborhoods in Pittsburgh PA,The goal of the research is to examine relationships among basement indoor air quality air pathogens and contaminants basement moisture daily rainfall extremes housing and neighborhood conditions and cumulative health impacts for residents across the lifespan under the context of increased rainfalls and flooding due to climate changes Activities This research project will 1 Characterize bacterial and fungal pathogens and indoor air quality e g radon concentrations humidity in residential basements in two predominantly Black low income urban neighborhoods in Pittsburgh 2 Characterize respiratory and behavioral health conditions of residents exposed to microbial pathogens 3 Examine associations between basement pathogens and contaminants basement moisture daily rainfall extremes housing and neighborhood conditions and cumulative health impacts for residents across the lifespan and 4 Develop and disseminate community based solutions to address cumulative health impacts of pathogen contaminant exposure related to wet basements and heavy rainfall events Outcomes Deliverables include annual and final reports as well as critical scientific information for public health agencies indoor air specialists community leaders and housing authorities including potential evidence that housing and weather conditions and indoor air quality can have adverse health impacts due to climate changes Intended beneficiaries include residents in low income predominantly black underserved communities in the Pittsburg area and similar communities across the country Subrecipient Black Environmental Collective 45 000 will facilitate networking and collaboration with community members and organizations in the Homewood and Hill District neighborhoods The collaboration will enhance efforts to develop community based solutions to heavy rainfall events wet basements and related health challenges The University of Pittsburgh 464 575 will collect and analyze all environmental data in the project The Homewood Children rsquo s Village 160 000 will manage community engagement and support for participants of the leadership initiative,1349997,1349997,397831.39,952165.61,2025-05-07,"Program terminated, DOGE, End date cut short (USAspending)",N/A,N/A,2023-02-01T00:00:00Z,2026-01-31T00:00:00Z,Office of Research and Development,66.509,Science to Achieve Results Star Research Program,EPA-G2021-STAR-H1,The Rand Corporation,CA,Santa Monica,CA-36,Not for Profit,https://www.usaspending.gov/award/ASST_NON_84047301_068/,https://enviro.epa.gov/envirofacts/nggs/report?grantId=84047301,N/A
84057001,Disrupted,Terminated,MINTS: Multi-scale Intelligent Sensing,The purpose of this project is to build a network of low cost calibrated air quality sensors that can be distributed at scale and used sustainably across predominant Black and Brown Dallas Fort Worth neighborhoods The network of low cost sensors will be related to real time remote sensing observations from the geostationary GOES R satellite that will provide scientifically valid information for data driven decisions by communities and residents Activities The goals of this project are to 1 Calibrate each individual low cost sensor by co location using real time machine learning to link and continuously calibrate a network of sensors 2 Partnering with Paul Quinn College and Downwinders at Risk to identify most urgent locations for sensors 3 Develop and deploy inexpensive solar powered sensors that can communicate using Long Range Wireless Area Network and 4 Disseminate data in an open source platform to the West Dallas communities Outcomes Deliverables will include a final report and develop an open sensor design and open source paradigm for using machine learning for the calibration of both low cost sensors and remote sensing satellite observations from NOAA GOES R so that they can readily and sustainably be deployed across communities and provide scientifically useful and societally beneficial monitoring Direct beneficiaries include state and local environmental regulators state and local governments local community groups the Dallas Fort Worth area and the general public Subrecipient No subawards are included in this assistance agreement,24999,24999,24893.95,105.04999999999927,2025-05-07,"Program terminated, DOGE, End date cut short (USAspending)",N/A,N/A,2023-08-01T00:00:00Z,2025-07-31T00:00:00Z,Office of Research and Development,66.516,P 3 Award National Student Design Competition for Sustainability,EPA-G2022-P3-Q1,The University of Texas at Dallas,TX,Richardson,TX-24,State Institution of Higher Learning,https://www.usaspending.gov/award/ASST_NON_84057001_068/,https://enviro.epa.gov/envirofacts/nggs/report?grantId=84057001,N/A
84060701,Disrupted,Terminated,Co-DOWN: Consortium on Disinfection By-Products and Opportunistic Pathogens in Water Networks,This project aims to achieve a nationwide study of the prevalence of opportunistic pathogens their free living amoebae vectors and regulated and unregulated disinfection byproducts across a wide variety of sizes and types of drinking water distribution systems DWDS Activities Multi tiered partnerships across approximately 100 drinking water distribution systems will be developed to achieve the objectives including educational components that will be used to provide direct application of the research to other utilities Utility partners will assist with performing one sampling event per year from 5 10 locations in their drinking water distribution systems Outcomes Deliverables of this project include annual progress and final reports a survey of the pathogens and vectors in the sampled water systems mitigation strategies and learning modules The project will also develop a risk framework and a plan to communicate risks as well as guidance for a modified system flushing program Intended beneficiaries include drinking water utilities and consumers whose drinking water comes from public drinking water distribution systems Subrecipient No subawards are included in this assistance agreement,2222997,2222997,846606.03,1376390.97,2025-05-07,"Program terminated, DOGE, End date cut short (USAspending)",N/A,N/A,2023-08-01T00:00:00Z,2026-07-31T00:00:00Z,Office of Research and Development,66.511,Office of Research and Development Consolidated Research Training Fellowships,EPA-G2022-ORD-H1,University of Texas at Austin,TX,Austin,TX-25,State Institution of Higher Learning,https://www.usaspending.gov/award/ASST_NON_84060701_068/,https://enviro.epa.gov/envirofacts/nggs/report?grantId=84060701,N/A
84076101,Disrupted,Terminated,Environmental Economics Research - Retrospective Research on Benefits and Costs of the Regulation of Arsenic in Drinking Water,Recipient proposes to examine the ex post benefits costs and distributional impacts of the Safe Drinking Water Act rsquo s SDWA rsquo s 2001 Arsenic Rule which lowered the maximum contaminant level MCL for arsenic As from 50 to 10 micrograms per liter micro g l with compliance required for all systems by 2006 Our project leverages existing data from EPA rsquo s Six Year Review of Drinking Water Standards as well as other sources that are under explored by economists EPA rsquo s ex ante regulatory impact analysis RIA suggested that the Rule rsquo s monetized benefits did not exceed its costs Abt Associates Inc 2000 which along with political timing made it the subject of public controversy This project will contribute to a very thin literature on the economics of the SDWA Lack of information in the peer reviewed literature on the Act rsquo s health and other benefits may have contributed to critiques on the basis of cost especially for small communities Belzer 2020 Their work will also contribute to our understanding of relatively low benefit cost ratios for water quality rules relative to air quality rules in the United States Keiser et al 2019 One reason for the thin economics literature on the SDWA is that until recently the only available data for assessing regulatory impacts were violations data These data have been used to demonstrate that SDWA violations may increase health care expenditures Alzahrani et al 2020 and induce bottled water purchases Graff Zivin et al 2011 and that the SDWA rsquo s information disclosure requirement has reduced violations particularly of microbial standards Baker et al 2023 Bennear amp Olmstead 2008 Violations are infrequent however and they are a noisy measure of water quality concerns To quantify the benefits and costs of MCLs under the SDWA data capturing spatial and intertemporal variation in the actual contaminant levels in public drinking water systems are needed They will reconsider the benefits and the costs of the Arsenic Rule ex post and compare our results to the EPA rsquo s ex ante RIA Abt Associates Inc 2000 Their benefits comparison will use a multi step process that allows us to demonstrate how several different types of new information affect our estimates of the Rule rsquo s effects on human health outcomes For cost estimates they will consult new evidence from the literature on the costs of the Arsenic Rule updating those as necessary Morgan amp Simon 2014 Finally they will consider how costs and benefits of the standard may have differentially accrued to small community water systems as well as water systems primarily serving low income and marginalized populations Activities The research project proposes to develop the following information and perform a series of analyses of the data They include To estimate the benefits of the Arsenic Rule the researchers will use SDWA compliance samples from 1980 to 2011 We assemble these samples from three sources the occurrence analysis for the Rule itself the Six Year Review 2 and the Six Year Review 3 These data include sample information from 25 45 and 48 states over the periods 1980 2000 1998 2005 and 2006 2011 respectively The researchers will also collect ambient As concentrations from source water in rivers streams and aquifers from the Water Quality Portal WQP an online platform that collects sampling data from 900 federal state and other agencies including the US EPA and USGS We match As monitoring stations with drinking water systems by taking into account the Hydrologic Unit Code HUC 12 watershed where both the monitoring station and the drinking water intake are located Health effects associated with exposure to arsenic in drinking water include cancers of the bladder lung skin kidney nasal passages liver and prostate Abt Associates Inc 2000 The research project w,36322,36322,9369.8,26952.2,2025-05-07,"DOGE, End date cut short (USAspending)",N/A,N/A,2024-08-16T00:00:00Z,2025-12-31T00:00:00Z,Office of the Administrator,66.611,Environmental Policy and Innovation Grants,EPA-OP-NCEE-2023-03,University of Texas at Austin,TX,Austin,TX-25,State Institution of Higher Learning,https://www.usaspending.gov/award/ASST_NON_84076101_068/,https://enviro.epa.gov/envirofacts/nggs/report?grantId=84076101,N/A
84082601,Disrupted,Terminated,"Prevalence, Abundance, and Fate of Antibiotics, Antibiotic-Resistant Bacteria, and their Determinant Genes in U.S. Wastewater Systems",The purpose of the project is to quantify the fate of antibiotic resistant bacteria ARB genes ARGs and antibiotics in wastewater treatment utilities across the U S 40 wastewater treatment facilities representing varied geographical conditions population demographics and wastewater sources will be sampled with both culture and molecular methods as well as suspect screening to identify antibiotic compounds A meta analysis using existing metagenomic data in wastewater in the literature will be conducted to understand the impacts of seasonal regional variations and create a comprehensive library on the resistome of wastewater Activities 40 wastewater treatment utilities from 5 regions across the U S accounting for varied geographical conditions population demographics and wastewater sources will be sampled for two years Samples will be collected throughout the wastewater treatment train to include biosolids Both culture and molecular methods will be used to quantify ARB and ARGs in the samples and suspect screening will be used to identify antibiotic compounds in the samples A systematic review of metagenomic data in the literature will create a library which will be used to conduct a meta analysis providing a better understanding of the seasonal regional and treatment process effects on ARB and ARG levels in wastewater Outcomes Key deliverables include data on the abundance of ARB and ARGs as well as antibiotics in wastewater samples to include sampling influent secondary effluent tertiary effluent final effluent raw sludge and treated biosolids Separate reports on each project aim will be developed including details on results sampling testing and data analysis A systematic review of the literature will be conducted and a metaanalysis will identify seasonal regional and treatment process effects on antimicrobial resistance Two webinars will be developed to guide utilities and regulators on effective treatment process and operational conditions for AMR removal Workshops will be held at regional and national conferences to disseminate results and a project website will be developed to share project information and deliverables Beneficiaries include the public state and local regulators wastewater utilities and water quality program managers Subrecipient No subawards are included in this assistance agreement,2350211,2350211,285376.1,2064834.9,2025-05-07,"Program terminated, DOGE, End date cut short (USAspending)",N/A,N/A,2024-09-01T00:00:00Z,2027-08-31T00:00:00Z,Office of Research and Development,66.511,Office of Research and Development Consolidated Research Training Fellowships,EPA-G2023-ORD-F1,Oregon State University,OR,Corvallis,OR-04,State Institution of Higher Learning,https://www.usaspending.gov/award/ASST_NON_84082601_068/,https://enviro.epa.gov/envirofacts/nggs/report?grantId=84082601,N/A
96711601,Disrupted,Terminated,Placemaking to address food equity and environmental sustainability in Southeast Kansas,The agreement provides funding to Kansas Department of Health and Environment Specifically the recipient will implement meaningful environmental and public health strategies in Labette and Montgomery counties in Kansas This project focuses on climate resiliency and adaptation through public education and community revitalization planning in support of climate resilience and adaptation in particular addressing sustainable food systems in public green spaces The project aims to implement meaningful environmental and public health strategies in Labette and Montgomery counties in Kansas This will be accomplished through working closely alongside the Healthy Bourbon County Action Team community based organization and Local Health Equity Action Teams LHEATs community coalitions in each of the two counties Activities The activities within the workplan fall within three primary categories Health promotion and education Community driven strategies to address environmental  and food equity and communications and evaluation Under the first category a mobile laboratory will deploy a total of 25 times across the three counties working alongside local school districts to develop and implement experiments tailored grade level Staff will engage in education geared towards parents and general community members Under the second category local health equity action teams will prioritize placemaking interventions to address environmental changes to adopt in community settings to expand food access The team will use monthly meetings that are open to residents community based organizations and community health workers to identify a menu of evidence based best practices or community driven interventions to expand food access After the community has selected the desired interventions each community will begin implementation For example main street edible gardens raised bed garden kits or rainwater collection Under the third category Communication and Evaluation activities include the development and dissemination of promotion communications to highlight efforts and disseminate information about the local health equity action teams and track team s membership and activities This will also include digital storytelling Outcomes The anticipated deliverables under the first category include number of schools and community events number of experiments and populations reached The activities anticipates producing an increased knowledge and awareness of around soil and plant health and cultivating healthy and nutritious foods through safe and sustainable practices Under the second category the anticipated products include a comprehensive array of strategies for considerations as well as completion of Action Plans for each county The expected results of this activity would include implementation of placemaking interventions across all two counties Under the third category the anticipated deliverables include the development and dissemination of promotional communications and two town hall meetings in each county As well as the implementation of the Digital Story Telling project and publications of three papers to strengthen evidence base for interventions Another deliverable includes the use of mixed methods collection for performance measure and evaluation outcome data Intermediate outcomes are anticipated to include residents applying skills and or changing behavior that communities reflect placemaking with a focus on food equity and that educators media public and private representatives work towards changes in policies and practices related to food security and environmental  Long term outcomes include residents experiencing greater food equity communities experiencing improved dietary quality and cultivating a culture of community led action to resolving health concerns through collaborative multi organization community level action Laws policies and p,1000000,1000000,0,1000000,2025-03-25,"Program terminated, DOGE, End date cut short (USAspending), Senate committee list",N/A,N/A,2024-06-01T00:00:00Z,2027-05-31T00:00:00Z,Region 7 (Midwest),66.312,Environmental Justice Government to Government Ejg 2 g Program,EPA-R-OEJECR-OCS-23-02,Kansas Department of Health Environment,KS,Topeka,KS-02,State,https://www.usaspending.gov/award/ASST_NON_96711601_068/,https://enviro.epa.gov/envirofacts/nggs/report?grantId=96711601,N/A
84004501,Restored,Reinstated (unconfirmed),Vulnerable Coastal Communities Resilience to PFAS,This project aims to understand how flooding caused by hurricanes influences distribution of PFAS and how societal factors can exacerbate impacts of PFAS exposure Researchers will characterize PFAS species diversity and concentration ranges in water soil sediments and biological samples before and immediately after a flooding event Research will design a simulation model to forecast PFAS transport and risk exposure of different communities after flooding events Researchers will also build community resilience to reduce exposure and possible health effects of PFAS Activities Outcomes Subrecipient,798193,798193,798193,0,2025-05-06,"Program terminated, End date cut short (USAspending)",2025-07-03,End date re-extended (USAspending),2020-08-01T00:00:00Z,2025-07-31T00:00:00Z,Office of Research and Development,66.509,Science to Achieve Results Star Research Program,EPA-G2019-STAR-E1,University of Florida,FL,Gainesville,FL-03,State Institution of Higher Learning,https://www.usaspending.gov/award/ASST_NON_84004501_068/,https://enviro.epa.gov/envirofacts/nggs/report?grantId=84004501,N/A
84003101,Disrupted,Terminated,Measuring Toxicokinetics for Organ-on-Chip Devices,This project will fill a fundamental gap on organ on a chip toxicity screening devices to assess how chemical to device substrate contact affect their toxicokinetics A Quantitative Structure Property Relationship QSPR model will be developed to predict chemical polydimethylsiloxane PDMS interactions After initial testing of a set of 54 chemicals the new QSPR model will be used to predict sequestration into PDMS for a wider set of chemicals and should enable prospective toxicokinetic modeling for any chemical Activities Outcomes Subrecipient,790352,790352,790352,0,2025-05-06,"Program terminated, DOGE, End date cut short (USAspending)",N/A,N/A,2020-08-01T00:00:00Z,2025-07-31T00:00:00Z,Office of Research and Development,66.509,Science to Achieve Results Star Research Program,EPA-G2019-STAR-D1,Vanderbilt University,TN,Nashville,TN-05,Private University,https://www.usaspending.gov/award/ASST_NON_84003101_068/,https://enviro.epa.gov/envirofacts/nggs/report?grantId=84003101,N/A
84019901,Disrupted,Terminated,Innovative Methodology Based on a Non-targeted Screening Approach Combined with Activity Patterns for Estimation of Soil and Dust Ingestion in Children,This project aims to implement an innovative methodology based on non targeted screening approach to identify specific tracers of dust and soil exposure Researchers will combine this with relevant information on children rsquo s behavior and other characteristics to provide a more accurate estimate of soil and dust ingestion rates The study includes families with children from 6 months to 6 years Researchers will conduct surveys interviews and collect environmental biological samples to identify health risks associated with chemical exposure to young children via soil and dust ingestion Activities Outcomes Subrecipient,1217193,1217193,1097288.3900000001,119904.60999999987,2025-05-06,"Program terminated, DOGE, End date cut short (USAspending)",N/A,N/A,2021-06-01T00:00:00Z,2026-05-31T00:00:00Z,Office of Research and Development,66.509,Science to Achieve Results Star Research Program,EPA-G2020-STAR-D1,Florida International University,FL,Miami,FL-26,State Institution of Higher Learning,https://www.usaspending.gov/award/ASST_NON_84019901_068/,https://enviro.epa.gov/envirofacts/nggs/report?grantId=84019901,N/A
84084101,Disrupted,Terminated,Environmental Justice Thriving Communities Grantmaking Program Ej Tcgm award to Research Triangle Institute,"THE PURPOSE OF THE ENVIRONMENTAL PROTECTION AGENCY'S (EPA) THRIVING COMMUNITIES GRANTMAKING PROGRAM ( EJ TCGM ) IS TO TRANSFORM DISADVANTAGED AND UNDERSERVED COMMUNITIES INTO HEALTHY, THRIVING PLACES THAT CAN ADDRESS THE HEALTH AND ENVIRONMENTAL CHALLENGES THEY FACE NOW AND INTO THE FUTURE.  EPA WILL DO THIS BY USING A PASS-THROUGH MODEL TO DISTRIBUTE GRANT FUNDS TO COMMUNITIES VIA MULTIPLE GRANTMAKERS SERVING COMMUNITIES ACROSS THE NATION. RESEARCH TRIANGLE INSTITUTE (RTI) INTERNATIONAL HAS BEEN SELECTED TO SERVE AS THE EPA REGION 4 AND NATIONAL-CENTRAL GRANTMAKER PROVIDING SUPPORT TO COMMUNITIES ACROSS EPA REGIONS 4-7, WITH A DEDICATED FOCUS ON EPA REGION 7. RTI'S DIVERSE TEAM BRINGS EXPERTISE IN GRANT MANAGEMENT, ENVIRONMENTAL SCIENCE, ENVIRONMENTAL JUSTICE, EQUITY#8208;CENTERED RESEARCH AND EVALUATION.  RTI'S PROPOSED SOLUTION ADVANCES RACIAL EQUITY BY POSITIONING COMMUNITY MEMBERS, AS PART OF A COMMUNITY ADVISORY BOARD (CAB), AS DECISION MAKERS IN SELECTING SUB AWARDEES AND SUBGRANTEES. RTI'S PROCESS INCLUDES TARGETED OUTREACH AND RECRUITMENT STRATEGIES INCLUSIVE AND ACCESSIBLE TO POTENTIAL APPLICANTS IN VARIOUS MODALITIES, AND CULTURALLY APPROPRIATE TO REACH COMMUNITIES. RTI INTERNATIONAL WILL SUPPORT THE INFRASTRUCTURE TO QUICKLY LAUNCH AN APPLICATIONS INTAKE, REVIEW, AND AWARD PROCESS THAT IS SIGNIFICANTLY SIMPLIFIED FROM CURRENT FEDERAL GRANTS PROCESSES. RTI INTERNATIONAL WILL RECEIVE AN INITIAL AWARD OF $25,000,000 OF INFLATION REDUCTION ACT (IRA) FUNDING TO STAND-UP THE INFRASTRUCTURE TO SUPPORT COMMUNITIES DIRECTLY, AS WELL AS SUPPORT THE REGIONAL GRANTMAKERS IN THE CENTRAL REGIONS AND THE EJ TCGM NETWORK AS A WHOLE.  ONCE THE INFRASTRUCTURE IS ESTABLISHED, RTI INTERNATIONAL WILL RECEIVE A SUBSEQUENT AWARD OF $75,000,000 TO IMPLEMENT SUBGRANTING PROGRAMS IN EPA REGIONS 4 AND EPA REGIONS 7, AS WELL AS TO PROVIDE SUPPORT TO THE EJ TCGM NETWORK AS A WHOLE.  THIS BIFURCATED AWARDS PROCESS IS BEING IMPLEMENTED BY EPA TO ENSURE THAT THE GRANTMAKERS HAVE SUFFICIENT TIME TO ESTABLISH THE NECESSARY GRANTMAKING INFRASTRUCTURE BEFORE BEGINNING TO ISSUE SUBGRANTS. THE EJ TCGM PROGRAM IS A KEY LEVER TO ADVANCE ENVIRONMENTAL JUSTICE AND IMPROVE PUBLIC HEALTH IN COMMUNITIES ACROSS THE CENTRAL REGIONS WHILE ENSURING THAT COMMUNITY MEMBERS CAN SHAPE THE PROCESS.ACTIVITIES:RTI INTERNATIONAL AND ITS PARTNERS WILL COME TOGETHER TO SERVE AS THE REGION 4 AND NATIONAL-CENTRAL GRANTMAKERS. ACTIVITIES TO BE PERFORMED DURING THIS PROJECT ARE:

1) RTI WILL WORK, IN CONSULTATION WITH EPA REGIONAL LEADERS AND COMMUNITY REPRESENTATIVES, TO IDENTIFY AND ENGAGE THREE (3) NEW STATUTORY PARTNERS LOCATED WITHIN REGION 7 TO ENSURE TCGM PROVIDES DIRECT SUPPORT TO COMMUNITIES WITHIN THE REGION. 

2) RTI INTERNATIONAL WILL IMPLEMENT THE COMMUNITY-ENGAGED TRANSFORMATIVE GOVERNANCE MODEL TO SUPPORT THE TYPE OF DECISION-MAKING THAT ACKNOWLEDGES THAT COMMUNITY ORGANIZATIONS HAVE THE AUTHORITY TO DEFINE SUCCESS FOR THEIR PROJECTS, DECIDE ON THE TYPE OF INTERVENTIONS THEY MOST NEED, AND CONTRIBUTE TO THE GRANTMAKING PROCESS. THE COMMUNITY ADVISORY BOARDS (CABS) ARE THE CORNERSTONE OF THE PROGRAM. WHILE APPLICATIONS WILL BE ACCEPTED ON A ROLLING BASIS, CABS WILL MEET TO MAKE FUNDING DECISIONS ON A QUARTERLY BASIS. THEY ARE ALSO CHARGED WITH GUIDING THE PROGRAM IMPLEMENTATION WITHIN THE REGIONS.  IN CONSULTATION WITH EPA REGIONAL LEADERS, TCGM PARTNERS, AND COMMUNITY MEMBER INPUT, RTI WILL DEVELOP SELECTION CRITERIA TO SELECT COMMUNITY ADVISORY BOARD (CAB) MEMBERS. RTI WILL WORK CLOSELY TO ENSURE THAT SELECTION FOR CAB MEMBERS CONSIDERS CONTEXTUAL EQUITY CONSIDERATIONS SO THAT THE TCGM PROGRAM CAN SERVE THOSE COMMUNITIES THAT IT IS INTENDED TO BENEFIT. 

3) THE COMMUNICATIONS AND OUTREACH TEAM WILL DEVELOP OUTREACH STRATEGIES THAT INCLUDE BOTH DIRECT IN-PERSON OUTREACH AND INDIRECT COMMUNICATION CHANNELS FOR THE COMPLETE LIFE CYCLE OF THE GRANT PROGRAM. FOR REGION 4 AND REGION 7, THE COMMUNICATIONS AND OUTREACH TEAM WILL",25000000,25000000,3662984.3600000003,21337015.64,2025-05-06,"Program terminated, DOGE, End date cut short (USAspending)",N/A,N/A,2024-02-01T00:00:00Z,2027-01-31T00:00:00Z,Office of Environmental Justice and External Civil Rights,66.615,Environmental Justice Thriving Communities Grantmaking Program Ej Tcgm,EPA-R-OEJECR-OCS-23-03,Research Triangle Institute,NC,Research Triangle Park,NC-04,N/A,https://www.usaspending.gov/award/ASST_NON_84084101_068/,N/A,N/A
96230923,Disrupted,Terminated,Surveys Studies Investigations Training and Special Purpose Activities Relating to Environmental Justice award to West Harlem Environmental Action Inc,"THE AGREEMENT PROVIDES FUNDING TO WE ACT FOR ENVIRONMENTAL JUSTICE TO SUPPORT ENVIRONMENTAL JUSTICE PROGRAMS THROUGH ITS ENVIRONMENTAL JUSTICE THRIVING COMMUNITIES TECHNICAL ASSISTANCE CENTER FOR PARTICIPANTS IN EPA REGION 2.  SPECIFICALLY, WE ACT TECHNICAL ASSISTANCE COLLABORATIVE WILL SERVICE UNDERSERVED, RURAL AND REMOTE COMMUNITIES WITHIN THE AREAS OF NEW JERSEY, NEW YORK, PUERTO RICO, THE US VIRGIN ISLANDS AND EIGHT INDIAN NATIONS.  WE ACT TECHNICAL ASSISTANCE COLLABORATIVE BRINGS TOGETHER ACADEMIC PARTNERS WITH CLIMATE, POLICY, REGULATORY, AND DECISIONMAKER ENGAGEMENT EXPERTISE; OUTREACH PARTNERS FROM ACROSS THE REGION, WITH AN EMPHASIS ON REACHING RURAL AND REMOTE COMMUNITIES; AND ENERGY JUSTICE TECHNICAL AND FUNDING EXPERTISE.  THIS TECHNICAL ASSISTANCE SERVICE TO BE PROVIDED WILL INCREASE THE UNDERSERVED AND RURAL COMMUNITIES' CAPACITY TO ADDRESS ENVIRONMENTAL AND ENERGY JUSTICE CONCERNS IN THEIR RESPECTIVE COMMUNITIES. 
THE INFLATION REDUCTION ACT (IRA) TECHNICAL ASSISTANCE (TA) FUNDS ISSUED TO WE ACT FOR ENVIRONMENTAL JUSTICE ARE SPECIFICALLY FOR THE EJ TCTAC TO COORDINATE AND COLLABORATE WITH THE EJ THRIVING COMMUNITIES GRANTMAKING PROGRAM RECIPIENTS (GRANTMAKERS) AND/OR PROVIDE ADDITIONAL TECHNICAL ASSISTANCE AND SUPPORT TO APPLICANTS AND SUBGRANTEE RECIPIENTS FUNDED THROUGH THE GRANTMAKER PROGRAM. THE GRANTMAKERS ARE CONSIDERED TECHNICAL ASSISTANCE PROVIDERS, WHO PROVIDE FUNDING AS WELL AS TECHNICAL ASSISTANCE TO APPLICANTS AND SUBGRANTEE RECIPIENTS ADDRESSING ENVIRONMENTAL CONCERNS OF DISADVANTAGED COMMUNITIES. PER THE EJ TCTAC REQUEST FOR APPLICATIONS (RFA), FUNDING OPPORTUNITY NUMBER EPA-I-OP-OEJ-22-02, THE EJ TCTACS ARE EXPECTED TO COORDINATE WITH OTHER TECHNICAL ASSISTANCE PROVIDERS OVER THE PROJECT PERIOD.ACTIVITIES:THE ACTIVITIES INCLUDE: A SERIES OF MEETINGS, WORKSHOPS, AND WEBINARS, BOTH FACE-TO-FACE AND VIRTUAL: THE HUBS AND PARTNERS WILL ENGAGE GRASSROOT ORGANIZATIONS IN STRENGTHENING INSTITUTIONAL CAPACITY. THE RECIPIENT WILL ASSIST GRASSROOT ORGANIZATIONS TO IDENTIFY ORGANIZATIONAL, AND TECHNICAL NEEDS, CREATE CULTURALLY AND LINGUISTICALLY APPROPRIATE GUIDES AND MANUALS, AND TO DEVELOP A HANDS-ON APPROACH FOR PROVIDING TECHNICAL ASSISTANCE AND SUPPORT FOR PARTICIPANTS IN NEW JERSEY, NEW YORK, PUERTO RICO, THE UNITED STATES VIRGIN ISLANDS AND EIGHT INDIAN NATION.SUBRECIPIENT:WEACT WILL ISSUE SUBAWARDS UNDER THIS COOPERATIVE AGREEMENT. SUBAWARD ACTIVITIES WILL INCLUDE PROJECT COORDINATION, DEVELOPMENT OF INFORMATIONAL MATERIALS, OUTREACH ACTIVITIES, GRANTSMANSHIP AND ENVIRONMENTAL AND ENERGY JUSTICE TRAINING.  OUTCOMES:IT IS ANTICIPATED THAT THIS PROJECT WILL RESULT IN THE FOLLOWING DELIVERABLES AND EXPECTED OUTCOMES: RECRUITMENT AND ENGAGEMENT OF GRASSROOT ORGANIZATIONS ANNUALLY TO STRENGTHEN THEIR INSTITUTIONAL CAPACITY THROUGH TRAINING AND TECHNICAL ASSISTANCE TO INCREASE THEIR CAPABILITY TO APPLY FOR AND RECEIVE GRANT FUNDING; INCREASE PROJECT PARTICIPANTS KNOWLEDGE OF GRANTSMANSHIP, ENVIRONMENTAL JUSTICE AND ENERGY JUSTICE. ALSO, THE RECIPIENT WILL DEVELOP AN ONLINE RESOURCE LIBRARY.  DIRECT BENEFICIARIES OF THIS PROGRAM INCLUDE RESIDENTS LOCATED IN NEW JERSEY, NEW YORK, PUERTO RICO, THE UNITED STATES VIRGIN ISLANDS AND EIGHT INDIAN NATIONS.",8000000,8000000,2305418.12,5694581.88,2025-03-25,"Program terminated, DOGE, End date cut short (USAspending), Senate committee list",N/A,N/A,2023-07-01T00:00:00Z,2028-06-30T00:00:00Z,Region 2,66.309,Surveys Studies Investigations Training and Special Purpose Activities Relating to Environmental Justice,EPA-I-OP-OEJ-22-02,West Harlem Environmental Action Inc,NY,New York,NY-13,N/A,https://www.usaspending.gov/award/ASST_NON_96230923_068/,N/A,N/A
96276600,Disrupted,Terminated,Environmental and Climate Justice Community Change Grants Program award to Island Green Building Association Incorporated,"THIS AGREEMENT PROVIDES FUNDING UNDER THE INFLATION REDUCTION ACT (IRA) TO ISLAND GREEN BUILDING ASSOCIATION, DOING BUSINESS AS ISLAND GREEN LIVING ASSOCIATION (IGL). SPECIFICALLY, THE PROJECT WILL TACKLE BOTH THE UPSTREAM AND DOWNSTREAM ASPECTS OF EFFECTIVE WASTE MANAGEMENT BY PROMOTING BEHAVIOR CHANGE AND IMPROVING DIVERSION METHODS ONCE WASTE ENTERS THE SYSTEM. SPECIFIC PROGRAMS INCLUDE A COMPREHENSIVE RECYCLING AND COMPOSTING PROGRAMS FOR THE TWO MOST POPULOUS ISLANDS, INCLUDING ESTABLISHMENT OF A CIRCULAR ECONOMY; EXPANDING ACCESS TO SAFE PUBLIC DRINKING WATER; COMMUNITY, SCHOOL, AND BUSINESS EDUCATION FOR PROTECTING MARINE HEALTH; AND COMMUNITY PARTNERSHIPS, ENGAGEMENT, AND OUTREACH TO INFORM PROGRAM DESIGN/EVOLUTION, AND MAXIMIZE COMMUNITY-WIDE PARTICIPATION/COMMITMENT TO THESE NEW PROGRAMS.
ACTIVITIES:THE ACTIVITIES INCLUDE ESTABLISHING A RESOURCE RECOVERY CENTER ON ST. THOMAS, ESTABLISHING A COMPREHENSIVE COMPOSTING PROGRAM FOR THE RESIDENTS OF ST. THOMAS AND ST. CROIX, INSTALLING WATER FILLING STATIONS, CONDUCTING WATER QUALITY MONITORING, INCREASING ECO-SCHOOL PROGRAMMING IN SCHOOLS, AND IMPLEMENTING A COMPREHENSIVE PUBLIC EDUCATION AND ENGAGEMENT CAMPAIGN.

SUBRECIPIENT:THE ACTIVITIES TO BE COMPLETED AS SUBAWARDS INCLUDE: IMPLEMENT A TERRITORY WIDE COMPOSTING PROJECT; CONDUCT TESTS OF PUBLIC WATER SOURCES INCLUDING ASSESSMENT AND COMMUNICATION OF RESULTS; INSTALLATION OF 9 NEW WATER FILLING STATIONS WITH SIGNAGE IN EASILY ACCESSIBLE AND HIGHLY USED SPACES; CONDUCT COMMUNITY WATER OPINION SURVEYS AND ENGAGEMENT CAMPAIGNS TO IDENTIFY AND MITIGATE DRINKING WATER RISKS AND PROMOTE SOURCES OF FREE, SAFE, WASTE-FREE DRINKING WATER; DESIGN/DELIVERY OF ECO-SCHOOLS PROGRAMMING AT TWO ADDITIONAL SCHOOLS; IMPLEMENT A COMPREHENSIVE PUBLIC EDUCATION AND ENGAGEMENT PLAN FOR ALL PROJECTS INCLUDING ESTABLISH A COMMUNITY COUNCIL WITH REPRESENTATIVES FROM EACH ISLAND TO PROVIDE ONGOING INPUT AND FEEDBACK FOR CONTINUED SUCCESS. OUTCOMES:THE ANTICIPATED DELIVERABLES INCLUDE: THE CONSTRUCTION OF RECYCLING AND EDUCATION FACILITY ON ST THOMAS; COLLECTING AND PROCESSING OF RECYCLABLE MATERIALS; 4 PUBLIC COLLECTION POINTS INSTALLED FOR MATERIALS FOR RECYCLING; INSTALLATION OF CENTRAL COMPOSTING/MULCHING FACILITIES ON ST. THOMAS AND ST. CROIX; COLLECTING AND COMPOSTING/MULCHING OF ORGANIC WASTE; RESEARCH RESULTS FROM WASTE MARKET ANALYSES AND COMMERCIAL NEEDS ASSESSMENT SURVEYS; SELLING TONS OF RECLAIMED MATERIALS BACK INTO THE ECONOMY FOLLOWING PROCESSING PER YEAR; GENERATING REVENUE IN THE LOCAL ECONOMY FROM END-MARKET MATERIALS SALES PER YEAR; 9 WATER-FILTRATION SYSTEMS INSTALLED IN PUBLICLY ACCESSIBLE LOCATIONS AND SCHOOLS; 2 ADDITIONAL PUBLIC SCHOOLS PARTICIPATING IN ECO-SCHOOLS PROGRAMMING; 30 HIGH-QUALITY JOBS ADDED TO USVI ECONOMY; SURVEY RESULTS FROM STAKEHOLDERS: CITIZENS, BUSINESSES, K-12 STUDENTS, AND EDUCATORS; AND DISTRIBUTION AND AUDIENCE IMPRESSIONS FOR EDUCATIONAL AND PROMOTIONAL MATERIALS AND EVENTS. 

THE EXPECTED OUTCOMES INCLUDE REDUCTION IN MATERIALS DEPOSITED IN LOCAL LANDFILLS AND ASSOCIATED GHG EMISSIONS PER YEAR; REDUCTION IN PLASTIC AND OTHER WASTE REMOVED FROM MARINE AND LAND AREAS PER YEAR; INCREASED COMMUNITY PARTICIPATION AND COMMITMENT IN REDUCING VOLUME OF SOLID WASTE PRODUCTION AND ITS ASSOCIATED POLLUTANTS; DECREASE IN PERCENTAGE OF IMPORTED FOOD, POST-RECYCLED MATERIALS, FERTILIZER, AND MULCH; INCREASE IN PUBLIC ACCESS TO SAFE, PLASTIC-FREE DRINKING WATER; INCREASE IN BUSINESSES EARNING AND DISPLAYING ECO-CERTIFICATIONS; INCREASE IN PERCENTAGE OF K-12 STUDENTS RECEIVING ECO-SCHOOLS CURRICULUM; AND INCREASED ECONOMIC OPPORTUNITY WITH NEWLY ESTABLISHED CIRCULAR ECONOMY AND ADDED JOBS.

THE INTENDED BENEFICIARIES ARE DISADVANTAGED COMMUNITIES.",20000000,20000000,0,20000000,2025-03-25,"Program terminated, DOGE, End date cut short (USAspending), Senate committee list",N/A,N/A,2025-03-31T00:00:00Z,2028-03-30T00:00:00Z,Region 2,66.616,Environmental and Climate Justice Community Change Grants Program,EPA-R-OEJECR-OCS-23-04,Island Green Building Association Incorporated,N/A,St John,VI-98,N/A,https://www.usaspending.gov/award/ASST_NON_96276600_068/,N/A,N/A
84062501,Restored,Reinstated (confirmed),Evaluation and Control of Emissions from MSW Landfills: Direct Measurement and Modeling,The goal of the project is to evaluate the accuracy of new emissions estimation methodologies for emissions of methane and hazardous air pollutants from landfills and provide guidance on their use when calculating annual emissions Activities The project will 1 determine how the eddy covariance method and tracer correlation method can capture effects of atmospheric conditions and landfill cover type on emissions 2 use atmospheric modeling to assess the accuracy of existing and emerging methods including fixed point automated drone and flux curtain measurements for measuring landfill methane emissions 3 use Bayesian inversion with Weather Research and Forecasting output to obtain whole landfill methane emission estimates from satellite data 4 evaluate the utility of automated gas well control to reduce landfill gas emissions and 5 examine variability in landfill emissions under future climate conditions Outcomes Deliverables include annual and final research reports Other expected deliverables include datasets of landfill emissions Expected outcomes are improved estimates of landfill emissions and evaluations of the utility of landfill cover design and automated control of gas collection to reduce emissions Direct beneficiaries of this project include residents affected by hazardous air pollutants emitted from landfills being studies in Yolo County CA and Turkey Run GA as well the general public who are affected by methane s contribution to climate change Subrecipient The subaward to University of California Davis will be for 235 615 They will lead and coordinate all Yolo County Central Landfill field activities including collecting primary and secondary data from gas collection sampling and testing standard surface emission sampling placement of eddy covariance towers and fixed point sensors tracer correlation method measurements operation of remote controlled drones for aerial gas measurements and operation of the automated landfill gas collection system The subaward to University of California Berkely will be for 510 075 They lead and conduct all activities related to atmospheric dispersion modeling including the configuring and running the Weather and Research Forecasting WRF model evaluation of model outputs and estimating emissions uncertainty,999831,999831,187505.20999999996,812325.79,2025-05-02,"Program terminated, End date cut short (USAspending)",2026-06-30,End date re-extended (USAspending),2023-09-01T00:00:00Z,2027-08-31T00:00:00Z,Office of the Administrator,66.509,Science to Achieve Results Star Research Program,EPA-G2023-STAR-B1,University of Delaware,DE,Newark,DE-00,Private University,https://www.usaspending.gov/award/ASST_NON_84062501_068/,https://enviro.epa.gov/envirofacts/nggs/report?grantId=84062501,N/A
84025801,Restored,Reinstated (confirmed),Novel Quantitative Methods for Indigenous Viruses in Wastewater: Improving the Assessment of Water Reuse Treatment Performance,The purpose of this project is to better understand virus attenuation in wastewater and water treatment systems through the development of new quantitative tools with novel surrogates to improve sensitivity reduce analysis turnaround time and reduce the cost of measuring viruses in wastewater for validating treatment performance Activities include a comprehensive characterization of indigenous viruses in wastewater using metagenomics to identify improved surrogates for assessing treatment performance the design and development of new analytical methods to provide not only rapid and precise quantification of viruses in wastewater but also the ability to assess viability and validation of new quantitative detection assays for estimating reduction of viruses using both full scale advanced water reclamation treatment facilities and bench scale disinfection experiments Deliverables include advanced knowledge on the abundance diversity persistence and fate of viruses and viral vesicles in wastewater and will thus contribute to the outcome of improved strategies for risk assessment and control Direct Beneficiaries of this program include wastewater operators state and local regulators residents of communities in Ohio California and Florida with Water Reuse Facilities and the general public Subawardee Michigan State University will recover and concentrate viruses in wastewater and water samples and subawardee UC Riverside will prepare viral vesicles and conduct bench scale experiments to determine their log reduction during wastewater treatment Activities Activities include a comprehensive characterization of indigenous viruses in wastewater using metagenomics to identify improved surrogates for assessing treatment performance the design and development of new analytical methods to provide not only rapid and precise quantification of viruses in wastewater but also the ability to assess viability and validation of new quantitative detection assays for estimating reduction of viruses using both full scale advanced water reclamation treatment facilities and bench scale disinfection experiments Outcomes Deliverables include advanced knowledge on the abundance diversity persistence and fate of viruses and viral vesicles in wastewater and will thus contribute to the outcome of improved strategies for risk assessment and control Direct Beneficiaries of this program include wastewater operators state and local regulators residents of communities in Ohio California and Florida with Water Reuse Facilities and the general public Subawardee Michigan State University will recover and concentrate viruses in wastewater and water samples and subawardee UC Riverside will prepare viral vesicles and conduct bench scale experiments to determine their log reduction during wastewater treatment Subrecipient,1239241,1239241,1028330.0499999999,210910.95000000007,2025-05-02,"Program terminated, End date cut short (USAspending)",2025-08-11,End date re-extended (USAspending),2021-08-01T00:00:00Z,2026-07-31T00:00:00Z,Office of Research and Development,66.509,Science to Achieve Results Star Research Program,EPA-G2021-STAR-A1,The Administrators of Tulane Educational Fund,LA,New Orleans,LA-01,Private University,https://www.usaspending.gov/award/ASST_NON_84025801_068/,https://enviro.epa.gov/envirofacts/nggs/report?grantId=84025801,N/A
84095501,Restored,Reinstated (confirmed),"Evaluating and Mitigating Bioaccumulation of PFAS in Plant, Mammalian, and Aquaculture Systems",This project will evaluate the bioavailability of per and polyfluoroalkyl substances PFAS in agricultural environments research PFAS transport into secondary animal products and identify previously uncharacterized sources of PFAS Activities This project will 1 characterize PFAS partitioning in plant cultivation and compare with soil type and residual treatment 2 evaluate PFAS uptake in fish through dietary sources 3 measure PFAS distribution through drinking water and food and 4 develop mitigation strategies for PFAS accumulation Outcomes Anticipated deliverables include inventories of PFAS sources at agricultural facilities models to predict PFAS elimination final reports and peer reviewed articles Expected outcomes of this research includes the development of on farm PFAS management practices for PFAS Intended beneficiaries include farms agricultural facilities state and local regulators and consumers of agricultural products Subrecipient No subawards are included in this assistance agreement,1600000,1600000,129164.12,1470835.88,2025-05-02,"Program terminated, End date cut short (USAspending)",2025-07-08,End date re-extended (USAspending),2024-09-01T00:00:00Z,2028-08-31T00:00:00Z,Office of Research and Development,66.509,Science to Achieve Results Star Research Program,EPA-G2023-STAR-J1,Texas Tech University System,TX,Lubbock,TX-19,State Institution of Higher Learning,https://www.usaspending.gov/award/ASST_NON_84095501_068/,https://enviro.epa.gov/envirofacts/nggs/report?grantId=84095501,N/A
00E03857,Disrupted,Terminated,Environmental Justice Collaborative Problem Solving Cooperative Agreement Program award to Metropolitan Tenants Organization,"THIS AGREEMENT PROVIDES FUNDING UNDER THE INFLATION REDUCTION ACT (IRA) TO METROPOLITAN TENANTS ORGANIZATION (MTO). THE RECIPIENT WILL TRAIN PHYSICIANS, COMMUNITY HEALTH WORKERS, AND RESIDENTS TO IDENTIFY HEALTHY HOUSING HAZARDS AND TO DOCUMENT THE PROBLEMS IN ORDER TO TAKE ACTION TO ABATE THEM. MTO WILL COLLABORATE WITH COMMUNITY RESIDENTS TO INSPECT UNITS AND NEGOTIATE WITH OWNERS TO RESOLVE ISSUES.ACTIVITIES:THE ACTIVITIES INCLUDE CREATING A REFERRAL PROGRAM FOR MEDICAL PROVIDERS FOR TENANTS NEEDING ASSISTANCE; PROMOTING AND FACILITATING MEDICAL PROFESSIONALS' WORKSHOPS; FACILITATING TRAININGS OF CHWS; PERFORMING IN HOME INSPECTIONS; AND ASSISTING TENANTS WITH DEVELOPING A HOME IMPROVEMENT ACTION PLAN.SUBRECIPIENT:THE NORTHWEST CENTER WILL PROVIDE A TEAM OF A TEAM OF COMMUNITY HEALTH WORKERS TO EDUCATE PATIENTS ABOUT HEALTHY HOUSING, ASSIST FAMILIES WITH IDENTIFYING HOME-BASED HEALTH HAZARDS, AND MAKE REFERRALS TO MTO TO ASSIST WITH HAZARD ABATEMENT AND HOUSING STABILITY ISSUES. HEALTH AND MEDICINE POLICY RESEARCH GROUP WILL ASSIST WITH OUTREACH TO MEDICAL PROVIDERS THROUGHOUT THE CHICAGO AREA, SOCIAL MEDIA AND OTHER COMMUNICATIONS PROMOTING THE PROGRAM, BUILDING RELATIONSHIPS WITH OTHER STAKEHOLDERS SUCH AS GOVERNMENTAL AND ACADEMIC BODIES, EVALUATING THE PROGRAM, AND PROMOTING LONG-TERM POLICY CHANGES. THE LAWYERS CENTER FOR BETTER HOUSING WILL ASSIST WITH REVIEWING COMMUNICATIONS BETWEEN LANDLORDS AND TENANTS, PROVIDING ADVICE ABOUT LEGAL ISSUES THAT MAY ARISE AND PROVIDING LIMITED LEGAL REPRESENTATION TO RENTERS.OUTCOMES:THE ANTICIPATED DELIVERABLES INCLUDE HOSTING TWO HEALTHY HOMES WORKSHOPS FOR MEDICAL PROVIDERS; RECRUITING 40 TENANTS TO PARTICIPATE IN HOME INSPECTIONS; HOSTING THREE HEALTHY HOMES TRAININGS FOR CHWS; ORGANIZING PUBLIC HEALTHY HOUSING FORUMS; DEVELOPING 12 SOCIAL MEDIA POSTS.

THE EXPECTED OUTCOMES INCLUDE FEWER KIDS RETURNING TO HOSPITAL OR DOCTOR'S OFFICES DUR TO UNHEALTHY HOMES; INCREASED SUPPORT FOR TENANTS; IMPROVED PARTNERSHIP BETWEEN MEDICAL PROVIDERS AND HOUSING ORGANIZATIONS; IMPROVED PROCESS FOR REFERRING TENANTS WITH SUBSTANDARD HOUSING TO APPROPRIATE AGENCIES; INCREASED PUBLIC AWARENESS OF HOUSING HAZARDS.
THE INTENDED BENEFICIARIES INCLUDE DISADVANTAGED COMMUNITY MEMBERS IN CHICAGO'S NEIGHBORHOODS WITH THE HIGHEST RATES OF ADULT ASTHMA AND CHILDHOOD LEAD POISONING.",500000,500000,48041.99,451958.01,2025-03-25,"Program terminated, DOGE, End date cut short (USAspending), Senate committee list",N/A,N/A,2024-10-01T00:00:00Z,2027-09-30T00:00:00Z,Region 5,66.306,Environmental Justice Collaborative Problem Solving Cooperative Agreement Program,EPA-R-OEJECR-OCS-23-01,Metropolitan Tenants Organization,IL,Chicago,IL-01,N/A,https://www.usaspending.gov/award/ASST_NON_00E03857_068/,N/A,N/A
00E04043,Disrupted,Terminated,Environmental and Climate Justice Community Change Grants Program award to Kalamazoo County Board Comms,"THIS AGREEMENT PROVIDES FUNDING UNDER THE INFLATION REDUCTION ACT (IRA) TO KALAMAZOO COUNTY GOVERNMENT. SPECIFICALLY, THE PROJECT WILL FOCUS ON REDUCING GREENHOUSE GAS EMISSIONS, VULNERABILITY TO CLIMATE RISKS, AND AMELIORATING AIR POLLUTION IN THE TARGET AREA.

ACTIVITIES:THE ACTIVITIES INCLUDE THE DEVELOPMENT OF CLIMATE RESILIENCY HUBS AND ENERGY EFFICIENT RESILIENT HOUSING, WORKFORCE DEVELOPMENT, AND AIR QUALITY MONITORING.
SUBRECIPIENT:THE FOLLOWING ACTIVITIES WILL BE IMPLEMENTED THROUGH SUBAWARDS: HOME ENERGY AUDITS AND SUBSEQUENT WEATHERIZATION UPGRADES, COMMUNITY RESILIENCY HUB DEVELOPMENT, DELIVERY OF DISASTER PREPAREDNESS TRAINING, AND INCREASED AIR MONITORING. OUTCOMES:THE ANTICIPATED DELIVERABLES INCLUDE HOME ENERGY AUDITS AND SUBSEQUENT WEATHERIZATION UPGRADES, COMMUNITY RESILIENCY HUB DEVELOPMENT, DELIVERY OF DISASTER PREPAREDNESS TRAINING, AND INCREASED AIR MONITORING. 
THE EXPECTED OUTCOMES INCLUDE LOWER CONSUMPTION OF ELECTRICITY, ACCESS TO COMMUNITY RESILIENCY HUBS, INCREASED COMMUNITY AWARENESS OF EMERGENCY PREPAREDNESS AND CLIMATE CHANGE IMPACTS, INCREASED LITERACY ON GREEN INDUSTRY JOBS, AND INCREASED PUBLIC AND ENVIRONMENTAL HEALTH LITERACY.
THE INTENDED BENEFICIARIES ARE DISADVANTAGED COMMUNITIES.",18898518,18898518,40103,18858415,2025-03-25,"Program terminated, DOGE, End date cut short (USAspending), Senate committee list",N/A,N/A,2025-01-01T00:00:00Z,2027-12-31T00:00:00Z,Region 5,66.616,Environmental and Climate Justice Community Change Grants Program,EPA-R-OEJECR-OCS-23-04,Kalamazoo County Board Comms,MI,Kalamazoo,MI-04,N/A,https://www.usaspending.gov/award/ASST_NON_00E04043_068/,N/A,N/A
00E04046,Disrupted,Terminated,Environmental and Climate Justice Community Change Grants Program award to Friends of the Chicago River,"THIS AGREEMENT PROVIDES FUNDING UNDER THE INFLATION REDUCTION ACT (IRA) TO FRIENDS OF THE CHICAGO RIVER. SPECIFICALLY, THE PROJECT WILL ENSURE COMMUNITY ORGANIZATIONS ARE WORKING MORE DIRECTLY WITH GOVERNMENT STAKEHOLDERS TO ADVANCE A VISION FOR THE IMPLEMENTATION OF MORE EQUITABLE CLIMATE, ENVIRONMENTAL, AND WATERWAYS RELATED TO CITY POLICY. THE PROPOSED WORK REPRESENTS AN OPPORTUNITY FOR DEEPENING ESTABLISHED COMMUNITY, NONPROFIT, AND GOVERNMENT COLLABORATIONS TO ADVANCE INNOVATIVE POLICIES THAT CAN REPAIR PAST INJUSTICE AND CATALYZE THE NEXT PHASE OF COMMUNITY AND WATERWAYS HEALTH.

ACTIVITIES:THE ACTIVITIES INCLUDE FULL RIVER TASK FORCE QUARTERLY WORKSHOPS, MONTHLY RIVER EDGE DEVELOPMENT REVIEW WORKING GROUP MEETINGS, RIVER ADVISORY WORKING GROUP MEETINGS, BI-WEEKLY DEPARTMENT OF PLANNING AND DEVELOPMENT COORDINATION MEETINGS, QUARTERLY AGENCY STEERING COMMITTEE MEETINGS, HANDS-ON ACTIVITIES, SITE VISITS, WALKING TOURS AND VISIONING SESSIONS, TRAININGS, FOCUS GROUPS, ACTIVITIES FOR YOUTH, STEWARDSHIP PROGRAMS, AND OTHER ACTIVITIES TO BE DETERMINED BY LOCAL COMMUNITY LEADERS. 

SUBRECIPIENT:THE SUB-RECIPIENTS/SUBAWARDS WILL PROVIDE THE RIVER TASK FORCE WITH ADMINISTRATIVE SERVICES SUCH AS, GATHERING UPDATES FROM GOVERNMENT AGENCY STAFF FOR SHARING WITH STAKEHOLDERS PRIOR TO FULL RIVER TASK FORCE MEETINGS AND OTHER ENGAGEMENT ACTIVITIES, COORDINATING AND FACILITATING CONSENSUS FOR RIVER STAKEHOLDER FEEDBACK BY COMPILING AND SUMMARIZING INPUT GATHERED FROM THE FIVE COMMUNITY PARTNERS INTO BRIEFING DOCUMENTS FOR GOVERNMENT PARTNERS, CONDUCTING GOVERNMENT AGENCY STAFF COORDINATION MEETINGS AND COMMUNICATIONS TO GOVERNMENT AGENCIES REGARDING RIVER TASK FORCE MEETINGS AND TASKS, AND ENSURING THAT COLLECTED INPUT IS RECEIVED BY AGENCY STAFF, COMMISSIONS, AND ELECTED/APPOINTED OFFICIALS FOR INCORPORATION INTO PLANS, PROJECTS, AND POLICIES.OUTCOMES:THE ANTICIPATED DELIVERABLES INCLUDE IMPLEMENTING NEW POLICIES, PROJECTS, AND/OR ORDINANCES THAT INCORPORATE RIVER TASK FORCE RECOMMENDATIONS, INCREASING THE NUMBER OF CONSTITUENTS WHO PARTICIPATE IN A COMMUNITY-BASED PARTICIPATORY RESEARCH INITIATIVE THAT INFORMS A GOVERNMENT PROCESS AND/OR PRIORITY, INCREASING THE NUMBER OF RESEARCH AND DATA COLLECTION SUMMARIES PUBLISHED AND SHARED WITH GOVERNMENT PARTNERS WITH DATA REFLECTING COMMUNITY OPINIONS AND PREFERENCES, INCREASING THE NUMBER OF EDUCATIONAL FORUMS AND/OR MEETINGS HELD BETWEEN GOVERNMENTAL OFFICIALS AND 11 COMMUNITY MEMBERS, AND INCREASING THE NUMBER OF RIVER EDGE DEVELOPMENTS OR OTHER PROJECTS REVIEWED AND RECEIVED BY THE COLLECTIVE RIVER TASK FORCE. 

THE EXPECTED OUTCOMES INCLUDE INCREASED NUMBERS OF RIVER TASK FORCE MEETING ATTENDEES AND PARTICIPATION OF INDIVIDUALS FROM DISADVANTAGED COMMUNITIES, EXPANDED KNOWLEDGE OF CITY OF CHICAGO, ILLINOIS, FEDERAL, AND OTHER GOVERNMENTAL ENVIRONMENTAL PUBLIC PROCESSES AMONG DISADVANTAGED COMMUNITIES, MEASURABLY STRONGER RELATIONSHIPS AND TRUST BETWEEN DISADVANTAGED COMMUNITIES AND CITY OF CHICAGO DEPARTMENTS, TRANSPARENT PROCESSES FOR CITY DECISION-MAKING ON ENVIRONMENTAL PROTECTION POLICIES AND GREATER CITY FOCUS ON INCLUSIVITY, INCREASED ACCOUNTABILITY AND COMMUNITY INPUT INTO CITY DECISION-MAKING ON ENVIRONMENTAL PROTECTION POLICIES, ENHANCED CAPACITY IN DISADVANTAGED COMMUNITIES TO BE INVOLVED IN LOCAL, STATE, FEDERAL, AND OTHER GOVERNMENTAL ENVIRONMENTAL PUBLIC PROCESSES, AND NEW ENVIRONMENTAL AND/OR CLIMATE POLICIES DEVELOPED THAT ARE RESPONSIVE TO COMMUNITY NEEDS. 

THE INTENDED BENEFICIARIES ARE DISADVANTAGED COMMUNITIES.",2754952,2754952,3800.320000000007,2751151.68,2025-03-25,"Program terminated, DOGE, End date cut short (USAspending), Senate committee list",N/A,N/A,2025-02-01T00:00:00Z,2028-01-31T00:00:00Z,Region 5,66.616,Environmental and Climate Justice Community Change Grants Program,EPA-R-OEJECR-OCS-23-04,Friends of the Chicago River,IL,Chicago,IL-07,N/A,https://www.usaspending.gov/award/ASST_NON_00E04046_068/,N/A,N/A
00E05004,Disrupted,Terminated,Environmental and Climate Justice Community Change Grants Program award to University of Wisconsin System,"THIS AGREEMENT PROVIDES FUNDING UNDER THE INFLATION REDUCTION ACT (IRA) TO THE BOARD OF REGENTS OF THE UNIVERSITY OF WISCONSIN SYSTEM.  SPECIFICALLY, THE PROJECT WILL INTERRUPT AND REDRESS SYSTEMIC AND LONG-STANDING ENVIRONMENTAL INJUSTICES (I.E., WETLANDS DEGRADATION AND THE LOSS OF WILD RICE) BY BOLSTERING THE CAPACITY OF TRIBAL COMMUNITIES TO ADDRESS WETLAND DEGRADATION AND THE LOSS OF MAYOM THROUGH TRADITIONAL ECOLOGICAL METHODS AND INCREASED PARTICIPATION IN GOVERNANCE.ACTIVITIES:THE ACTIVITIES INCLUDE BUILDING CAPACITY WITHIN BROTHERTOWN AND OTHER TRIBES IN THE WATERSHED AND WESTERN GREAT LAKES TO PARTICIPATE IN WATER AND WETLAND GOVERNANCE, INTEGRATING ENVIRONMENTAL DATA FROM MAINSTREAM SCIENTIFIC METHODS, INCLUDING WATER, SEDIMENT, AND WILD RICE MONITORING DATA, WITH THE TRADITIONAL ECOLOGICAL KNOWLEDGE (TEK) OF OUR ADVISORS AND PARTICIPANTS, SUPPORT AND HOST TRADITIONAL WILD RICE STEWARDSHIP, HARVESTING, AND PROCESSING.SUBRECIPIENT:ACTIVITIES TO BE PERFORMED INCLUDE CULTURAL EVENTS HELD AT THE BROTHERTOWN CULTURAL CENTER, CITIZEN WATER MONITORING TRAINING, LAND ACQUISITION WHICH WILL DRAMATICALLY IMPROVE THE BROTHERTOWN TRIBE'S CAPACITY TO REDRESS THE LONG-TERM ENVIRONMENTAL INJUSTICES BY ESTABLISHING A CONSERVATION AND STEWARDSHIP CENTER. THE SPRING SEASONS WILL BE USED FOR PLANNING CITIZEN WATER MONITORING, HABITAT SUITABILITY ASSESSMENTS, COMMUNITY EVENTS, AND GOVERNANCE ACTIONS FOR THE REST OF THE YEAR. IN THE SUMMER SEASONS, WE WILL FOCUS ON MAYOM MONITORING, TRADITIONAL COMMUNITY EVENTS, AND TRAINING FOR CITIZEN MONITORING GROUPS AND PROJECT STAFF. THE FALL FOCUS WILL SHIFT TO STEWARDSHIP OF FUTURE GENERATIONS OF MAYOM, WITH HARVESTING AND PROCESSING COMMUNITY EVENTS AS WELL AS INCREASING COLLABORATION WITH TRIBAL GOVERNMENTS TO CREATE A MAYOM TEK AND GOVERNANCE GATHERING.OUTCOMES:THE ANTICIPATED DELIVERABLES INCLUDE HAVING AT LEAST 50 COMMUNITY MEMBERS PARTICIPATE IN CULTURAL REVITALIZATION EVENTS, 20 COMMUNITY MEMBERS PARTICIPATING IN LISTENING SESSIONS, 4 CITIZEN WILD RICE MONITORS COMPLETE TRAINING, 3 PROJECT NETWORK MEETINGS, COMPLETING A HABITAT SUITABILITY ASSESSMENT OF POTENTIAL WILD RICE SITES IN LAKE WINNEBAGO TRIBUTARIES, COMPLETING THE FIRST ROUND OF SEEDING IN TWO OF THESE TRIBUTARIES, AND FOR THE PILOT MAYOM TEK AND GOVERNANCE GATHERING TO HAVE AT LEAST 4 AND EVENTUALLY ALL 12 TRIBES IN THE WINNEBAGO WATERSHED PARTICIPATE. THE EXPECTED OUTCOMES INCLUDE ESTABLISHING A WETLAND CONSERVATION GOVERNANCE PILOT LED BY BROTHERTOWN INDIAN NATION AND OTHER TRIBAL LEADERS, DOCUMENTING AND SHARING POLICY RECOMMENDATIONS FROM A TRIBALLY-LED WILD RICE STEWARDSHIP NETWORK SO THAT THEY CAN BE USED IN ENVIRONMENTAL POLICY DECISION-MAKING, ESTABLISHING A TEK-INFORMED WILD RICE CONSERVATION CO-MANAGEMENT POLICY WITH THE WISCONSIN DEPARTMENT OF NATURAL RESOURCES, EXTENDING OUR CITIZEN MONITORING PROGRAM TO INVOLVE STUDENTS AND LOCAL COMMUNITY MEMBERS IN WATER QUALITY MEASUREMENTS AND WILD RICE MONITORING, AUTHOR AN ARTICLE ON TEK FOR WILD RICE ECOLOGY AND GOVERNANCE (CO-AUTHORED BY TRIBAL AND UNIVERSITY PARTNERS), SUPPORT ENVIRONMENTAL STUDIES STUDENTS FROM THE UW-MADISON AND INTERNS FROM THE MENOMINEE NATION AND UW-OSHKOSH, AND SUPPORT COMMUNITY-BUILDING AND WILD RICE STEWARDSHIP BY HOSTING CULTURAL EVENTS. THE INTENDED BENEFICIARIES ARE DISADVANTAGED COMMUNITIES.",3286422,3286422,0,3286422,2025-03-25,"Program terminated, DOGE, End date cut short (USAspending), Senate committee list",N/A,N/A,2024-12-01T00:00:00Z,2027-11-30T00:00:00Z,Region 5,66.616,Environmental and Climate Justice Community Change Grants Program,EPA-R-OEJECR-OCS-23-04,University of Wisconsin System,WI,Madison,WI-02,N/A,https://www.usaspending.gov/award/ASST_NON_00E05004_068/,N/A,N/A
00I34500,Disrupted,Terminated,Environmental and Climate Justice Community Change Grants Program award to The City County of Butte Silver Bow,"THIS AGREEMENT PROVIDES FUNDING UNDER THE INFLATION REDUCTION ACT (IRA) TO THE CITY AND COUNTY OF BUTTE-SILVER BOW. SPECIFICALLY, THE PROJECT WILL BUILD THE COMMUNITY RESILIENCE HUB, A STRATEGIC INVESTMENT IN CIVIC ASSETS THAT WILL PROVIDE AN INCLUSIVE, SAFE SPACE TO CONNECT PEOPLE OF ALL BACKGROUNDS, CULTIVATING TRUST AND COUNTERING SOCIOECONOMIC FRAGMENTATION FOR A STRONGER, MORE EQUITABLE COMMUNITY. THE MULTI-USE, FLEXIBLE SPACE WILL EVOLVE WITH THE NEEDS OF THE COMMUNITY. IT WILL SERVE AS A COMMUNITY RESILIENCY HUB AND WELL-BEING CENTER THAT PROVIDES ACCESS TO HIGH-QUALITY COMMUNITY SPACE FOR ART, CULTURE, AND EDUCATION WHILE SUPPORTING THE OVERALL HEALTH AND WELL-BEING OF RESIDENTS. THIS PROJECT WILL PROVIDE AN AIR QUALITY REFUGE FOR COMMUNITY RESIDENTS DURING ADVERSE AIR QUALITY EVENTS SUCH AS WILDLIFE SMOKE AND DUST EVENTS. AIR QUALITY ASSOCIATED WITH WILDFIRES WAS IDENTIFIED AS ONE OF THE PRIMARY ACUTE CLIMATE RISKS IN THE CLIMATE RESILIENCE PLAN (SHARP 2024).  THE COMMUNITY RESILIENCE HUB WOULD REMAIN OPERABLE DURING AN EMERGENCY.  BACKUP POWER EQUIPMENT INCLUDING BATTERIES, A GENERATOR, AND ONSITE SOLAR WILL BE INSTALLED AT THE HUB. THE HUB WILL BE EQUIPPED WITH SATELLITE COMMUNICATION TO ENSURE OPERABILITY DURING AN EMERGENCY.  SOLAR PANELS WILL PROVIDE A RENEWABLE AND RESILIENT ENERGY SUPPLY, REDUCING DEPENDENCE ON EXTERNAL POWER GRIDS. BATTERIES WILL BE USED TO STORE ENERGY THAT CAN BE USED DURING POWER OUTAGES, ENSURING CONTINUOUS OPERATION OF CRITICAL SYSTEMS. THIS IS ESSENTIAL DURING EMERGENCIES WHEN GRID POWER IS UNAVAILABLE OR UNSTABLE. A GENERATOR WILL PROVIDE A SECONDARY BACKUP FOR ELECTRICITY DURING PROLONGED OUTAGES, ADDING ANOTHER LAYER OF REDUNDANCY FOR EMERGENCY PREPAREDNESS. SATELLITE COMMUNICATION ENSURES THE HUB CAN MAINTAIN COMMUNICATIONS EVEN IF TERRESTRIAL NETWORKS (LIKE FIBER OPTIC OR CELLULAR) ARE DOWN DUE TO DISASTERS.

ACTIVITIES:THE ACTIVITIES TO BE PERFORMED INCLUDE THE CONSTRUCTION OF THE BUTTE COMMUNITY RESILIENCE HUB BUILDING INCLUDING SOLAR PANELS, BACKUP BATTERIES, AND AN ENERGY-EFFICIENT HVAC SYSTEM; RESTORATION OF NATIVE PLANT COMMUNITIES; CONSTRUCTION OF A MULTI-BENEFIT STORMWATER MANAGEMENT SYSTEM; INSTALLATION OF A COMMUNITY PARK WITH TRAIL CONNECTIONS TO EXISTING TRAIL SYSTEM; CONSTRUCTION OF NEW, EXPANDED, OR ENHANCED BIKEWAYS, WALKWAYS, AND NON-MOTORIZED URBAN TRAILS; AND THE INSTALLATION OF PERMANENT EV CHARGING STATIONS FOR PUBLIC USE.

SUBRECIPIENT:THE STATUTORY PARTNER, HEADWATERS RCANDD, WILL BE THE ONLY RECIPIENT OF A SUBAWARD IN THIS GRANT ($150,000). HEADWATERS WILL DEVELOP A WORKFORCE DEVELOPMENT PLAN FOR OPERATIONS, WORKFORCE, AND STAFFING. THEY WILL PREPARE BID PACKAGES FOR CONSTRUCTION IMPLEMENTATION AND SELECT THE CONSTRUCTION CONTRACTOR. HEADWATERS WILL WORK WITH THE LEAD APPLICANT TO OVERSEE THE IMPLEMENTATION OF THE COMMUNITY ENGAGEMENT PLAN THROUGHOUT THE LIFE OF THE GRANT AND ASSIST WITH COMMUNITY OUTREACH AND COMMUNICATION THROUGH THEIR WEBSITES AND SOCIAL MEDIA ACCOUNTS. HEADWATERS WILL ALSO FACILITATE TRAININGS FOR COMMUNITY AMBASSADORS AND STAKEHOLDER GROUPS.OUTCOMES:THE ANTICIPATED DELIVERABLES INCLUDE THE NEW, LEED CERTIFIED BUTTE COMMUNITY RESILIENCE HUB BUILDING WITH GREEN INFRASTRUCTURE AND NATURE-BASED SOLUTIONS. THE HUB WILL INCLUDE EXTENSIVE TREE PLANTINGS USING THE SITES RATING SYSTEM TO DEVELOP AND MANAGE A SUSTAINABLE AND RESILIENT LANDSCAPE. A MULTI-BENEFIT STORMWATER PROJECT WILL INCLUDE COLLECTION BASINS, RAIN GARDENS, BIOSWALES, AND A GREEN ROOF. DELIVERABLES IN THE OUTDOOR SPACES WILL INCLUDE A MINI-PARK, NEW TRAILS AND SIDEWALKS THAT WILL CONNECT TO THE EXISTING TRAIL SYSTEM, ENHANCED BIKEWAYS, AND PERMANENT EV CHARGING STATIONS FOR PUBLIC USE. THE EXPECTED OUTCOMES INCLUDE REDUCTION IN THE URBAN HEAT-ISLAND EFFECT; MINIMIZATION OF NEGATIVE STORMWATER RUNOFF EFFECTS; WATER CONSERVATION; PROTECTION OF CULTURAL AND HISTORIC PLACES NEAR THE PROJECT SITE; SUPPORT OF PHYSICAL ACTIVITY IN THE COMMUNITY; REDUCTION IN VEHICLE MIL",20000000,20000000,0,20000000,2025-03-25,"Program terminated, DOGE, End date cut short (USAspending), Senate committee list",N/A,N/A,2025-01-13T00:00:00Z,2028-01-12T00:00:00Z,Region 8 (Mountains and Plains),66.616,Environmental and Climate Justice Community Change Grants Program,EPA-R-OEJECR-OCS-23-04,The City County of Butte Silver Bow,MT,Butte,MT-01,N/A,https://www.usaspending.gov/award/ASST_NON_00I34500_068/,N/A,N/A
00I34600,Disrupted,Terminated,Environmental and Climate Justice Community Change Grants Program award to Flandreau Santee Sioux Tribe,"THIS AGREEMENT PROVIDES FUNDING UNDER THE INFLATION REDUCTION ACT (IRA) TO THE FLANDREAU SANTEE SIOUX TRIBE. SPECIFICALLY, THE PROJECT WILL CREATE A ZERO EMISSION TRANSPORTATION CORRIDOR TO CONNECT THE FLANDREAU SANTEE SIOUX TRIBE COMMUNITY TO THREE MAJOR TRIBAL AREAS. THE CORRIDOR WILL REPLACE A BRIDGE AND CREATE A PATHWAY NETWORK WITH ELECTRIC TRANSPORT OPTIONS TO INCREASE MOBILITY, REDUCE LOCAL VEHICLE TRAFFIC AND EMISSIONS, WHILE CONNECTING A FRACTURED COMMUNITY AND IMPROVING HEALTH BY ENCOURAGING PHYSICAL EXERCISE AND ACTIVITY. THE PROJECT WILL ALSO DEVELOP GREEN INFRASTRUCTURE ON THE FLANDREAU SANTEE SIOUX TRIBAL LANDS TO INCREASE ENERGY SELF-RELIANCE BY CREATING RESILIENCE HUBS TO SUPPORT THE GREATEST CONCENTRATION OF TRIBAL HOUSING AND RESIDENTS. THE RESILIENCE HUBS WILL ENSURE TRIBAL COMMUNITY MEMBERS HAVE ACCESS TO RESILIENT INFRASTRUCTURE AND SHELTER DURING THE EMERGENCIES AND EXTREME WEATHER EVENTS.


ACTIVITIES:THE ACTIVITIES TO BE PERFORMED INCLUDE: CREATING 'GREENSCAPES' UNDER ELEVATED SOLAR MOUNTS TO PROVIDE A RECREATION AND SOCIAL SPACE FOR PEOPLE TO GATHER IN THE SHADE; UPGRADING 20 BUILDING ENVELOPES IN TRIBAL HOUSING AS WELL AS INSTALLATION OF 'RESILIENT ROOFS'; CREATING 6 RESILIENCE HUB PROJECTS OUT OF EXISTING BUILDINGS WITH SHELF STABLE FOOD, FIRST AID SUPPLIES, COTS, BLANKETS, AND GRID TIE SYSTEMS TO CREATE RESILIENT SOLAR WITH STORAGE ON CRITICAL TRIBAL INFRASTRUCTURE; INSTALLING SMALL DISINFECTING SYSTEMS IN TRIBAL HOUSING; UTILIZING SUSTAINABLE MATERIALS AND REMOVING POTENTIAL VOC-EMITTING HOUSING COMPONENTS IN TRIBAL HOUSING REHAB SITES; CREATING A PARALLEL, PETROLEUM FREE TRANSPORTATION CORRIDOR; ADDING BIKE RACKS, PANIC BUTTONS, SOLAR STREET LIGHTS, AND VEGETATIVE PLANTINGS; IMPLEMENTING E-BIKES, SCOOTERS, CHARGING STATIONS, AND AN ELECTRIC SHUTTLE WITH ADA COMPLIANCE ON THE CORRIDOR; ENSURING THAT THE CRITICAL DRAINAGE SYSTEMS AND CULVERTS ON THE TRIBAL CAMPUS ARE CLEARED FOR LONG-TERM FUNCTIONALITY; INSTALLING TRAILHEADS AT SELECTED LOCATIONS; AND DEVELOPING MONTHLY COMMUNITY MEETINGS TO DISCUSS EDUCATION AND AWARENESS.
SUBRECIPIENT:NATIVE SUN ($1,373,625 TOTAL): THE STATUTORY PARTNER, NATIVE SUN, WILL WORK WITH FSST TO PROVIDE EDUCATIONAL SERVICES TO COMMUNITY RESIDENTS AND STAKEHOLDERS, INCLUDING IN-PERSON AND ONLINE WORKFORCE TRAINING PROGRAMS. NATIVE SUN WILL PROVIDE IN-PERSON SUPPORT FOR THE FSST COMMUNITY ENGAGEMENT PROCESS BY PARTNERING WITH FSST STAFF TO OPTIMIZE THE ENGAGEMENT PROCESS, ENSURING IT INCLUDES EDUCATION, INPUT, AND PLANNING, ALONG WITH CULTURALLY APPROPRIATE COMMUNICATION MATERIALS. THE ORGANIZATION PRIORITIZES COMMUNITY INPUT AND FEEDBACK TO ENSURE THAT ITS PROJECTS ARE CULTURALLY RELEVANT AND RESPONSIVE TO LOCAL NEEDS. ADDITIONALLY, NATIVE SUN WILL TAKE ON SIGNIFICANT GRANT MANAGEMENT FUNCTIONS AND PROJECT SUPPORT. SPECIFIC RESPONSIBILITIES INCLUDE:
- GRANT MANAGEMENT ASSISTANCE: SUPPORTING COMPLIANCE, REPORTING, AND MILESTONE TRACKING.
- TECHNICAL ASSISTANCE: PROVIDING EXPERTISE ON EV CHARGING STATION PROCUREMENT, RENEWABLE ENERGY SYSTEMS, AND WORKFORCE TRAINING.
- BUDGET MANAGEMENT: SUPPORTING FSST FINANCE WITH PURCHASING AND ACQUISITION FILES FOR ALL EQUIPMENT AND SUPPLIES.
THIS WILL ALLOW LOCAL FSST PERSONNEL TO REMAIN FOCUSED ON FIELD OPERATIONS.

SPIRIT OF THE SUN ($208,673 TOTAL): THE SPIRIT OF THE SUN SUBAWARD WILL PROVIDE DESIGN AND SPECIFICATIONS FOR CREATING COOLED SPACES UNDER ELEVATED SOLAR PANEL ARRAYS AND AT TRAILHEAD LOCATIONS. THEIR ROLE ALSO INCLUDES TRAVELING TO AND FROM FLANDREAU TO SUPPORT FIELD DATA COLLECTION AND VISUALIZATION EFFORTS.

UNO ($87,698 TOTAL): THE UNO SUBAWARD INCLUDES A COLLABORATING ENTITY EXPERIENCED IN PASSIVE SOLAR CONSTRUCTION. UNO WILL PROVIDE DESIGNS AND ASSESSMENTS OF THE HILLSIDE RESILIENCE HUB WITH RECOMMENDATIONS TO SUPPORT THE REHABILITATION OF THIS PASSIVE SOLAR STRUCTURE. THEY WILL ALSO PROVIDE ESTIMATED THERMAL AND ELECTRICAL CONSUMPTION ANTICIPATED IN ITS R",19949725,19949725,470023,19479702,2025-03-25,"Program terminated, DOGE, End date cut short (USAspending), Senate committee list",N/A,N/A,2025-01-15T00:00:00Z,2028-01-14T00:00:00Z,Region 8 (Mountains and Plains),66.616,Environmental and Climate Justice Community Change Grants Program,EPA-R-OEJECR-OCS-23-04,Flandreau Santee Sioux Tribe,SD,Flandreau,SD-00,N/A,https://www.usaspending.gov/award/ASST_NON_00I34600_068/,N/A,N/A
00I50002,Disrupted,Terminated,Environmental Justice Thriving Communities Grantmaking Program Ej Tcgm award to Jsi Research Training Institute Inc,"THIS AGREEMENT PROVIDES FUNDING UNDER THE INFLATION REDUCTION ACT (IRA) TO JSI RESEARCH AND TRAINING INSTITUTE. THE RECIPIENT IS THE REGIONAL GRANTMAKER FOR REGION 8 JSI, TOGETHER WITH THEIR PARTNERS, PROPOSES TO ESTABLISH THE MOUNTAINS AND PLAINS ENVIRONMENTAL JUSTICE GRANTS HUB ('MAP EJ GRANTS HUB') AS THE REGION 8 THRIVING COMMUNITIES GRANTMAKER, ACTING AS A PASS-THROUGH ENTITY TO PROVIDE $ 40 MILLION IN GRANT FUNDS VIA SUBAWARDS TO COMMUNITY-BASED NONPROFIT ORGANIZATIONS AND OTHER ELIGIBLE SUBRECIPIENT GROUPS REPRESENTING UNDERSERVED AND DISADVANTAGED COMMUNITIES IN REGION 8. IN ADDITION, $2 MILLION WILL BE USED TO ACHIEVE MEASURABLE ENVIRONMENTAL, PUBLIC HEALTH, AND QUALITY OF LIFE IMPROVEMENTS IN THE MOST OVERBURDENED, VULNERABLE AND UNDERSERVED COMMUNITIES BY CO-DESIGNING AN EQUITABLE AND INCLUSIVE GRANTMAKING APPLICATION AND PARTICIPATORY GOVERNANCE SCORING PROCESS, ENGAGING IN ROBUST, DIVERSE, AND CULTURALLY RESPONSIVE OUTREACH TO COMMUNITIES ACROSS REGION 8, IMPLEMENTING SUBGRANT MANAGEMENT THAT REDUCES THE BURDEN ON SUBGRANTEES, AND ENGAGING IN MONITORING, EVALUATION, AND REPORTING THAT ENSURES THE INTEGRITY, COMPLIANCE, AND IMPACT OF THE PROGRAM. THE PURPOSE OF THIS AWARD IS TO FUND THE SUBSEQUENT AWARD FOR THE PASS-THROUGH ENTITY JSI RESEARCH AND TRAINING INSTITUTE.

THE AWARD 2 SUPPLEMENTAL FUNDING WILL BE USED TO INCREASE THE TOTAL AMOUNT OF PASS-THROUGH
SUBAWARDS TO $48,000,000. THE FOLLOWING OUTLINES OUR PROJECTED SUBAWARD COSTS FOR EACH YEAR.
WE ANTICIPATE THREE APPLICATION/GRANTING CYCLES WITH 120 COMPETITIVE TIER 1 SUBGRANTS, 24
NONCOMPETITIVE TIER I SUBGRANTS, 62 TIER II SUBGRANTS, 36 TIER III SUBGRANTS. ESTIMATES ARE
INFLUENCED BY PROJECT PERIOD TIMING FOR EACH TIER. PLEASE NOTE THAT IN ORDER TO BE RESPONSIVE TO
COMMUNITY NEEDS, THE ESTIMATED DISTRIBUTION OF SUBAWARD TIER NUMBERS (INCLUDING COMPETITIVE
AND NONCOMPETITIVE) ARE TENTATIVE AND WILL BE UPDATED AFTER EACH CYCLE BASED ON THE ACTUAL
NUMBER OF APPLICATIONS RECEIVED.ACTIVITIES:THE ACTIVITIES IN THE SUBSEQUENT AWARD PHASE INCLUDE THE DISTRIBUTION OF $48 MILLION IN SUBAWARD TO ELIGIBLE ENTITIES SERVING DISADVANTAGED COMMUNITIES THROUGHOUT REGION 8. ELIGIBLE ENTITIES INCLUDE THE FOLLOWING: NONPROFIT ORGANIZATIONS, TRIBAL GOVERNMENTS (BOTH FEDERALLY RECOGNIZED AND STATE-RECOGNIZED) AND INTERTRIBAL CONSORTIA, LOCAL GOVERNMENTS, INSTITUTIONS OF HIGHER EDUCATION, AND NATIVE AMERICAN ORGANIZATIONS. ADDITIONAL ACTIVITIES INCLUDE THE MANAGEMENT, REPORTING, AND CLOSEOUT OF SUBAWARDS IN ACCORDANCE WITH EPA AND OTHER FEDERAL REGULATIONS AND POLICIES. 
DETAILS OF ACTIVITIES ARE SPECIFIED BELOW:
-	FUNDS DISBURSEMENT AND MANAGEMENT
-	SUPPORT AND TECHNICAL OVERSIGHT TO SUBGRANTEES 
-	MONITORING AND REPORTING FOR SUBGRANTS

PRIOR TO THE DRAWDOWN OF FUNDS OF THIS AWARD THE FOLLOWING MILESTONES WILL HAVE HAD TO BEEN MET AND ACKNOWLEDGED BY PROJECT OFFICER:
-	AWARD 1 WORKPLAN NEGOTIATION COMPLETED
-	QUALITY MANAGEMENT PLAN
-	CONFLICT OF INTEREST POLICY 
-	DEVELOP DRAFT PERFORMANCE MEASUREMENT AND MONITORING PLAN; UPDATE ON AN ANNUAL BASIS  
-	CONFIRM ADDITIONAL STATUTORY PARTNERSHIPS
-	FINALIZE ALL LETTERS OF COMMITMENT AND PARTICIPATORY GOVERNANCE CHECKLIST
-	COLLABORATIVE PROCUREMENT PROCESS FOR CONTRACTORS (TRANSLATION/INTERPRETATION SERVICES, 508 ACCESSIBILITY SERVICES, ETC.)
-	APPLICATIONS DRAFTED (CONSIDERING DIFFERENT PROCESSES FOR TIER 1 AND TIER 2/3 APPLICATIONS) 
-	DETERMINE PROCESS FOR TCTAC AND NATIONAL TCGM REFERRALS
-	COMPLETE INFORMATION GATHERING FOR LANDSCAPE ANALYSES (MULTIPLE ONES DEPENDING ON EACH STATE/TRIBE) 
-	BUILD EXTERNAL WEBSITE/SOCIAL MEDIA PRESENCE (WORDPRESS WEBSITE)
-	BUILD AND LAUNCH PROJECT MANAGEMENT DATABASE (SALESFORCE), TRACKING AND REPORTING SYSTEM
-	DEVELOP GRANTS MANAGEMENT TOOLKIT
-	DEVELOP AND IMPLEMENT LANGUAGE ACCESS PLAN (DIGITAL, PRINT MATERIALS, SPOKEN NEEDS)
-	CREATE MATERIA",52000000,52000000,34143.27999999997,51965856.72,2025-05-02,"Program terminated, DOGE, End date cut short (USAspending)",N/A,N/A,2025-01-01T00:00:00Z,2027-12-31T00:00:00Z,Region 8 (Mountains and Plains),66.615,Environmental Justice Thriving Communities Grantmaking Program Ej Tcgm,EPA-R-OEJECR-OCS-23-03,Jsi Research Training Institute Inc,MA,Boston,MA-08,N/A,https://www.usaspending.gov/award/ASST_NON_00I50002_068/,N/A,N/A
02J03001,Disrupted,Terminated,EJCPS/ARP PM2.5 Monitoring for Upper Columbia River Communities,The purpose of this American Rescue Plan funded Environmental  Collaborative Problem Solving EJCPS cooperative agreement is to provide funding under section 103 of the Clean Air Act to the Confederated Tribes of the Colville Reservation to install a network of 52 consumer grade PurpleAir particulate matter PM 2 5 monitors to provide real time data during the smoke season with the application of correction equations to provide data regarding the frequency intensity and location of high PM2 5 events due to dust storms or industrial emissions Activities Within the Upper Columbia River Lake Roosevelt valley in Washington between the US Canada border and the confluence with the Spokane River few air monitoring stations are in locations that can provide data to help residents assess their acute and chronic risks Project activities for this project include disseminating relevant data interpretations and providing education to allow regional residents to make informed choices about their activities during times of high air pollution Outcomes Expected outcomes include strengthening partnerships between Tribal members and other local residents to address shared high priority environmental concerns and enhancing Tribal governments rsquo ability to prioritize policies about air quality improvement Direct beneficiaries are residents of North central eastern Washington People with moderate to severe or uncontrolled asthma are more likely to be hospitalized from COVID 19 Air pollution may contribute to asthma By addressing air pollution in CAA 103 b 3 projects the chances of severe illness from COVID 19 are reduced Subrecipient No subawards are included in this assistance agreement,200000,200000,136703.6,63296.399999999994,2025-03-25,"Program terminated, DOGE, Senate committee list",N/A,N/A,2022-02-01T00:00:00Z,2025-05-02T00:00:00Z,Region 10 (Pacific Northwest),66.306,Environmental Justice Collaborative Problem Solving Cooperative Agreement Program,EPA-OP-OEJ-21-02,Confederated Tribes of the Colville Reservation,WA,Nespelem,WA-04,Indian Tribe,https://www.usaspending.gov/award/ASST_NON_02J03001_068/,https://enviro.epa.gov/envirofacts/nggs/report?grantId=02J03001,N/A
02J07001,Disrupted,Terminated,Yakutat Subsistence Consumption Assessment,The purpose of the Yakutat Subsistence Consumption Assessment project is to strengthen the Yakutat Tlingit Tribes rsquo ability to participate in developing water quality standards WQSs that are more protective of subsistence harvesters The scope of this project is to conduct research that provides a quantitative assessment of the current fish consumption rate of the Yakutat Tlingit tribal members who live in Yakutat Alaska This project will provide outreach to the community and other Tribes to show the connection between safe subsistence foods and Water Quality Standards The results of this research will be used to promote awareness of the importance of traditional foods and train other Tribes on how to conduct a Fish Consumption Rate survey Activities This project will provide outreach to the community and other Tribes to show the connection between safe subsistence foods and Water Quality Standards Outcomes The results of this research will be used to promote awareness of the importance of traditional foods and train other Tribes on how to conduct a Fish Consumption Rate survey Subrecipient No subawards are included in this assistance agreement,75000,75000,44804.200000000004,30195.799999999996,2025-03-25,"Program terminated, DOGE, End date cut short (USAspending), Senate committee list",N/A,N/A,2022-10-01T00:00:00Z,2025-09-23T00:00:00Z,Region 10 (Pacific Northwest),66.604,Environmental Justice Small Grant Program,EPA-OP-OEJ-21-01,Yakutat Tlingit Tribe,AK,Yakutat,AK-00,Indian Tribe,https://www.usaspending.gov/award/ASST_NON_02J07001_068/,https://enviro.epa.gov/envirofacts/nggs/report?grantId=02J07001,N/A
02J28601,Disrupted,Terminated,Surveys Studies Investigations Training and Special Purpose Activities Relating to Environmental Justice award to University of Washington,"THE AGREEMENT PROVIDES FUNDING TO THE UNIVERSITY OF WASHINGTON. SPECIFICALLY, THE RECIPIENT WILL PROVIDE TECHNICAL ASSISTANCE (TA) SERVICES TO REGION 10 PROGRAM PARTICIPANTS THAT WILL STRENGTHEN THEIR CAPACITY AND EFFECTIVENESS IN APPLYING TO AND SUCCESSFULLY MANAGING ENVIRONMENTAL AND ENERGY JUSTICE (EEJ) GRANTS AND PROGRAMS.

THE INFLATION REDUCTION ACT (IRA) TECHNICAL ASSISTANCE (TA) FUNDS ISSUED TO THE UNIVERSITY OF WASHINGTON ARE SPECIFICALLY FOR THE EJ TCTAC TO COORDINATE AND COLLABORATE WITH THE EJ THRIVING COMMUNITIES GRANTMAKING PROGRAM RECIPIENTS (GRANTMAKERS) AND/OR PROVIDE ADDITIONAL TECHNICAL ASSISTANCE AND SUPPORT TO APPLICANTS AND SUBGRANTEE RECIPIENTS FUNDED THROUGH THE GRANTMAKER PROGRAM. THE GRANTMAKERS ARE CONSIDERED TECHNICAL ASSISTANCE PROVIDERS, WHO PROVIDE FUNDING AS WELL AS TECHNICAL ASSISTANCE TO APPLICANTS AND SUBGRANTEE RECIPIENTS ADDRESSING ENVIRONMENTAL CONCERNS OF DISADVANTAGED COMMUNITIES. PER THE EJ TCTAC REQUEST FOR APPLICATIONS (RFA), FUNDING OPPORTUNITY NUMBER EPA-I-OP-OEJ-22-02, THE EJ TCTACS ARE EXPECTED TO COORDINATE WITH OTHER TECHNICAL ASSISTANCE PROVIDERS OVER THE PROJECT PERIOD.ACTIVITIES:THE ACTIVITIES INCLUDE ONLINE/IN-PERSON OUTREACH AND ENGAGEMENT WITH REGIONAL PARTICIPANTS, ESTABLISHMENT OF FUNDED PARTNERSHIPS TO FOSTER COMMUNITY LEADERSHIP, HOSTING OF WORKSHOPS AND TRAININGS, AND CONSULTATIONS WITH CENTER-AFFILIATED FACULTY AND STUDENTS. THE CENTER WILL PROVIDE PROGRAM PARTICIPANTS WITH ASSISTANCE IN (1) CONDUCTING ENVIRONMENTAL JUSTICE ANALYSES AND NEEDS ASSESSMENTS, (2) IDENTIFYING, APPLYING FOR, AND MANAGING EEJ GRANTS AND PROGRAMS, (3) FACILITATING MEANINGFUL ENGAGEMENT WITH OTHER EEJ STAKEHOLDERS AND DECISION-MAKERS, (4) BUILDING CAPACITY TO STRENGTHEN AND FOCUS THEIR WORK ON EEJ ISSUES, AND (5) FOSTERING COMMUNITY LEADERSHIP IN EEJ SOLUTIONS.SUBRECIPIENT:SMALLER SUBAWARDS WILL ALLOW FOR A PART TIME FTE STAFF MEMBER WITHIN THEIR ORGANIZATION TO FOCUS ON ENGAGING WITH THE CENTER TO RECEIVE TA AND THEIR ORGANIZATION'S PROJECT RELATED EXPENSES, WHILE MEDIUM SUBAWARDS WILL ALLOW FOR ORGANIZATION COMMITTING FULL TIME FTE STAFF MEMBER TO RECEIVE TA. LARGER SUBAWARDS WILL ALLOW FOR FUNDING OF LARGER CONSORTIA PARTNERS AS DESCRIBED ABOVE TO FUND THEIR STAFF AND/OR MEMBER ORGANIZATIONS TO RECEIVE TA FROM THE CENTER. THE LARGER SUBAWARDS MAY ALSO INCLUDE OUTREACH IN THEIR ROLE AS A CENTER PARTNER, TO AMPLY THE REACH OF THE TCTAC TO OTHERS IN THE REGION THROUGH WORD OF MOUTH, COLLABORATIVE NETWORKS, AND CONNECTIONS BETWEEN ORGANIZATIONS THAT TRUST EACH OTHER. THE SCOPE OF EACH SUBAWARD AND ALLOWABLE EXPENSES WILL BE NEGOTIATED WITH EACH INDIVIDUAL PARTNER.OUTCOMES:THE ANTICIPATED DELIVERABLES INCLUDE CREATING A WEBSITE, THE NUMBER OF PROGRAM PARTICIPANTS AND PARTNERSHIPS, DOCUMENTED OUTREACH EFFORTS, UTILIZATION OF SERVICES, EVALUATION REPORTS FROM ADVISORY BOARD AND PROGRAM PARTICIPANTS. THE EXPECTED OUTCOMES INCLUDE PROGRAM PARTICIPANTS' INCREASED CAPACITY AND EFFECTIVENESS IN APPLYING FOR ENVIRONMENTAL/ENERGY JUSTICE OPPORTUNITIES, INCREASED PARTICIPATION IN DEFINING TECHNICAL SERVICE NEEDS AND OFFERINGS FOR THE REGION, AND SUCCESSFUL DEVELOPMENT, IMPLEMENTATION, AND CONTINUATION OF ENVIRONMENTAL AND ENERGY JUSTICE PROGRAMS LED BY PNW-EJTC PROGRAM PARTNERS. THE INTENDED BENEFICIARIES INCLUDE TRIBAL, RURAL, REMOTE, AND OTHER UNDERSERVED AREAS ACROSS REGION 10.",9000000,9000000,1750641.6700000002,7249358.33,2025-03-25,"Program terminated, DOGE, End date cut short (USAspending), Senate committee list",N/A,N/A,2023-06-01T00:00:00Z,2028-05-31T00:00:00Z,Region 10 (Pacific Northwest),66.309,Surveys Studies Investigations Training and Special Purpose Activities Relating to Environmental Justice,EPA-I-OP-OEJ-22-02,University of Washington,WA,Seattle,WA-07,N/A,https://www.usaspending.gov/award/ASST_NON_02J28601_068/,N/A,N/A
02J28701,Disrupted,Terminated,Surveys Studies Investigations Training and Special Purpose Activities Relating to Environmental Justice award to Willamette Partnership,"THE AGREEMENT PROVIDES FUNDING TO WILLAMETTE PARTNERSHIP. THE RECIPIENT WILL ENGAGE WITH UNDERSERVED AND RURAL COMMUNITIES ACROSS THE NORTHWEST UNITED STATES TO BUILD CAPACITY PERTAINING TO ENVIRONMENTAL AND ENERGY JUSTICE ISSUES; PROVIDE DIRECT TECHNICAL ASSISTANCE TO COMMUNITIES AND ORGANIZATIONS; ESTABLISH A COMMUNITY OF PRACTICE FOCUSED ON COHORT LEARNING AND LEADERSHIP DEVELOPMENT; AND PRACTICE ETHICAL STORYTELLING AND ACCOUNTABILITY WHEN WORKING WITH COMMUNITIES ACROSS THE REGION. THE INFLATION REDUCTION ACT (IRA) TECHNICAL ASSISTANCE (TA) FUNDS ISSUED TO WILLAMETTE PARTNERSHIP ARE SPECIFICALLY FOR THE EJ TCTAC TO COORDINATE AND COLLABORATE WITH THE EJ THRIVING COMMUNITIES GRANTMAKING PROGRAM RECIPIENTS (GRANTMAKERS) AND/OR PROVIDE ADDITIONAL TECHNICAL ASSISTANCE AND SUPPORT TO APPLICANTS AND SUBGRANTEE RECIPIENTS FUNDED THROUGH THE GRANTMAKER PROGRAM. THE GRANTMAKERS ARE CONSIDERED TECHNICAL ASSISTANCE PROVIDERS, WHO PROVIDE FUNDING AS WELL AS TECHNICAL ASSISTANCE TO APPLICANTS AND SUBGRANTEE RECIPIENTS ADDRESSING ENVIRONMENTAL CONCERNS OF DISADVANTAGED COMMUNITIES. PER THE EJ TCTAC REQUEST FOR APPLICATIONS (RFA), FUNDING OPPORTUNITY NUMBER EPA-I-OP-OEJ-22 02, THE EJ TCTACS ARE EXPECTED TO COORDINATE WITH OTHER TECHNICAL ASSISTANCE PROVIDERS OVER THE PROJECT PERIOD. ACTIVITIES:THE ACTIVITIES INCLUDE CREATING THE THRIVING COMMUNITIES TECHNICAL ASSISTANCE CENTER (TCTAC) WEBSITE AND ASSOCIATED SOCIAL MEDIA; CREATING A TRANSLATION AND INTERPRETATION PLAN; CREATING A TECHNICAL ASSISTANCE INTAKE SYSTEM; CREATING TECHNICAL ASSISTANCE MATERIALS; ESTABLISHING A COMMUNITY ENGAGEMENT PLAN; CREATING COMMUNITY ENGAGEMENT MATERIALS; CONDUCTING DIRECT TECHNICAL ASSISTANCE; AND DEVELOPING COHORT LEARNING TEMPLATES. SUBRECIPIENT:ACTIVITIES TO BE IMPLEMENTED BY SUB-AWARDS INCLUDE: FACILITATING COMMUNITY ENGAGEMENT ACTIVITIES; ORGANIZING TECHNICAL ASSISTANCE INTAKE; CREATING TECHNICAL ASSISTANCE MATERIALS; ASSISTING WITH DIRECT TECHNICAL ASSISTANCE; SUPPORTING COHORT LEARNING; AND LEADING A LANDSCAPE SCAN TO IDENTIFY COMMUNITY ENGAGEMENT IN ALASKA. 





OUTCOMES:THE ANTICIPATED DELIVERABLES INCLUDE AN ESTABLISHED TCTAC WEBSITE AND ASSOCIATED SOCIAL MEDIA; A COMPLETED TRANSLATION AND INTERPRETATION PLAN; A TECHNICAL ASSISTANCE INTAKE SYSTEM; TECHNICAL ASSISTANCE MATERIALS;  A COMMUNITY ENGAGEMENT PLAN; COMMUNITY ENGAGEMENT MATERIALS; DIRECT TECHNICAL ASSISTANCE; AND COHORT LEARNING TEMPLATES. THE EXPECTED OUTCOMES INCLUDE STRENGTHENING OF PARTNERSHIPS TO ADDRESS ENVIRONMENTAL JUSTICE OPPORTUNITIES AND IMPROVEMENT IN TRUST AMONGST COMMUNITIES, GOVERNMENT, THE PRIVATE SECTOR, AND OTHERS. THE INTENDED BENEFICIARIES INCLUDE UNDERSERVED COMMUNITIES WHERE ENVIRONMENTAL, HEALTH, AND ECONOMIC BURDENS AND CAPACITY CONSTRAINTS CO-OCCUR, INCLUDING TRIBAL AND INDIGENOUS COMMUNITIES, BLACK, LATINX, IMMIGRANT, AND DISABILITIES COMMUNITIES, ESPECIALLY THOSE IN REMOTE AND RURAL AREAS.",9000000,9000000,2043351.5899999999,6956648.41,2025-03-25,"Program terminated, DOGE, End date cut short (USAspending), Senate committee list",N/A,N/A,2023-06-01T00:00:00Z,2028-05-31T00:00:00Z,Region 10 (Pacific Northwest),66.309,Surveys Studies Investigations Training and Special Purpose Activities Relating to Environmental Justice,EPA-I-OP-OEJ-22-02,Willamette Partnership,OR,Portland,OR-01,N/A,https://www.usaspending.gov/award/ASST_NON_02J28701_068/,N/A,N/A
02J56001,Disrupted,Terminated,Environmental Justice Collaborative Problem Solving Cooperative Agreement Program award to The Trust for Public Land,"THE TRUST FOR PUBLIC LAND (TPL) IS PARTNERING WITH THE SCHOOL DISTRICT, STUDENTS, TEACHERS, COMMUNITY ORGANIZATIONS, AND THE CONFEDERATED TRIBES OF WARM SPRINGS TO DESIGN AND CREATE A GREEN SCHOOLYARD AT MADRAS ELEMENTARY SCHOOL. SPECIFICALLY, THE RECIPIENT WILL IMPLEMENT THE PROJECT TO DIRECTLY ADDRESS THE ENVIRONMENTAL AND PUBLIC HEALTH ISSUES OF LACK OF ACCESS TO PHYSICAL ACTIVITY AMENITIES, EXPOSURE TO AIR POLLUTION, AND VULNERABILITY TO EXCESSIVE HEAT AS AIR TEMPERATURES RISE DUE TO CLIMATE CHANGE.ACTIVITIES:THE FUNDING WILL SUPPORT CONSTRUCTION OF A NEW COMMUNITY SCHOOLYARD, BUILDING COMMUNITY PARTNERSHIPS AND COMMUNITY CAPACITY TO ENGAGE IN PROBLEM SOLVING AND DECISION-MAKING PROCESSES, CLASSROOM EDUCATION, COMMUNITY EVENTS, OUTDOOR ENVIRONMENTAL LEARNING, AND REGULAR USE OF THE SCHOOLYARD OUTSIDE SCHOOL HOURS AS A COMMUNITY HUB. 
SUBRECIPIENT:NO SUBAWARDS ARE INCLUDED IN THIS ASSISTANCE AGREEMENT.OUTCOMES:THE DELIVERABLES ARE A SPACE FOR ENVIRONMENTAL AND PUBLIC HEALTH EDUCATION INCLUDING BETTER UNDERSTANDING OF ADVOCACY FOR COMMUNITY AND PUBLIC WORK PROJECTS. THE EXPECTED OUTCOMES ARE SITE IMPROVEMENTS THAT REDUCE EXPOSURE TO AIR POLLUTION AND INCREASE RESILIENCE TO #64258;OODING AND EXCESSIVE HEAT. THE INTENDED BENEFICIARIES ARE THE SCHOOL STUDENTS AND THE SURROUNDING COMMUNITY.",500000,500000,0,500000,2025-03-25,"Program terminated, DOGE, End date cut short (USAspending), Senate committee list",N/A,N/A,2024-10-01T00:00:00Z,2027-09-30T00:00:00Z,Region 10 (Pacific Northwest),66.306,Environmental Justice Collaborative Problem Solving Cooperative Agreement Program,EPA-R-OEJECR-OCS-23-01,The Trust for Public Land,CA,San Francisco,CA-11,N/A,https://www.usaspending.gov/award/ASST_NON_02J56001_068/,N/A,N/A
02J56501,Disrupted,Terminated,Environmental Justice Collaborative Problem Solving Cooperative Agreement Program award to Center for Intercultural Organizing,"THIS AGREEMENT PROVIDES FUNDING UNDER THE INFLATION REDUCTION ACT (IRA) TO CENTER FOR INTERCULTURAL ORGANIZING (CIO) DOING BUSINESS AS (DBA) UNITE OREGON. THE RECIPIENT WILL WORK WITH PARTNERS ACROSS INDIGENOUS AND OTHER COMMUNITY-LED ORGANIZATIONS, LOCAL GOVERNMENT, AND RURAL ELECTRIC CO-OPS WILL COLLABORATE TO 1) STRENGTHEN THE CAPACITY OF COMMUNITY LEADERS IN CENTRAL OREGON AND THE ROGUE VALLEY TO ORGANIZE AROUND CLIMATE JUSTICE, AND TAKE ACTION ON POLICIES AND OTHER SYSTEMIC INEQUITIES AFFECTING THEIR COMMUNITIES; 2) CREATE TWO COMMUNITY RESILIENCE HUBS SO COMMUNITIES WITH LIMITED ENGLISH PROFICIENCY, IMMIGRANTS, RURAL OREGONIANS, AND PEOPLE OF COLOR HAVE THE SAME ACCESS TO DISASTER RESPONSE ASSISTANCE FROM GOVERNMENT, THE PRIVATE SECTOR, AND THEIR NEIGHBORS; AND 3) REDUCE HOME ENERGY COSTS BY INCREASING RURAL AND TRIBAL COMMUNITY ACCESS TO RESIDENTIAL HOME ENERGY EFFICIENCY INCENTIVES FROM FEDERAL, STATE, AND UTILITY SOURCES. THE WORK WILL PRIMARILY SERVE AND FOCUS ON CENTRAL OREGON AND ROGUE VALLEY COMMUNITIES WITH HIGH CLIMATE DISASTER RISK, PRE-EXISTING PRESSURES ON ECONOMIC AND ENVIRONMENTAL HEALTH, AND WHERE COMMUNITY LEADERS ARE STEPPING FORWARD TO TAKE ACTION.ACTIVITIES:THE ACTIVITIES FALL UNDER THREE GOALS FOR THE PROJECT: (1) STRENGTHEN CAPACITY OF COMMUNITY LEADERS, (2) CREATE THE POLICIES, PROCEDURES, AND RESOURCES FOR TWO COMMUNITY RESILIENCE HUBS, AND (3) INCREASE RURAL AND TRIBAL COMMUNITY ACCESS TO RESIDENTIAL HOME ENERGY EFFICIENCY INCENTIVES. TO ACHIEVE THIS, THE RECIPIENT WILL CONDUCT TRAINING EVENTS FOR AT LEAST 50-90 COMMUNITY LEADERS, HOST COMMUNITY ENGAGEMENT EVENTS LISTENING SESSIONS IN THE COMMUNITIES TO UNDERSTAND THEIR OBSTACLES TO ACCESSING THESE INCENTIVES, PROVIDE TRANSLATION AND INTERPRETATION SERVICES WHEN NEEDED TO IMPROVE ACCESSIBILITY TO GOVERNMENT INCENTIVES, CONDUCT COMMUNITY OUTREACH FOR AT LEAST 200 HOUSEHOLDS REGARDING ENERGY EFFICIENCY INCENTIVES, AND DEVELOP AND CREATE TWO COMMUNITY RESILIENCE HUBS WITH RESOURCES AND SUPPORT RELATED TO PUBLIC HEALTH, WEATHER PROTECTION, EMERGENCY PREPAREDNESS, AND COMMUNITY BUILDING. SUBRECIPIENT:THE SUBAWARDEE COALITION OF COMMUNITIES OF COLOR (CCC) WILL ENGAGE ITS RESEARCH JUSTICE TEAM TO SUPPORT ONGOING COLLECTION AND ANALYSIS OF DATA FOR THE PROJECT. THIS INCLUDES WORKING WITH UNITE TO ORGANIZE THE DATA IT COLLECTS TO SUPPORT ITS COMMUNITY INITIATIVES, AND CREATING A STANDARD PROCESS THAT UNITE OREGON CAN USE TO COLLECT AND ANALYZE DATA MOVING FORWARD. 

THE SUBAWARDEE WARM SPRINGS COMMUNITY ACTION TEAM (WSCAT) WILL WORK WITH UNITE TO ENGAGE COMMUNITY LEADERS INFORMING A CENTRAL OREGON CHAPTER OF UNITE OREGON AND CO-CREATE CULTURALLY RELEVANT AND RESPONSIVE RESOURCES AND MATERIALS TO TRIBAL MEMBERS AS PART OF THE COMMUNITY RESILIENCE HUB FOR EMERGENCY MANAGEMENT PROGRAMS INCLUDING HEALTH, ENERGY EFFICIENCY, AND JOB TRAINING OPPORTUNITIES IN THE GREEN SECTOR. 

THE SUBAWARDEE SOUTHERN OREGON CLIMATE ACTION NOW (SOCAN) WILL SUPPORT CLIMATE EDUCATION WORKSHOPS FOR ROGUE VALLEY COMMUNITY MEMBERS, AND WILL WORK WITH UNITE TO CONNECT ROGUE VALLEY COMMUNITY MEMBERS TO ENERGY INCENTIVES AND LOCAL ENERGY INCENTIVE PROVIDERS. 
OUTCOMES:THE ANTICIPATED DELIVERABLES INCLUDE: THE CENTRAL OREGON CHAPTER FORMED WITH 50-60 COMMUNITY LEADERS, TWO CLIMATE RESILIENCE HUBS ACTIVE (E.G., ROGUE VALLEY AND CENTRAL OREGON) AND READY TO RESPOND TO DISASTERS INTEGRATION WITH MEDICAID AND EMERGENCY MANAGEMENT SYSTEMS, 100 COMMUNITY HOUSEHOLDS APPLY FOR GOVERNMENT INCENTIVES, A TWO-PART TRAINING ON DATA ANALYSIS FOR 20-30 PARTNER AND COMMUNITY LEADERS, 50-60 COMMUNITY LEADERS REACHED AND TRAINED, ROGUE CHAPTER GROWN WITH 300-330 COMMUNITY CONTACTS, COMMUNITY OUTREACH TO AT LEAST 200 HOUSEHOLDS WITH 50% OF HOUSEHOLDS REACHED, SUPPORT FOR PEOPLE DISAGGREGATED BY RURAL, BLACK, INDIGENOUS, PEOPLE OF COLOR (BIPOC), AND INCOME FOR ENERGY EFFICIENCY INCENTIVES, 90% OF HOUSEHOLDS REACHED (160), A SUSTAINABILITY PLAN FOR CONTINUING CULTURALLY SPECIFIC OUTREACH SER",498000,498000,498000,0,2025-03-25,"Program terminated, DOGE, End date cut short (USAspending), Senate committee list",N/A,N/A,2024-09-01T00:00:00Z,2027-08-31T00:00:00Z,Region 10 (Pacific Northwest),66.306,Environmental Justice Collaborative Problem Solving Cooperative Agreement Program,EPA-R-OEJECR-OCS-23-01,Center for Intercultural Organizing,OR,Portland,OR-03,N/A,https://www.usaspending.gov/award/ASST_NON_02J56501_068/,N/A,N/A
02J58301,Disrupted,Terminated,Environmental Justice Government to Government Ejg 2 g Program award to Tacoma Public Schools,"THE LARCHMONT COMMUNITY SCHOOLYARD IS A JOINT E#64256;ORT BETWEEN TACOMA PUBLIC SCHOOLS, TRUST FOR PUBLIC LAND, AND THE COMMUNITY TO TRANSFORM THE SCHOOLYARD FROM ASPHALT INTO A GREEN SPACE THAT IMPROVES COMMUNITY HEALTH, CLIMATE RESILIENCY, AND STUDENT EDUCATION OUTCOMES. ACTIVITIES:THIS FUNDING WILL SUPPORT DEVELOPMENT OF THE COMMUNITY SCHOOLYARD AT LARCHMONT ELEMENTARY PROVIDING COMMUNITY AND STUDENTS WITH GREATER ACCESS TO A PROTECTIVE GREEN SPACE AND EDUCATIONAL AND ENGAGEMENT ACTIVITIES TO STRENGTHEN ENVIRONMENTAL LITERACY TO INCREASE AWARENESS AND APPRECIATION OF HOW THE SCHOOLYARD PLAYS A ROLE IN TACOMA'S WATERSHEDS AND THE LARGER ENVIRONMENT. SUBRECIPIENT:THERE ARE TWO SUBAWARDS TO COMMUNITY BASED ORGANIZATIONS. THE TRUST FOR PUBLIC LAND, WITH CORE COMPETENCIES IN LAND STEWARDSHIP, ENVIRONMENTAL JUSTICE, AND COMMUNITY ENGAGEMENT, WILL MANAGE THE DESIGN PROCESS AND EDUCATION PROGRAMS. THE SOUTH END NEIGHBORHOOD COUNCIL WILL CONDUCT COMMUNITY OUTREACH, ENGAGEMENT, AND HOST CLEAN-UP AND TREE-PLANTING EVENTS. OUTCOMES:THE DELIVERABLES ARE A SPACE FOR ENVIRONMENTAL AND PUBLIC HEALTH EDUCATION INCLUDING BETTER UNDERSTANDING OF ADVOCACY FOR COMMUNITY AND PUBLIC WORK PROJECTS. THE EXPECTED OUTCOMES ARE SITE IMPROVEMENTS THAT REDUCE EXPOSURE TO AIR POLLUTION AND INCREASE RESILIENCE TO #64258;OODING AND EXCESSIVE HEAT. THE INTENDED BENEFICIARIES ARE THE SCHOOL STUDENTS AND THE SURROUNDING COMMUNITY.",1050000,1050000,0,1050000,2025-03-25,"Program terminated, DOGE, End date cut short (USAspending), Senate committee list",N/A,N/A,2024-10-01T00:00:00Z,2026-09-30T00:00:00Z,Region 10 (Pacific Northwest),66.312,Environmental Justice Government to Government Ejg 2 g Program,EPA-R-OEJECR-OCS-23-02,Tacoma Public Schools,WA,Tacoma,WA-06,N/A,https://www.usaspending.gov/award/ASST_NON_02J58301_068/,N/A,N/A
02J85001,Disrupted,Terminated,Environmental and Climate Justice Community Change Grants Program award to Lane County Oregon,"THIS AGREEMENT PROVIDES FUNDING UNDER THE INFLATION REDUCTION ACT (IRA) TO LANE COUNTY TO TACKLE THE CLIMATE CRISIS BY RENOVATING SIX RESILIENCY HUBS TARGETING HIGH RISK POPULATIONS, IMPROVE EMERGENCY RESPONSE PREPAREDNESS TO BETTER HANDLE THE INCREASING NUMBER OF WILDFIRE EVENTS IN THE AREA, AND IMPROVE INDOOR AIR QUALITY AND COMMUNITY HEALTH, PRIMARILY BY REDUCING EXPOSURE TO WILDFIRE SMOKE AND OTHER POLLUTANTS.ACTIVITIES:THE ACTIVITIES INCLUDED UNDER THIS GRANT INCLUDE RENOVATING SIX EXISTING COMMUNITY FACILITIES TO TURN THEM INTO RESILIENCE HUBS AND ENGAGING LOCAL COMMUNITIES TO INFORM THE DEVELOPMENT OF EACH RESILIENCE HUB WHILE BUILDING COMMUNITY CAPACITY.SUBRECIPIENT:LANE COUNTY, AS THE LEAD APPLICANT, WILL SUBAWARD FUNDS TO COLLABORATING ENTITIES: THE CITY OR SPECIAL DISTRICT OWNERS OF EACH HUB FACILITY TO MAKE IMPROVEMENTS DESCRIBED IN THE PROFILES. RENOVATIONS WILL MAKE EACH FACILITY ACCESSIBLE, IMPROVE STRUCTURAL RESILIENCE, UPDATE HVAC SYSTEMS, ENHANCE ENERGY EFFICIENCY, ADD EV CHARGING (WHERE APPLICABLE) AND FUND SOLAR PANELS OR A SOLAR PLUS STORAGE FEASIBILITY ASSESSMENT. LANE COUNTY WILL CONTRACT WITH EACH HUB OWNER, AND REQUIRE THE SPACE BE QUICKLY AVAILABLE AND PRIORITIZED FOR DAYTIME AND OVERNIGHT SHELTERING INCLUDING FROM HAZARDOUS AIR, EXTREME TEMPERATURE AND DURING A DISASTER. THESE LOCAL HUBS ALLOW RESIDENTS TO SHELTER CLOSER TO THEIR HOMES, REDUCING THE NEED FOR TRAVEL, WHICH REDUCES CLIMATE IMPACTS AND ACCOMMODATES ISOLATED COMMUNITIES DUE TO ROAD FAILURE.OUTCOMES:THE ANTICIPATED DELIVERABLES INCLUDE 102,400 SQUARE FEET OF SPACE BUILT OR CONVERTED INTO SIX RESILIENCE HUBS OVER THE COURSE OF THE THREE-YEAR GRANT PERIOD; EIGHT TRAININGS AT EACH RESILIENCE HUB; TWO COUNTY-WIDE EXERCISES YEARLY FOR PUBLIC HEALTH MEDICAL RESERVE CORPS VOLUNTEERS TO BE TRAINED AND READY TO SUPPORT RESILIENCE HUBS; AND DISTRIBUTION OF EMERGENCY SUPPLIES AND EDUCATIONAL MATERIALS.

THE ANTICIPATED OUTCOMES INCLUDE ENHANCED PHYSICAL SAFETY DURING NATURAL DISASTERS, IMPROVED RELATIONSHIPS BETWEEN COMMUNITIES, GOVERNMENT, EMERGENCY MANAGEMENT, AND OTHER COMMUNITY-BASED PARTNERS, AND INCREASED CAPACITY TO RESPOND TO DISASTERS AND EMERGENCIES. 

THE INTENDED BENEFICIARIES INCLUDE DISADVANTAGED COMMUNITIES.",19555386,19555386,0,19555386,2025-03-25,"Program terminated, DOGE, End date cut short (USAspending), Senate committee list",N/A,N/A,2025-03-01T00:00:00Z,2028-02-29T00:00:00Z,Region 10 (Pacific Northwest),66.616,Environmental and Climate Justice Community Change Grants Program,EPA-R-OEJECR-OCS-23-04,Lane County Oregon,OR,Eugene,OR-04,N/A,https://www.usaspending.gov/award/ASST_NON_02J85001_068/,N/A,N/A
02J85101,Disrupted,Terminated,Environmental and Climate Justice Community Change Grants Program award to City of Pocatello,"THIS AGREEMENT PROVIDES FUNDING UNDER THE INFLATION REDUCTION ACT (IRA) TO THE CITY OF POCATELLO. SPECIFICALLY, THE PROJECT WILL IMPROVE LOCAL GROUNDWATER AND AIR QUALITY, WHILE ALSO IMPROVING COMMUNITY HEALTH AND WELL-BEING IN THE CITY OF POCATELLO, IDAHO. THE PROJECT WILL BE IMPLEMENTED BY THE CITY OF POCATELLO IN PARTNERSHIP WITH THE PORTNEUF GREENWAY FOUNDATION, A 501(C)3 NON-PROFIT ORGANIZATION WITH A BROAD BASE OF MEMBERSHIP AND STAKEHOLDERS FOCUSED ON EXPANSION OF THE ALTERNATIVE TRANSPORTATION TRAIL ALONG THE PORTNEUF RIVER. THE PROJECT WILL TRANSFORM THIS AREA INTO A THRIVING COMMUNITY BY: CREATING A SAFE, NON- MOTORIZED TRANSPORTATION CORRIDOR THROUGH THE HEAVILY TRAVELLED S. 5TH AVE. AREA; CONNECTING HOMES TO SEWER LINES TO DECREASE NITRATE CONTAMINATION OF THE AQUIFER; ENLARGING THE SIZE OF SELECT SEWER LINES TO IMPROVE CAPACITY; EXPANDING PARK ACCESS BY INSTALLING WORKING DRINKING FOUNTAINS AT PROJECT AREA PARKS; AND RESTORING PARKS WITH NEW INFRASTRUCTURE, STORMWATER IMPROVEMENTS, AND INTERPRETIVE SIGNAGE.ACTIVITIES:THE ACTIVITIES INCLUDE THE INSTALLATION OF SEWER LINES IN UN-SEWERED NEIGHBORHOODS, ALONG WITH SEWER LINE PIPE SIZE EXPANSION ALONG A CRITICAL INFRASTRUCTURE LINE, INSTALLATION OF 57 WORKING DRINKING FOUNTAINS THROUGHOUT THE PROJECT AREA, TRANSFORMATION OF 3-MILES OF S. 5TH AVE. INTO A COMPLETE STREET, WITH SIDEWALKS AND/OR A SEPARATED GREENWAY TRAIL AND SWALE. INSTALLATION OF A 6-MILE GREENWAY TRAIL LOOP CONNECTING S. 5TH AVE. ALONG THE LAVA CLIFFS AND RAILROAD TRACKS TO THE EXISTING GREENWAY. INTERPRETIVE SIGNAGE FOR AREA PETROGLYPHS, IN CONJUNCTION WITH THE SHOSHONE-BANNOCK TRIBES. STORMWATER INFRASTRUCTURE AT CENTENNIAL AND RAINEY PARKS, INCLUDING REDOING THE GRAVEL PARKING LOT AND ADDING TREE PLANTINGS. STORMWATER INFRASTRUCTURE AT CONSTITUTION PARK, INCLUDING REDOING THE PARKING LOT WITH ADDED TREE PLANTINGS.SUBRECIPIENT:THE SUBRECIPIENT, PORTNEUF GREENWAY FOUNDATION, WILL ENGAGE IN COMMUNITY ENGAGEMENT ACTIVITIES TO DETERMINE NEEDS FOR THE GREENWAY TRAIL SYSTEM. IN ADDITION, THE IMPROVEMENTS, PARTICULARLY THE SEWER CONNECTIONS, WILL BE INCENTIVIZED AND ALLOW FOR A COST REDUCTION AND GRANT PROGRAM TO ALLOW LOW- AND MODERATE-INCOME RESIDENTS TO CONNECT WITHOUT A FINANCIAL BURDEN. THIS WILL ALLOW FOR DISADVANTAGED COMMUNITIES TO REALIZE THE BENEFITS OF THE PROPOSED MEASURES. WITH A VOLUNTEER BOARD OF DIRECTORS COMPOSED OF COMMUNITY MEMBERS, THE GREENWAY FOUNDATION'S REPRESENTATION AND PRESENCE WILL ENSURE COMMUNITY INVOLVEMENT THROUGHOUT THE PROCESS AS WELL.OUTCOMES:THE ANTICIPATED DELIVERABLES INCLUDE INSTALLED SEWER LINES IN UN-SEWERED NEIGHBORHOODS, ALONG WITH SEWER LINE PIPE SIZE EXPANSION ALONG A CRITICAL INFRASTRUCTURE LINE, INSTALLATION OF 57 WORKING DRINKING FOUNTAINS THROUGHOUT THE PROJECT AREA, TRANSFORMATION OF 3-MILES OF S. 5TH AVE. INTO A COMPLETE STREET, WITH SIDEWALKS AND/OR A SEPARATED GREENWAY TRAIL AND SWALE. INSTALLATION OF A 6-MILE GREENWAY TRAIL LOOP CONNECTING S. 5TH AVE. ALONG THE LAVA CLIFFS AND RAILROAD TRACKS TO THE EXISTING GREENWAY. INTERPRETIVE SIGNAGE FOR AREA PETROGLYPHS, IN CONJUNCTION WITH THE SHOSHONE-BANNOCK TRIBES. STORMWATER INFRASTRUCTURE AT CENTENNIAL AND RAINEY PARKS, INCLUDING REDOING THE GRAVEL PARKING LOT AND ADDING TREE PLANTINGS. STORMWATER INFRASTRUCTURE AT CONSTITUTION PARK, INCLUDING REDOING THE PARKING LOT WITH ADDED TREE PLANTINGS. THE EXPECTED OUTCOMES INCLUDE IMPROVED LOCAL GROUNDWATER AND AIR QUALITY, AND IMPROVED COMMUNITY HEALTH AND WELL-BEING IN THE CITY OF POCATELLO, IDAHO. THE INTENDED BENEFICIARIES ARE DISADVANTAGED COMMUNITIES.",16465618,16465618,198.80000000004657,16465419.2,2025-03-25,"Program terminated, DOGE, End date cut short (USAspending), Senate committee list",N/A,N/A,2025-01-01T00:00:00Z,2027-12-31T00:00:00Z,Region 10 (Pacific Northwest),66.616,Environmental and Climate Justice Community Change Grants Program,EPA-R-OEJECR-OCS-23-04,City of Pocatello,ID,Pocatello,ID-02,N/A,https://www.usaspending.gov/award/ASST_NON_02J85101_068/,N/A,N/A
02J85301,Disrupted,Terminated,Environmental and Climate Justice Community Change Grants Program award to The Corporation of Gonzaga University,"THIS AGREEMENT PROVIDES FUNDING UNDER THE INFLATION REDUCTION ACT (IRA) TO GONZAGA INSTITUTE FOR CLIMATE, WATER, AND THE ENVIRONMENT (CLIMATE INSTITUTE). SPECIFICALLY, THIS PROJECT WILL TO STRENGTHEN CLIMATE RESILIENCE, MITIGATE LOCAL POLLUTION, AND IMPROVE INDOOR AIR QUALITY. ACTIVITIES:THE ACTIVITIES INCLUDE: RETROFITTING HOMES WITH HEAT PUMPS AND AIR FILTRATION SYSTEMS; BUILDING THE CAPACITY OF FIVE COMMUNITY RESILIENCE HUBS, EXPANDING PARTICIPATION IN A CLIMATE PLANNING CERTIFICATE PROGRAM, AND ESTABLISHING A FUND TO SUPPORT COMMUNITY ORGANIZATIONS' WORK TO STRENGTHEN CLIMATE RESILIENCE AND MITIGATE POLLUTION. 
SUBRECIPIENT:CITY OF SPOKANE WILL INSTALL BACKUP BATTERY CAPACITY AND ONSITE SOLAR AT TWO CITY-OWNED COMMUNITY CENTERS AND TWO LIBRARIES, AS WELL AS ESTABLISH A SPOKANE COMMUNITY RESILIENCE NETWORK OF COMMUNITY RELIEF HUBS AND ENGAGEMENT HUBS. SPOKANE NEIGHBORHOOD ACTION PARTNERS WILL PROVIDE NEW HEAT PUMPS AND AIR QUALITY SENSORS TO AN ESTIMATED 300 HOUSEHOLDS. THE CARL MAXEY CENTER WILL INSTALL A HYBRID HEAT PUMP AS WELL AS OTHER FEATURES NECESSARY TO BECOME A COMMUNITY RESILIENCE HUB. $2.6 MILLION WILL BE DISTRIBUTED TO COMMUNITY-BASED NON-PROFIT ORGANIZATIONS TO FUND CLIMATE RESILIENCE WORK.OUTCOMES:THE ANTICIPATED DELIVERABLES INCLUDE 300 HOMES RETROFITTED WITH HEAT PUMPS AND AIR FILTRATION SYSTEMS, FIVE COMMUNITY RELIEF HUBS ESTABLISHED, 10 ENGAGEMENT HUBS ESTABLISHED, NINE PEOPLE TRAINED IN CLIMATE PLANNING, 40 WILDFIRE SMOKE AND COMMUNITY RESILIENCE TRAININGS GIVEN, AND $2.6 MILLION DISTRIBUTED TO COMMUNITY-BASED NON-PROFIT ORGANIZATIONS TO FUND CLIMATE RESILIENCE WORK. 

THE EXPECTED OUTCOMES INCLUDE: REDUCTION IN GREENHOUSE GAS EMISSIONS; INCREASED COMMUNITY PARTICIPATION IN CLIMATE ACTION PROJECTS; IMPROVED ENVIRONMENTAL JUSTICE THROUGH THE EMPOWERMENT OF THE DISADVANTAGED COMMUNITY; AND ENHANCED RESILIENCE DURING EXTREME WEATHER EVENTS AND WILDFIRE SMOKE. 

THE INTENDED BENEFICIARIES ARE DISADVANTAGED COMMUNITIES.",19921731,19921731,6597.14999999998,19915133.85,2025-03-25,"Program terminated, DOGE, End date cut short (USAspending), Senate committee list",N/A,N/A,2025-01-01T00:00:00Z,2027-12-31T00:00:00Z,Region 10 (Pacific Northwest),66.616,Environmental and Climate Justice Community Change Grants Program,EPA-R-OEJECR-OCS-23-04,The Corporation of Gonzaga University,WA,Spokane,WA-05,N/A,https://www.usaspending.gov/award/ASST_NON_02J85301_068/,N/A,N/A
02J88401,Disrupted,Terminated,Environmental and Climate Justice Community Change Grants Program award to Dena Nena Henash,"THIS AGREEMENT PROVIDES FUNDING UNDER THE INFLATION REDUCTION ACT (IRA) TO TANANA CHIEFS CONFERENCE. SPECIFICALLY, THE PROJECT WILL ALLOW TANANA CHIEFS CONFERENCE TO MANAGE THE CONSTRUCTION OF 8 NEW LOW EMISSIONS HOUSING UNITS, USING LOCAL HIRE OF HUSLIA RESIDENTS WITH EXPERIENCE IN HOME CONSTRUCTION; CONDUCT MOLD REMEDIATION (AS NEEDED) AND WEATHERIZATION ON 16 HOMES; MANAGE CONTRACTED DESIGN AND CONSTRUCTION OF THE SOLAR PV AND BESS SYSTEM; MANAGE CONTRACTED DESIGN AND CONSTRUCTION FOR AN EXTENSION OF THE PIPED WATER SYSTEM TO PROVIDE FIRST-TIME WATER SERVICE TO 24 NEW AND EXISTING HOUSEHOLDS; COORDINATE WITH THE ANTHC TO BUILD SEPTIC SYSTEMS FOR 24 NEW AND EXISTING HOUSEHOLDS THAT WOULD OTHERWISE REMAIN WITHOUT ANY HOUSEHOLD WASTE SERVICES; AND CONTRACT FOR RIVER AND SHORELINE CLEANUP OF INFRASTRUCTURE AND OTHER MATERIALS THAT HAVE EITHER FALLEN INTO THE RIVER OR ARE AT RISK FOR FUTURE EROSION EVENTS.
ACTIVITIES:THE ACTIVITIES INCLUDE THE CONSTRUCTION OF 8 NEWLY CONSTRUCTED, HIGHLY ENERGY EFFICIENT HOMES.
FOR 16 HOMES, THE PROJECT WILL PROVIDE AS NEEDED, ELECTRIFICATION, HEAT PUMPS, ENERGY EFFICIENT APPLIANCES, UPGRADED INSULATION, WEATHERIZATION, UPGRADED HVAC, MOLD REMEDIATION, EPA CERTIFIED WOODSTOVES, WEATHERIZATION, INDOOR AIR QUALITY MEASURES, WOODSTOVE UPGRADES. ADDITIONALLY, THE GRANT WILL ALLOW FOR MICROGRID INSTALLATION FOR COMMUNITY ENERGY RESILIENCE - COMPLETE BATTERY ENERGY STORAGE SYSTEM (BESS) SYSTEM AND TRAINING 2 PEOPLE IN SYSTEM OPERATIONS AND MAINTENANCE, AND ESTABLISHING TCC AS INDEPENDENT POWER PRODUCER (IPP). THROUGH THIS GRANT, 26 HOMES WILL BE PROVIDED WITH WATER AND 20 HOMES WILL BE PROVIDED WITH SEPTIC SYSTEMS. THE GRANT WILL ALSO ALLOW FOR THE MITIGATION AND CLEANUP OF 1,500 LINEAR FEET (LF) OF SHORELINE AND 15 ACRES OF ADJACENT LAND. SUBRECIPIENT:THE NATIONAL RENEWABLE ENERGY LAB (NREL) ARCTIC ENERGY OFFICE WILL RECEIVE A SUBAWARD TO COMPLETE HOUSING DESIGN AND PROVIDE TRAINING TO TCC STAFF AND POTENTIAL HOUSE BUILDING LABORERS FROM HUSLIA. NREL PREPARED A DETAILED COST ESTIMATE FOR COMPLETING A HOUSING DESIGN AND TRAINING FOR THE WORKFORCE TO CONSTRUCT THE DESIGNED FACILITY. 
HUSLIA VILLAGE IS A FEDERALLY RECOGNIZED TRIBE. HUSLIA VILLAGE IDENTIFIED THE COST OF OVERSEEING AND COORDINATION LOCAL ACTIVITIES ON THE PROJECT AT $720,000 TO PROVIDE FOR FUNDING FOR 1.5 FULL TIME POSITIONS, ASSOCIATED PUBLIC MEETING AND COMMUNITY OUTREACH AND ENGAGEMENT COSTS, AND APPLICATION OF THEIR FEDERALLY NEGOTIATED INDIRECT RATE. 
ALASKA VILLAGE ELECTRIC COOPERATIVE IS A NONPROFIT MEMBER OWNED UTILITY. TCC WILL PROVIDE A SUBAWARD OF $312,632 TO AVEC. AVEC WORKED WITH TCC TO DEVELOP A BUDGET FOR INSTALLATION OF ELECTRIC SERVICES OF $11,402/ELECTRIC SERVICE, WITH AN ASSUMED TWENTY HOMES TO RECEIVE POWER. ADDITIONAL AVEC WILL RECEIVE $75/LF FOR CLEAN-UP OF ELECTRIC INFRASTRUCTURE IN THE EROSION THREAT ZONE OF THE COMMUNITY. OUTCOMES:THE ANTICIPATED DELIVERABLES AND EXPECTED OUTCOMES INCLUDE (1) REDUCED ENERGY COSTS; (2) AN INCREASE IN CLEAN ENERGY; (3) REDUCED USE OF POLLUTING, UNHEALTHY HEATING SOURCES (SUCH AS DIESEL AND OUTDATED WOODSTOVES); (4) INCREASED RELIABILITY OF POWER; (5) REDUCTION IN THE LOCAL HOUSING SHORTAGE; (6) MORE HOMES WITH ACCESS TO THE HEALTH BENEFITS OF CLEAN WATER AND SANITARY SEWER; (7) INCREASED WORKFORCE TRAINING AND JOBS; (8) MITIGATION OF EROSION-CAUSED POLLUTION; (9) PREVENTION OF POLLUTION DUE TO ANTICIPATED FUTURE EROSION EVENTS; AND (10) INCREASED COMMUNITY RESILIENCE AND SUSTAINABILITY SO THAT PEOPLE CAN REMAIN IN THEIR ANCESTRAL HOME.
THE INTENDED BENEFICIARIES ARE DISADVANTAGED COMMUNITIES.",20000000,20000000,0,20000000,2025-03-25,"Program terminated, DOGE, End date cut short (USAspending), Senate committee list",N/A,N/A,2025-01-01T00:00:00Z,2027-12-31T00:00:00Z,Region 10 (Pacific Northwest),66.616,Environmental and Climate Justice Community Change Grants Program,EPA-R-OEJECR-OCS-23-04,Dena Nena Henash,AK,Fairbanks,AK-00,N/A,https://www.usaspending.gov/award/ASST_NON_02J88401_068/,N/A,N/A
02J88501,Disrupted,Terminated,Environmental and Climate Justice Community Change Grants Program award to Confederated Tribes of Grand Ronde,"THIS AGREEMENT PROVIDES FUNDING UNDER THE INFLATION REDUCTION ACT (IRA) TO CONFEDERATED TRIBES OF GRAND RONDE. SPECIFICALLY, THE PROJECT WILL ALLOW CONFEDERATED TRIBES OF GRAND RONDE TO BUILD A RESIDENT RESILIENCE CENTER (RRC). THE RRC IS DESIGNED TO PROVIDE SAFE, ACCESSIBLE SHELTER AND SERVICES TO THE GRAND RONDE COMMUNITY DURING EXTREME CLIMATE EVENTS. ADDITIONALLY, THE CENTER WILL ALSO SERVE AS A CENTER FOR HEALTH, COMMUNITY, EDUCATION, AND WELLNESS. ACTIVITIES:THIS PROJECT SHALL RESULT IN THE CONSTRUCTION OF A CLIMATE RESILIENCE CENTER FOR GRAND RONDE COMMUNITY MEMBERS. FUNDING FOR EACH STRATEGY WAS DETERMINED BY THE OVERALL SIZE OF THE BUILDING AND ASSOCIATED COSTS FOR HVAC, ELECTRICAL, AND PROGRAMMATIC SERVICES REQUIRED BASED ON BUILDING SIZE. THE COMPONENTS OF THE FACILITY AND SURROUNDING ROUNDS WERE DETERMINED BASED ON EXTENSIVE COMMUNITY FEEDBACK OVER THE PAST FIVE YEARS, AS REFLECTED IN THE TRIBE'S COMMUNITY DEVELOPMENT PLAN.
SUBRECIPIENT:ENERGY TRUST OF OREGON OF OREGON, AS THE TRIBE'S STATUTORY PARTNER, WILL PROVIDE TECHNICAL ASSISTANCE AND SUBJECT MATTER EXPERTISE TO GRAND RONDE REGARDING ENERGY EFFICIENT COMMERCIAL CONSTRUCTION PRACTICES. THE SUBAWARD COSTS INCLUDE THE DESIGN, PROJECT MANAGEMENT AND CONSTRUCTION MANAGEMENT OF CTGR'S CBO, ENERGY TRUST OF OREGON, TOTALING $58,500.OUTCOMES:THROUGH THE CONFEDERATED TRIBES OF THE GRAND RONDE'S EPA ENVIRONMENTAL JUSTICE, COMMUNITY CHANGE GRANTS, THEY WILL BE BUILDING A RESIDENT AND RECREATION CENTER THAT WILL ACT AS A COMMUNITY RESILIENCE HUB DURING WILDFIRES, SNOW, ICE STORMS, POWER OUTAGES, AND OTHER DISASTER THREATS. THE RESIDENT AND RECREATION CENTER WILL INCORPORATE SOLAR-PLUS-STORAGE TECHNOLOGY INTO THE DESIGN AND CONSTRUCTION, WHICH WILL HAVE THE ABILITY TO FUNCTION AS A MICROGRID IN THE EVENT OF POWER OUTAGES OR GRID FAILURE. THE CONFEDERATED TRIBES OF THE GRAND RONDE WILL ALSO IMPLEMENT SUSTAINABLE CONSTRUCTION PRACTICES AND WILL OFFER AMENITIES INCLUDING, BUT NOT LIMITED TO AN OUTDOOR BALLFIELD, BIKE AND SKATE PARK, OUTDOOR GATHERING SPACE AND MEAT PROCESSING CENTER. 
EVALUATION ACTIVITIES WILL INCLUDE THE TRACKING OF THE PROJECT TIMELINE TRACKING, MEMBERSHIP PARTICIPATION, GHG REDUCTIONS AND GRANT DELIVERABLES. TARGET MEASURES ARE MEASURABLE AND CAN BE EASILY MONITORED THROUGH OBSERVATION OF POWER USAGE, USE OF THE FACILITY, AND INCREASED ACCESS TO SERVICES AND SHELTER DURING CLIMATE EVENTS.
THE INTENDED BENEFICIARIES ARE DISADVANTAGED COMMUNITIES.",20030841,20030841,37871.32,19992969.68,2025-03-25,"Program terminated, DOGE, End date cut short (USAspending), Senate committee list",N/A,N/A,2025-01-01T00:00:00Z,2027-12-31T00:00:00Z,Region 10 (Pacific Northwest),66.616,Environmental and Climate Justice Community Change Grants Program,EPA-R-OEJECR-OCS-23-04,Confederated Tribes of Grand Ronde,OR,Grand Ronde,OR-05,N/A,https://www.usaspending.gov/award/ASST_NON_02J88501_068/,N/A,N/A
02J88601,Disrupted,Terminated,Environmental and Climate Justice Community Change Grants Program award to Front and Centered,"THIS AGREEMENT PROVIDES FUNDING UNDER THE INFLATION REDUCTION ACT (IRA) TO FRONT AND CENTERED.  SPECIFICALLY, THE PROJECT WILL ENGAGE COMMUNITY-BASED ORGANIZATIONS AND COMMUNITY MEMBERS IN DISADVANTAGED AREAS TO IMPROVE THEIR ABILITY TO PARTICIPATE IN THE ENVIRONMENTAL DECISION-MAKING PROCESS.ACTIVITIES:THE ACTIVITIES INCLUDE IMPLEMENTING A LEADERSHIP TRAINING PROGRAM TO TRAIN MEMBERS OF COMMUNITY-BASED ORGANIZATIONS ON THE ENVIRONMENTAL DECISION-MAKING PROCESS, AND IMPLEMENTING COMMUNITY ASSEMBLIES IN DISADVANTAGED COMMUNITIES TO IDENTIFY COMMUNITY ENVIRONMENTAL CONCERNS.SUBRECIPIENT:SOLID GROUND WILL SUPPORT STEWARDSHIP FOR INFORMATION GENERATED FROM COMMUNITY ASSEMBLIES AND LINK SOLUTIONS IDENTIFIED IN COMMUNITY ASSEMBLIES TO OPPORTUNITIES STATEWIDE. PEOPLES ECONOMY LAB WILL TRAIN AND ORGANIZE COMMUNITY-BASED ANCHORS TO IMPLEMENT COMMUNITY ASSEMBLIES THAT INFORM ENVIRONMENTAL JUSTICE POLICIES. COMMUNITY ASSEMBLY SUBAWARDS WILL INDIVIDUALLY AWARD ORGANIZATIONS WHO ARE IMPLEMENTING THE COMMUNITY ASSEMBLY PROCESS IN THEIR RESPECTIVE DISADVANTAGED COMMUNITIES. LEADERSHIP TRAINING SUBAWARDS WILL BE INDIVIDUALLY AWARDED TO ORGANIZATIONS WHO HAVE A MEMBER PARTICIPATING IN THE LEADERSHIP TRAINING PROGRAM HOSTED BY FRONT AND CENTERED.OUTCOMES:THE ANTICIPATED DELIVERABLES INCLUDE 45 ORGANIZATIONAL LEADERS TRAINED IN THE LEADERSHIP TRAINING PROGRAM ACROSS 2 COHORTS; 15 COMMUNITY-BASED ORGANIZATIONS CONDUCTING COMMUNITY ASSEMBLIES ACROSS 5 COHORTS; AND 6 TECHNICAL ADVISORY GROUP MEETINGS.

THE EXPECTED OUTCOMES INCLUDE INCREASED UNDERSTANDING OF AND PARTICIPATION IN LOCAL, STATE, FEDERAL, AND OTHER GOVERNMENTAL ENVIRONMENTAL PUBLIC PROCESSES WITHIN WASHINGTON'S DISADVANTAGED COMMUNITIES, BETTER-INFORMED DECISIONS AND ACTIONS BY THE GOVERNMENT ON ENVIRONMENTAL JUSTICE ISSUES TO BENEFIT DISADVANTAGED COMMUNITIES, AND DEVELOPMENT OF NEW ENVIRONMENTAL OR CLIMATE POLICIES THAT ARE RESPONSIVE TO DISADVANTAGED COMMUNITIES.

THE INTENDED BENEFICIARIES ARE DISADVANTAGED COMMUNITIES.",3137855,3137855,0,3137855,2025-03-25,"Program terminated, DOGE, End date cut short (USAspending), Senate committee list",N/A,N/A,2025-01-01T00:00:00Z,2027-12-31T00:00:00Z,Region 10 (Pacific Northwest),66.616,Environmental and Climate Justice Community Change Grants Program,EPA-R-OEJECR-OCS-23-04,Front and Centered,WA,Seattle,WA-07,N/A,https://www.usaspending.gov/award/ASST_NON_02J88601_068/,N/A,N/A
02J91701,Disrupted,Terminated,Environmental and Climate Justice Community Change Grants Program award to Native Village of Chenega,"THIS GRANT PROVIDES FUNDING UNDER THE INFLATION REDUCTION ACT (IRA) TO NATIVE VILLAGE OF CHENEGA. SPECIFICALLY, THE PROJECT WILL INVOLVE THE CONSTRUCTION OF A NEW 30,000-GALLON BULK FUEL STORAGE FACILITY AND THE INTEGRATION OF A 160-KW SOLAR PHOTOVOLTAIC ARRAY WITH A 250 KW/648 KWH BATTERY ENERGY STORAGE SYSTEM. THROUGH THE GRANT, THERE WILL BE TWO SOLAR WORKFORCE TRAININGS, THE DEVELOPMENT OF A TRIBAL INDEPENDENT POWER PRODUCER STRUCTURE, A POWER PURCHASE AGREEMENT WITH THE UTILITY, AND TRAINING FOR LOCAL OPERATORS ON SOLAR/BATTERY OPERATIONS AND MAINTENANCE.ACTIVITIES:THE ACTIVITIES TO BE PERFORMED ARE THE COMPLETION OF PROJECT MANAGEMENT AND ADMINISTRATION; COMPLETION OF CONTRACTS; DESIGN AND PROCUREMENT; SOLAR WORKFORCE TRAINING; CONSTRUCTION, INSTALLATION, CHECKOUT, AND COMMISSIONING OF SOLAR AND FUEL STORAGE; DEVELOPMENT OF A TRIBAL INDEPENDENT POWER PRODUCER STRUCTURE AND TRAINING.SUBRECIPIENT:THE PRINCE WILLIAM SOUND ECONOMIC DEVELOPMENT DISTRICT WILL PROVIDE PROJECT COMMUNICATIONS AND OUTREACH, RECRUIT FOR TRAINING, HOST SOLAR TRAINING IN CORDOVA, AND MANAGE TRAVEL FOR TRAINEES. OUTCOMES:THE ANTICIPATED DELIVERABLES ARE THE COMPLETION OF FORMALIZED AGREEMENTS, REPORTS, REQUESTS FOR PROPOSALS AND CONTRACTS, DESIGNS, AND MANUALS; CONSTRUCTION AND THE INSTALLATION OF FUEL STORAGE SYSTEMS, A SOLAR PHOTOVOLTAIC AND BATTERY ENERGY STORAGE SYSTEM, AND SUPPORTING SYSTEMS; AND TRIBAL WORKFORCE DEVELOPMENT, TESTING AND COMMISSIONING, AND TRIBAL INDEPENDENT POWER PRODUCER STRUCTURE. THE EXPECTED OUTCOMES INCLUDE ENHANCING THE ENERGY RESILIENCE AND SUSTAINABILITY OF THE NATIVE VILLAGE OF CHENEGA, ALASKA. THROUGH THIS PROJECT AND GRANT, CRITICAL FUEL STORAGE INFRASTRUCTURE WILL BE MODERNIZED, SIGNIFICANTLY REDUCING THE POTENTIAL FOR FUEL SPILLS, AND INCORPORATING RENEWABLE ENERGY SOLUTIONS TO LESSEN THE VILLAGE'S DEPENDENCE ON DIESEL FUEL FOR ELECTRICITY PRODUCTION. THE INTENDED BENEFICIARIES ARE DISADVANTAGED COMMUNITIES.",8932979,8932979,0,8932979,2025-03-25,"Program terminated, DOGE, End date cut short (USAspending), Senate committee list",N/A,N/A,2025-04-01T00:00:00Z,2028-03-31T00:00:00Z,Region 10 (Pacific Northwest),66.616,Environmental and Climate Justice Community Change Grants Program,EPA-R-OEJECR-OCS-23-04,Native Village of Chenega,AK,Anchorage,AK-00,N/A,https://www.usaspending.gov/award/ASST_NON_02J91701_068/,N/A,N/A
02J91801,Disrupted,Terminated,Environmental and Climate Justice Community Change Grants Program award to Alaska Native Tribal Health Consortium,"THIS AGREEMENT PROVIDES FUNDING UNDER THE INFLATION REDUCTION ACT (IRA) TO THE ALASKA NATIVE TRIBAL HEALTH CONSORTIUM. SPECIFICALLY, THE PROJECT PROPOSES TO BUILD COMMUNITY-SCALE PHOTOVOLTAIC SOLAR ARRAYS AND BATTERY STORAGE SYSTEMS, AND PROVIDE WORKFORCE TRAINING IN THE COMMUNITIES OF BREVIG MISSION, ELIM, KOYUK, SAVOONGA, AND TELLER. THE PROJECT WILL REDUCE GREENHOUSE GAS EMISSIONS, ENHANCE GRID RELIABILITY, AND EMPOWER COMMUNITIES AS LOCALLY OWNED INDEPENDENT POWER PRODUCERS (IPPS).

ACTIVITIES:THE ACTIVITIES INCLUDE THE CONSTRUCTION AND INSTALLATION OF COMMUNITY-SCALE PHOTOVOLTAIC SOLAR ARRAYS AND BATTERY STORAGE SYSTEMS IN FIVE COMMUNITIES, AND WORKFORCE DEVELOPMENT PROGRAMS FOR CONSTRUCTION, OPERATION, AND MAINTENANCE OF SOLAR AND BATTERY STORAGE SYSTEMS.

SUBRECIPIENT:THE SUBAWARD RECIPIENT, KAWERAK, WILL PROVIDE A WORKFORCE DEVELOPMENT PROGRAM WITH MULTI-SECTORAL PARTNERSHIPS TO BRING TOGETHER OUTSIDE EXPERTISE TO ENABLE RURAL COMMUNITY MEMBERS TO ACCESS HIGH-QUALITY CAREERS FOCUSED ON DEVELOPING RENEWABLES IN THE AREA. THE PROGRAM WILL INCLUDE TECHNICAL SKILL AND ON-THE-JOB TRAINING AND PROVIDE THE TRAINING IN NOME SO THAT IT IS ACCESSIBLE TO ALL COMMUNITIES.OUTCOMES:THE ANTICIPATED DELIVERABLES INCLUDE FIVE OPERATIONAL COMMUNITY-SCALE SOLAR ARRAYS; FIVE BATTERY ENERGY STORAGE SYSTEMS; AND THE ESTABLISHMENT AND EXECUTION OF A WORKFORCE TRAINING PROGRAM FOR SOLAR PANEL INSTALLATION, OPERATION, AND MAINTENANCE. 

THE EXPECTED OUTCOMES INCLUDE INCREASED POWER RELIABILITY FOR RESIDENTS; LOWER AIR POLLUTION; DECREASED GREENHOUSE GAS EMISSIONS; LOWER ELECTRICITY COSTS; DECREASES IN LOCAL WATER AND SEWER COSTS; AN INCREASE IN LOCAL JOBS AND WORKFORCE CAPABILITY. 

THE INTENDED BENEFICIARIES ARE DISADVANTAGED COMMUNITIES.",19989160,19989160,0,19989160,2025-03-25,"Program terminated, DOGE, End date cut short (USAspending), Senate committee list",N/A,N/A,2025-02-10T00:00:00Z,2028-02-09T00:00:00Z,Region 10 (Pacific Northwest),66.616,Environmental and Climate Justice Community Change Grants Program,EPA-R-OEJECR-OCS-23-04,Alaska Native Tribal Health Consortium,AK,Anchorage,AK-00,N/A,https://www.usaspending.gov/award/ASST_NON_02J91801_068/,N/A,N/A
02J91901,Disrupted,Terminated,Environmental and Climate Justice Community Change Grants Program award to Tebughna Foundation,"THIS AGREEMENT PROVIDES FUNDING UNDER THE INFLATION REDUCTION ACT (IRA) TO TEBUGHNA FOUNDATION. SPECIFICALLY, THE PROJECT WILL CREATE A WORKFORCE DEVELOPMENT PROGRAM IN TYONEK, RENOVATE AND REHABILITATE EXISTING HOMES, AND CONSTRUCT NEW HIGH-PERFORMANCE HOMES IN TYONEK.
ACTIVITIES:THE ACTIVITIES TO BE PERFORMED INCLUDE THE CREATION OF A WORKFORCE DEVELOPMENT PROGRAM IN TYONEK, RENOVATION AND REHABILITATION OF EXISTING HOMES, AND CONSTRUCTION NEW HIGH-PERFORMANCE HOMES IN TYONEK.
SUBRECIPIENT:THE SUBAWARD WITH ALASKA WORKS SUPPORTS THE WORKFORCE TRAINING PROGRAM. THE SUBAWARD WITH UNIVERSITY OF FLORIDA INCLUDES SCOPE OF WORK FOR THE TEAM TO PREPARE BRIDGING CONTRACT DOCUMENTS FOR BOTH NEW CONSTRUCTION AND RENOVATION WORK, A SEPARATE DESIGN/BUILD FIRM TO THEN BE ENGAGED BY TF TO PROVIDE DETAILED DESIGN, ENGINEERING, AND CONSTRUCTION SERVICES, A DESIGN/BUILD FIRM TO INCLUDE LOCAL ALASKA ARCHITECT/ENGINEER, FOR UF TO ASSIST AND ADVISE THROUGHOUT PROJECT DURATION, AND FOR UF WILL ALSO ASSIST IN DEVELOPMENT OF WORKFORCE DEVELOPMENT PROGRAM. THE SUBAWARD WITH NREL CENTER FOR APPLIED RESEARCH WITH COMMUNITIES IN EXTREME ENVIRONMENTS WILL ALLOW THE  ARCEE TEAM TO PROVIDE DESIGN REVIEW AND CONSULTATION, ON-SITE ASSESSMENTS, ASSISTANCE DURING BID SOLICITATION AND CONSTRUCTION, ASSISTANCE IN DEVELOPING WORKFORCE TRAINING PROGRAMS, POST-OCCUPANCY EVALUATION OF PROJECT WORK, AND PROJECT MANAGEMENT.OUTCOMES:THE ANTICIPATED DELIVERABLES INCLUDE WORKFORCE TRAINING THAT SPECIFICALLY CONTRIBUTES TO THE REDUCTION OF GREENHOUSE GAS EMISSIONS, RENOVATION OF EXISTING HOUSES TO ELIMINATE ENVIRONMENTAL HAZARDS AND IMPROVE ENERGY PERFORMANCE, AND CONSTRUCTION OF NEW HIGH-PERFORMANCE HOUSES FOR VILLAGE RESIDENTS. 

THE EXPECTED OUTCOMES INCLUDE LOWER CONSUMPTION OF FOSSIL FUELS FOR SPACE HEATING AND REDUCTION IN ASSOCIATED GREENHOUSE GAS EMISSIONS AND AMBIENT POLLUTANTS SUCH AS PARTICULATE MATTER, ON-SITE POWER GENERATION THAT PROVIDES GREATER RESILIENCE AND LESS GRID DEPENDENCY, DECREASE IN THE FREQUENCY OF ASTHMA-RELATED SYMPTOMS, INCREASED PUBLIC AND ENVIRONMENTAL HEALTH LITERACY ABOUT HEALTH AND INDOOR AIR QUALITY, DECLINE IN HEALTH-RELATED ISSUES ASSOCIATED WITH LEAD PAINT EXPOSURE, AND REDUCED COMMUNITY EXPOSURE TO ASBESTOS CONTAINING MATERIALS IN HOMES, AND INCREASED NUMBER OF PARTICIPANTS IN TRAINING PROGRAMS AND THEIR EMPLOYMENT FOLLOWING COMPLETION.

THE INTENDED BENEFICIARIES ARE DISADVANTAGED COMMUNITIES.",20000000,20000000,0,20000000,2025-03-25,"Program terminated, DOGE, End date cut short (USAspending), Senate committee list",N/A,N/A,2025-02-10T00:00:00Z,2028-02-09T00:00:00Z,Region 10 (Pacific Northwest),66.616,Environmental and Climate Justice Community Change Grants Program,EPA-R-OEJECR-OCS-23-04,Tebughna Foundation,AK,Anchorage,AK-00,N/A,https://www.usaspending.gov/award/ASST_NON_02J91901_068/,N/A,N/A
02J92801,Disrupted,Terminated,Environmental and Climate Justice Community Change Grants Program award to Metlakatla Indian Community,"THIS AGREEMENT PROVIDES FUNDING UNDER THE INFLATION REDUCTION ACT (IRA) TO METLAKATLA INDIAN COMMUNITY. SPECIFICALLY, THE PROJECT WILL: (1) IMPLEMENT SEAWEED FARMING AS A NATURE-BASED SOLUTION, (2) REDUCE LOCAL AIR POLLUTION THROUGH IMPROVED MUNICIPAL WASTE MANAGEMENT, (3) LOCALIZE ECONOMIC RETURNS FROM SEAWEED FARMING AND PROCESSING WITHIN THE METLAKATLA COMMUNITY, AND (4) IMPLEMENT STRATEGIES THAT PROTECT NATIVE COMMUNITY ACCESS TO ANCESTRAL WATERS NEAR NATIVE VILLAGES IN THE PROJECT AREA, PROTECTING NATIVE RIGHTS AND NATIVE EQUITY IN THE FLEDGLING OCEAN FARMING INDUSTRY. 

ACTIVITIES:THE ACTIVITIES INCLUDE ESTABLISHING TEN NEW SEAWEED FARMS WITHIN THE METLAKATLA INDIAN COMMUNITY; IMMERSION TRAINING FOR NEW SEAWEED FARMERS; CONSTRUCTION OF A NEW WASTE TRANSFER STATION; AND CLOSING A MUNICIPAL LANDFILL SITE. 

SUBRECIPIENT:THROUGH THIS PROJECT, METLAKATLA INDIAN COMMUNITY WILL ESTABLISH A SUBAWARD WITH NATIVE CONSERVANCY. NATIVE CONSERVANCY WILL BE RESPONSIBLE FOR ALL ACTIVITIES THAT WORK TOWARDS ESTABLISHING THE NEW SEAWEED FARMS. THIS INCLUDES ALL PERMITTING; DATA COLLECTION FOR SEAWEED MONITORING ACTIVITIES; IMMERSION TRAINING FOR NEW SEAWEED FARMERS; AND THE CREATION OF A PROCESSING AND MARKETING COOPERATIVE FOR SEAWEED FARMERS. OUTCOMES:THE ANTICIPATED DELIVERABLES INCLUDE TEN NEW SEAWEED FARMS ESTABLISHED WITHIN THE 3-YEAR PROJECT PERIOD; COMPLETED CONSTRUCTION OF A SEAWEED PROCESSING FACILITY AND SEED NURSERY; COMPLETED CONSTRUCTION OF A WASTE TRANSFER STATION; AND COMPLETED CLOSURE OF A MUNICIPAL LANDFILL SITE. 

THE EXPECTED OUTCOMES INCLUDE ENHANCED LOCAL FOOD SECURITY THOUGH THE AVAILABILITY OF NUTRITIOUS SEAWEED PRODUCTS; IMPROVED OCEAN AND BIODIVERSITY HEALTH THROUGH SUSTAINABLE SEAWEED FARMING PRACTICES; INCREASED INCOME FOR SEAWEED FARMERS AND OVERALL ECONOMIC UPLIFTMENT FOR THE COMMUNITY; SIGNIFICANT DECREASE IN EMISSIONS FROM BURNING WASTE; FEWER RESPIRATORY AND HEALTH ISSUES RELATED TO SMOKE INHALATION; AND INCREASED COMMUNITY AWARENESS AND EDUCATION REGARDING WASTE MANAGEMENT PRACTICES. 

THE INTENDED BENEFICIARIES ARE DISADVANTAGED COMMUNITIES.",19455772,19455772,0,19455772,2025-03-25,"Program terminated, DOGE, End date cut short (USAspending), Senate committee list",N/A,N/A,2025-02-01T00:00:00Z,2028-01-31T00:00:00Z,Region 10 (Pacific Northwest),66.616,Environmental and Climate Justice Community Change Grants Program,EPA-R-OEJECR-OCS-23-04,Metlakatla Indian Community,AK,Metlakatla,AK-00,N/A,https://www.usaspending.gov/award/ASST_NON_02J92801_068/,N/A,N/A
02J95201,Disrupted,Terminated,Environmental and Climate Justice Community Change Grants Program award to Alaska Native Tribal Health Consortium,"THIS AGREEMENT PROVIDES FUNDING UNDER THE INFLATION REDUCTION ACT (IRA) TO ALASKA NATIVE TRIBAL HEALTH CONSORTIUM (ANTHC). SPECIFICALLY, THE PROJECT WILL BUILD TWO WIND TURBINES IN KOTZEBUE, ALASKA.

ACTIVITIES:THE ACTIVITIES INCLUDE BUILDING TWO NEW 1 MW WIND TURBINES AND ENGAGING WITH THE LOCAL COMMUNITY THROUGHOUT THE PROCESS. ANTHC WILL MANAGE THE CONSTRUCTION OF THE PROJECT, BUT THE INFRASTRUCTURE WILL BE OWNED BY THE NATIVE VILLAGE OF KOTZEBUE. THE TRIBE WILL MANAGE STAKEHOLDER ENGAGEMENT AND MANAGE AND MAINTAIN THE SYSTEM AS AN INDEPENDENT POWER PRODUCER ONCE IT IS BUILT. 

SUBRECIPIENT:NATIVE VILLAGE OF KOTZEBUE WILL FORM A PROJECT ADVISORY BOARD AND FACILITATE REGULAR COMMITTEE MEETINGS; CONDUCT AT LEAST ONE PUBLIC MEETING ANNUALLY DURING THE DURATION OF THE PROJECT; PRESENT DURING AT LEAST ONE TRIBAL COUNCIL MEETING ANNUALLY THROUGHOUT THE PROJECT PERIOD; AND FURTHER COORDINATE BETWEEN ANTHC, NATIVE VILLAGE OF KOTZEBUE, AND KOTZEBUE ELECTRIC ASSOCIATION. OUTCOMES:THE ANTICIPATED DELIVERABLES INCLUDE TWO 1 MW DIRECT DRIVE WIND TURBINES WITH 61-METER BLADES ADDED TO THE KOTZEBUE MICROGRID. THE PROJECT WILL INSTALL ALL EQUIPMENT NECESSARY TO CONNECT TO THE EXISTING POWER SYSTEM, INCLUDING BURIED CABLE, A 1250 KVA TRANSFORMER, AND TWO ELECTRICAL SECTIONALIZERS.

THE EXPECTED OUTCOMES INCLUDE REDUCING GREENHOUSE GAS EMISSIONS, ENHANCING GRID RELIABILITY, DECREASING UTILITY COSTS, CREATING NEW JOBS, AND EMPOWERING NATIVE VILLAGE OF KOTZEBUE AS A LOCALLY OWNED INDEPENDENT POWER PRODUCER. 

THE INTENDED BENEFICIARIES ARE DISADVANTAGED COMMUNITIES.",19826233,19826233,0,19826233,2025-03-25,"Program terminated, DOGE, End date cut short (USAspending), Senate committee list",N/A,N/A,2025-04-21T00:00:00Z,2028-04-20T00:00:00Z,Region 10 (Pacific Northwest),66.616,Environmental and Climate Justice Community Change Grants Program,EPA-R-OEJECR-OCS-23-04,Alaska Native Tribal Health Consortium,AK,Anchorage,AK-00,N/A,https://www.usaspending.gov/award/ASST_NON_02J95201_068/,N/A,N/A
02J95301,Disrupted,Terminated,Environmental and Climate Justice Community Change Grants Program award to City of Chiloquin,"WITH AN OVERARCHING PURPOSE TO PREPARE THE GREATER CHILOQUIN AREA TO RESPOND TO EMERGENCIES, SUPPORT RESIDENTS IN TIMES OF CRISIS, AND FOSTER CLIMATE CHANGE RESILIENCY, THIS PROJECT INVOLVES CONSTRUCTING A LARGE RESILIENCY HUB AND WAREHOUSE, UPGRADING TWO EXISTING RESILIENCY HUBS, CONDUCTING RESILIENCY TRAINING, PREPARING EMERGENCY OPERATIONS PLANS FOR THE CITY OF CHILOQUIN, CREATING JOBS, REPLACING 200 WOOD STOVES, AND MONITORING AND MODELLING AIR QUALITY.ACTIVITIES:THE ACTIVITIES TO BE PERFORMED INCLUDE CONSTRUCTING A 10,000-SF COMMUNITY RESILIENCE HUB AND A 2,000-SF WAREHOUSE, UPGRADING TWO EXISTING RESILIENCY HUBS, CONDUCTING RESILIENCY TRAINING, PREPARING EMERGENCY OPERATIONS PLANS FOR THE CITY OF CHILOQUIN, CREATING JOBS, REPLACING 200 WOOD STOVES, AND MONITORING AND MODELLING AIR QUALITY.SUBRECIPIENT:SUBAWARDS INCLUDE: SUBAWARD 1 TO CHILOQUIN VISIONS OF PROGRESS (CVIP) FOR A WOOD STOVE TRADE OUT PROGRAM (150 STOVES), GRANT PROGRAM OUTREACH, SOLAR BATTERIES AND BACKUP GENERATOR AND SUPPLIES FOR EMERGENCY DISTRIBUTION CENTER, AND MANAGEMENT OF KLAMATH LAKE LONG-TERM RECOVERY GROUP (KLLTRG) AND OREGON INSTITUTE OF TECHNOLOGY (OIT). SUBAWARD 2 TO KLLTRG FOR QUARTERLY COMMUNITY PREPAREDNESS AND RESILIENCY TRAINING/WORKSHOPS, SURVEYS, AND DEVELOPMENT OF A CORE CRH TEAM. SUBAWARD 3 TO OIT FOR AIR MONITORING PROGRAM, DATA COLLECTION AND ANALYSIS, AIR MONITOR MAINTENANCE, AND COMMUNITY SURVEYS AND OUTREACH, AND LASTLY SUBAWARD 4 TO THE KLAMATH TRIBES FOR EMERGENCY SHELTER BASIC SUPPLIES AND MOULAGE TRAINING EQUIPMENT. OUTCOMES:THIS PROJECT BENEFITS THE GREATER CHILOQUIN AREA BY DELIVERING A 10,000-SF COMMUNITY RESILIENCE HUB AND A 2,000-SF WAREHOUSE, TWO UPGRADED RESILIENCY HUBS, RESILIENCY TRAINING, EMERGENCY OPERATIONS PLANS FOR THE CITY OF CHILOQUIN, LOCAL JOBS, 200 WOOD STOVE REPLACEMENTS, AND AIR QUALITY MONITORING AND MODELLING.",16340887,16340887,351,16340536,2025-03-25,"Program terminated, DOGE, End date cut short (USAspending), Senate committee list",N/A,N/A,2025-02-01T00:00:00Z,2028-01-31T00:00:00Z,Region 10 (Pacific Northwest),66.616,Environmental and Climate Justice Community Change Grants Program,EPA-R-OEJECR-OCS-23-04,City of Chiloquin,OR,Chiloquin,OR-02,N/A,https://www.usaspending.gov/award/ASST_NON_02J95301_068/,N/A,N/A
02J95401,Disrupted,Terminated,Environmental and Climate Justice Community Change Grants Program award to Columbia Gorge Education Service District,"THIS AGREEMENT PROVIDES FUNDING UNDER THE INFLATION REDUCTION ACT (IRA) TO THE COLUMBIA GORGE EDUCATION SERVICE DISTRICT. SPECIFICALLY, THE PROJECT WILL RENOVATE A SCHOOL BUILDING TO CREATE THE COLUMBIA GORGE EARLY LEARNING AND RESILIENCE CENTER AND ASSOCIATED EV CHARGING STATIONS, E-BIKES, AND A BUS STOP, AS WELL AS, PRODUCE EDUCATION PROGRAMS, COMMUNITY PREPAREDNESS TRAININGS, WORKFORCE DEVELOPMENT, AIR MONITORING, AND NEWS STORIES AND PODCASTS IN SPANISH.

ACTIVITIES:THE ACTIVITIES INCLUDE RENOVATING A SCHOOL BUILDING TO BECOME A RESILIENCE CENTER WITH ASSOCIATED EV CHARGING STATIONS, E-BIKES, AND A BUS STOP, AND PROVIDING EDUCATION PROGRAMS, COMMUNITY PREPAREDNESS TRAININGS, WORKFORCE DEVELOPMENT, AIR MONITORING, AND NEWS STORIES AND PODCASTS IN SPANISH.

SUBRECIPIENT:ACTIVITIES TO BE COMPLETED UNDER SUBAWARDS INCLUDE SPANISH-LANGUAGE COMMUNICATIONS, CONTRIBUTION TO CARSHARING AND ALTERNATIVE TRANSIT, BICYCLE RODEOS, OUTREACH AND EDUCATION, EVALUATION OF COMMUNITY GARDEN OPPORTUNITIES, AND CASH STIPENDS FOR COMMUNITY ENGAGEMENT MEETING PARTICIPANTS. OUTCOMES:THE ANTICIPATED DELIVERABLES INCLUDE A RESILIENCE CENTER AND ASSOCIATED EV CHARGING STATIONS, E-BIKES, A BUS STOP, EDUCATION PROGRAMS, COMMUNITY PREPAREDNESS TRAININGS, WORKFORCE DEVELOPMENT, AIR MONITORING, AND NEWS STORIES AND PODCASTS IN SPANISH.

THE EXPECTED OUTCOMES INCLUDE INCREASED COMMUNITY SAFETY DURING NATURAL DISASTERS, EMERGENCY PREPAREDNESS LITERACY, COMMUNITY HEALTH, USE OF PUBLIC TRANSPORTATION, AND WORK SKILLS AND WAGES FOR RESIDENTS.

THE INTENDED BENEFICIARIES ARE DISADVANTAGED COMMUNITIES IN THE DALLES, OREGON.",19990020,19990020,0,19990020,2025-03-25,"Program terminated, DOGE, End date cut short (USAspending), Senate committee list",N/A,N/A,2025-02-01T00:00:00Z,2028-01-31T00:00:00Z,Region 10 (Pacific Northwest),66.616,Environmental and Climate Justice Community Change Grants Program,EPA-R-OEJECR-OCS-23-04,Columbia Gorge Education Service District,OR,The Dalles,OR-02,N/A,https://www.usaspending.gov/award/ASST_NON_02J95401_068/,N/A,N/A
02J95501,Disrupted,Terminated,Environmental and Climate Justice Community Change Grants Program award to Spruce Root Inc,"THIS AGREEMENT PROVIDES FUNDING UNDER THE INFLATION REDUCTION ACT (IRA) TO SPRUCE ROOT.  SPECIFICALLY, THE PROJECT WILL ENGAGE RURAL, DISADVANTAGED TRIBAL COMMUNITIES IN SOUTHEAST ALASKA IN ORDER TO IMPROVE THEIR ABILITY TO PARTICIPATE IN THE ENVIRONMENTAL DECISION-MAKING PROCESS. 
ACTIVITIES:THE ACTIVITIES INCLUDE FACILITATING ENGAGEMENT OF DISADVANTAGED TRIBAL COMMUNITIES IN GOVERNMENTAL DECISION-MAKING BY ASSESSING ENVIRONMENTAL AND CLIMATE JUSTICE POLICY NEEDS, PILOTING AND EXPANDING RELEVANT ENVIRONMENTAL GOVERNANCE EDUCATION PROGRAMS, SUPPORTING ENVIRONMENTAL AND CLIMATE JUSTICE PROJECTS, AND BUILDING A SUSTAINABILITY STRATEGY. SUBRECIPIENT:SUBAWARDS TO SUSTAINABLE SOUTHEAST PARTNERSHIP COMMUNITY AND REGIONAL CATALYSTS FROM LOCAL TRIBES AND NON-PROFIT ORGANIZATIONS WILL SUPPORT THE DEVELOPMENT, DISSEMINATION, AND ACTING ON POLICY STRATEGY, GOVERNANCE TRAININGS, AND PROGRAM DEVELOPMENT. THE ORGANIZED VILLAGE OF KAKE WILL SUPPORT STAFF PARTICIPATION, PROGRAM DEVELOPMENT, AND PROJECT IMPLEMENTATION IN KAKE. SITKA CONSERVATION SOCIETY WILL SUPPORT TRAINING CURRICULUM DEVELOPMENT, REFINEMENT, AND DELIVERY. OUTCOMES:THE ANTICIPATED DELIVERABLES INCLUDE 80 YOUTH TRAINED IN ENVIRONMENTAL AND CLIMATE JUSTICE LEADERSHIP, GOVERNANCE, AND ADVOCACY, 100-200 COMMUNITY MEMBERS ENGAGED IN EDUCATIONAL PROGRAMS AND WORKSHOP, 3 TRIBAL COUNCILS TRAINED IN GOVERNANCE, POLICY ADVOCACY, AND GOVERNMENT-TO-GOVERNMENT CONSULTATION, AND 1 COMMUNITY POLICY NEEDS ASSESSMENT AND STRATEGIC POLICY PLAN DEVELOPED. 

THE EXPECTED OUTCOMES INCLUDE INCREASED CAPACITY OF RURAL INDIGENOUS COMMUNITIES IN SOUTHEAST ALASKA TO ENGAGE IN GOVERNMENTAL DECISION-MAKING PROCESSES RELATED TO ENVIRONMENTAL AND CLIMATE JUSTICE AND IMPROVED ENVIRONMENTAL AND CLIMATE JUSTICE OUTCOMES FOR THESE COMMUNITIES. 

THE INTENDED BENEFICIARIES ARE DISADVANTAGED COMMUNITIES.",2904935,2904935,0,2904935,2025-03-25,"Program terminated, DOGE, End date cut short (USAspending), Senate committee list",N/A,N/A,2025-02-01T00:00:00Z,2028-01-31T00:00:00Z,Region 10 (Pacific Northwest),66.616,Environmental and Climate Justice Community Change Grants Program,EPA-R-OEJECR-OCS-23-04,Spruce Root Inc,AK,Juneau,AK-00,N/A,https://www.usaspending.gov/award/ASST_NON_02J95501_068/,N/A,N/A
02J95601,Disrupted,Terminated,Environmental and Climate Justice Community Change Grants Program award to Native Village of Kipnuk,"THIS AGREEMENT PROVIDES FUNDING UNDER THE INFLATION REDUCTION ACT (IRA) TO NATIVE VILLAGE OF KIPNUK. SPECIFICALLY, THE KIPNUK RIPRAP RIVERBANK STABILIZATION PROJECT WILL ADD RIPRAP TO BUILD A REVETMENT ALONG A SEGMENT OF THE KUGKAKTLIK RIVER REFERRED TO AS REACH 3. BANK STABILIZATION ACCOMPLISHED THROUGH THE PROJECT WILL PROVIDE EROSION PROTECTION AND WILL PREVENT CRITICAL COMMUNITY INFRASTRUCTURE ALONG THE EMBANKMENT FROM FALLING INTO THE RIVER. THE PROJECT ALSO INCLUDES REMOVAL OF HAZARDOUS WASTE AT RISK OF FALLING INTO THE RIVER, WORKFORCE DEVELOPMENT THROUGH TRAINING, AND COMMUNITY ENGAGEMENT AT MEETINGS.
ACTIVITIES:THE ACTIVITIES TO BE PERFORMED INCLUDE BUILDING A REVETMENT TO STABILIZE THE RIVERBANK AND REMOVAL OF HAZARDOUS WASTE, DETERIORATED CONSTRUCTION MATERIALS, AND FUEL TANKS THAT ARE AT RISK OF FALLING INTO THE KUGKAKTLIK RIVER. OTHER ACTIVITIES INCLUDE BULLDOZER TRAINING, PROJECT MANAGER TRAINING, BOOKKEEPER TRAINING, AND OTHER TRAININGS/CAPACITY BUILDING FOR TRIBAL EMPLOYEES AND COMMUNITY MEMBERS, AS WELL AS HOSTING SEVEN COMMUNITY MEETINGS TO ENSURE THAT THE COMMUNITY IS INFORMED OF IMPORTANT ISSUES AND ACTIVITIES, AND TO RECEIVE COMMUNITY INPUT, GUIDANCE, AND FEEDBACK. 
SUBRECIPIENT:SUBAWARD ACTIVITIES IMPLEMENTED THROUGH ALASKA INSTITUTE FOR JUSTICE (AIJ) INCLUDE COORDINATION OF LOGISTICS, ASSISTANCE, SUPPORT, GUIDANCE, CAPACITY BUILDING TRAINING, PROJECT MANAGEMENT OVERSIGHT, AND SERVING AS A LIAISON BETWEEN NATIVE VILLAGE OF KIPNUK, CONTRACTORS, AGENCIES, AND VENDORS. ADDITIONALLY, AIJ WILL TRAVEL TO KIPNUK FOR MEETINGS (INCLUDING COMMUNITY MEETINGS) AND TRAININGS. SUBAWARD ACTIVITIES IMPLEMENTED THROUGH ZENDER ENVIRONMENTAL FOR FULL SUITE OF GRANT MANAGEMENT SERVICES INCLUDE PREPARATION OF REQUESTS FOR PROPOSALS, GUIDANCE AND ASSISTANCE IN SELECTION AND CONTRACTING OF PROJECT CONTRACTORS, SUBAWARD AGREEMENTS AND MONITORING, CAPACITY BUILDING GRANT MANAGEMENT AND BOOKKEEPING TRAINING, GUIDANCE AND ASSISTANCE FOR TRIBAL EMPLOYEES, AND GRANT CLOSEOUT. OUTCOMES:THE ANTICIPATED DELIVERABLES INCLUDE 1,424 FEET OF PROTECTED RIVERBANK AND APPROXIMATELY 1,900 FEET OF PROTECTED BOARDWALK. THE PROJECT WILL ALSO REMOVE HAZARDOUS WASTE AND DETERIORATED MATERIALS, REMOVE FUEL TANKS AT RISK OF FALLING INTO THE KUGKAKTLIK RIVER, REDUCE PERMAFROST THAW, PREVENT RELOCATION, REDUCE RESPONSE TIME TO EMERGENCIES, AND REDUCE SOAKING OF INSULATION, FRAMING, FLOORING, AND WALLS IN HOMES AND OTHER STRUCTURES CAUSED BY FREQUENT FLOODING, REDUCING CONDITIONS THAT PROMOTE THE GROWTH OF MOLD. THE EXPECTED OUTCOMES INCLUDE IMPROVED RESILIENCE OF NATIVE GRASSES AND TUNDRA ECOSYSTEM FROM NATURAL AND CLIMATE CHANGE-ACCELERATED EROSION, EXTREME WEATHER, AND ENVIRONMENTAL DEGRADATION THEREBY INCREASING PROTECTION FROM FLOODING, STORM SURGES, NATURAL SCOURING, PERMAFROST THAW, AND WATERSHED SEDIMENTATION. EXPECTED OUTCOMES ALSO INCLUDE INCREASED COMMUNITY MOBILITY AND ACCESS, MAINTAINING BARGE ACCESS TO THE COMMUNITY, ELIMINATING POTENTIAL CONTAMINATION IN KUGKAKTLIK RIVER, WORKFORCE DEVELOPMENT STIMULATING THE LOCAL ECONOMY, AND REDUCING COSTS ASSOCIATED WITH MAINTENANCE. THIS PROJECT ENABLES COMMUNITY TO CONTINUE TO LIVE IN THE LAND THEY HAVE INHABITED SINCE TIME IMMEMORIAL, INCREASES THE PROTECTION OF COMMUNITY AND CRITICAL INFRASTRUCTURE DURING AND AFTER EXTREME WEATHER EVENTS, REDUCES CONDITIONS THAT PROMOTE MOLD GROWTH WHICH REDUCES HEALTH RISKS FROM INDOOR AIR QUALITY, AND ENABLES THE COMMUNITY TO CARRY OUT THEIR SUBSISTENCE ACTIVITIES WHILE AVOIDING OR PREVENTING NEW POLLUTION. THE INTENDED BENEFICIARIES ARE DISADVANTAGED COMMUNITIES.",19998693,19998693,0,19998693,2025-03-25,"Program terminated, DOGE, End date cut short (USAspending), Senate committee list",N/A,N/A,2025-03-01T00:00:00Z,2028-02-29T00:00:00Z,Region 10 (Pacific Northwest),66.616,Environmental and Climate Justice Community Change Grants Program,EPA-R-OEJECR-OCS-23-04,Native Village of Kipnuk,AK,Kipnuk,AK-00,N/A,https://www.usaspending.gov/award/ASST_NON_02J95601_068/,N/A,N/A
02J95701,Disrupted,Terminated,Environmental and Climate Justice Community Change Grants Program award to Confederated Tribes and Bands of the Yakama Nation,"THIS AGREEMENT PROVIDES FUNDING UNDER THE INFLATION REDUCTION ACT (IRA) TO CONFEDERATED TRIBES AND BANDS OF YAKAMA NATION. SPECIFICALLY, THE PROJECT WILL ALLOW THE CONFEDERATED TRIBES AND BANDS OF THE YAKAMA NATION AND THE YAKIMA VALLEY COMMUNITY FOUNDATION TO PURSUE A LARGE-SCALE PILOT PROJECT TO IMPLEMENT AND PROVE OUT THE AIR POLLUTION REDUCTION BENEFITS OF SIMULTANEOUSLY ADDRESSING THE CHALLENGES OF WILDFIRE AND THE BUILT-ENVIRONMENT. ACTIVITIES:THE ACTIVITIES INCLUDE THE PILOTING OF ADVANCED CONSERVATION HARVEST AND WILDFIRE PREVENTION ON 3,000 ACRES OF ANCESTRAL YAKAMA FOREST, CONSTRUCTION AND EQUIPPING OF A NEW YAKAMA MASS TIMBER FACILITY TO MANUFACTURE MASS TIMBER PANELS, PROTOTYPING OF A CARBON-SEQUESTERING MASS TIMBER AFFORDABLE HOUSING UNIT AND LONGHOUSE FOR THE YAKAMA PEOPLE, GLOBAL-STANDARD WORKFORCE DEVELOPMENT PROGRAMS IN GREEN BUILDING TECHNOLOGIES, TRACKING OF CARBON EMISSIONS ACROSS ALL ACTIVITIES TO EVIDENCE REDUCTIONS IN AIR POLLUTION, AND DEEP COMMUNITY ENGAGEMENT DURING ALL PHASES TO ENSURE THE INITIATIVE REMAINS BY AND FOR COMMUNITY.

SUBRECIPIENT:YAKIMA VALLEY COMMUNITY FOUNDATION WILL ORGANIZE, HOST, EDUCATE, AND USE THE EXPERTISE AND CULTURAL AND LANGUAGE EXPERTISE OF LOCAL COMMUNITY ORGANIZATIONS AND MEMBERS THROUGHOUT THE PROJECT TO SEEK INPUT AT ALL STAGES, TO HELP DEVELOP COMMUNICATIONS AND MATERIALS TO BE USED IN EDUCATIONAL CAMPAIGNS, AND TO USE THEIR TRUSTED RELATIONSHIPS IN COMMUNITY TO REACH AND DISSEMINATE INFORMATION AND SEEK FEEDBACK FROM THE COMMUNITY.  FOUR TRIBAL-LED, BY AND FOR ORGANIZATIONS WILL BE CONTRACTED AS WELL AS FOUR LATINO/HISPANIC LED, BY AND FOR ORGANIZATIONS TO SERVE ON THE LAT, AND THE LAT WILL ALSO HAVE EIGHT (8) REPRESENTATIVES FROM THE COMMUNITY AT LARGE REPRESENTING THE DIVERSE COMMUNITIES.OUTCOMES:THE ANTICIPATED DELIVERABLES INCLUDE COMMUNITY ENGAGEMENT WITH LATINX AND TRIBAL COMMUNITY BASED ORGANIZATIONS, WORKFORCE TRAINING FOR UNDERSERVED COMMUNITIES, DESIGN AND IMPLEMENTATION OF LONGHOUSE AND AFFORDABLE HOUSING UNIT, AND THE FABRICATION OF MASS TIMBER PANELS BY YAKAMA NATION.

THE EXPECTED OUTCOMES INCLUDE ADDRESSING COMMUNITY-LED AIR POLLUTION EDUCATION AND PREVENTION, LOW AND ZERO-EMISSION, RESILIENT TECHNOLOGIES ALONGSIDE WORKFORCE DEVELOPMENT TO REDUCE GREENHOUSE GAS EMISSIONS AND OTHER AIR POLLUTANTS; WILDFIRE-DRIVEN CLIMATE AND HEALTH RISK MITIGATION; CLIMATE RESILIENCY AND ADAPTATION IMPLEMENTATION; AND INDOOR TOXICS AND INDOOR AIR POLLUTION REDUCTIONS. THE INTENDED BENEFICIARIES ARE DISADVANTAGED COMMUNITIES.",19983378,19983378,3375.7700000000186,19980002.23,2025-03-25,"Program terminated, DOGE, End date cut short (USAspending), Senate committee list",N/A,N/A,2025-01-01T00:00:00Z,2027-12-31T00:00:00Z,Region 10 (Pacific Northwest),66.616,Environmental and Climate Justice Community Change Grants Program,EPA-R-OEJECR-OCS-23-04,Confederated Tribes and Bands of the Yakama Nation,WA,Toppenish,WA-04,N/A,https://www.usaspending.gov/award/ASST_NON_02J95701_068/,N/A,N/A
02J95801,Disrupted,Terminated,Environmental and Climate Justice Community Change Grants Program award to Rector Visitors of the University of Virginia,"THIS AGREEMENT PROVIDES FUNDING UNDER THE INFLATION REDUCTION ACT (IRA) TO THE UNIVERSITY OF VIRGINIA. SPECIFICALLY, THE PROJECT WILL ALLOW THE UNIVERSITY OF VIRGINIA, WORKING IN UTQIAGVIK, AK, TO IMPROVE STORM- AND MELT-WATER INFRASTRUCTURE AND MANAGEMENT; PRESERVE INUPIAT TRADITIONS AND CULTURAL SITES; ENHANCE BARROW LOCAL UTILITIES' READINESS AND PREPAREDNESS, AND STRENGTHEN LOCAL CAPACITY; IMPROVE RESIDENTIAL SANITATION BY CONNECTING UNSERVICED HOMES TO MODERN WATER/SEWER SYSTEMS; AND PROTECT THE COMMUNITY'S DRINKING WATER LAGOON.  

ACTIVITIES:THE ACTIVITIES INCLUDE A COMPREHENSIVE DRAINAGE STUDY OF THE CITY TO INFORM INFRASTRUCTURE UPGRADES AND SUSTAINABLE WATER, SNOW AND PERMAFROST MANAGEMENT, AND IMPLEMENTING IDENTIFIED UPGRADES TO BETTER RESPOND TO INCREASED PRECIPITATION, FLOODING AND ASSOCIATED PERMAFROST DEGRADATION; INSTALLING THERMOSIPHONS IN TRADITIONAL ICE CELLARS WITH UPGRADED DRILLING EQUIPMENT, AND INSTALLING AND IMPROVING DRAINAGE AND RESTORING DISTURBED TUNDRA VEGETATION TO REDUCE FLOODING AT THE COMMUNITY'S CEMETERY; UPGRADING OR EXPANDING CRITICAL HEAVY-DUTY MAINTENANCE VEHICLES THAT ARE BETTER EQUIPPED FOR THE ARCTIC CONDITIONS TO ENHANCE THE LOCAL UTILITY'S READINESS AND PREPAREDNESS, AND STRENGTHENING LOCAL WORKFORCE CAPACITY WHILE REDUCING GREENHOUSE GAS EMISSIONS AND OCCUPATIONAL HAZARDS, AND CREATING AND EXPANDING PROGRAMS THAT BUILD KNOWLEDGE AND JOBS IN SUSTAINABLE WATER, SNOW AND PERMAFROST MANAGEMENT; CONNECTING UNSERVICED HOMES TO MODERN WATER/SEWER SYSTEMS, ELIMINATING OR REDUCING THE USE OF HONEY BUCKETS, HUMAN WASTE SPILLAGE, AND ASSOCIATED ENVIRONMENTAL AND HUMAN HEALTH RISKS; AND PROTECTING THE COMMUNITY'S DRINKING WATER LAGOON BY CONDUCTING COMPREHENSIVE FEASIBILITY STUDIES FOR PER-AND POLYFLUOROALKYL (PFAS) SUBSTANCES REMEDIATION/REMOVAL AND ALGAE BLOOM MITIGATION.  
SUBRECIPIENT:THE SUBAWARD WITH BARROW UTILITIES AND ELECTRIC COOPERATIVE, INC. (BUECI) WILL COVER WATER AND SEWER CONNECTIONS FOR UNSERVICED HOMES, UPGRADE OF HEAVY-DUTY VEHICLES TO IMPROVE READINESS AND REDUCE GREENHOUSE GAS EMISSIONS AND OCCUPATIONAL HAZARDS, FEASIBILITY STUDIES FOR PER- AND POLYFLUOROALKYL SUBSTANCES (PFAS) AND ALGAL GROWTH MITIGATION IN THE COMMUNITY DRINKING WATER LAGOON, MATERIAL COSTS TO STABILIZE SUBSIDING BUECI STRUCTURES DUE TO PERMAFROST DEGRADATION, AND CONTINUING EDUCATION FOR BUECI LEADERSHIP AND MEMBERS. THE SUBAWARD WITH NORTH SLOPE BOROUGH (NSB) WILL COVER IMPROVEMENTS TO DRAINAGE INFRASTRUCTURE AND COVER MATERIALS, AND CIVIL WORKS TO STABILIZE PERMAFROST AND REDUCE MELTWATER FLOODING, IMPROVE PUMPING OPERATION OF NEWLY ADDED SEWER TANKS, CONDUCT A COMMUNITY-WIDE DRAINAGE ASSESSMENT AND PRODUCE AN ACTION PLAN FOR STORMWATER/MELTWATER MANAGEMENT, CONTINUING EDUCATION FOR NSB LEADERSHIP AND PUBLIC WORKS OPERATORS, AND INTERNSHIPS / APPRENTICESHIPS BETWEEN DEPARTMENT OF PUBLIC WORKS AND I#7735;ISA#289;VIK COLLEGE'S WORKFORCE DEVELOPMENT PROGRAM. THE SUBAWARD WITH THE CITY OF UTQIA#289;IVK (COU) WILL ALLOW FOR IMPROVEMENTS TO THE CULTURAL SITE OF IMAIQSAUN CEMETERY AND COVER DRAINAGE DESIGN, DRAINAGE INSTALLATION AND EXPANSION, IMPROVED SNOW AND MELTWATER MANAGEMENT, GRAVESITE REVEGETATION, AND REPATRIATION OF GRAVESITES INCLUDING NEW COFFINS AND CULTURAL RE-BURIAL CEREMONY. THE SUBAWARD WITH THE INUPIAT COMMUNITY OF ARCTIC SLOPE (ICAS) WILL COVER THE PURCHASE AND SHIPPING OF THERMOSIPHONS AND AN AUGER DRILL TO BE USED FOR THEIR ICE CELLAR PRESERVATION PROJECT. THE SUBAWARD WITH THE ARCTIC INFRASTRUCTURE DEVELOPMENT CENTER AT THE UNIVERSITY OF ALASKA FAIRBANKS WILL ALLOW THE AIDC TO PROVIDE ON-SITE ASSESSMENTS, AND REVIEW AND CONSULTATION ON FEASIBILITY STUDIES AND ICE CELLAR PRESERVATION. OUTCOMES:THE ANTICIPATED DELIVERABLES INCLUDE INCLUDE A STORM(MELT)WATER INFRASTRUCTURE AND MANAGEMENT STUDY/ACTION PLAN, AND IMPLEMENTATION OF THE RECOMMENDATIONS IDENTIFIED IN THE PLAN; ACQUISITION OF THERMOSIPHON INSTALLATION EQUIPMENT AND INSTALLATION OF THERMOSIP",20000000,20000000,0,20000000,2025-03-25,"Program terminated, DOGE, End date cut short (USAspending), Senate committee list",N/A,N/A,2025-05-01T00:00:00Z,2028-04-30T00:00:00Z,Region 10 (Pacific Northwest),66.616,Environmental and Climate Justice Community Change Grants Program,EPA-R-OEJECR-OCS-23-04,Rector Visitors of the University of Virginia,VA,Charlottesville,VA-05,N/A,https://www.usaspending.gov/award/ASST_NON_02J95801_068/,N/A,N/A
03D03524,Disrupted,Terminated,Environmental Justice Collaborative Problem Solving Cooperative Agreement Program award to Lowcountry Alliance for Model Communities,"THIS ACTION APPROVES AN AWARD IN THE AMOUNT OF $500,000 TO PROVIDE FUNDING TO THE LOWCOUNTRY ALLIANCE FOR MODEL COMMUNITIES (LAMC). THE RECIPIENT WILL CONDUCT ROBUST ENGAGEMENT, DELIVER TECHNICAL ASSISTANCE AND COMMUNITY-BASED DISASTER RISK REDUCTION TRAINING AND CAPACITY BUILDING TO EJ COMMUNITIES, AS WELL AS COMMUNITY-PARTICIPATORY RESEARCH RELATED TO NATURAL AND MAN-MADE HAZARDS WITH THE LONG-TERM GOAL OF ESTABLISHING AND GROWING A REGIONAL NETWORK OF RESILIENCE IN THE SOUTH EAST (RISE) FELLOWS (CITIZEN RESILIENCE PLANNERS) TO INCREASE COMMUNITY CAPACITY TO INFORM LOCAL RESPONSE TO LOCAL RESILIENCE NEEDS. AS PART OF THE PROJECT, LAMC PLANS TO HOLD 9 TRAINING EVENTS (TRAINING, EDUCATION, RESILIENCE PLANNING AND RESPONSE, LOCAL ACTION).ACTIVITIES:THE ACTIVITIES INCLUDE CREATING AND DEPLOYING OUTREACH AND MARKETING MATERIALS FOR THE RECRUITMENT OF 16 COMMUNITY-BASED ORGANIZATIONS ACROSS REGION IV FOR THE RISE PROGRAM. LAMC WILL THEN CONDUCT A SERIES OF 9 FACILITATED EJAC TRAININGS IN YEAR ONE OF THE PROJECT, AND DEVELOP A MODEL FOR COLLABORATIVE PROBLEM-SOLVING THAT UTILIZES COMMUNITY-LED DATA COLLECTION AND MONITORING OF ENVIRONMENTAL HAZARDS AND PUBLIC HEALTH IMPACTS. YEAR TWO OF THE PROJECT ENACTS 12 FACILITATED EJSTRONG MONTHLY TRAININGS, EJSTRONG FIELD PRACTICUMS, AND INFORMING AND EVALUATING THE LOCAL RESILIENCE AND HAZARD MITIGATION PLANNING EFFORTS. YEAR THREE'S ACTIVITIES INCLUDE THE FORMATION OF A RISE REGIONAL NETWORK, THE DEVELOPMENT OF THE RESILIENCE HUB FRAMEWORK CALLED RISE MUTUAL AID NETWORK (MAN), AND TRAINING ON DEVELOPING COMMUNITY DATA COLLECTION AND MONITORING NETWORK, LED BY A SUBAWARD PARTNER. ADDITIONALLY THE END OF EACH PROJECT YEAR CONTAINS AN EVALUATION OF THE PROJECT. SUBRECIPIENT:ACTIVITIES IMPLEMENTED THROUGH SUBAWARDS INCLUDE ESTABLISHING A MODEL FOR COMMUNITY-LED HAZARD MONITORING AND COMMUNITY-BASED HEALTH IMPACT ASSESSMENTS THAT
INFORM AND EVALUATE LOCAL RESILIENCE AND HAZARD MITIGATION PLANNING EFFORTS, THE DEVELOPMENT OF A CURRICULUM BASED ON THIS MODEL TO BE INCORPORATED INTO THE TRAINING SERIES, 
ASSISTING LAMC WITH DEVELOPING AND FACILITATING TRAINING CURRICULUM FOR OTHER COMMUNITIES TO IMPLEMENT SIMILAR COMMUNITY-LED RESEARCH AND MONITORING PROGRAMS, AND DEVELOPING THE QAPP FOR ALL MONITORING ACTIVITIES TAKING PLACE DURING THE GRANT PERIOD. OUTCOMES:THE ANTICIPATED DELIVERABLES INCLUDE EJAC TRAINING OBJECTIVES, EJSTRONG TRAINING OBJECTIVES, EJSTRONG FIELD PRACTICUM OBJECTIVES, THE ESTABLISHMENT OF THE RISE FELLOW NETWORK, A HEALTH IMPACT ASSESSMENT AND ANALYSIS, AS WELL AT THE FRAMEWORK FOR THE RISE PLAYBOOK STORY MAP. THE EXPECTED OUTCOMES INCLUDE INCREASED COMMUNITY CAPACITY, COMMUNITY-FOCUSED RESILIENCE PLANS, COMMUNITY LEADERSHIP DEVELOPMENT, COLLECTION OF LOCAL DATA TO INFORM RESILIENCE EFFORTS, ESTABLISHMENT OF THE RISE FELLOW NETWORK, LOCAL COLLECTIVE RESILIENCE MONITORING AND EVALUATION, INCREASED AWARENESS OF COMMUNITY DIRECTED RESILIENCE PLANNING, INTEGRATION OF THE RISE MAN FRAMEWORK INTO ACTION IN RESILIENCE PLANS BY RISE FELLOWS, LEVERAGING RESOURCES AND COMMUNITY-BASED RESILIENCE PLANS ADOPTED INTO LOCAL MUNICIPAL PLANNING, AND THE ESTABLISHMENT OF LOCAL RESILIENCE HUBS TO CONDUCT EFFECTIVE DISASTER RESPONSE AND MANAGEMENT. THE INTENDED BENEFICIARIES INCLUDE ENVIRONMENTAL JUSTICE COMMUNITIES THROUGHOUT THE SOUTHEAST PRIMARILY TARGETING ORGANIZATIONS AND COMMUNITIES WITHIN EPA REGION IV (GEORGIA, KENTUCKY, TENNESSEE, NORTH CAROLINA, SOUTH CAROLINA, ALABAMA, MISSISSIPPI, AND FLORIDA) STATES.",500000,500000,0,500000,2025-03-25,"Program terminated, DOGE, End date cut short (USAspending), Senate committee list",N/A,N/A,2025-01-01T00:00:00Z,2027-12-31T00:00:00Z,Region 4 (Southeast),66.306,Environmental Justice Collaborative Problem Solving Cooperative Agreement Program,EPA-R-OEJECR-OCS-23-01,Lowcountry Alliance for Model Communities,SC,North Charleston,SC-06,N/A,https://www.usaspending.gov/award/ASST_NON_03D03524_068/,N/A,N/A
03D25424,Disrupted,Terminated,Environmental and Climate Justice Community Change Grants Program award to Texas a m University,"THIS ACTION APPROVES AN AWARD IN THE AMOUNT OF $14,443,306.00 TO SUPPORT TEXAS AANDM UNIVERSITY TO INSTALL HUNDREDS OF ONSITE WASTEWATER TREATMENT SYSTEMS, INFRASTRUCTURE THAT WILL BOTH BUILD CLIMATE RESILIENCE AND REDUCE GREENHOUSE GASES (GHG) EMISSIONS WHILE ALSO REDUCING THE RISK OF WATERBORNE DISEASES. ACTIVITIES:THE ACTIVITIES PERFORMED WILL DEVELOP AND EXECUTE COMMUNITY BASED AND COMMUNITY DRIVEN OUTREACH TO ENGAGE AND PARTNER WITH THE CITIZENS OF TARGET COUNTIES, EVALUATE AND MONITOR VIABLE CLIMATE RESILIENT WASTEWATER TREATMENT TECHNOLOGY OPTIONS, INSTALL CLIMATE-RESILIENT WASTEWATER TREATMENT SYSTEMS IN THE BLACK BELT, EVALUATE AND ESTABLISH APPROPRIATE RESPONSIBLE MANAGEMENT AND GOVERNANCE APPROACHES FOR ACHIEVING SYSTEMS SUSTAINABILITY, ESTABLISH A ROBUST CLIMATE FOCUSED WASTEWATER WORKFORCE DEVELOPMENT PROGRAM, AND DISSEMINATE SCALE PROPOSED PROGRAMS.SUBRECIPIENT:THE FOLLOWING ACTIVITIES WILL BE IMPLEMENTED THROUGH SUBAWARDS: SELECTION AND INSTALLATION OF APPROVED CLIMATE-RESILIENT ONSITE WASTEWATER SYSTEMS; WASTEWATER TREATMENT SYSTEM SELECTION, EVALUATION, TESTING, DATA COLLECTION, SAMPLING, DATA ANALYSIS, AND MODELING; COORDINATING WITH VARIOUS COMMUNITY COLLEGES AND PROFESSIONAL ORGANIZATIONS TO DEVELOP TRAINING AND TESTING MATERIALS FOR RURAL WATER AND WASTEWATER CERTIFICATION PROGRAMS; COORDINATION OF THE CONSORTIUM FOR ALABAMA RURAL WATER/WASTEWATER MANAGEMENT AND PROVIDING TECHNICAL EXPERTISE ON VARIOUS ASPECTS OF THE PROJECT; EVALUATING, AND MITIGATING THE GREENHOUSE GAS EMISSIONS FROM DECENTRALIZED WASTEWATER INFRASTRUCTURE IN THE REGION; RECRUITING AMERICORPS VISTAS (VOLUNTEERS IN SERVICE TO AMERICA) TO DISSEMINATE INFORMATION ABOUT DECENTRALIZED WASTEWATER SYSTEMS; IDENTIFYING EFFECTIVE GOVERNANCE STRUCTURES FOR MANAGEMENT AND OPERATION OF ON-SITE WASTEWATER TREATMENT SYSTEMS, AND DEVELOPING A GEOSPATIAL ANALYSIS OF THE COMPOSITION OF UNINCORPORATED COMMUNITIES ACROSS ALABAMA; AND CREATING COURSES FOR WATER AND WASTEWATER PROGRAM FOR  FOR ALABAMA'S 24 COMMUNITY AND TECHNICAL COLLEGES WHILE PROVIDING CREDENTIALS TO TWO-YEAR AND FOUR-YEAR UNIVERSITY BRIDGE PROGRAMS. OUTCOMES:NEW INNOVATIVE ONSITE WASTEWATER TREATMENT SYSTEMS (OWTS) THAT ARE CLIMATE-FRIENDLY, ENERGY-EFFICIENT, AND COST-EFFECTIVE, NOVEL RESPONSIBLE MANAGEMENT AND GOVERNANCE MODELS FOR PROVIDING SUSTAINABLE OPERATIONS AND MAINTENANCE (OANDM) SERVICES TO CR-OWTS, NEW CERTIFICATION DEVELOPED FOR CLIMATE-RESILIENT OWTS (CR-OWTS) FOR RURAL COMMUNITIES. THE EXPECTED OUTCOMES INCLUDE INCREASED NUMBER OF PROPERLY INSTALLED AND MANAGED CR-OWTS, INCREASED RESILIENCE TO EXTREME WEATHER AND CLIMATE CONDITIONS. THE INTENDED BENEFICIARIES ARE DISADVANTAGED COMMUNITIES.",14443306,14443306,6177.290000000037,14437128.71,2025-03-25,"Program terminated, DOGE, End date cut short (USAspending), Senate committee list",N/A,N/A,2025-01-01T00:00:00Z,2027-12-31T00:00:00Z,Region 4 (Southeast),66.616,Environmental and Climate Justice Community Change Grants Program,EPA-R-OEJECR-OCS-23-04,Texas a m University,TX,College Station,TX-10,N/A,https://www.usaspending.gov/award/ASST_NON_03D25424_068/,N/A,N/A
03D26124,Disrupted,Terminated,Environmental and Climate Justice Community Change Grants Program award to Lucky Shoals Community Association Inc,"THIS AGREEMENT PROVIDES FUNDING IN THE AMOUNT OF $19,953,400 UNDER THE INFLATION REDUCTION ACT (IRA) TO LUCKY SHOALS COMMUNITY ASSOCIATION (LSCA). SPECIFICALLY, THE PROJECT WILL ACQUIRE LAND TO CREATE A GREEN CAMPUS FOR THE COMMUNITY OF NORCROSS. THE AGREEMENT PROVIDES FUNDING TO LSCA TO ACQUIRE LAND FOR REHABILITATION AND PRESERVATION OF GREEN SPACE, PLUS ADMINISTRATION THROUGH A LAND TRUST. IN ADDITION, THE SPACE WILL PROVIDE COMMUNITY SERVICES SUCH AS EMERGENCY TRAINING AND SERVICES, JOB TRAINING FOR NEW AND SOON TO BE CREATED CLEAN ENERGY JOBS, THE SPACE WILL ALSO BE USED TO ADMINISTER CLEAN AIR AND WATER PROGRAMS. MOST IMPORTANTLY THIS CAMPUS WILL BE A SAFE SPACE FOR THE COMMUNITY TO LEARN, GATHER, AND CONNECT WITH EACH OTHER.ACTIVITIES:THE ACTIVITIES INCLUDE ACQUISITION OF LAND THAT WILL BE REHABILITATED AND PRESERVED AS PARK/GREENSPACE, TO BE ADMINISTERED THROUGH A LOCAL LAND TRUST; CREATION OF A COMMUNITY RESILIENCE HUB ON THE LAND, TO PROVIDE EMERGENCY TRAINING AND SERVICES, AS WELL AS SERVE AS A SITE FOR ADMINISTER CURRENT AND FUTURE LOCAL CLEAN ENERGY AND ENVIRONMENT WORK - IN A MULTICULTURAL COMMUNITY THAT HAS PROVEN HARD TO REACH; ADMINISTRATION OF SPECIFICALLY EXPANDED ENERGY EFFICIENCY, OUTDOOR AIR QUALITY, AND CLEAN WATER PROGRAMS FOR LOW-INCOME RESIDENTS; AND THE ESTABLISHMENT OF A CENTRAL, ACCESSIBLE SITE FOR LOCAL WORKFORCE TRAINING IN CLEAN ENERGY AND ENVIRONMENT - WITH THE GOAL OF EQUIPPING OUR ROBUST, BUT UNDERTRAINED CONSTRUCTION  INDUSTRY TO DO MUCH-NEEDED GREEN WORK IN THE VERY COMMUNITIES WHERE THEY LIVE.SUBRECIPIENT:ACTIVITIES TO BE IMPLEMENTED THROUGH SUBAWARDS ARE 1) WORKFORCE DEVELOPMENT TRAINING, 2) ENERGY AUDITS AND ENERGY EFFICIENCY REMEDIATION, 3) INDOOR AIR QUALITY ASSESSMENT AND REMEDIATION, 4) WATER ASSESSMENT AND REMEDIATION; AND 5) COMMUNITY MEETINGS/ROUNDTABLES.  
OUTCOMES:THE ANTICIPATED DELIVERABLES INCLUDE DEVELOPMENT OF A WEBSITE, COMMUNITY ENGAGEMENT PLAN, AND EMERGENCY RESPONSE PLANS. THE EXPECTED OUTCOMES INCLUDE CONSTRUCTION OF A GREEN CAMPUS AND RESILIENCE HUB, WORKFORCE PROGRAMS AND WORKERS TRAINED, AND HOMES WEATHERIZED. THE INTENDED BENEFICIARY IS A FEDERALLY DESIGNATED DISADVANTAGED COMMUNITY RESIDING WITHIN THE UNINCORPORATED AREA OF NORCROSS IS IN GWINNETT COUNTY, GA.",19953400,19953400,16105.61,19937294.39,2025-03-25,"Program terminated, DOGE, End date cut short (USAspending), Senate committee list",N/A,N/A,2024-12-01T00:00:00Z,2027-11-30T00:00:00Z,Region 4 (Southeast),66.616,Environmental and Climate Justice Community Change Grants Program,EPA-R-OEJECR-OCS-23-04,Lucky Shoals Community Association Inc,GA,Tucker,GA-04,N/A,https://www.usaspending.gov/award/ASST_NON_03D26124_068/,N/A,N/A
03D26324,Disrupted,Terminated,Environmental and Climate Justice Community Change Grants Program award to The Southwest Renewal Foundation of High Point Inc,"THIS ACTION APPROVES FUNDING IN THE AMOUNT OF $18,490,240 TO THE SOUTHWEST RENEWAL FOUNDATION OF HIGH POINT, INC UNDER THE INFLATION REDUCTION ACT (IRA). SPECIFICALLY, THE PROJECT WILL ENGAGE THE COMMUNITY TO REDUCE POLLUTION IN AIR, LAND, AND WATER INCLUDING FOR THE KEY DRINKING WATER SOURCE THE RICHLAND CREEK WATERSHED, BUILD RESILIENT INFRASTRUCTURE AND A  COLLABORATIVE FRAMEWORK AMONG PARTNERS, BUILD ON PRIOR SUCCESSFUL COMMUNITY ENGAGEMENT EFFORTS, PROVIDE WORKFORCE AND TRAINING OPPORTUNITIES FOR COMMUNITY MEMBERS, BOLSTER COMMUNITY STRENGTH FOCUSING ALL PROJECTS ON THE VISION OF A GREEN SOUTHWEST HIGH POINT NEIGHBORHOOD MAKING IT A KEY GREEN AND EQUITABLE DISTRICT, AND A MODEL FOR THE CITY AND THE STATE. ACTIVITIES:THE ACTIVITIES INCLUDE BUT ARE NOT LIMITED TO THE FOLLOWING: PLANTING NEW TREES, CONDUCTING COMMUNITY OUTREACH ACTIVITIES, COMPLETING DESIGN PLANS, INSTALLING NINE NEW PUBLIC ELECTRIC VEHICLE CHARGING STATIONS, BUILDING A PERVIOUS-SURFACE URBAN GREENWAY AND PERVIOUS SIDEWALK, RENOVATING AN EXISTING BUILDING, CONDUCTING WASTEWATER MANAGEMENT ASSESSMENTS AND UPGRADE AGING SEWER LINES LEAKING INTO RICHLAND CREEK, INSTALLING ENERGY-EFFICIENCY MEASURES AND SYSTEMS AT TWO SITES, UPGRADING HEATING, VENTILATION AND AIR CONDITIONING (HVAC) SYSTEMS INCLUDING CHILLER FOR CLASSROOMS AND GYM, LIGHT EMITTING DIODE (LED) LIGHTING, REPLACE AIR DUCTS, AND AN AGING, LEAKING ROOF WITH NEW COOL ROOF, CONTINUE WATER QUALITY TESTING, INSTALLING FIVE CAMERAS TO MONITOR ILLEGAL DUMPING, AND LUNCHING ANTI-LITTER CAMPAIGN WITH COMMUNITY COORDINATORS.
SUBRECIPIENT:ACTIVITIES THAT ARE TO BE IMPLEMENTED THROUGH SUBAWARDS INCLUDE BUT ARE NOT LIMITED TO THE FOLLOWING: 1) PLANT NEW TREES, 2) CONDUCT COMMUNITY OUTREACH ACTIVITIES, 3) COMPLETE DESIGN PLANS, 4) INSTALL NINE NEW PUBLIC ELECTRIC VEHICLE CHARGING STATIONS 5) BUILD A PERVIOUS-SURFACE URBAN GREENWAY AND PERVIOUS SIDEWALKS 6) RENOVATE AN EXISTING BUILDING, 7) CONDUCT WASTEWATER MANAGEMENT ASSESSMENTS AND UPGRADE AGING SEWER LINES LEAKING INTO RICHLAND CREEK, 8) INSTALL ENERGY-EFFICIENCY MEASURES AND SYSTEMS AT TWO SITES, 9) UPGRADE HVAC SYSTEMS INCLUDING CHILLER FOR CLASSROOMS AND GYM; LED LIGHTING, REPLACE AIR DUCTS, AND AN AGING, LEAKING ROOF WITH NEW COOL ROOF 10) CONTINUE WATER QUALITY TESTING, 11) INSTALL FIVE CAMERAS TO MONITOR ILLEGAL DUMPING, AND 12) LUNCH ANTI-LITTER CAMPAIGN WITH COMMUNITY COORDINATORS IN ALIGNMENT WITH THE STATUTORY AUTHORITY BELOW.OUTCOMES:THE ANTICIPATED DELIVERABLES INCLUDE CONDUCTING COMMUNITY MEETINGS AND WORKFORCE TRAININGS, PREPARING QUARTERLY WRITTEN REPORTS, AND DISSEMINATING ENVIRONMENTAL INFORMATION AND TECHNOLOGIES. THE EXPECTED OUTCOMES INCLUDE BUT ARE NOT LIMITED TO INCREASED COMMUNITY RESILIENCE AS MEASURED BY REDUCED DAMAGE AND RECOVERY COSTS, REDUCED AIR POLLUTION FROM TRANSPORTATION, AS MEASURED BY REDUCED NUMBER OF DAYS WITH UNSAFE AIR QUALITY, DECREASED INCIDENCE OF ASTHMA, ESPECIALLY IN VULNERABLE YOUTH AND ELDERLY, CLEANER NEIGHBORHOOD WITH LESS TRASH AND WASTE ON LAND AND IN WATERBODIES, DECREASED LEVELS OF NEIGHBORHOOD SEWER LEAKAGES, INFLOW, AND INFILTRATION, DECREASED LEVELS OF CONTAMINATION IN RICHLAND CREEK AND  INCREASED PUBLIC AND ENVIRONMENTAL HEALTH LITERACY. THE INTENDED BENEFICIARIES ARE DISADVANTAGED COMMUNITIES AND THE CITIZENS OF HIGH POINT NORTH CAROLINA.",18490240,18490240,3957.75,18486282.25,2025-03-25,"Program terminated, DOGE, End date cut short (USAspending), Senate committee list",N/A,N/A,2025-01-01T00:00:00Z,2027-12-31T00:00:00Z,Region 4 (Southeast),66.616,Environmental and Climate Justice Community Change Grants Program,EPA-R-OEJECR-OCS-23-04,The Southwest Renewal Foundation of High Point Inc,NC,High Point,NC-06,N/A,https://www.usaspending.gov/award/ASST_NON_03D26324_068/,N/A,N/A
03D30524,Disrupted,Terminated,Environmental and Climate Justice Community Change Grants Program award to Groundswell Inc,"THIS ACTION APPROVES FUNDING IN THE AMOUNT OF 20,000,000.00 UNDER THE INFLATION REDUCTION ACT (IRA) TO GROUNDSWELL, INC. SPECIFICALLY, THE PROJECT WILL SUPPORT COMMUNITY RESILIENCE HUB DEVELOPMENT, RESIDENTIAL ELECTRIFICATION AND ENERGY EFFICIENCY UPGRADES, AND COMMUNITY EDUCATION IN EAST ALABAMA AND WEST GEORGIA THAT WILL ADVANCE ENERGY JUSTICE AND ADDRESS KEY POLLUTION ISSUES. ACTIVITIES:THE ACTIVITIES INCLUDE THREE PROGRAMMATIC COMPONENTS: SAVE ON UTILITIES LONG-TERM (SOUL) COMMUNITY RESILIENCE HUBS, AND COMMUNITY EDUCATION. 
SUBRECIPIENT:ACTIVITIES TO BE IMPLEMENTED THROUGH SUBAWARDS INCLUDE BUT ARE NOT LIMITED TO THE FOLLOWING: COORDINATION OF MUNICIPAL PARTNERS, PROVIDING CONNECTIONS TO LOCAL COMMUNITY LEADERS, AND SUPPORTING THE IMPLEMENTATION OF THE RESILIENT HUB DEVELOPMENT. OUTCOMES:THE ANTICIPATED DELIVERABLES INCLUDE THE DEVELOPMENT OF 10 COMMUNITY RESILIENCE HUBS AND DELIVER ENERGY EFFICIENCY UPGRADES AND ELECTRIFICATION OF APPLIANCES TO 500 HOUSEHOLDS DURING THE THREE-YEAR GRANT PERIOD. THE EXPECTED OUTCOMES INCLUDE: REDUCING ENERGY BURDENS BY HOME REPAIRS, ENERGY EFFICIENCY UPGRADES, AND ELECTRIFICATION OF APPLIANCES, IMPROVE INDOOR AIR QUALITY, AND INCREASE THE HEALTH AND SAFETY OF HOMES, DEVELOPMENT OF RESILIENCE HUBS WILL PROVIDE THE COMMUNITY ACCESS TO ELECTRICITY AND HEATING OR COOLING DURING A POWER OUTAGE OR OTHER DISRUPTIVE EVENT, PROVIDING COMMUNITY EDUCATION ON CLEAN ENERGY AND ENERGY RESILIENCE. THE INTENDED BENEFICIARIES ARE DISADVANTAGED COMMUNITIES.",20000000,20000000,67745.28999999995,19932254.71,2025-03-25,"Program terminated, DOGE, End date cut short (USAspending), Senate committee list",N/A,N/A,2025-01-01T00:00:00Z,2027-12-31T00:00:00Z,Region 4 (Southeast),66.616,Environmental and Climate Justice Community Change Grants Program,EPA-R-OEJECR-OCS-23-04,Groundswell Inc,DC,Washington,DC-98,N/A,https://www.usaspending.gov/award/ASST_NON_03D30524_068/,N/A,N/A
03D30724,Disrupted,Terminated,Environmental and Climate Justice Community Change Grants Program award to The Working Lands Trust Inc,"THIS ACTION APPROVES FUNDING IN THE AMOUNT OF $19,999,967 UNDER THE INFLATION REDUCTION ACT (IRA) TO THE WORKING LANDS TRUST, INCORPORATED OF NORTH CAROLINA. SPECIFICALLY, THE PROJECT WILL IMPROVE HEALTH AND WATER QUALITY IN AN UNDER-RESOURCED AREA OF NORTH CAROLINA BY REPLACING RESIDENTIAL LEAD SERVICE LINES WITH LEAD-FREE PLUMBING, AND RESTORE A NEGLECTED WETLAND TO IMPROVE DOWNSTREAM WATER QUALITY AND CLIMATE RESILIENCE.

ACTIVITIES:THE ACTIVITIES INCLUDE THE IDENTIFICATION AND REPLACEMENT OF LEAD PIPES IN HOMES AND PUBLIC FACILITIES, INCLUDING HOUSES, CHURCHES, AND COMMUNITY CENTERS. TESTING OF WELL WATER FOR POLYFLUOROALKYL SUBSTANCES (PFAS), LEAD, AND OTHER CONTAMINANTS WILL ALSO BE CONDUCTED. ADDITIONALLY, THE PROJECT PROPOSES TO RESTORE A WETLAND THROUGH CLEANUP, INVASIVE SPECIES REMOVAL, AND WATER MANAGEMENT.

SUBRECIPIENT:ACTIVITIES TO BE IMPLEMENTED THROUGH SUBAWARDS INCLUDE BUT ARE NOT LIMITED TO THE FOLLOWING: IDENTIFICATION AND REPLACEMENT OF LEAD PIPES IN HOMES AND PUBLIC FACILITIES, INCLUDING HOUSES, CHURCHES, AND COMMUNITY CENTERS. TESTING OF WELL WATER FOR POLYFLUOROALKYL SUBSTANCES (PFAS), LEAD, AND OTHER CONTAMINANTS WILL ALSO BE CONDUCTED. ADDITIONALLY, THE PROJECT PROPOSES TO RESTORE A WETLAND THROUGH CLEANUP, INVASIVE SPECIES REMOVAL, AND WATER MANAGEMENT.
OUTCOMES:THE ANTICIPATED DELIVERABLES INCLUDE THE TESTING OF, AT MINIMUM, 500 RESIDENTIAL HOUSEHOLDS AND COMMUNITY WATER INFRASTRUCTURE SYSTEMS, AND REMEDIATION OF CONTAMINANTS WHEN IDENTIFIED. REMEDIATION OF AT LEAST 425 BUILDING SYSTEMS IS ANTICIPATED. GOAL OF 15 WORKSHOPS FOR COMMUNITY EDUCATION AND ENGAGEMENT OF THE WATER QUALITY TESTING/REMEDIATION, WITH WEEKLY FOLLOW UP FOR PARTICIPANTS ON THE TESTING PROCESS. RESTORATION OF 28.16ACRES OF COASTAL WETLAND, WITH THE COMPLETION OF 6 ASSESSMENTS AND DESIGN SURVEYS FROM ECOLOGISTS AND HYDROLOGISTS, CREATION OF AN ENTRANCE PATHWAY FOR COMMUNITY ACCESSIBILITY. ANTICIPATE 9 COMMUNITY OUTREACH EVENTS FOR THE WETLAND RESTORATION AND QUARTERLY UPDATES ON PROJECT PROGRESS. THE EXPECTED OUTCOMES INCLUDE THE REMEDIATION AND/OR REPLACEMENT OF RESIDENTIAL AND COMMUNITY WATER INFRASTRUCTURE SYSTEMS, INCREASED WATER QUALITY AND WETLAND HYDROLOGICAL FUNCTION. BETTER HEALTH OUTCOMES FOR THE AFFECTED COMMUNITIES ARE ANTICIPATED DUE TO THE IMPROVEMENT OF WATER QUALITY AND REMOVAL OF LEAD AND OTHER CONTAMINANTS FROM THE DRINKING WATER SUPPLY. IMPROVED STORMWATER MANAGEMENT, DOWNSTREAM WATER QUALITY, AND HABITAT FUNCTION ARE ANTICIPATED AS A RESULT OF WETLAND RESTORATION. THE INTENDED BENEFICIARIES ARE DISADVANTAGED COMMUNITIES.",19999967,19999967,0,19999967,2025-03-25,"Program terminated, DOGE, End date cut short (USAspending), Senate committee list",N/A,N/A,2025-04-01T00:00:00Z,2028-03-31T00:00:00Z,Region 4 (Southeast),66.616,Environmental and Climate Justice Community Change Grants Program,EPA-R-OEJECR-OCS-23-04,The Working Lands Trust Inc,NC,Gold Hill,NC-06,N/A,https://www.usaspending.gov/award/ASST_NON_03D30724_068/,N/A,N/A
03D30924,Disrupted,Terminated,Environmental and Climate Justice Community Change Grants Program award to Tennessee Educators of Color Alliance,"THIS ACTION PROVIDES FUNDING IN THE AMOUNT OF $1,875,142 TO SUPPORT THE TENNESSEE EDUCATORS OF COLOR ALLIANCE AS THEY AIM TO SIGNIFICANTLY IMPACT COMMUNITIES ACROSS TENNESSEE THROUGH THE CREATION OF THE AFFECTING COMMUNITIES THROUGH EDUCATOR VOICES PROGRAM BY TRAINING AND UPSKILLING TEACHERS WITH THE TOOLS OF ADVOCACY AND ENVIRONMENTAL JUSTICE. BY TRAINING THE TRAINER AND EQUIPPING THEM WITH OPPORTUNITIES FOR SELF-EFFICACY AND DATA DRIVEN ADVOCACY, THIS PROGRAM ENABLES EDUCATORS TO ADDRESS PRESSING ENVIRONMENTAL AND CLIMATE ISSUES WITHIN THEIR CLASSROOMS AND COMMUNITIES, ULTIMATELY CREATING A RIPPLE EFFECT OF CHANGE THROUGHOUT TENNESSEE BY ADVOCATING FOR SYSTEMIC CHANGE AT LOCAL AND STATE LEVELS. RECOGNIZING THAT DISADVANTAGED COMMUNITIES ARE DISPROPORTIONATELY AFFECTED BY CLIMATE CHANGE AND ENVIRONMENTAL INJUSTICE, CLIMATE AND ECONOMIC JUSTICE SCREENING TOOL DATA WAS USED TO IDENTIFY KEY AREAS WITH THE LARGEST POPULATIONS OF THESE GROUPS. ACTIVITIES:THE AFFECTING COMMUNITIES THROUGH EDUCATOR VOICES PROGRAM IS DESIGNED TO HAVE THREE MODULES FOR PARTICIPANTS TO ACHIEVE THEIR GOAL OF COMMUNITY PARTICIPATION IN GOVERNMENTAL DECISION-MAKING PROCESSES RELATED TO ENVIRONMENTAL AND CIVIL RIGHTS. ENVIRONMENTAL JUSTICE EDUCATION UNIT, COMMUNITY LED ACTION UNIT, AND CAPSTONE PROJECT MILESTONES AND LEARNINGS FROM A COMBINATION OF EACH MODULE WILL BE INCORPORATED THROUGHOUT EACH SESSION TO HELP PARTICIPANTS DEVELOP A COMPREHENSIVE UNDERSTANDING OF THE SUBJECT MATTER. THE ACADEMIC PROGRAMMING FOR THE AFFECTING COMMUNITIES THROUGH EDUCATOR VOICES PROGRAM WILL BE DIVIDED IN MULTIPLE SESSIONS BOTH IN PERSON AND VIRTUAL. THE SESSIONS WILL TAKE PLACE ON WEEKENDS DURING THE SCHOOL YEAR TO PROVIDE FLEXIBILITY FOR PARTICIPANTS. THEY WILL BE SCHEDULED THROUGHOUT THE YEAR, GIVING PARTICIPANTS A DEEPER UNDERSTANDING OF THE UNITS AND HOW THEY CAN BE APPLIED TO CREATE COMMUNITY CHANGE AND AWARENESS. SUBRECIPIENT:OUR STATUTORY PARTNER AT THE UNIVERSITY OF MEMPHIS WILL CREATE AN IMMERSIVE FIELD VISIT OPPORTUNITY FOR THE REGIONAL COHORTS TO UNDERSTAND THE COMMUNITY-SPECIFIC ISSUES IN ENVIRONMENTAL JUSTICE AND SUSTAINABILITY. IN THE NASHVILLE AREA, THE UNIVERSITY OF MEMPHIS WILL WORK WITH THE CUMBERLAND RIVER COMPACT AND HARPETH RIVER CONSERVANCY TO IDENTIFY NEEDS, ADVOCATE FOR ENVIRONMENTAL ISSUES, AND MENTOR TEACHERS. THE GREATER NASHVILLE REGIONAL COUNCIL WILL PROVIDE DATA, TECHNICAL SUPPORT, AND HELP IDENTIFY KEY ENVIRONMENTAL JUSTICE ISSUES RELATED TO COMMUNITY PLANNING. FOR THE MEMPHIS AREA, THEY WILL PARTNER WITH THE WORKS, INC. TO PROMOTE SUSTAINABLE PRACTICES THAT ADDRESS FLOODING AND FOOD DESERTS, AND CLEAN MEMPHIS TO SUPPORT ENVIRONMENTAL INITIATIVES. IN THE CHATTANOOGA AREA, DR. CAMP WILL WORK CLOSELY WITH THE THRIVE REGIONAL PARTNERSHIP TO GATHER DATA, IDENTIFY ENVIRONMENTAL JUSTICE ISSUES, AND PROVIDE MENTORING.
OUTCOMES:THE ANTICIPATED DELIVERABLES INCLUDE THE DEVELOPMENT OF AN ADAPTABLE AND TRANSFERABLE TRAINING CURRICULUM FOR USE ACROSS STATES; COMMUNITY MEMBERS BEING TRAINED FOR ACTIVE AND ENGAGING GOVERNMENT PARTICIPATION; AND COMMUNITY MEMBERS BEING TRAINED FOR ENVIRONMENTAL JUSTICE COLLABORATION AND DATA DRIVEN, COMMUNITY LED ACTION. THE EXPECTED OUTCOMES INCLUDE THE DEVELOPMENT OF A TOOLKIT FOR ENVIRONMENTAL JUSTICE ADVOCACY, INCREASED ACCESS TO GOVERNMENT ENTITIES ON MATTERS RELATING TO ENVIRONMENTAL JUSTICE, AND THE TRACKING OF EDUCATOR PROGRESS THROUGH ENGAGEMENT SURVEYS AND OUTREACH ACTIVITIES. THIS PROGRAM AIMS TO PRIORITIZE THESE AREAS OF GREATEST NEED, EACH OF WHICH HAS POPULATIONS EXCEEDING 50,000, IN COUNTIES ACCOUNTING FOR 28.86% OF TENNESSEANS LIVING IN DISADVANTAGED COMMUNITIES WITH HAMILTON COUNTY REPRESENTING EAST TENNESSEE, DAVIDSON COUNTY REPRESENTING MIDDLE TENNESSEE, AND SHELBY COUNTY REPRESENTING WEST TENNESSEE.",1875142,1875142,6129.720000000001,1869012.28,2025-03-25,"Program terminated, DOGE, End date cut short (USAspending), Senate committee list",N/A,N/A,2025-01-01T00:00:00Z,2028-12-31T00:00:00Z,Region 4 (Southeast),66.616,Environmental and Climate Justice Community Change Grants Program,EPA-R-OEJECR-OCS-23-04,Tennessee Educators of Color Alliance,TN,Nashville,TN-05,N/A,https://www.usaspending.gov/award/ASST_NON_03D30924_068/,N/A,N/A
03D31024,Disrupted,Terminated,Environmental and Climate Justice Community Change Grants Program award to Mdc Inc,"THIS ACTION APPROVES AN AWARD IN THE AMOUNT OF  $3,103,648.00 UNDER THE INFLATION REDUCTION ACT (IRA) TO MDC INC.  SPECIFICALLY, THE PROJECT WILL ENHANCE THE ABILITY, SKILLS, AND CONNECTIONS OF LATINES TO PARTICIPATE IN GOVERNMENT DECISIONS; CREATE ENGAGEMENT MECHANISMS THAT SUPPORT TWO-WAY COMMUNICATION CHANNELS BETWEEN COMMUNITY MEMBERS AND GOVERNMENT DECISION-MAKERS TO ENSURE THAT COMMUNITY NEEDS INFORM DECISION-MAKING PROCESSES AND PUBLIC INFORMATION SHARING AND ANALYZE AND SYNTHESIZE EMPIRICAL DATA REGARDING THE IMPACT OF CLIMATE DISASTERS IN LATINE COMMUNITIES IN DUPLIN AND SURROUNDING COUNTIES..ACTIVITIES:THE ACTIVITIES TO BE PERFORMED INCLUDE THE FOLLOWING: EDUCATION AND CAPACITY BUILDING: 6 DAY-LONG TRAININGS ON CLIMATE CHANGE AND ENVIRONMENTAL JUSTICE, COMMUNITY ORGANIZING, AND ADVOCACY FOR 30 STAFF AND CONSTITUENTS OF GRASSROOTS COMMUNITY-BASED ORGANIZATIONS (CBOS) PER YEAR AND POLICY CAMPAIGN COORDINATION FOR ENVIRONMENTAL JUSTICE ENGAGEMENT BETWEEN BLACK AND BROWN ORGANIZATIONS; FACILITATE ASSESSMENT OF A TRAIN-THE-TRAINER MODEL FOR FUTURE WORKSHOPS AND POSSIBLE PEER NETWORKS AGREEMENT. RESEARCH: REPORT EVALUATING THE LEVELS AND MECHANISMS FOR INCLUSION OF LATINES IN OFFICIAL EMERGENCY MANAGEMENT AND HAZARD MITIGATION PLANS FOR SELECTED EASTERN NC COUNTIES AND REPORT IDENTIFYING ADMINISTRATIVE AND LEGISLATIVE POLICY OPPORTUNITIES TO INCREASE INCLUSION IN PUBLIC PROCESSES AND EQUITY IN ENVIRONMENTAL JUSTICE OUTCOMES PRESENT FINDINGS AT STATE AND NATIONAL CONFERENCE; INCLUSION AND ADVOCACY: CONDUCT ENGAGEMENT CAMPAIGN MATCHMAKING BETWEEN ADVISORY BODIES AND COMMUNITY MEMBERS, PRESENTATIONS TO RELEVANT BOARDS (GOVERNOR'S ENVIRONMENTAL JUSTICE ADVISORY BOARD, NORTH CAROLINA RURAL SUMMIT, FUNDERS' NETWORKS).

SUBRECIPIENT:ACTIVITIES TO BE IMPLEMENTED THROUGH SUBAWARDS INCLUDE BUT ARE NOT LIMITED TO THE FOLLOWING: IDENTIFY AND PROVIDE TECHNICAL ASSISTANCE TO COMMUNITY-BASED ORGANIZATIONS AND
THEIR COMMUNITY MEMBERS; CONDUCT COMPETITIVE PROCUREMENT PROCESS AND CONTRACT WITH SPECIALIZED ENVIRONMENTAL JUSTICE ACADEMY FACILITATORS: DEVELOP ENVIRONMENTAL JUSTICE ACADEMY CURRICULUM OUT OF EXISTING WORK, IN PARTNERSHIP WITH SPECIALIZED CONTRACTED FACILITATORS; ORGANIZE AND CONVENE LEARNING COHORT SESSIONS CONTRACTED FACILITATORS; AND LEAD RESEARCH PARTNERSHIPS.
OUTCOMES:THE ANTICIPATED DELIVERABLES INCLUDE BUT ARE NOT LIMITED TO RECRUITMENT OF COMMUNITY LEADERS BY CBOS, DELIVERY OF ENVIRONMENTAL JUSTICE ACADEMY, ORGANIZATIONAL CAPACITY BUILDING TRAININGS FOR CBOS, POWER MAPPING, RELATIONSHIP BROKERING: BOARD APPLICATION SUPPORT, FACILITATED POWER SHARE SPACES, FOCUS GROUPS, RESEARCH REPORT ON LEVELS/MECHANISMS OF INCLUSION, GEOSPATIAL DATABASE DEVELOPMENT AND MAINTENANCE, DEVELOPMENT OF COMMUNITY-LED EQUITY ACTION PLANS, ASSESSMENT OF TRAIN-THE-TRAINER MODEL, OUTREACH TO BLACK-LED ENVIRONMENTAL JUSTICE CBOS, PRESENTATION OF FINDINGS STATE/NATIONAL CONFERENCE, QUARTERLY PROJECT LEADERSHIP/ACCOUNTABILITY MEETINGS. THE EXPECTED OUTCOMES INCLUDE: INCREASED KNOWLEDGE AND CHANGED ATTITUDES MEASURED USING PRE/POST TESTING AND/OR INTERVIEWS WITH WORKSHOP PARTICIPANTS: CLIMATE CHANGE AND ENVIRONMENTAL JUSTICE, LOCAL EMERGENCY PLANNING, AND ORGANIZING AND ADVOCACY SKILLS; COMMUNITY MEMBERS BECOME MORE INVOLVED WITH GOVERNMENT DECISIONS THAT AFFECT THEIR COMMUNITIES THROUGH INCREASED INVOLVEMENT OF LATINE-LED CBOS IN PUBLIC COMMENT PERIODS AND INVITED PRESENTATION; STRONGER RELATIONSHIPS AND TRUST BETWEEN DISADVANTAGED COMMUNITIES AND GOVERNMENT ENTITIES ON MATTERS RELATING TO ENVIRONMENTAL PROTECTION DOCUMENTED THROUGH IMPROVED EMERGENCY PLANS AND PRACTICES TO BETTER SERVE LATINE COMMUNITIES; MULTIRACIAL AND MULTIGENERATIONAL COALITION
OF ADVOCATES WORKING TO IMPROVE ENVIRONMENTAL JUSTICE ISSUES IN EASTERN NORTH CAROLINA.  THE INTENDED BENEFICIARIES ARE DISADVANTAGED COMMUNITIES.",3103648,3103648,8001.800000000047,3095646.2,2025-03-25,"Program terminated, DOGE, End date cut short (USAspending), Senate committee list",N/A,N/A,2025-01-01T00:00:00Z,2027-12-31T00:00:00Z,Region 4 (Southeast),66.616,Environmental and Climate Justice Community Change Grants Program,EPA-R-OEJECR-OCS-23-04,Mdc Inc,NC,Durham,NC-04,N/A,https://www.usaspending.gov/award/ASST_NON_03D31024_068/,N/A,N/A
03D33825,Disrupted,Terminated,Environmental and Climate Justice Community Change Grants Program award to 2 Cmississippi Towards Sustainable Educated and Empowered Mississippi,"THIS AGREEMENT APPROVES FUNDING IN THE AMOUNT OF $19,889,515 UNDER THE INFLATION REDUCTION ACT (IRA) TO 2C MISSISSIPPI: TOWARDS SUSTAINABLE, EDUCATED, AND EMPOWERED MISSISSIPPI. SPECIFICALLY, THE PROJECT WILL CONSTRUCT THE FIRST RESILIENCY HISTORICALLY UNDERUTILIZED BUSINESS (HUB) IN JACKSON, WHICH WILL PROVIDE SHELTER, DRINKING WATER, ELECTRICITY, AND SOCIAL SUPPORT IN TIMES OF SYSTEM FAILURE, WHILE SERVING AS AN INSTITUTION WITH EVERYDAY SERVICES FOR COMMUNITY EVENTS, SERVICES, AND EDUCATION. THIS PROJECT AIMS TO SERVE AS THE LEAD EXAMPLE FOR A FUTURE NETWORK OF RESILIENCY HUBS THROUGHOUT MISSISSIPPI.

ACTIVITIES:THE ACTIVITIES INCLUDE BUT ARE NOT LIMITED TO THE FOLLOWING: RENOVATION AND UPGRADES TO 35,000 SQ. FEET OF PUBLIC SPACE, EQUIP EMERGENCY WING FOR OVERNIGHT STAY WITH EQUIPMENT AND SUPPLIES, INSTALL BACKUP GENERATOR, PROVIDE SELF-HELP AND WELLNESS EDUCATION, PROVIDE SPACE FOR WORKFORCE READINESS TRAINING, PROVIDE LITERACY AND PARENTAL TRAINING, PROVIDE FINANCIAL MANAGEMENT AND BUDGET COUNSELING; MORTGAGE; NON-DELINQUENCY POST-PURCHASE WORKSHOPS FOR HOMEOWNERS; PRE-PURCHASE COUNSELING; DISTRIBUTE FOOD THROUGH FOOD PANTRY; PLANT TREES AND NATIVE SPECIES OF SHRUBS AND GROUND COVER; INSTALL SOLAR PANELS AND RAIN GARDENS, PROVIDE SPACE TO RECYCLE BATTERY AND PRINTER CARTRIDGES AND INSTALL COLLECTION RAIN BARRELS AND WATER WELLS. 

SUBRECIPIENT:ACTIVITIES WILL INCLUDE CO-DESIGNING THE RESILIENCY HUB WITH THE LEAD APPLICANT AND STATUTORY PARTNER; HOSTING EMERGENCY RESPONSE, WORKFORCE DEVELOPMENT, CLIMATE RISK, AND OTHER TRAININGS AT THE HUB; AND EXECUTING EMERGENCY RESPONSE ACTIVITIES.OUTCOMES:THE ANTICIPATED DELIVERABLES INCLUDE BUT ARE NOT LIMITED TO THE FOLLOWING: RENOVATION OF RESILIENCY HUB, TRAININGS, OUTREACH, WORKSHOPS; A SOLAR MICROGRID AND BATTERY SYSTEM, ELECTRONIC WASTE RECYCLING, WATER WELL AND RAIN BARREL INSTALLATIONS. THE EXPECTED OUTCOMES INCLUDE INCREASED BUILDING CAPACITY FOR SHELTER, COMMUNITY RESILIENCY, INCREASED KNOWLEDGE OF HEALTH, WEALTH, LITERACY, PARENTAL CARE AND WORKFORCE DEVELOPMENT FOR COMMUNITY MEMBERS. THE INTENDED BENEFICIARIES ARE DISADVANTAGED COMMUNITIES IN THE AREA..",19889515,19889515,0,19889515,2025-03-25,"Program terminated, DOGE, End date cut short (USAspending), Senate committee list",N/A,N/A,2025-03-01T00:00:00Z,2028-02-29T00:00:00Z,Region 4 (Southeast),66.616,Environmental and Climate Justice Community Change Grants Program,EPA-R-OEJECR-OCS-23-04,2 Cmississippi Towards Sustainable Educated and Empowered Mississippi,MS,Ridgeland,MS-03,N/A,https://www.usaspending.gov/award/ASST_NON_03D33825_068/,N/A,N/A
13746193,Disrupted,Terminated,Surveys Studies Investigations Training and Special Purpose Activities Relating to Environmental Justice award to Research Triangle Institute,"THIS ACTION PROVIDES FUNDING IN THE AMOUNT OF $3,000,000 FOR RESEARCH TRIANGLE INSTITUTE (RTI) TO PROVIDE MEANINGFUL ENGAGEMENT TO UNDERSERVED COMMUNITIES IN THE SOUTHEAST REGION OF THE UNITED STATES (REGION 4). THE ACTIVITIES TO BE PERFORMED UNDER THIS GRANT INCLUDE IDENTIFYING ENVIRONMENTAL AND ENERGY JUSTICE ISSUES, INCLUDING GEOGRAPHICAL ANALYSES USING GIS, AIR AND WATER QUALITY MONITORING, PERSONAL EXPOSURE ANALYSES, CLIMATE RESILIENCE ANALYSES, AND ENERGY POLICY IMPACT ASSESSMENTS. ADDITIONAL ACTIVITIES TO BE PERFORMED UNDER THIS GRANT ARE TO ASSIST PROGRAM PARTICIPANTS WITH NAVIGATING GOVERNMENT SYSTEMS, IDENTIFYING GRANT OPPORTUNITIES, APPLYING FOR GRANTS, AND MANAGING GRANTS. THE ANTICIPATED DELIVERABLES INCLUDE DOCUMENTATION FROM OUTREACH EFFORTS UNDERTAKEN, DESCRIPTIONS OF SERVICES PROVIDED, NUMBER OF PROGRAM PARTICIPANTS, TOOLS DEVELOPED, REPORTS ON FEEDBACK FROM PROGRAM PARTICIPANTS, PROGRAM EVALUATIONS, NUMBER OF IMPROVEMENTS MADE TO AN ENVIRONMENTAL JUSTICE THRIVING COMMUNITIES TECHNICAL ASSISTANCE CENTERS (EJ TCTAC), AND THE NUMBER OF CLEAN ENERGY DEMONSTRATION OPPORTUNITIES IDENTIFIED. THE EXPECTED OUTCOMES INCLUDE INCREASED AWARENESS, KNOWLEDGE AND UNDERSTANDING OF GRANT AMONG UNDERSERVED COMMUNITIES, INCREASED ACCESS TO GRANT WRITING AND MANAGEMENT RESOURCES, AND AN INCREASE TO THE NUMBER AND QUALITY OF APPLICATIONS FOR FUNDING RELATED TO ENVIRONMENTAL AND ENERGY JUSTICE FROM UNDERSERVED COMMUNITIES IN THE SOUTHEAST REGION. THE INTENDED BENEFICIARIES INCLUDE COMMUNITIES THROUGHOUT EACH OF THE REGION 4 STATES: (AL, FL, GA, KY, MS, NC, SC, TN). THE OUTCOMES OF THIS PROJECT WILL INCLUDE THE INCREASED GRANT WRITING CAPACITY, INCREASED COMMUNITY ENGAGEMENT, AND INCREASED PRODUCE YIELDED FROM THE GARDEN TO BENEFIT THE UNDERSERVED COMMUNITIES IN THE JACKSON, MISSISSIPPI AREA. 
THE INFLATION REDUCTION ACT (IRA) TECHNICAL ASSISTANCE (TA) FUNDS ISSUED TO THE ENTER NAME OF TCTAC ARE SPECIFICALLY FOR THE EJ TCTAC TO COORDINATE AND COLLABORATE WITH THE ENVIRONMENTAL JUSTICE THRIVING COMMUNITIES GRANTMAKING PROGRAM RECIPIENTS (GRANTMAKERS) AND/OR PROVIDE ADDITIONAL TECHNICAL ASSISTANCE AND SUPPORT TO APPLICANTS AND SUBGRANTEE RECIPIENTS FUNDED THROUGH THE GRANTMAKER PROGRAM. THE GRANTMAKERS ARE CONSIDERED TECHNICAL ASSISTANCE PROVIDERS, WHO PROVIDE FUNDING AS WELL AS TECHNICAL ASSISTANCE TO APPLICANTS AND SUBGRANTEE RECIPIENTS ADDRESSING ENVIRONMENTAL CONCERNS OF DISADVANTAGED COMMUNITIES. PER THE EJ TCTAC REQUEST FOR APPLICATIONS (RFA), FUNDING OPPORTUNITY NUMBER EPA-I-OP-OEJ-22-02, THE EJ TCTACS ARE EXPECTED TO COORDINATE WITH OTHER TECHNICAL ASSISTANCE PROVIDERS OVER THE PROJECT PERIOD.ACTIVITIES:THE ACTIVITIES TO BE PERFORMED UNDER THIS GRANT INCLUDE IDENTIFYING ENVIRONMENTAL AND ENERGY JUSTICE ISSUES, INCLUDING GEOGRAPHICAL ANALYSES USING GIS, AIR AND WATER QUALITY MONITORING, PERSONAL EXPOSURE ANALYSES, CLIMATE RESILIENCE ANALYSES, AND ENERGY POLICY IMPACT ASSESSMENTS. ADDITIONAL ACTIVITIES TO BE PERFORMED UNDER THIS GRANT ARE TO ASSIST PROGRAM PARTICIPANTS WITH NAVIGATING GOVERNMENT SYSTEMS, IDENTIFYING GRANT OPPORTUNITIES, APPLYING FOR GRANTS, AND MANAGING GRANTS. RTI WILL FACILITATE COMMUNITY ENGAGEMENT AND PARTNERSHIP BUILDING TO ADDRESS ENVIRONMENTAL AND ENERGY JUSTICE ISSUES. RTI WILL PROVIDE TRANSLATION AND INTERPRETATION SERVICES WITH RESPECT TO GRANT PROGRAM AWARENESS AND APPLICATION, AWARD, AND MANAGEMENT PROCESSES TO PROVIDE PROGRAM PARTICIPANTS A MEANINGFUL OPPORTUNITY TO PARTICIPATE IN ENVIRONMENTAL AND ENERGY JUSTICE EFFORTS. RTI WILL FACILITATE FORMAL HANDS-ON TRAINING TO BUILD CAPACITY, INCLUDING STRENGTHENING HUMAN CAPITAL TO FOCUS ON ENVIRONMENTAL JUSTICE AND ENERGY JUSTICE ISSUES AND FOSTERING THIRD-PARTY 'COMMUNITY CHAMPIONS' (E.G., COMMUNITY ADVOCATES AND VOLUNTEER LEADERS) TO ENGAGE IN DECISION-MAKING PROCESS SO THEY WILL BE IN A STRENGTHENED POSITION TO PARTICIPATE IN ENVIRONMENTAL AND ENERGY JUSTICE PROGRAMS AND ADDRESS RELATED CHALLENGES.
SUBRECIPIENT:THE SUB-AWARDE",9000000,9000000,0,9000000,2025-03-25,"Program terminated, End date cut short (USAspending), Senate committee list",N/A,N/A,2023-03-01T00:00:00Z,2028-02-29T00:00:00Z,Region 4 (Southeast),66.309,Surveys Studies Investigations Training and Special Purpose Activities Relating to Environmental Justice,EPA-I-OP-OEJ-22-02,Research Triangle Institute,NC,Research Triangle Park,NC-04,N/A,https://www.usaspending.gov/award/ASST_NON_13746193_068/,N/A,N/A
84003201,Disrupted,Terminated,Integrating Chips with Rapid Analytics,This project will establish methods within a risk based decision framework for using new approach methodologies NAMs by integrating new biological i e tissue chips analytical and computational modeling methods for data driven In Vitro ndash In Vivo Extrapolations IVIVE The data driven toxicokinetic modeling developed will be tested with a wide range of chemical compounds and chemical mixtures devised to model realistic real world exposures Activities This research aims to integrate newly validated biological assays microphysiological systems of the liver kidney and gut with demonstrated analytical ion mobility spectrometry mass spectrometry IMS MS method and to couple them with a recently developed database of thousands of environmental chemicals Consistent with the statutory activities above this project will allow for refined data driven IVIVE in vitro to in vivo extrapolations further improve risk based decisions on environmental chemicals and mixtures and allow for more robust and standardized new approach methodologies NAMs This project relates to Toxic Substances Control Act TSCA section a conduct research development and monitoring as necessary Outcomes This grant provides financial assistance to the Texas A amp M University to implement its own project to further develop improved High Throughput Screening methods In particular the integrated set of novel biological assays i e tissue chips analytical techniques i e IMS MS and computational methods that result will be used to enable high fidelity data driven toxicokinetic models for use in predictive chemical screens Direct Beneficiaries of this program include the general public who will benefit from improved chemical safety decisions and scientists and risk assessors who will have access to better faster and more informative testing of chemical substances Subrecipient,799993,799993,796855.32,3137.680000000051,2025-05-02,"Program terminated, DOGE, End date cut short (USAspending)",N/A,N/A,2020-08-01T00:00:00Z,2025-07-31T00:00:00Z,Office of Research and Development,66.509,Science to Achieve Results Star Research Program,EPA-G2019-STAR-D1,Texas a m University,TX,College Station,TX-10,State Institution of Higher Learning,https://www.usaspending.gov/award/ASST_NON_84003201_068/,https://enviro.epa.gov/envirofacts/nggs/report?grantId=84003201,N/A
84045001,Disrupted,Terminated,A Tiered Hybrid Experimental-Computational Strategy for Rapid Risk Assessment of Complex Environmental Mixtures Using Novel Analytical.,The overall goal of this project is to ensure timely risk based assessment of mixtures and unknown variable composition or biological substances UVCBs that ensures human health protection from the toxicity of known and unknown components Activities The research team will evaluate the composition and hazards of chemical mixtures and unknown variable composition or biological substances UVCBs through integration of novel toxicological analytical and modeling methods The objectives are to 1 group chemical mixture components for hazard assessment by integrating multi phenotype and multi tissue bioactivity data from a collection of human induced pluripotent stem cell derived cells 2 prioritize components in whole mixtures or UVCBs most likely to contribute to joint toxicity through development of mediation and interaction methods integrating novel analytical and in vitro bioactivity data 3 predict joint toxicity of whole or defined mixtures and UVCBs through development of probabilistic additivity models of grouped and prioritized components and 4 demonstrate the integration of the proposed exposure toxicological and modeling methods into a tiered hybrid experimental computational strategy for rapid risk assessment of complex environmental mixtures or UVCBs Outcomes Deliverables include annual and final reports as well as a suite of analytical in vitro and computational methods and tools that can be applied in a tiered strategy for rapid quantitative characterization of the composition and hazards of complex environmental mixtures and UVCBs Direct beneficiaries of this research include communities affected by chemical re distribution following natural disasters human health the environment and the general public Subrecipient Personnel at North Carolina State University will contribute to the statistical modeling and the analysis of data from this grant Specific tasks will include Maintenance of data for NC State investigators including phenotypes covariates dose response profiles and the IMS MS data Development of novel statistical modeling to measure the interaction of the components in whole mixtures Performing the mediation analysis and predicting joint toxicity of whole or defined mixtures Providing intermediate analyzed datasets for public repositories and to provide to collaborators for further downstream analyses,750000,750000,623447.03,126552.96999999997,2025-05-02,"Program terminated, DOGE, End date cut short (USAspending)",N/A,N/A,2022-09-01T00:00:00Z,2025-08-31T00:00:00Z,Office of Research and Development,66.509,Science to Achieve Results Star Research Program,EPA-G2022-STAR-A1,Texas a m,TX,College Station,TX-10,State Institution of Higher Learning,https://www.usaspending.gov/award/ASST_NON_84045001_068/,https://enviro.epa.gov/envirofacts/nggs/report?grantId=84045001,N/A
84046501,Disrupted,Terminated,Valuing Water Quality Improvements in Nationwide Ecosystems: Total Value Based on the Biological Condition Gradient,The study seeks to provide insight on the extent of the market willingness to pay WTP and distance decay in representative watersheds within each of the nine ecoregions of the US The project also seeks to develop data and models to quantify a ldquo Biological Condition Gradient BCG rdquo in watersheds by using stated and revealed preference surveys across the country Biological index data from state tribal and local environmental agencies will be assembled to predict place specific baseline BCG scores and integrate these into the survey protocols Once completed the researchers will apply the benefit functions from surveys in a national Integrated Assessment Modeling IAM framework to consider the efficiency and distributional consequences of potential policy actions Activities The research will first expand the assessment of baseline biological condition gradient conditions to a nationwide scale which will allow the research team to adapt the survey instrument to measure and compare total values for major ecoregions across the country including regions that are underrepresented in the body of prior valuation research Second the team will supplement the stated preference estimates of total value with revealed preference recreation demand estimates Last the team will incorporate a nationwide BCG valuation module into their ongoing Integrated Assessment Model development work that aims to provide broadscale water quality valuation capabilities Outcomes The research will generate scientific knowledge and production of estimates that may contribute to cost benefit analyses and more efficient public policy Outputs from the project include a valuation framework to recover scientifically valid estimates of the economic benefits of surface water quality improvements at nationwide locations and an integrated assessment module to allow prediction of the total benefits environmental  consequences and other distributional features of specific water quality policies Deliverables include research papers conference presentations policy briefings and informal updates Intended beneficiaries include state tribal and local environmental agencies environmental economists and the public Subrecipient University of Minnesota PI Finlay and Researcher Dolph will be working on all objectives of the project PI Finlay will advise on the study design interpret for lay audiences and supervise the project Researcher Dolph will oversee assembly and compilation of datasets co supervise the UW PhD student conduct analyses assist in summarization for lay audiences and author peer reviewed research for publication Iowa State University Dr Ji will collaborate with the research team in the development and implementation of the proposed nationwide non market valuation survey especially the revealed preference part This includes such tasks as developing survey questions writing and implementing the online survey data analysis and writing research results University of Massachusetts PI Kaiser will contribute to the study design oversee efforts to use results from the studies to update an national integrated assessment model University of Tennessee PI Vossler will assist with the development and implementation of the proposal nation wide survey data analysis and writing the research results He will also aid with efforts to obtain IRB approval for human subjects research Cornell PI Kling will assist in survey design focus groups and survey implementation She will work with team members to provide needed linkages between the survey results and modules of the Integrated Assessment Model She is not requesting any funds from this project,741864,741864,282390.56999999995,459473.43000000005,2025-05-02,"Program terminated, DOGE, End date cut short (USAspending)",N/A,N/A,2022-09-01T00:00:00Z,2027-01-31T00:00:00Z,Office of Research and Development,66.509,Science to Achieve Results Star Research Program,EPA-G2022-STAR-D1,Univ of Wisconsin System Un of Wi Madison Dba Research Sponsored Programs,WI,Madison,WI-02,State Institution of Higher Learning,https://www.usaspending.gov/award/ASST_NON_84046501_068/,https://enviro.epa.gov/envirofacts/nggs/report?grantId=84046501,N/A
84046601,Disrupted,Terminated,Estimating the Missing Benefits of Water Quality by Nesting Recreation Demand and Hedonic Modeling,This project focuses on developing models to determine the impacts of water quality changes on property values by studying three larger somewhat understudied bodies of water including Puget Sound Long Island Sound and the Texas Gulf Coast Activities The research team will implement a two stage econometric model of recreation and housing demand to evaluate the recreational and amenity value of water quality changes in the three regions The team will also compare estimates across waterbody types regions and socioeconomic characteristics of property owners and recreators Outcomes The team will produce regional water quality valuation estimates for three under studied regions at least three peer reviewed journal articles at least six scholarly presentations two doctoral dissertations and broad dissemination of results via policy oriented publications presentations and social media Beneficiaries include the public state and local regulators water quality program managers and communities surrounding Puget Sound Long Island Sound and the Texas Gulf Coast Subrecipient Subaward 1 University of Maryland Baltimore Country Activities will include collaborating with the other PIs to collect data on water quality recreation behavior and housing markets from four major US coastal areas estimating a two stage econometric model to quantify capitalization effects of both local and recreational water quality improvements in these regions preparing manuscripts detailing the research approach and results and presenting results to USEPA and at academic conferences Subaward 2 University of Illinois at Urbana Champaign Activities will include collecting data on water quality recreation activity and housing markets for four major U S coastal areas estimating a two stage econometric model to estimate the benefits of ambient water quality improvements preparing academic manuscripts and presenting results at academic conferences,741054,741054,555712.3099999999,185341.69000000006,2025-05-02,"Program terminated, DOGE, End date cut short (USAspending)",N/A,N/A,2022-09-01T00:00:00Z,2027-08-31T00:00:00Z,Office of Research and Development,66.509,Science to Achieve Results Star Research Program,EPA-G2022-STAR-D1,University of Texas at Austin,TX,Austin,TX-25,State Institution of Higher Learning,https://www.usaspending.gov/award/ASST_NON_84046601_068/,https://enviro.epa.gov/envirofacts/nggs/report?grantId=84046601,N/A
84048601,Disrupted,Terminated,"Leveraging a Public School District and Schoolyard Spaces to Confront Climate Health Inequities in a Low-Income, Urban Community of Color",The goal of the project is to leverage the Milwaukee Public Schools district personnel and facilities to build community resilience against adverse impacts of climate change on air pollution levels and reduce environmental health inequities in Milwaukee and other communities Activities The project will 1 engage Milwaukee Public School students staff and families in a climate change and health curriculum and dialogue focused on the health impacts of global climate change and how students staff and families can support implementation of the Milwaukee Climate and Equity Plan in order to safeguard community health and 2 quantify the impact of MPS schoolyard greening as an effective community based solution to mitigate climate impacts on heat exposure air pollution educational engagement and achievement and mental emotional health and well being Outcomes Deliverables include annual and final research reports as well as an evidence based curriculum to support teachers in teaching climate health equity in K 12 schools and scientific evidence of the impact of schoolyard greening on climate health among low income urban minority children Expected outcomes include improved health and well being of low income urban minority school age children and environmental equity in Milwaukee area and other underserved communities Direct beneficiaries are teachers and students in Milwaukee public schools public health professionals and state and local environmental managers Subrecipient Milwaukee Public Schools 435 000 will review and implement the climate  resolution curriculum with teachers across grade levels and content areas MPS will provide professional development for teachers provide teachers with coaching on the climate  curriculum and support teachers in the classroom on using the curriculum and resources effectively,1349999,1349999,689553.5599999999,660445.4400000001,2025-05-02,"Program terminated, DOGE, End date cut short (USAspending)",N/A,N/A,2022-09-01T00:00:00Z,2026-08-31T00:00:00Z,Office of Research and Development,66.509,Science to Achieve Results Star Research Program,EPA-G2021-STAR-H1,The Medical College of Wisconsin Inc,WI,Milwaukee,WI-04,Private University,https://www.usaspending.gov/award/ASST_NON_84048601_068/,https://enviro.epa.gov/envirofacts/nggs/report?grantId=84048601,N/A
84055401,Disrupted,Terminated,Quantification and Modeling of Perchlorate Impacts from Fireworks on Drinking Water Sources,This project aims to evaluate the relative impacts of perchlorate from fireworks on surface drinking water sources and groundwater drinking sources across the US by measuring perchlorate at six sites two rivers three lakes and a groundwater site during July 4th events as well as periodic firework displays from baseball stadiums on the two rivers selected Seven specific objectives will be addressed through a combination of field and laboratory studies combined with modeling efforts to fill critical knowledge gaps Activities Drinking water sources in the watersheds will be evaluated before and after major periods of fireworks and during subsequent rain events In addition to measuring the perchlorate inputs due to runoff or infiltration the research will also measure the direct deposition into water bodies Aerial deposition will be measured by limited direct air and deposition sampling at some sites To expand the reach of the study additional samples will be requested from CASTNET and NADP two existing sampling networks and the project will also include nation wide surveys of public water supply intakes before and after periods of fireworks All chemical physical and biological observations from the six sites will be integrated into a widely applied watershed model Soil and Water Assessment Tool SWAT which will expand the tool rsquo s ability to assess the impact of firework driven perchlorate emissions Outcomes Anticipated deliverables include new information and data on 1 concentrations masses attenuation rates of perchlorate from fireworks use in diverse surface waters as well as relative contributions from commercial displays and public use and direct inputs and indirect from runoff 2 deposition rates aerial extents and local and regional impacts of perchlorate deposition 3 the relationship between density of fireworks use mass or cost population and resultant residual perchlorate that enters the environment 4 the biological attenuation rate as a function of the characteristics of water sources and 5 the impact of fireworks use on groundwater resources Additional outputs include refined and calibrated models to evaluate perchlorate input and fate in surface water resources a national survey of the impact of perchlorate in drinking water sources identification of key predictive variables to predict perchlorate impact and development of a screening tool to evaluate impacts Potential beneficiaries of this program include drinking water utilities as well as state and local governments and communities whose drinking water is affected by pollution from the use of fireworks Subrecipient Penn State University 620 000 Subaward for 1 sampling of the Pittsburgh location and 2 model development and validation Objectives 5 6 and 7 Georgia State University 174 165 Subaward for 1 sampling the Atlanta location and 2 model development Objectives 1 5 and 6 University of California Berkley 375 098 Subaward for 1 sampling the Lake Tahoe location and 2 studies on perchlorate reduction University of Delaware 319 999 Subaward for 1 sampling the Massachusetts location and 2 stable isotope analyses Objectives 4 and 5 University of Nevada Las Vegas 329 985 Subaward for 1 sampling the Las Vegas location and 2 studies on Air Deposition Citizen Scientist Lake Survey Lake Modeling Objectives 1 2 and 6,2499579,2499579,724539.7799999999,1775039.2200000002,2025-05-02,"Program terminated, DOGE, End date cut short (USAspending)",N/A,N/A,2023-05-01T00:00:00Z,2026-04-30T00:00:00Z,Office of Research and Development,66.509,Science to Achieve Results Star Research Program,EPA-G2022-STAR-I1,Texas Tech University,TX,Lubbock,TX-19,State Institution of Higher Learning,https://www.usaspending.gov/award/ASST_NON_84055401_068/,https://enviro.epa.gov/envirofacts/nggs/report?grantId=84055401,N/A
84056701,Disrupted,Terminated,"Evaluating the Environmental, Behavioral, and Financial Benefits of Electrification and Energy Efficiency for Underserved Communities",The goals of this project are to 1 investigate how electrifying and weatherizing homes reduces energy usage while providing energy security ameliorating the indoor air quality of residential dwellings and improving comfort and productivity of occupants and 2 identify the barriers to adopting electrification and weatherization in low income homes Activities The project will focus on the tri state ten county area of Greater Cincinnati and will 1 analyze the effects of combined electrification and energy efficiency and energy efficiency alone on household energy consumption security and behavior in low income multifamily dwelling units 2 estimate the benefits of electrification and energy efficiency technologies on indoor air pollution emissions in low income multifamily dwelling units and 3 evaluate the factors that drive and inhibit household municipal and regional decisions about whether to adopt electrification and energy efficient technologies respectively and to do so specifically for underserved populations Outcomes Deliverables include annual progress and final reports as well as journal publications documenting the research findings The expected outcomes include extensive socioeconomic and behavioral insights that can be used to understand and advance the diffusion of low carbon and efficient technologies among low income households Direct beneficiaries include multifamily home residents in underserved communities in Cincinnati OH local governments and the general public Subrecipient Subawardee Indiana University 278 190 will lead the design implementation and analysis of the household surveys and energy diaries Subawardee Carnegie Mellon University CMU 129 674 will lead the analysis of the energy efficiency benefits of electrification and weatherization CMU will also lead the analysis of air quality changes after electrification Subawardee Over the Rhine Community Housing OTRCH 466 800 will support the project by leading the building and unit selection as well as tenant recruitment and ongoing engagement efforts OTRCH will also conduct the procurement process to secure contractors to complete building interventions and oversee the execution of the work,1124959,1124959,332909.19999999995,792049.8,2025-05-02,"Program terminated, DOGE, End date cut short (USAspending)",N/A,N/A,2023-07-01T00:00:00Z,2026-06-30T00:00:00Z,Office of Research and Development,66.509,Science to Achieve Results Star Research Program,EPA-G2022-STAR-F1,Green Umbrella,OH,Cincinnati,OH-01,Not for Profit,https://www.usaspending.gov/award/ASST_NON_84056701_068/,https://enviro.epa.gov/envirofacts/nggs/report?grantId=84056701,N/A
84056901,Disrupted,Terminated,Implementation of Cost-Effective Techniques for the Monitoring &amp; Reduction of Indoor Air Pollutant Exposures in Classroom Environments through a Service-Learning Framework,The purpose of this project is to monitor indoor concentrations of particulate matter volatile organic compounds VOCs carbon dioxide CO2 ozone O3 and airborne pathogens in a classroom setting utilizing inexpensive cloud based air quality sensors This project also aims to design and introduce a non invasive indoor air pollutant solution to mitigate exposure Activities The specific objectives are to 1 examine exposure to indoor air pollutants employing cost effective approaches for observation in real time 2 evaluate classroom pollutant data to record pollution source and loss processes 3 employ a viable engineering design process to develop a cost effective mitigation strategy based on portable air filtration technology 4 compare air filtered by the newly developed strategies with unfiltered air to compile multipollutant datasets and 5 implement new service learning opportunities for students to learn Outcomes Deliverables of this project include a final report and the development of a cost efficient framework for indoor air pollutant monitoring and mitigation using modular portable air filtration devices Direct beneficiaries of this project include Lafayette Indiana school faculty and students human health the environment and the general public Subrecipient No subawards are included in this assistance agreement,24131,24131,24131,0,2025-04-23,"Program terminated, DOGE, End date cut short (USAspending)",N/A,N/A,2023-08-01T00:00:00Z,2025-07-31T00:00:00Z,Office of Research and Development,66.516,P 3 Award National Student Design Competition for Sustainability,EPA-G2022-P3-Q1,Purdue University,IN,West Lafayette,IN-04,State Institution of Higher Learning,https://www.usaspending.gov/award/ASST_NON_84056901_068/,https://enviro.epa.gov/envirofacts/nggs/report?grantId=84056901,N/A
84061801,Disrupted,Terminated,Development of Innovative Monitoring and Analysis Strategies for Rural Enhanced Aquifer Recharge Structures,This project aims to evaluate several methods of modification of rural basins to enhance recharge while monitoring the efficacy of each approach Activities In partnership with the local stakeholders and the site owner City of Ada OK this project will employ microbiological geochemical sedimentological groundwater gas monitoring geophysical and groundwater modeling tools to test the effectiveness and impacts of rural EAR structures to determine if these structures can be deployed as part of rural land management strategies to safely increase groundwater supplies in fractured and karstic aquifers Outcomes Deliverables include a guidance document for the siting and assessment of rural EAR as well as a literature review and monitoring tools developed to manage recharge pulses through fractured and karstic aquifers and guidance on monitoring biogeochemical changes The outcomes include providing land and water managers the ability to safely and economically implement rural EAR The beneficiaries include residents of Oklahoma whose water supply comes from Arbuckle Simpson Aquifer local and tribal government industrial and agricultural users the aquatic environment of connected streams and the general public Subrecipient Texas State University 443 592 will contribute to the Groundwater Model and Gas Transport Development Task E including travel to research sites and project meetings East Central University Oka Institute 294 482 will contribute to the Collaboration and Engagement Plan host the stakeholder meetings and manage the marketing and educational product development,1991613,1991613,591442.6100000001,1400170.39,2025-05-02,"Program terminated, DOGE, End date cut short (USAspending)",N/A,N/A,2023-08-01T00:00:00Z,2026-07-31T00:00:00Z,Office of Research and Development,66.509,Science to Achieve Results Star Research Program,EPA-G2022-STAR-J1,Oklahoma State University,OK,Stillwater,OK-03,State Institution of Higher Learning,https://www.usaspending.gov/award/ASST_NON_84061801_068/,https://enviro.epa.gov/envirofacts/nggs/report?grantId=84061801,N/A
84063101,Disrupted,Terminated,Integrating and Informing Actionable Agricultural Community Tools (II-ACT): Using Risk-Based Approaches for Evaluating Cumulative Early Life Environmental Stressors,The purpose of this project is to develop an exposome based approach that characterizes chemical and non chemical stressors to provide data on early life stage vulnerabilities in agricultural communities Activities The objectives of this project are the 1 assessment of pesticide data to characterize child exposure genetic polymorphisms hazard values 2 integration of cohort biomarkers into the exposome based framework 3 identification of cumulative exposure impacts in children and 4 quantified comparisons of both nationwide and state specific environmental  mapping tools Outcomes The expected outcomes of this project will be a developmental Center based on early life stage health stressors and new scientific understandings of the effects of exposure to chemical and non chemical stressors through an exposome based approach Deliverables will include annual and final reports documenting the children s agricultural cohort integrative biomarker assays in response to environmental stressors characterization of cohort exposome detailed state and region specific maps comparing mapping tools and recommendations for improved future cumulative impact mapping frameworks Direct beneficiaries of this project include rural and agricultural communities farm workers state and local governments and the general public Subrecipient No subawards are included in this assistance agreement,1896439,1896439,539366.5900000001,1357072.41,2025-05-02,"Program terminated, DOGE, End date cut short (USAspending)",N/A,N/A,2023-12-01T00:00:00Z,2027-11-30T00:00:00Z,Office of Research and Development,66.509,Science to Achieve Results Star Research Program,EPA-G2023-STAR-C1,Uof Wa University of Washington,WA,Seattle,WA-07,State Institution of Higher Learning,https://www.usaspending.gov/award/ASST_NON_84063101_068/,https://enviro.epa.gov/envirofacts/nggs/report?grantId=84063101,N/A
84084301,Disrupted,Terminated,Environmental Justice Collaborative Problem Solving Cooperative Agreement Program award to Clean Water Fund,"THIS AGREEMENT PROVIDES FUNDING UNDER THE INFLATION REDUCTION ACT (IRA) TO THE CLEAN WATER FUND. THIS AGREEMENT PROVIDES FUNDING OF $497,111 UNDER THE INFLATION REDUCTION ACT (IRA) TO CLEAN WATER FUND (CWF). THE RECIPIENT WILL BUILD ON CURRENT INITIATIVES TO BUILD UPON ESTABLISHED RELATIONSHIPS, PRIOR EDUCATIONAL CAMPAIGNS ON LEAD IN DRINKING WATER, AND COLLABORATIONS WITH MUNICIPALITIES TO REMOVE LEAD SERVICE LINES (LSLS) IN MALDEN AND CHELSEA, MASSACHUSETTS AND A FOCUSED CAMPAIGN TO PROVIDE THE PEOPLE OF PHILADELPHIA, PA WITH KNOWLEDGE TO KNOW HOW TO PROTECT THEMSELVES FROM LEAD HAZARDS.ACTIVITIES:THE ACTIVITIES INCLUDE 1) FORM STEERING COMMITTEES IN CHELSEA AND MALDEN REPRESENTED BY DIVERSE COMMUNITY MEMBERS WHO WILL GUIDE ALL ACTIVITIES. 2) CONDUCT LEAD SERVICE LINE (LSL) ASSESSMENTS IN COLLABORATION WITH MUNICIPALITIES 3) IDENTIFY ELIGIBLE CUSTOMERS TO TAKE ADVANTAGE OF AVAILABLE ASSISTANCE MONEY 4) DO TARGETED OUTREACH TO THAT POPULATION AND BUILD RELATIONSHIP WITH MASSACHUSETTS DEPARTMENT OF ENVIRONMENTAL PROTECTION TO ACCESS FREE WATER TESTING, LSL INSPECTION, AND FUNDING TO REPLACE LSLS. 4) STEERING COMMUNITIES WILL PRIORITIZE WHICH LEAD EXPOSURES TO WORK ON BEYOND LEAD IN DRINKING WATER, WHICH TARGET POPULATIONS TO REACH, ETC. 5) BOSTON UNIVERSITY STUDENTS WILL ANALYZE EXISTING PUBLICLY AVAILABLE DATA FOR SOURCES OF LEAD EXPOSURE AND GENERATE PUBLIC HEALTH MATERIALS. 6) COLLABORATE WITH RESIDENTS AND MULTICULTURAL/JUSTICE ORGANIZATIONS TO PROVIDE EDUCATION ABOUT HEALTH IMPACTS OF LEAD AND ACTION STEPS TO REDUCE EXPOSURE. 7) COMMUNITY OUTREACH PROGRAMS IN PHILADELPHIA THROUGH LEAD HAZARD AWARENESS PROGRAM (LHAP) WITH AWARENESS SEMINARS AND GUIDANCE AND OPTIONS TO TEST FOR LEAD. SUBRECIPIENT:SUBAWARD $ 9,000.00 TO NEW KENSINGTON CORRIDOR TRUST (CBO). THIS CBO WILL ASSIST CWF TO
HELP US FIND AND RECRUIT COMMUNITY MEMBERS TO BE TRAINED TO SPREAD AWARENESS IN THE TARGET NEIGHBORHOODS
GATHER COMMUNITY LEADERS FROM ACROSS THE CITY FOR A ROUNDTABLE DISCUSSION O ENGAGE RESIDENTS TO VOLUNTEER TO INCREASE SOIL TESTING
ASSIST US IN REACHING OUT TO AND COMMUNICATING WITH THE SPANISH-SPEAKING COMMUNITY IN FINDING REPRESENTATIVES AND LEADERS FROM ALL THE TARGET COMMUNITIES IN PA
 
SUBAWARD $ 9,000.00 TO GET THE LEAD OUT RIVERWARDS PHILADELPHIA (CBO). THIS CBO WILL HELP CWF
1.           HELP FIND AND RECRUIT COMMUNITY MEMBERS TO BE TRAINED TO SPREAD AWARENESS IN THE TARGET NEIGHBORHOODS
2.           GATHER COMMUNITY LEADERS FROM ACROSS THE CITY FOR A ROUNDTABLE DISCUSSION
3.           ENGAGE RESIDENTS TO VOLUNTEER TO INCREASE SOIL TESTING
4.           ASSIST IN PROGRAM DEVELOPMENT IN THE BEST WAY TO PROTECT HOUSEHOLDS AND NEIGHBORHOODS
5.           USE DATA COMMUNICATED BY CWF TO ASSIST RESIDENTS IN PROTECTING THEMSELVES FROM LEAD
6.           WORK WITH CWF STAFF TO PURSUE CITY POLICY SUPPORT INITIATIVES TO INCREASE SOIL TESTING AND REMEDIATION
 
SUBAWARD $ 30,000.00 FOR COMMUNITY BASED ORGANIZATIONS WHO PARTICIPATE IN STEERING COMMITTEES IN MA.
OUTCOMES:THE ANTICIPATED DELIVERABLES INCLUDE A REPORT ON ISSUES SURROUNDING LEAD EXPOSURE AND LSL REPLACEMENTS THROUGH FOCUS GROUPS, MULTI-LINGUAL EDUCATIONAL OUTREACH MATERIALS, PRESENTATIONS, WORKSHOPS, EVENTS, EVALUATION, AND REPORTS OF PROGRESS. THE EXPECTED OUTCOMES INCLUDE (1) MOVING CITIES OF MALDEN AND CHELSEA, MA SIGNIFICANTLY CLOSER TO ELIMINATING ALL LSLSMDASH;WHICH INCLUDE FURTHER DEVELOPMENT OF THEIR LSL INVENTORIES, ENGAGEMENT WITH CHILDCARE FACILITIES IN LSL EDUCATION AND REPLACEMENT; AND LAUNCH OF A COMMUNITY CHILDHOOD LEAD EXPOSURE REDUCTION PROGRAM (CCLERP) TO EDUCATE RESIDENTS ABOUT FULL RANGE OF LEAD EXPOSURE AND ENGAGE THEM IN ACTION AROUND ONE OR MORE ADDITIONAL EXPOSURE SOURCES. 2) A COMMUNITY OUTREACH CAMPAIGN IN PHILADELPHIA, THROUGH THE CLEAN WATER FUND'S LEAD HAZARD AWARENESS PROGRAM (LHAP), THAT WILL EMPOWER RESIDENTS TO IDENTIFY AND LIVE SAFELY WITH LEAD POISONING HAZARDS IN THEIR HOMES AND COMMUNITIES. THE INTENDED BENEFICIARIES",497111,497111,74435,422676,2025-03-25,"Program terminated, DOGE, End date cut short (USAspending), Senate committee list",N/A,N/A,2024-10-01T00:00:00Z,2026-09-30T00:00:00Z,Office of Environmental Justice and External Civil Rights,66.306,Environmental Justice Collaborative Problem Solving Cooperative Agreement Program,EPA-R-OEJECR-OCS-23-01,Clean Water Fund,DC,Washington,DC-98,N/A,https://www.usaspending.gov/award/ASST_NON_84084301_068/,N/A,N/A
84084701,Disrupted,Terminated,"Community-Driven Assessment of Cumulative Impacts on Health, Food, and Water Security in Vieques, Puerto Rico",The goal of this project it to develop a mixed methods approach for collecting environmental social food and health data which will be used to evaluate changes in contaminant exposure from climate change stressors Activities The specific objectives are to 1 develop a community centered framework to assess the cumulative impacts of environmental exposures climate change and food and water insecurity on the health and wellbeing of adults over the age of 55 with chronic illnesses in Vieques 2 establish the relationship between food and water insecurity contaminant exposure and how climate change may impact this relationship and 3 develop community outreach to strengthen local food production and safety on Vieques a Superfund site and model small island impacted by climate change Outcomes Deliverables include annual and final reports The results of this project will create a network that address food and water insecurity in Vieques The primary outcome of the project is demonstrating how an innovative Cumulative Impacts Risk Assessment framework can be applied to communities which have experienced long term exposure to chemical contamination Direct beneficiaries of this project are the residents of Vieques residents of small island communities affected by climate change the general public human health and the environment Subrecipient Isla Nena Composta 120 500 Technicians from Isla Nena Composta will work with Phase II participants to identify mitigation alternatives for environmental impacts and climate change triggers in the frequently visited ldquo special riparian zones rdquo and elder trees ecosystems trees 40 years and over They will use Phase II and III findings to develop a site work guide including maps of the elder tree forest ecosystem and citizen science methods for restoring and monitoring ecosystem services to mitigate existing environmental impacts and climate change triggers They will also organize public presentations and colloquia to share the research results with communities and researchers University of Puerto Rico Rio Piedras UPR RP 430 000 UPR RP will create a technical guide with practical tools to address ecological disturbances They will also create a water monitoring station network that the community can use to monitor the ecosystem s health over time as well as assess the impacts of the management actions at a large scale by evaluating vegetation dynamics in the watersheds using the greenness index of Enhanced Vegetation Index EVI derived from satellite images University of Puerto Rico Medical Campus UPR MC 90 199 UPR MC will manage and oversee project activities including instrument development sampling design and implementation for survey interviews training and supervising interviewers dataset development management They will develop the curriculum and execute a health promotion campaign to empower Promotoras de Salud The campaign will include workshops and experiences to help families make healthy decisions to reduce contaminant exposure and improve food security within a changing climate through knowledge experience and community,500000,500000,0,500000,2025-05-02,"Program terminated, DOGE, End date cut short (USAspending)",N/A,N/A,2025-02-01T00:00:00Z,2028-01-31T00:00:00Z,Office of Research and Development,66.509,Science to Achieve Results Star Research Program,EPA-G2023-STAR-G1,University of Mass at Boston,MA,Boston,MA-08,State Institution of Higher Learning,https://www.usaspending.gov/award/ASST_NON_84084701_068/,https://enviro.epa.gov/envirofacts/nggs/report?grantId=84084701,N/A
96230523,Disrupted,Terminated,Surveys Studies Investigations Training and Special Purpose Activities Relating to Environmental Justice award to Inter American University of Puerto Rico Inc,"THE AGREEMENT PROVIDES FUNDING TO INTER AMERICAN UNIVERSITY OF PUERTO RICO METRO CAMPUS (IAUPR) TO BUILD THE CAPACITY OF COMMUNITY STAKEHOLDER, LOCAL LEADERS, AND COMMUNITY MEMBERS LOCATED IN PUERTO RICO, AND THE UNITED STATES VIRGIN ISLANDS.  SPECIFICALLY, THE RECIPIENT WILL CREATE HUBS IN PUERTO RICO AND USVI USING A HIGHLY SUCCESSFUL MODEL PREVIOUSLY IMPLEMENTED IN BY IAUPR IN PUERTO RICO. THE RECIPIENTS' GOAL IS TO 'BUILD COMMUNITY CAPACITY, CLIMATE RESILIENCE AND MAXIMIZING BENEFITS TO OVERBURDENED AND UNDERSERVED COMMUNITIES INCREASING EPA SUPPORT FOR COMMUNITY-LED ACTION BY PROVIDING INVESTMENTS AND BENEFITS DIRECTLY TO COMMUNITIES WITH ENVIRONMENTAL JUSTICE CONCERNS AND BY INTEGRATING EQUITY THROUGHOUT AGENCY PROGRAMS.' OBJECTIVE IS TO PROVIDE TRAINING, TECHNICAL ASSISTANCE (TA), AND SUPPORT FOR CORE AREAS; COLLABORATIVE PROBLEM-SOLVING, GRANTS AND FUNDRAISING CAPACITY, AND ENVIRONMENTAL/ENERGY JUSTICE ADVOCACY. THE INFLATION REDUCTION ACT (IRA) TECHNICAL ASSISTANCE (TA) FUNDS ISSUED TO THE INTERAMERICAN UNIVERSITY OF PUERTO RICO ARE SPECIFICALLY FOR THE EJ TCTAC TO COORDINATE AND COLLABORATE WITH THE EJ THRIVING COMMUNITIES GRANTMAKING PROGRAM RECIPIENTS (GRANTMAKERS) AND/OR PROVIDE ADDITIONAL TECHNICAL ASSISTANCE AND SUPPORT TO APPLICANTS AND SUBGRANTEE RECIPIENTS FUNDED THROUGH THE GRANTMAKER PROGRAM. THE GRANTMAKERS ARE CONSIDERED TECHNICAL ASSISTANCE PROVIDERS, WHO PROVIDE FUNDING AS WELL AS TECHNICAL ASSISTANCE TO APPLICANTS AND SUBGRANTEE RECIPIENTS ADDRESSING ENVIRONMENTAL CONCERNS OF DISADVANTAGE COMMUNITIES. PER THE EJ TCTAC REQUEST FOR APPLICATIONS (RFA), FUNDING OPPORTUNITY NUMBER EPA-I-OP-OEJ-22-02, THE EJ TCTACS ARE EXPECTED TO COORDINATE WITH OTHER TECHNICAL ASSISTANCE PROVIDERS OVER THE PROJECT PERIOD.ACTIVITIES:THE ACTIVITIES INCLUDE: A SERIES OF MEETINGS, WORKSHOPS, AND WEBINARS, BOTH FACE-TO-FACE AND VIRTUAL; THE HUBS AND PARTNERS WILL ENGAGE GRASSROOT ORGANIZATIONS IN STRENGTHENING INSTITUTIONAL CAPACITY. THE STEP-BY-STEP UNPACKING OF THE IDENTIFYING ORGANIZATIONAL, TECHNICAL NEEDS, CREATION OF GUIDES AND MANUALS THAT ARE CULTURALLY AND LINGUISTICALLY APPROPRIATE AND A HANDS-ON-APPROACH FOR PROVIDING TECHNICAL ASSISTANCE AND SUPPORT TO PARTICIPANTS PRIMARILY IN PUERTO RICO AND U.S. VIRGIN ISLANDS. EAGEL WILL DEVELOP A HUB ONE STOP CENTER IN PUERTO RICO AND US VIRGIN ISLANDS TO PROVIDE ELIGIBLE SERVICES FOR ENVIRONMENTAL/ENERGY JUSTICE IN UNDERSERVED, RURAL, AND REMOTE COMMUNITIES. SUBRECIPIENT:INTER AMERICAN UNIVERSITY OF PUERTO RICO WILL ISSUE SUBAWARDS UNDER THIS ASSISTANT AGREEMENT. THE SUB AWARDEES WILL PROVIDE COORDINATION OF THE PROJECT, PREPARING MATERIALS, OUTREACH ACTIVITIES, GRANTSMANSHIP, ENVIRONMENTAL AND ENERGY JUSTICE ADVOCACY.  OUTCOMES:IT IS ANTICIPATED THAT THIS PROJECT WILL RESULT IN THE FOLLOWING DELIVERABLES AND EXPECTED OUTCOMES: RECRUIT AND ENGAGE APPROXIMATE 340 ORGANIZATIONS IN STRENGTHENING THEIR INSTITUTIONAL CAPACITY THROUGH TRAINING AND TECHNICAL ASSISTANCE; TO PROVIDE 5500 HOURS OF TRAINING AND SERVICES TO GRASSROOTS ORGANIZATIONS. THROUGH THIS PROJECT THE RECIPIENT EXPECTS THAT UP TO 90% OF PARTICIPATING ORGANIZATION WILL INCREASE THEIR KNOWLEDGE OF GRANTSMANSHIP; 70% OF ORGANIZATIONS WILL INCREASE THE CAPABILITY TO APPLY AND RECEIVE GRANT FUNDING AS WELL AS TO ESTABLISH EDUCATIONAL AND TRAINING MODULES ON CORE AREAS FOR COLLABORATIVE PROBLEM-SOLVING AND LEADERSHIP FOR CIVIC ENGAGEMENT, GRANTSMANSHIP AND FUNDRAISING.  DIRECT BENEFICIARIES OF THIS PROGRAM INCLUDE RESIDENTS LOCATED IN PUERTO RICO AND U.S. VIRGIN ISLANDS.",8500000,8500000,1712588.88,6787411.12,2025-03-25,"Program terminated, DOGE, End date cut short (USAspending), Senate committee list",N/A,N/A,2023-07-01T00:00:00Z,2028-06-30T00:00:00Z,Region 2,66.309,Surveys Studies Investigations Training and Special Purpose Activities Relating to Environmental Justice,EPA-I-OP-OEJ-22-02,Inter American University of Puerto Rico Inc,PR,San Juan,PR-98,N/A,https://www.usaspending.gov/award/ASST_NON_96230523_068/,N/A,N/A
96263224,Disrupted,Terminated,Environmental Justice Collaborative Problem Solving Cooperative Agreement Program award to The Bronx is Blooming,"THIS AGREEMENT PROVIDES FUNDING UNDER THE INFLATION REDUCTION ACT TO THE BRONX IS BLOOMING. THROUGH THEIR PROGRAM FOR LEADERS ADVANCING THEIR COMMUNITY'S ENVIRONMENT (PLACE) INITIATIVE, THE RECIPIENT WILL BUILD THE CAPACITY OF CHRONICALLY OVERBURDENED BRONX COMMUNITIES TO ADDRESS LONG-STANDING ENVIRONMENTAL HARMS AND PUBLIC HEALTH RISKS, ESPECIALLY THOSE RELATED TO AIR QUALITY, EXCESSIVE HEAT, AND PARK ACCESS. THE PROGRAM LEVERAGES EXISTING YOUTH EMPLOYMENT AND WORKFORCE DEVELOPMENT PROGRAMS AND FOSTERS NEW PARTNERSHIPS TO MAKE TANGIBLE IMPROVEMENTS AND INCREASE CLIMATE RESILIENCY. TO PROVIDE PATHWAYS TO EMPLOYMENT IN THE ENVIRONMENTAL SECTOR FOR HIGHLY ENGAGED STUDENTS, THE BRONX IS BLOOMING WILL EXTEND PLACE INTO THE SPRING AND FALL BRIDGE SEASONS, WITH A FOCUS ON ADVANCING TECHNICAL SKILLS AND PROVIDING CRITICAL MAINTENANCE DURING EXISTING GAPS IN OUR PROGRAM. INCORPORATING CITIZEN PRUNER TRAINING AND CERTIFICATION FOR 120 PLACE PARTICIPANTS WILL HELP PREPARE THESE YOUNG PEOPLE FOR ENVIRONMENTAL JOBS WHILE ESTABLISHING A COMMUNITY OF TREE STEWARDS IN AREAS OF THE CITY THAT ARE MOST IN NEED. ACTIVITIES:THE ACTIVITIES TO BE PERFORMED INCLUDE THE PROGRAM FOR LEADER ADVANCING THEIR COMMUNITY'S ENVIRONMENT (PLACE) SUMMER SESSION RUNNING EACH YEAR FROM JUNE TO AUGUST. COLLEGE STUDENTS WILL BE HIRED AS PLACE MENTORS FOR GROUPS OF STUDENTS. PLACE STUDENTS, HIRED THROUGH YOUTH EMPLOYMENT PROVIDERS/WORKFORCE DEVELOPMENT PROGRAMS, WILL THEN RECEIVE TRAINING AND SUPPORT TO LEAD PARK REVITALIZATION PROJECTS, INCORPORATING TREE PLANTING AND STEWARDSHIP, INVASIVE SPECIES REMOVAL, AND NATIVE SPECIES PLANTING. STUDENTS WILL ALSO PARTICIPATE IN COLLEGE TOURS AND OTHER ACADEMIC AND PROFESSIONAL DEVELOPMENT ACTIVITIES TO SUPPORT THEIR GROWTH. THE RECIPIENT WILL ESTABLISH SPRING AND FALL 'BRIDGE' PLACE SESSIONS BY EXTENDING THE SUMMER SESSION TO NOVEMBER AND THE SCHOOL YEAR SESSION TO JUNE, PROVIDING AN OPPORTUNITY FOR THE MOST ENGAGED STUDENTS, WITH THE GREATEST INTEREST IN PURSUING ENVIRONMENTAL CAREERS, TO RECEIVE ADDITIONAL TRAINING TO PREPARE THEM FOR SUBSEQUENT JOBS IN THE ENVIRONMENTAL FIELD. THE RECIPIENT WILL ALSO LEVERAGE THEIR PARTNERSHIP WITH TREES NEW YORK TO INTEGRATE CITIZEN PRUNER TRAINING AND CERTIFICATION FOR MENTORS AND STUDENTS INTO THE PLACE PROGRAM BRIDGE SEASONS.SUBRECIPIENT:THE BRONX IS BLOOMING WILL ISSUE A SUBAWARD UNDER THIS COOPERATIVE AGREEMENT TO TREES NEW YORK. SUBAWARD ACTIVITIES WILL INCLUDE PROVIDING CITIZEN PRUNER TRAINING AND CERTIFICATION FOR PLACE MENTORS AND STUDENTS.OUTCOMES:EXPECTED OUTPUTS AND OUTCOMES INCLUDE EXPANDING PLACE SESSIONS TO 120 SUMMER PARTICIPANTS, 25 SCHOOL YEAR RECIPIENTS, AND 12+ BRONX PARKS AND GREEN SPACES. OUTCOMES ALSO INCLUDE 80+ ENVIRONMENTAL STEWARDSHIP PROJECTS ENGAGING 3,000+ VOLUNTEERS IN PLANTING 400+ TREES AND 3,000+ PLANTS, AND STEWARDSHIP OF 3,000+ TREES. OUTCOMES ALSO INCLUDE INCREASED KNOWLEDGE OF ENVIRONMENTAL JUSTICE ISSUES AND HORTICULTURE SKILLS AS WELL AS BETTER PREPARATION FOR HIGHER EDUCATION AND/OR CAREERS IN GREEN STEM FIELDS FOR 300+ BRONX YOUTH, 100+ BRONX YOUTH CERTIFIED AS CITIZEN PRUNERS, AND 3,000+ LOCAL VOLUNTEERS WITH INCREASED AWARENESS OF LOCAL ENVIRONMENTAL ISSUES. LONG TERM OUTCOMES INCLUDE A DENSER, HEALTHIER URBAN TREE CANOPY CONTRIBUTING TO IMPROVED AIR QUALITY AND MITIGATION OF THE HEAT ISLAND EFFECT/CLIMATE CHANGE, RESULTING IN FEWER RESPIRATORY ILLNESSES, REDUCED HEAT VULNERABILITY, AND AN IMPROVED HABITAT FOR WILDLIFE. 

DIRECT BENEFICIARIES FOR THIS PROJECT ARE BRONX YOUTH WHO PARTICIPATE IN THE PROGRAM AS WELL AS BRONX COMMUNITY MEMBERS AND RESIDENTS WHO RELY ON COMMUNITY PARKS IN THE BRONX.",150000,150000,21537.87,128462.13,2025-03-25,"Program terminated, DOGE, End date cut short (USAspending), Senate committee list",N/A,N/A,2024-07-01T00:00:00Z,2027-06-30T00:00:00Z,Region 2,66.306,Environmental Justice Collaborative Problem Solving Cooperative Agreement Program,EPA-R-OEJECR-OCS-23-01,The Bronx is Blooming,NY,Bronx,NY-15,N/A,https://www.usaspending.gov/award/ASST_NON_96263224_068/,N/A,N/A
96263624,Disrupted,Terminated,Environmental Justice Collaborative Problem Solving Cooperative Agreement Program award to Youth Ministries for Peace and Justice Inc,"THIS AGREEMENT PROVIDES FUNDING UNDER THE INFLATION REDUCTION ACT (IRA) TO YOUTH MINISTRIES FOR PEACE AND JUSTICE (YMPJ).  YMPJ WILL LEAD A FORMAL COMMUNITY-DRIVEN HEALTH IMPACT ASSESSMENT (HIA) TO INVESTIGATE THE HEALTH IMPACTS AND BENEFITS OF REDEVELOPMENT SCENARIOS FOR BROWNFIELD SITES LOCATED ALONG THE BRONX RIVER WATERFRONT. IN PARTNERSHIP WITH THE NEW YORK DEPT. OF STATE, YMPJ IS LEADING A DIVERSE COMMUNITY COALITION TO DEVELOP A BROWNFIELD OPPORTUNITY AREA (BOA) PLAN FOR THIS TARGET AREA. THE HIA WILL BUILD UPON THIS WORK AND PROVIDE IMPACTED RESIDENTS AND STAKEHOLDERS A TOOL AND PROCESS TO COMPREHENSIVELY ASSESS POTENTIAL REDEVELOPMENT PLANS AT PRIORITY SITES TO ENSURE THAT THEY YIELD THE GREATEST RETURNS IN THE FORM OF IMPROVED HEALTH AND ENVIRONMENT, AND REDUCED DISPARITIES, INEQUITIES, AND OTHER BURDENS. FOCUSED ON A COMMUNITY AND POPULATION THAT FACES HARSH SOCIAL DETERMINANTS OF HEALTH AND DRAMATIC HEALTH DISPARITIES IN THE FORM OF HIGH RATES OF ASTHMA, CANCERS, CARDIOVASCULAR DISEASE, OBESITY, DIABETES, AND OTHER AILMENTS, YMPJ'S HIA WILL CONSIDER IMPROVEMENTS IN AIR QUALITY, HEALTHY FOOD ACCESS AND LOCAL FOOD PRODUCTION/SOVEREIGNTY, AVAILABILITY OF HIGH QUALITY OPEN SPACE FOR OUTDOOR RECREATION AND SAFE STREETS FOR ACTIVE TRANSPORTATION, AND A RANGE OF ISSUES RELATED TO CLIMATE RESILIENCE AND DISASTER PREPAREDNESS, INCLUDING STRENGTHENING STORMWATER MANAGEMENT, EXPANDING GREEN INFRASTRUCTURE, AND ADDRESSING BUILT-ENVIRONMENT- AND HOUSING-RELATED RISKS EXTREME HEAT. ACTIVITIES:THE ACTIVITIES INCLUDE: CREATING AND DISSEMINATING A REQUEST FOR PROPOSALS FOR AN HIA CONSULTANT AND EVALUATION CONSULTANT FOR THE PROJECT; CONVENE A STEERING COMMITTEE COMPRISED OF INDIVIDUALS FROM PARTICIPATING PARTNER ORGANIZATIONS; START THE HIA SCREENING PROCESS WHICH WILL INCLUDE AT LEAST TWO COMMUNITY LISTENING SESSIONS WITH RESIDENTS IN THE PROJECT TARGET AREA AND THE STAKEHOLDER; TASK THE HIA CONSULTANT WITH DEVELOPING A DETAILED WORKPLAN FOR COMPLETING ALL STEPS AND COMPONENTS OF THE ASSESSMENT AND A COMMUNITY AND STAKEHOLDER PARTICIPATION PLAN; LEAD INTERVIEWS, FOCUS GROUPS, WORKSHOPS, AND OTHER ENGAGEMENT/CONVERSATIONS WITH KEY CONSTITUENCIES; IMPLEMENT THE APPRAISAL PROCESS, WHICH INCLUDES CONDUCTING A LITERATURE REVIEW OF THE IMPACTS OF BROWNFIELD REDEVELOPMENT ON RESIDENT HEALTH; SURVEYING AND ANALYZING EXISTING HEALTH IMPACT AND SDOH DATA FOR THE TARGET AREA; DEVELOPING A COMPREHENSIVE OVERVIEW THAT INCLUDES COMMUNITY PROFILES AND THE LOCAL POLICY LANDSCAPE; AND LAYING OUT THE DATA THAT CAN BE USED TO ASSESS INTERVENTIONS AND THE GAPS/LIMITATIONS IN THAT DATA; FACILITATING DISCUSSIONS/DELIBERATIONS BY THE STEERING COMMITTEE ON ACTIONABLE RECOMMENDATIONS FOR DESIGNING OR ENHANCING PROSPECTIVE REDEVELOPMENT PLANS IN THE TARGET AREA TO MAXIMIZE POSITIVE HEALTH IMPACTS AND MINIMIZE NEGATIVE ONES; AND TASK THE CONSULTANT WITH DRAFTING A HEALTH IMPACT ASSESSMENT REPORT THAT INCLUDES THE DATA, ANALYSIS, AND RESULTS THAT AROSE FROM EACH OF THE SCREENING, SCOPING, APPRAISAL, AND RECOMMENDATIONS STEPS.
.SUBRECIPIENT:NO SUBAWARDS ARE INCLUDED IN THIS ASSISTANCE AGREEMENT.OUTCOMES:THE ANTICIPATED DELIVERABLES INCLUDE A HEALTH IMPACT ASSESSMENT REPORT AND A PERFORMANCE EVALUATION REPORT.
THE EXPECTED OUTCOMES INCLUDE: EDUCATING BRONX COMMUNITY MEMBERS ON HOW THE ENVIRONMENTAL JUSTICE ISSUES ADDRESSED BY THIS PROJECT AFFECT THEM AND ILLUSTRATE THEIR VESTED INTEREST IN SUSTAINING THE PROJECT'S MOMENTUM INTO THE FUTURE; DEVELOPING ACTIONABLE RECOMMENDATIONS FOR ENHANCING THE REDEVELOPMENT PLANS FOR IDENTIFIED INTERVENTIONS TO MAXIMIZE POSITIVE HEALTH IMPACTS AND MINIMIZE NEGATIVE ONES WHICH WILL BE PRESENTED TO THE NYS BOA PLANNING COALITION; AND SHARING THE REPORT WIDELY WITH YMPJ AND PARTNER NETWORKS AND BRONX COMMUNITY MEMBERS. 
THE INTENDED BENEFICIARIES INCLUDE, BROADLY, ALL RESIDENTS LIVING IN BRONX COUNTY AND SPECIFICALLY, RESIDENTS LIVING IN THE NEIGHBORHOODS OR HUNTS POINT, LONGWOOD, PARKCHESTER AND SOUNDVIEW.",500000,500000,0,500000,2025-03-25,"Program terminated, DOGE, End date cut short (USAspending), Senate committee list",N/A,N/A,2024-11-01T00:00:00Z,2027-10-31T00:00:00Z,Region 2,66.306,Environmental Justice Collaborative Problem Solving Cooperative Agreement Program,EPA-R-OEJECR-OCS-23-01,Youth Ministries for Peace and Justice Inc,NY,Bronx,NY-14,N/A,https://www.usaspending.gov/award/ASST_NON_96263624_068/,N/A,N/A
96263900,Disrupted,Terminated,Environmental Justice Government to Government Ejg 2 g Program award to City of Newark,"THIS AGREEMENT PROVIDES FUNDING UNDER THE INFLATION REDUCTION ACT (IRA). THIS AGREEMENT PROVIDES FUNDING TO CITY OF NEWARK IN NEW JERSEY AND COMPRISES A TRAINING, MONITORING AND RESEARCH/RESEARCH APPLICATION COMPONENT. THE WORKFORCE DEVELOPMENT TRAINING PROGRAM IN AIR QUALITY, GREEN INFRASTRUCTURE, AND SAFETY AND ENVIRONMENTAL REGULATIONS WILL BOOST THE UNDERSERVED NEWARK COMMUNITY'S DIRECT INVOLVEMENT IN THE LOCAL GREEN WORKFORCE AND AIR QUALITY ADVOCACY. THE AIR QUALITY (AND TEMPERATURE) MONITORING SENSORS TO BE DEPLOYED BY THE WORKFORCE DEVELOPMENT PROGRAM GRADUATES AND OTHER NEWARK RESIDENTS WILL SUPPLEMENT THESE CITIZEN SCIENTISTS' EXPERIENCE IN AIR QUALITY ADVOCACY, SUPPLEMENT THE CURRENTLY LACKLUSTER AIR QUALITY MONITORING SYSTEM IN NEWARK AND PROVIDE SUPPLEMENTAL DATA FOR THE RESEARCH COMPONENT OF THIS GRANT. THE COLLECTION AND ANALYSIS OF AIR QUALITY AND TEMPERATURE DATA BY NEW JERSEY INSTITUTE OF TECHNOLOGY WILL GIVE THE CITY OF NEWARK THE CHOICE TO ACT ON AT LEAST ONE RESULTING RECOMMENDATION TO IMPROVE AIR QUALITY AND MORE EFFICIENTLY USE CITY PLANNING RESOURCES TO ADDRESS THE URBAN HEAT ISLAND PUBLIC HEALTH CONCERN IDENTIFIED IN A PRIORITY AREA MAP ALONG WITH A PORTFOLIO OF EXAMPLE OPTIONS FOR HEAT ISLAND MITIGATION. SIMILARLY, THE DEMONSTRATION OF THE I-TREE ECO SOFTWARE APPLICATION BY NEW JERSEY INSITUTE OF TECHNOLOGY WILL ENABLE THE CITY OF NEWARK TO MAKE BETTER USE OF CITY PLANNING RESOURCES BY MAXIMIZING THE POTENTIAL BENEFITS OF GREEN INFRASTRUCTURE MEASURES. ACTIVITIES:THIS PROJECT COMPRISES FIVE MAJOR ACTIVITIES, INCLUDING:
1) CONDUCTING COMMUNITY OUTREACH AND STAKEHOLDER ENGAGEMENTS LET BY A COMMUNITY BASED NONPROFIT ORGANIZATION TO INFORM RESIDENTS ABOUT THE ENVIRONMENTAL CHALLENGES IN NEWARK AND THE BENEFITS OF THE WORKFORCE DEVELOPMENT PROGRAM TO RECRUIT POTENTIAL PARTICIPANTS, 
2) DEVELOPING AND CARRYING OUT A WORKFORCE DEVELOPMENT PROGRAM COVERING 1) STORMWATER GREEN INFRASTRUCTURE TRAINING, 2) AIR QUALITY TRAINING, AND 3) OCCUPATIONAL SAFETY AND HEALTH ADMINISTRATION (OSHA) AND ENVIRONMENTAL REGULATION TRAINING FOR 35 PARTICIPANTS PER YEAR OVER TWO YEARS (70 TOTAL) AND ADVANCED GREEN INFRASTRUCTURE TRAINING FOR 5 OF THOSE PARTICIPANTS PER YEAR OVER TWO YEARS (10 TOTAL), 
3) ENGAGING 30 WORKFORCE DEVELOPMENT PROGRAM GRADUATES AND OTHER NEWARK RESIDENTS AS CITIZEN SCIENTISTS AND AIR QUALITY ADVOCATES TO MEASURE AIR QUALITY AND TEMPERATURE STRATEGICALLY DETERMINED ACROSS NEWARK, 
4) ANALYZING, AT LEAST PARTIALLY WITH ARTIFICIAL INTELLIGENCE, AIR QUALITY AND TEMPERATURE DATA COLLECTED BY CITIZEN SCIENTIST, ACADEMIC RESEARCHERS AND SATELLITE TO PROVIDE AT LEAST ONE RECOMMENDATION ON MINIMIZING INDOOR AIR POLLUTION AND ONE MAP INDICATING PRIORITY HEAT SOURCES AND EXAMPLE OPTIONS FOR MITIGATION IN THE CITY OF NEWARK, AND
5) DEMONSTRATING FOR THE CITY OF NEWARK WITH AT LEAST TEN GREEN INFRASTRUCTURE MEASURES HOW TO DETERMINE THEIR AIR QUALITY IMPROVEMENTS USING THE I-TREE ECO ECOSYSTEM SERVICE MODEL SOFTWARE APPLICATION. SUBRECIPIENT:ALL PROJECT ACTIVITIES ARE SUBSTANTIALLY FACILITATED BY SUBAWARDS. THIS PROJECT COMPRISES FIVE MAJOR ACTIVITIES, INCLUDING:
1) CBO-LED COMMUNITY OUTREACH AND STAKEHOLDER ENGAGEMENTS TO INFORM RESIDENTS ABOUT THE ENVIRONMENTAL CHALLENGES IN NEWARK AND THE BENEFITS OF THE WORKFORCE DEVELOPMENT PROGRAM TO RECRUIT POTENTIAL PARTICIPANTS, 
2) ACADEMIC INSTITUTION-LED WORKFORCE DEVELOPMENT PROGRAM COVERING 1) STORMWATER GREEN INFRASTRUCTURE (GI) TRAINING, 2) AIR QUALITY (AQ) TRAINING, AND 3) OCCUPATIONAL SAFETY AND HEALTH ADMINISTRATION (OSHA) TRAINING FOR 50 PARTICIPANTS IN THE REGULAR COURSE AND 5 IN THE ADVANCE COURSE EVERY YEAR, 
3) WORKFORCE DEVELOPMENT PARTICIPANT-LED AIR QUALITY (AND TEMPERATURE) MONITORING THAT WILL SUPPLEMENT THE LACKING CURRENT AIR MONITORING IN THE CITY OF NEWARK AND ENGAGE 30 SELECT PARTICIPANTS AS CITIZEN SCIENTISTS AND AIR QUALITY ADVOCATES BY PROVIDING THEM WITH PURPLE AIR SENSORS, INSTRUCTIONAL WORKSHOP TO USE THEM, AND A REQUIREME",1000000,1000000,0,1000000,2025-03-25,"Program terminated, DOGE, End date cut short (USAspending), Senate committee list",N/A,N/A,2025-02-01T00:00:00Z,2028-01-31T00:00:00Z,Region 2,66.312,Environmental Justice Government to Government Ejg 2 g Program,EPA-R-OEJECR-OCS-23-02,City of Newark,NJ,Newark,NJ-10,N/A,https://www.usaspending.gov/award/ASST_NON_96263900_068/,N/A,N/A
96265602,Disrupted,Terminated,Environmental Justice Thriving Communities Grantmaking Program Ej Tcgm award to Fordham University,"THIS AGREEMENT PROVIDES FUNDING UNDER THE INFLATION REDUCTION ACT TO FORDHAM UNIVERSITY TO SUPPORT NONPROFIT ORGANIZATIONS AND ORGANIZATIONS REPRESENTING DISADVANTAGED COMMUNITIES THROUGH ITS THRIVING COMMUNITIES GRANTMAKER INITIATIVE TITLED FLOURISHING IN COMMUNITIES (FIC). THE RECIPIENT, A REGIONAL GRANTMAKER, PROPOSES AN INTERSECTIONAL APPROACH TO PLACE FRONTLINE COMMUNITIES IN POSITIONS OF POWER TO ADVANCE ENVIRONMENTAL JUSTICE AND CLIMATE JUSTICE IN DISADVANTAGED AND HARD -TO-REACH COMMUNITIES AND COMMUNITIES DISPROPORTIONATELY IMPACTED BY CLIMATE CHANGE, POLLUTION, AND OTHER ENVIRONMENTAL STRESSORS IN NEW YORK, NEW JERSEY, PUERTO RICO, AND U.S. VIRGIN ISLANDS. SPECIFICALLY, FORDHAM UNIVERSITY INTENDS TO AWARD AND MANAGE COMPETITIVE AND NONCOMPETITIVE SUBGRANTS THROUGH ITS FLOURISHING IN COMMUNITIES FUNDING PROGRAM. IN ADDITION, THE RECIPIENT WILL OVERSEE PROGRAMMATIC TRACKING, DISTRIBUTE FUNDS AND PROVIDE WRAP-AROUND SUPPORT TO  ENSURE THE SUCCESS OF THE SUBGRANTEES. THIS GRANTMAKER FUNDING PROGRAM WILL REDUCE BARRIERS THE FEDERAL GRANT PROCESS PLACES ON SMALL, RESOURCE-CONSTRAINED COMMUNITY-BASED NONPROFITS SUPPORTING THE UNDERSERVED COMMUNITIES.

THE PURPOSE OF THIS AWARD IS TO FUND THE SUBSEQUENT AWARD FOR THE PASS-THROUGH ENTITY FORDHAM UNIVERSITY.ACTIVITIES:THE ACTIVITIES IN THE SUBSEQUENT AWARD INCLUDE A RANGE OF INITIATIVES DESIGNED TO PROMOTE AND IMPLEMENT A COMPREHENSIVE SUBGRANT FUNDING PROGRAM. THIS INCLUDES HOSTING A SERIES OF MEETINGS, WORKSHOPS, AND WEBINARS BOTH IN PERSON AND VIRTUAL TO ENCOURAGE ELIGIBLE STAKEHOLDER PARTICIPATION AND RAISE AWARENESS ABOUT THE SUBGRANT OPPORTUNITIES. ALSO, TO EFFECTIVELY IMPLEMENT THE SUBGRANT PROGRAM, FORDHAM UNIVERSITY WILL OPEN THEIR THRIVING COMMUNITIES SUBGRANT PROGRAM FOR COMPETITIVE AND NONCOMPETE AWARDS, DEVELOP A QUALITY MANAGEMENT PLAN, CONDUCT APPLICATION REVIEWS, ESTABLISH AN EVALUATE PROCESS TO REVIEW AND RANK ELIGIBLE APPLICATION, MANAGE AND DISTRIBUTE FUNDS TO ELIGIBLE SUBGRANTEES. IN ADDITION, FORDHAM UNIVERSITY WILL CONDUCT POST AWARD MONITORING OF SUBGRANTEES TO ENSURE COMPLIANCE AND ASSESS PROGRESS WITH REGULAR REPORTING ON THE OUTCOMES OF THE FUNDED PROJECTS. SUBRECIPIENT:FORDHAM UNIVERSITY WILL ADMINISTER SUBAWARDS UNDER THIS COOPERATIVE AGREEMENT WITH ACTIVITIES INCLUDING PROJECT COORDINATION, APPLICATION INTAKE, AND OUTREACH EFFORTS. AS A PASS-THROUGH ENTITY, FORDHAM UNIVERSITY WILL ALSO MANAGE AND DISTRIBUTE FUNDS THROUGH ITS THRIVING COMMUNITIES GRANTMAKER PROGRAM TO ELIGIBLE SUBGRANTEES.OUTCOMES:IT IS ANTICIPATED THAT THIS PROJECT WILL RESULT IN THE FOLLOWING DELIVERABLES AND EXPECTED OUTCOMES: DEVELOPMENT OF  A QUALITY MANAGEMENT PLAN, FORTY-EIGHT INFORMATION SESSIONS ACROSS NEW YORK, NEW JERSEY, PUERTO RICO AND THE U.S. VIRGIN ISLANDS, DEVELOPMENT A ROBUST COMMUNICATION STRATEGY, AWARD APPROXIMATELY 300 COMPETITIVE AND NON-COMPETITIVE SUBAWARDS TO ELIGIBLE SUBGRANTEES, CREATE AN INTUITIVE ONLINE PLATFORM AND DASHBOARD FOR SUBGRANTEES TO EASILY TO APPLY, TRACK PROJECTS AND ACCESS RELEVANT INFORMATION AND RESOURCES RELATED TO THE GRANT PROCESS. DIRECT BENEFICIARIES OF THE PROGRAM INCLUDE RESIDENT LOCATED IN NEW JERSEY, NEW YORK, PUERTO RICO AND THE UNITED STATES VIRGIN ISLAND AND INDIAN NATIONS.",52000000,52000000,1,51999999,2025-05-02,"Program terminated, DOGE, End date cut short (USAspending)",N/A,N/A,2025-01-02T00:00:00Z,2028-01-01T00:00:00Z,Region 2,66.615,Environmental Justice Thriving Communities Grantmaking Program Ej Tcgm,EPA-R-OEJECR-OCS-23-03,Fordham University,NY,Bronx,NY-15,N/A,https://www.usaspending.gov/award/ASST_NON_96265602_068/,N/A,N/A
96267200,Disrupted,Terminated,Environmental Justice Government to Government Ejg 2 g Program award to City of Rochester City Hall,"THE AGREEMENT UNDER THE INFLATION REDUCTION ACT PROVIDES FUNDING TO CITY OF ROCHESTER NEW YORK. SPECIFICALLY, THE RECIPIENT WILL FUND ENERGY AUDITS AND THE INSTALLATION OF ELECTRIC APPLIANCES, ROOFTOP SOLAR, ELECTRICAL PANEL UPGRADES, EV CHARGING TO SUPPORT THE CREATION OF SUSTAINABLE HOUSING THAT REDUCES EXPOSURE TO ASTHMA AND OTHER RESPIRATORY ILLNESSES, PROVIDES RESIDENTS WITH ACCESS TO SUSTAINABLE TECHNOLOGIES AND RENEWABLE ENERGY, REDUCES COMMUNITY-WIDE GREENHOUSE GAS EMISSIONS, AND REDUCES ENERGY COST BURDENS. THE HOME ELECTRIFICATION AND REVITALIZATION OPPORTUNITY PROGRAM WILL SERVE AS A PILOT TO DEVELOP A REPLICABLE MODEL TO ACHIEVE MEANINGFUL AND MEASURABLE ENVIRONMENTAL AND PUBLIC HEALTH RESULTS.ACTIVITIES:THE ACTIVITIES INCLUDE SELECTING STRUCTURES, SPECIFYING WORK SCOPE AND SPECIFICATIONS WITH THE ASSISTANCE OF PROJECT PARTNERS AND CONSULTANT, AND COMPLETING REHABILITATIONS AND INSPECTIONS. TOURS OF REHABILITATED HOUSES AND EDUCATIONAL OUTREACH ON AVAILABLE TECHNOLOGIES AND INCENTIVES WILL BE OFFERED. THERE WILL ALSO BE MONITORING TO MEASURE ENERGY COST SAVINGS, GREENHOUSE GAS EMISSIONS REDUCTIONS, AND AN ASSESSMENT OF HEALTH BENEFITS THAT INCLUDES ANALYSIS OF EXISTING DATA AND LOCAL PLANS/POLICIES, STAKEHOLDER INTERVIEWS, A LITERATURE REVIEW, HEALTH PATHWAY ANALYSIS, AND RECOMMENDATIONS.SUBRECIPIENT:SUBRECIPIENTS ROCHESTER LAND BANK CORPORATION, GREATER ROCHESTER HOUSING PARTNERSHIP, AND GREATER ROCHESTER HABITAT FOR HUMANITY WILL INCORPORATE PROGRAM ADMINISTRATION, ENERGY AUDITS AND ELECTRIFICATION IN THE FORM OF ROOFTOP SOLAR, ELECTRIC APPLIANCES, EV CHARGING, REQUIRED PANEL UPGRADES INTO THEIR WORK SCOPES FOR THREE, TWELVE, AND FIVE HOMES, RESPECTIVELY. THEY WILL PROCURE APPROPRIATE SUBCONTRACTORS, AS NECESSARY, AND OVERSEE INSTALLATIONS. OUTCOMES:THE ANTICIPATED DELIVERABLES INCLUDE ENERGY AUDITS OF 20 HOUSES AND SUBSEQUENT BENEFICIAL ELECTRIFICATION AND CLEAN ENERGY IMPROVEMENTS, PROGRAM PARTNER SURVEYS, HOMEBUYER QUESTIONNAIRES, A PROGRAM ASSESSMENT REPORT, A REPORT DOCUMENTING PROGRAM BENEFITS, AND SEMI-ANNUAL AND FINAL REPORTS. THE EXPECTED OUTCOMES INCLUDE REDUCED GREENHOUSE GAS EMISSIONS, REDUCED ENERGY COSTS AND INCREASED ECONOMIC SECURITY FOR LOW-INCOME RESIDENTS OF REHABILITATED HOUSES, IMPROVED INDOOR AIR QUALITY AND LONG-TERM HEALTH BENEFITS FOR RESIDENTS, REDUCED RATES OF CHILDHOOD ASTHMA, INCREASED FAMILIARITY AND CAPACITY AMONG LOCAL CONTRACTORS AND HOUSING ORGANIZATIONS ABOUT INSTALLATION TECHNIQUES, COSTS, AND BENEFITS OF INSTALLING CLEAN ENERGY IMPROVEMENTS, AND INCREASED COMMUNITY AWARENESS OF THE NEEDS FOR, BENEFITS OF, AND AVAILABLE INCENTIVES FOR CLEAN ENERGY AND HOME ELECTRIFICATION. THE INTENDED BENEFICIARIES INCLUDE LOWER-INCOME AND DISADVANTAGED HOMEBUYERS AND RESIDENTS OF THE 20 REHABILITATED HOUSES, AS WELL AS THE CITY OF ROCHESTER NEW YORK AND ITS RESIDENTS, PROJECT PARTNERS, AND LOCAL BUILDING IMPROVEMENT CONTRACTORS AND DEVELOPERS.",1000000,1000000,0,1000000,2025-03-25,"Program terminated, DOGE, End date cut short (USAspending), Senate committee list",N/A,N/A,2024-12-15T00:00:00Z,2027-12-14T00:00:00Z,Region 2,66.312,Environmental Justice Government to Government Ejg 2 g Program,EPA-R-OEJECR-OCS-23-02,City of Rochester City Hall,NY,Rochester,NY-25,N/A,https://www.usaspending.gov/award/ASST_NON_96267200_068/,N/A,N/A
96272800,Disrupted,Terminated,Environmental and Climate Justice Community Change Grants Program award to Grid Alternatives,"THIS AGREEMENT PROVIDES FUNDING UNDER THE INFLATION REDUCTION ACT (IRA) TO GRID ALTERNATIVES. SPECIFICALLY, ON THE EAST SIDE OF PUERTO RICO, THE PROJECT WILL PROVIDE ENERGY EFFICIENCY AUDITS, EDUCATION, AND ELECTRIFICATION VOUCHERS TO 50 COMMUNITY CENTERS AND FIRE STATIONS TO REDUCE THE COST FOR THESE BUILDINGS TO ELECTRIFY AND UPGRADE APPLIANCES IDENTIFIED THROUGH THE AUDIT AND THEREBY IMPROVING INDOOR AIR QUALITY; PROVIDE THE SAME 50 COMMUNITY RESILIENCE HUBS WITH ROOFTOP SOLAR PLUS STORAGE SYSTEMS TO PROVIDE RELIABLE CLEAN ELECTRICITY AND THEREFORE ADEQUATE SHELTER AND CRITICAL SERVICES DURING CLIMATE EMERGENCIES; PROVIDE A WORKFORCE RECRUITMENT. DEVELOPMENT AND SCHOLARSHIP PROGRAM TO EQUIP DISADVANTAGED COMMUNITY MEMBERS WITH THE SKILLS TO MEET THE GROWING DEMAND FROM THE SOLAR AND RENEWABLE ENERGY INDUSTRY IN PUERTO RICO THAT NECESSARILY ALSO REDUCES THE ISLAND'S GHG EMISSIONS; PLANTING 10,000 MANGROVES AND NATIVE SPECIES TO IMPROVE OUTDOOR AIR AND WATER QUALITY; AND CONDUCT COMMUNITY ENGAGEMENT TO ENSURE COMMUNITY AWARENESS, SUPPORT AND INVOLVEMENT IN THE PROJECT. ACTIVITIES:THE ACTIVITIES INCLUDE INSTALLING SOLAR ENERGY PLUS STORAGE SYSTEMS; CONDUCTING ENERGY EFFICIENCY AUDITS, EDUCATION ABOUT THE AUDIT RESULTS AND ISSUING ELECTRIFICATION VOUCHERS; IMPLEMENTING A RECRUITMENT DRIVE FOR AND PROVIDING A WORKFORCE DEVELOPMENT AND SCHOLARSHIP PROGRAM IN THE SOLAR ENERGY SECTOR; AND CONDUCTING COMMUNITY ENGAGEMENT.  
SUBRECIPIENT:SIX SUBAWARDS ARE PROPOSED TO CARRY OUT SOME OF THE PROJECT ACTIVITIES. PATHSTONE WILL CARRY OUT THE RECRUITMENT FOR- AND WORKFORCE DEVELOPMENT TRAINING OF STUDENTS IN SOLAR AND RENEWABLE ENERGY OCCUPATIONS. POR LOS NUESTROS, SOLAR RESPONDERS, AND RESILIENT POWER PUERTO RICO WILL DEVELOP, INSTALL AND PROVIDE COMMUNITY EDUCATION AND ENGAGEMENT FOR 10, 7 AND 7, RESPECTIVELY, SOLAR PLUS STORAGE SYSTEMS FOR 24 OUT OF THE 50 PLANNED AT COMMUNITY HUBS. RESILIENT POWER PUERTO RICO WILL CONDUCT 7 ENERGY AUDITS AT THE COMMUNITY HUBS AND PROVIDE FOLLOW UP ENERGY EFFICIENCY EDUCATION. JUSTICIA ENERGEACUTE;TICA WILL CONDUCT 43 ENERGY AUDITS, PROVIDE FOLLOW UP ENERGY EFFICIENCY EDUCATION AND ENGAGEMENT, AND MANAGE THE ENERGY-EFFICIENT APPLIANCE VOUCHER PROGRAM. PARA LA NATURALEZA WILL PLANT 10,000 TREES.OUTCOMES:THE ANTICIPATED DELIVERABLES INCLUDE 50 SOLAR ENERGY PLUS LITHIUM BATTERY STORAGES AT 50 COMMUNITY HUBS; 50 ENERGY AUDITS, EDUCATION SESSIONS ABOUT THE AUDITS, AND $1,000 ELECTRIFICATION VOUCHERS TO THE SAME 50 COMMUNITY HUBS; 240 INDIVIDUALS ACTIVELY RECRUITED AND TRAINED FOR THE SOLAR ENERGY SECTOR AND 24 SCHOLARSHIPS FOR CONTINUING EDUCATION; 10,000 TREES PLANTED; AND COMMUNITY MEETINGS, INFORMATION SESSIONS, OUTREACH AND TABLING EVENTS, EMAIL CONTACT; AND CCG TASK FORCE BEING HELD FOR COMMUNITY ENGAGEMENT AND INVOLVEMENT; AND PROGRESS REPORTS AND MONTHLY CALLS. 

THE EXPECTED OUTCOMES INCLUDE GREATER AWARENESS AND EDUCATION OF ENERGY EFFICIENCY AND WAYS TO REDUCE ENERGY BURDEN; INCREASED ADOPTION OF ELECTRIFICATION MEASURES; IMPROVED HEALTH FROM REPLACEMENT OF INDOOR FOSSIL-FUEL APPLIANCES; INCREASED GRID RESILIENCE FROM SOLAR AND STORAGE INSTALLATIONS; AND GREATER EFFICIENT USE OF SOLAR ENERGY SYSTEMS; INCREASED BUILDING RESILIENCE TO CLIMATE DISASTERS FROM SOLAR AND STORAGE INSTALLATIONS; INCREASED COMMUNITY RESILIENCE AND PREPAREDNESS FOR CLIMATE DISASTERS AND POWER OUTAGES; AND INCREASED ACCESS TO SERVICES DURING POWER OUTAGES; GREATER WORKFORCE CAPACITY IN THE PROJECT AREA TO BUILD RENEWABLE ENERGY; INCREASED WORKFORCE OPPORTUNITIES FOR TRAINEES; AND MORE SOLAR INSTALLERS WORKING IN THE PROJECT AREA; GREATER AWARENESS AND EDUCATION OF ENERGY EFFICIENCY AND HEALTH EFFECTS OF FOSSIL-FUEL APPLIANCES; AND GREATER HEALTH FOR COMMUNITY MEMBERS; REDUCED EXPOSURE TO CARBON DIOXIDE AND OTHER AIR POLLUTANTS; INCREASE IN CARBON SINK CAPACITY OF THE PROJECT AREA; AND GREATER BARRIER TO HURRICANE AND CLIMATE-RELATED DISASTERS FOR THE PROJECT AREA.

THE INTENDED BENEFICIARIES ARE THE DISADVAN",20096954,20096954,34767.95999999996,20062186.04,2025-03-25,"Program terminated, DOGE, End date cut short (USAspending), Senate committee list",N/A,N/A,2025-01-06T00:00:00Z,2028-01-05T00:00:00Z,Region 2,66.616,Environmental and Climate Justice Community Change Grants Program,EPA-R-OEJECR-OCS-23-04,Grid Alternatives,CA,Emeryville,CA-12,N/A,https://www.usaspending.gov/award/ASST_NON_96272800_068/,N/A,N/A
96272900,Disrupted,Terminated,Environmental and Climate Justice Community Change Grants Program award to People United for Sustainable Housing Inc,"THIS AGREEMENT PROVIDES FUNDING UNDER THE INFLATION REDUCTION ACT (IRA) TO PUSH BUFFALO. SPECIFICALLY, THE PROJECT INCLUDES THE FOLLOWING INITIATIVES: ESTABLISHING 150 COMMUNITY RESILIENCE HUBS/DISTRIBUTED NEIGHBORHOOD MOBILIZATION HUBS AND TRAINING SITES; CREATION OF COMMUNICATION AND TECHNOLOGY ACCESSIBILITY FOR ALL COMMUNITY RESILIENCY HUBS THROUGH THE PURCHASE PORTABLE NETWORK KITS AND SOLAR POWER KITS; CREATE WORKFORCE DEVELOPMENT TRAINING CENTERS; CONDUCT GREEN JOBS EMPLOYMENT TRAINING; CREATION OF A GREEN JOBS EMPLOYMENT RESOURCES GUIDE; OUTREACH TO THE COMMUNITY ABOUT THE AVAILABLE ENERGY REBATES AND RETROFIT PROGRAMS AVAILABLE TO THEM; CONDUCTING OUTDOOR AIR QUALITY MONITORING AND OUTREACH; SURVEYING RESIDENTS ABOUT HEALTH RELATED QUESTIONS RELATED TO AIR QUALITY; SURVEYING HOMES FOR HEALTH RELATED MODIFICATIONS NEEDED; DEVELOPMENT OF AN AIR QUALITY INTERVENTION PLAN FOR EACH NEIGHBORHOOD, CREATION AND DISTRIBUTION OF A $5 MILLION FUND FOR HOME IMPROVEMENTS RELATED TO ENVIRONMENTAL HEALTH.




ACTIVITIES:THE ACTIVITIES INCLUDE ESTABLISH 150 COMMUNITY RESILIENCE HUBS (ALSO KNOWN AS DISTRIBUTED NEIGHBORHOOD MOBILIZATION HUBS AND TRAINING SITES), DELIVER150 DISASTER PREPAREDNESS AND RESILIENCE TRAININGS; 150 BLOCK CLUBS RECEIVING  DISASTER PREPAREDNESS SUPPLIES;  ADDRESS TECHNOLOGY AND COMMUNICATION INFRASTRUCTURE NEEDS BY PURCHASING 150 PORTABLE NETWORK KITS AND 150 SOLAR KITS TO POWER THEM, WHILE ASSESSING THE COMMUNITY'S TECH AND COMMUNICATION REQUIREMENTS; CREATE WORKFORCE DEVELOPMENT TRAINING CENTERS AND PROGRAMS FOCUSED ON JOBS THAT REDUCE GREENHOUSE GAS EMISSIONS AND AIR POLLUTANTS; A WORKFORCE GUIDE CREATED; TRAIN 300 DISADVANTAGED WORKERS RECEIVE TRAINING AND CERTIFICATION IN CONSTRUCTION AND GREEN JOBS SKILLS; 250 DISADVANTAGED WORKERS PLACED IN JOBS IN EMERGING GREEN SECTORS; CREATION OF A WORKFORCE DEVELOPMENT AN INDUSTRY STAKEHOLDER TABLE; LAUNCH AN ENERGY EFFICIENCY AND BUILDING ELECTRIFICATION PROGRAM, AIMED AT INFORMING NEIGHBORHOOD MOBILIZATION HUBS AND TENANT COUNCILS IN DISADVANTAGED COMMUNITIES ABOUT ENERGY EFFICIENCY, HOME ELECTRIFICATION, AND APPLIANCE REBATE PROGRAMS; 5 MILLION OF DIRECT INVESTMENT IN DISADVANTAGED COMMUNITIES AND LOW-TO MODERATE INCOME HOUSEHOLDS; 75 LOW-TO MODERATE INCOME HOUSEHOLDS RECEIVING $5 MILLION OF DIRECT INVESTMENT IN HEALTHY HOUSING IMPROVEMENTS; 300 LOW-TO MODERATE INCOME HOUSEHOLDS RECEIVING $3 MILLION OF DIRECT INVESTMENT IN ENERGY EFFICIENCY AND ELECTRIFICATION RETROFITS; UP TO 300 LOW-TO-MODERATE INCOME HOUSEHOLDS REFERRED INTO UTILITY ENERGY ASSISTANCE PROGRAMS AND/OR COMMUNITY SOLAR SUBSCRIPTIONS; IMPROVE OUTDOOR AIR QUALITY AND COMMUNITY HEALTH THROUGH AIR QUALITY MONITORING AND OUTREACH; DEVELOPING AN INTERVENTION PLAN FOR EACH NEIGHBORHOOD HUB; COMMUNITY MONITORING AND SYSTEMS INSTALLED TO HOUSEHOLDS TO NOTIFY THEM OF INCREASING POLLUTION LEVELS; OUTDOOR AIR QUALITY DATA SHARED WITH RESIDENTS THROUGH REPORTS, SMALL GROUP MEETINGS, PUBLIC PRESENTATIONS AND ALSO REAL-TIME ON THE PURPLE AIR MAP AND WEBPAGE.

SUBRECIPIENT:ESTABLISH 150 COMMUNITY RESILIENCE HUBS (ALSO KNOWN AS DISTRIBUTED NEIGHBORHOOD MOBILIZATION HUBS AND TRAINING SITES); ADDRESS TECHNOLOGY AND COMMUNICATION INFRASTRUCTURE NEEDS BY PURCHASING 150 PORTABLE NETWORK KITS AND 150 SOLAR KITS TO POWER THEM, WHILE ASSESSING THE COMMUNITY'S TECH AND COMMUNICATION REQUIREMENTS; CREATE WORKFORCE DEVELOPMENT TRAINING CENTERS AND PROGRAMS FOCUSED ON JOBS THAT REDUCE GREENHOUSE GAS EMISSIONS AND AIR POLLUTANTS; LAUNCH AN ENERGY EFFICIENCY AND BUILDING ELECTRIFICATION PROGRAM, AIMED AT INFORMING NEIGHBORHOOD MOBILIZATION HUBS AND TENANT COUNCILS IN DISADVANTAGED COMMUNITIES ABOUT ENERGY EFFICIENCY, HOME ELECTRIFICATION AND APPLIANCE REBATE PROGRAMS; IMPROVE OUTDOOR AIR QUALITY AND COMMUNITY HEALTH THROUGH AIR QUALITY MONITORING AND OUTREACH, DEVELOPING AN INTERVENTION PLAN FOR EACH NEIGHBORHOOD HUB; $5 MILLION DIRECTLY INTO HEALTHY HOUSING IMPROVEMENTS THAT SUPPORT ENERGY EFF",20152214,20152214,0,20152214,2025-03-25,"Program terminated, DOGE, End date cut short (USAspending), Senate committee list",N/A,N/A,2025-01-15T00:00:00Z,2028-01-14T00:00:00Z,Region 2,66.616,Environmental and Climate Justice Community Change Grants Program,EPA-R-OEJECR-OCS-23-04,People United for Sustainable Housing Inc,NY,Buffalo,NY-26,N/A,https://www.usaspending.gov/award/ASST_NON_96272900_068/,N/A,N/A
96273600,Disrupted,Terminated,Environmental and Climate Justice Community Change Grants Program award to El Puente De Williamsburg Inc,"THIS AGREEMENT PROVIDES FUNDING UNDER THE INFLATION REDUCTION ACT (IRA) TO EL PUENTE DE WILLIAMSBURG, INC. SPECIFICALLY, THE PROJECT WILL FACILITATE THE ENGAGEMENT OF DISADVANTAGED COMMUNITIES BY PROMOTING COMMUNITY LEADERSHIP IN ENVIRONMENTAL JUSTICE PROCESSES AND PROJECTS THROUGH THE CREATION OF 1-2 ENVIRONMENTAL ADVISORY BOARDS (EABS) WHICH REPRESENT DISADVANTAGED COMMUNITY MEMBERS IN NORTH BROOKLYN, KINGS COUNTY, NY.  

THROUGH EL PUENTE COMMUNITY CHANGE (EPCC), A PARTNERSHIP BETWEEN EL PUENTE DE WILLIAMSBURG AND THE NEW SCHOOL, TISHMAN ENVIRONMENT AND DESIGN CENTER, A LEADERSHIP DEVELOPMENT TRAINING PROGRAM (LDTP) WILL BE CONDUCTED TO PROVIDE TRAININGS FOR COMMUNITY MEMBERS ON THE ISSUES AFFLICTING OUR NEIGHBORHOODS AND OF TOP CONCERN FOR RESIDENTS. TRAININGS WILL PREPARE COMMUNITY MEMBERS FOR ACTIVE PARTICIPATION IN ADVISORY BOARDS RELATED TO CLIMATE POLICIES, EABS. COMMUNITY MEMBERS WILL OUTLINE A DEMOCRATIC PROCESS BY WHICH INDIVIDUALS ARE INVITED OR ELECTED TO THE EABS, DEFINING TERM LIMITS AND COMMUNITY REPRESENTATION. THROUGH THE PROJECT, EABS WILL BE INTEGRATED INTO EXISTING DISTRICT COMMUNITY BOARDS TO ACTIVELY ENGAGE IN AND INFLUENCE ZONING AND DEVELOPMENT DECISIONS THAT PRIORITIZE ENVIRONMENTAL JUSTICE FOR DISADVANTAGED COMMUNITIES.
ACTIVITIES:THE ACTIVITIES TO BE PERFORMED INCLUDE FACILITATING REGULAR PUBLIC WORKSHOPS, SEMINARS, FOCUS GROUPS, TRAININGS, AND EDUCATION EVENTS FOR COMMUNITY MEMBERS ON THE ENVIRONMENTAL JUSTICE ISSUES AFFECTING THEIR NEIGHBORHOOD AND OF TOP CONCERN FOR RESIDENTS. EPCC WILL TRAIN COMMUNITY MEMBERS IN TOPICS OF GOVERNMENTAL PROCESS, POLICY, IDENTIFYING LOCAL DECISION-MAKERS AND AVENUES, AND CAPACITY-BUILDING FOR INFLUENCING ENVIRONMENTAL LAW.

THE ACTIVITIES TO BE PERFORMED ALSO INCLUDE FACILITATING THE CREATION OF 1-2 EABS THAT TRULY REPRESENT COMMUNITY MEMBERS IN CD1 AND CD4 AND THAT ARE INTEGRATED INTO COMMUNITY BOARD AS WELL AS ESTABLISHING A PROCESS BY WHICH LAND USE APPLICATIONS, DEVELOPMENT PROCESSES, AND POLICY IMPACTING COMMUNITY AND ENVIRONMENT IN CD1 AND CD4 MUST ENGAGE THE EAB(S). FINALLY, THE PROJECT PARTNERS WILL DOCUMENT AND ANALYZE ALL PROCESSES AND LEARNINGS TO PRODUCE A ROBUST, LOCAL CASE STUDY OF COMMUNITY-LED ACTION AND MECHANISMS FOR COLLABORATIVE GOVERNANCE IN CLIMATE AND ENVIRONMENTAL JUSTICE THAT CAN BE ADAPTED AT OTHER SCALES CITY- AND NATIONWIDE.
SUBRECIPIENT:A SUBAWARD TO STATUTORY PARTNER THE TISHMAN CENTER WILL ENABLE THEM TO PROVIDE TECHNICAL ASSISTANCE AND RESEARCH VIA STAFF RESEARCHERS AND ANALYSTS TO ULTIMATELY PRODUCE AN EAB CASE STUDY. THIS WILL PROVIDE AN IMPORTANT MODEL ADAPTABLE IN OTHER NEIGHBORHOODS, CITIES, AND REGIONS.

A SECOND SUBAWARD TO NEWTOWN CREEK ALLIANCE WILL ENABLE STAFF TO CONTRIBUTE THEIR EXPERTISE OF NATURE BASED REMEDIATION TO THE LEADERSHIP DEVELOPMENT TRAINING PROGRAM (LDTP).
OUTCOMES:THE ANTICIPATED DELIVERABLES INCLUDE COMMUNITY LEADERSHIP IN ENVIRONMENTAL JUSTICE PROCESSES AND PROJECTS IN CD1 AND CD4 OF BROOKLYN, NY, SUCH AS: IMPROVING AIR AND WATER QUALITY THROUGH MONITORING AND POLLUTION REDUCTION EFFORTS, INCREASING RECYCLING AND REDUCING WASTE GENERATION, PRESERVING AND ENHANCING GREEN SPACES AND NATURAL HABITATS, AND ENHANCING ENVIRONMENTAL EDUCATION AND AWARENESS THROUGH COMMUNITY OUTREACH AND EDUCATION PROGRAMS.

THE EXPECTED OUTCOMES INCLUDE INCREASED COMMUNITY ENGAGEMENT IN ENVIRONMENTAL INITIATIVES, COMMUNITY-LED ADVOCACY FOR ENVIRONMENTAL POLICIES AT LOCAL AND REGIONAL LEVELS, IMPROVED METRICS FOR ENVIRONMENTAL AND COMMUNITY HEALTH AND WELLBEING, AND RACIAL EQUITY IN ENVIRONMENTAL BENEFITS. 

EABS WILL ESTABLISH THEIR OWN MEASURABLE GOALS AND ACCOUNTABILITY FOR GOVERNANCE TO TRACK PROGRESS, EVALUATE OUTCOMES, AND DEMONSTRATE THE TANGIBLE IMPACTS OF ENVIRONMENTAL JUSTICE FOR STAKEHOLDERS AND THE BROADER COMMUNITY. EL PUENTE ANTICIPATES EABS TO BE ORGANIZED IN MONTHS 7-9 OF YEAR 1 AND INTEGRATED INTO LOCAL COMMUNITY BOARDS IN MONTHS 1-3 OF YEAR 2. YEARS 2 AND 3 WILL SEE THE DEVELOPMENT",3115632,3115632,32659.97,3082972.03,2025-03-25,"Program terminated, DOGE, End date cut short (USAspending), Senate committee list",N/A,N/A,2025-01-01T00:00:00Z,2027-12-31T00:00:00Z,Region 2,66.616,Environmental and Climate Justice Community Change Grants Program,EPA-R-OEJECR-OCS-23-04,El Puente De Williamsburg Inc,NY,Brooklyn,NY-07,N/A,https://www.usaspending.gov/award/ASST_NON_96273600_068/,N/A,N/A
96274625,Disrupted,Terminated,Environmental and Climate Justice Community Change Grants Program award to West Harlem Environmental Action Inc,"THIS AGREEMENT PROVIDES FUNDING UNDER THE INFLATION REDUCTION ACT (IRA) TO WEST HARLEM ENVIRONMENTAL ACTION, INC. SPECIFICALLY, THE PROJECT WILL ENSURE THAT DISADVANTAGED COMMUNITIES' PERSPECTIVES, PRIORITIES, AND SOLUTIONS ARE SIGNIFICANTLY REPRESENTED IN NEW YORK CITY'S (NYC) ENVIRONMENTAL JUSTICE (EJ) PLANNING, THROUGH A CITYWIDE COMMUNITY ENGAGEMENT AND PLANNING PROCESS. IN THIS PROJECT, WEST HARLEM ENVIRONMENTAL ACTION, INC AND PROJECT PARTNERS WILL CONDUCT A SERIES OF FACILITATED COMMUNITY CONVERSATIONS THROUGHOUT NEIGHBORHOODS WITH ENVIRONMENTAL JUSTICE CONCERNS ACROSS NYC'S FIVE BOROUGHS, USING THE FINDINGS OF THE EJNYC REPORT TO SET THE STAGE FOR COLLECTING COMMUNITY INPUT AND SUPPORTING COMMUNITY-LED PROJECTS ON ENVIRONMENTAL JUSTICE SOLUTIONS AND PRIORITIES; SYNTHESIZE COMMUNITY INPUT INTO A SET OF RECOMMENDATIONS HIGHLIGHTING BOTH CITYWIDE AND NEIGHBORHOOD-LEVEL PRIORITIES AND SOLUTION; IDENTIFY AREAS TO INTEGRATE PLANNING RECOMMENDATIONS ACROSS CITY-LED INITIATIVES; AND CARRYING OUT A CITYWIDE COMMUNICATIONS PUSH IN CONJUNCTION WITH THE FINALIZATION OF THE COMMUNITY-DRIVEN RECOMMENDATIONS, IN ORDER TO RAISE COMMUNITIES' AWARENESS OF THE PROPOSED SOLUTIONS, AND CREATE STRATEGIES TO CO-DEVELOP IMPLEMENTATION PATHWAYS WITH STAKEHOLDERS.
ACTIVITIES:THE ACTIVITIES INCLUDE: (1) ASSEMBLING A CITYWIDE STEERING COMMITTEE COMPOSED OF COMMUNITY-BASED ORGANIZATIONS ROOTED IN NEIGHBORHOODS WITH ENVIRONMENTAL JUSTICE CONCERNS, WHICH WILL COLLABORATE WITH MOCEJ TO ENSURE CONSENSUS ON OUR OUTREACH PLAN, METHODOLOGY FOR FACILITATION AND COMMUNITY INPUT GATHERING AND THE FINAL SET OF RECOMMENDATIONS; (2) CONDUCTING MONTHLY STEERING COMMITTEE MEETINGS TO PROVIDE OVERSIGHT AND INPUT ON TECHNICAL ASSISTANCE, COMMUNITY ENGAGEMENT, AND OUTREACH; (3) CONDUCTING 4-8 INPUT GATHERING SESSIONS PER BOROUGH; (4) DESIGNING FACILITATOR GUIDES AND IDEA COLLECTION PROTOCOLS FOR ALL COMMUNITY INPUT SESSIONS;  (5) DEVELOPING POPULAR EDUCATION MATERIALS TO INCORPORATE INTO INPUT SESSIONS TO ENSURE COMMUNITY MEMBERS HAVE A FULL UNDERSTANDING OF THE FINDINGS OF THE EJNYC REPORT; (6) CONDUCTING FACILITATOR AND NOTETAKER TRAINING WITH ALL COMMUNITY ORGANIZATIONS THAT WILL BE HOSTING INPUT GATHERING SESSIONS; (7) DEVELOPING A SET OF RECOMMENDATIONS FOR THE KEY FOCUS AREAS OF THE EJ PLAN; (8) CONDUCTING AT LEAST ONE 'REPORT BACK' SESSION PER BOROUGH; (9) WORKING WITH MOCEJ AND THE STEERING COMMITTEE, DEVELOP MESSAGING AND MATERIALS HIGHLIGHTING THE EJNYC REPORT, THE RECOMMENDATIONS DEVELOPED DURING THIS PROJECT, AND THE FORTHCOMING PLAN - TO RAISE AWARENESS OF THIS INITIATIVE, ITS POTENTIAL TO POSITIVELY IMPACT NEIGHBORHOODS WITH EJ CONCERNS, AND HOW COMMUNITY MEMBERS CAN GET INVOLVED IN ENSURING ITS SUCCESS; (10) CARRYING OUT A MESSAGING CAMPAIGN TARGETING NYC EJ COMMUNITIES, EJ GROUPS AND ALLIED GROUPS, AND CITY DECISIONMAKERS ALONG WITH OTHER KEY STAKEHOLDERS; AND (11) RAISING AWARENESS ABOUT THE EJNYC REPORT USING CONCISE, COMPELLING VERSIONS OF REPORT MATERIALS. 

SUBRECIPIENT:SUBAWARD ACTIVITIES INCLUDE THE FOLLOWING: PRATT CENTER FOR COMMUNITY DEVELOPMENT WILL DESIGN THE COMMUNITY ENGAGEMENT METHODOLOGY, AND DEVELOP THE FINAL RECOMMENDATION REPORT, BOTH IN CONJUNCTION WITH THE STEERING COMMITTEE. ASSOCIATION FOR NEIGHBORHOOD AND HOUSING DEVELOPMENT (ANHD) WILL HELP FACILITATE THE STEERING COMMITTEE (JOINTLY WITH WE ACT) AND PROVIDE SUPPORT AND TECHNICAL ASSISTANCE TO NEIGHBORHOOD-BASED ORGANIZATIONS ON HOSTING COMMUNITY ENGAGEMENT SESSIONS.  BOROUGH-LEVEL OUTREACH PARTNERS ARE ANHD, NEIGHBORHOOD HOUSING SERVICES OF BROOKLYN, MAKE THE ROAD NEW YORK, NEIGHBORHOODS FOR A SUSTAINABLE FUTURE, EASTERN QUEENS ALLIANCE, AND RED HOOK INITIATIVE.OUTCOMES:THE ANTICIPATED DELIVERABLES INCLUDE A STEERING COMMITTEE OF 10-15 CBOS CITYWIDE; AN OUTREACH AND COMMUNITY ENGAGEMENT PLAN; FACILITATOR GUIDES AND INPUT GATHERING PROTOCOLS TRANSLATED INTO KEY LANGUAGES THAT PREDOMINATE IN NEIGHBORHOODS WITH EJ CONCERN",3000000,3000000,0,3000000,2025-03-25,"Program terminated, DOGE, End date cut short (USAspending), Senate committee list",N/A,N/A,2025-02-15T00:00:00Z,2028-02-14T00:00:00Z,Region 2,66.616,Environmental and Climate Justice Community Change Grants Program,EPA-R-OEJECR-OCS-23-04,West Harlem Environmental Action Inc,NY,New York,NY-13,N/A,https://www.usaspending.gov/award/ASST_NON_96274625_068/,N/A,N/A
96275300,Disrupted,Terminated,Environmental and Climate Justice Community Change Grants Program award to Departamento De La Comida De Puerto Rico Inc,"THIS AGREEMENT PROVIDES FUNDING UNDER THE INFLATION REDUCTION ACT (IRA) TO EL DEPARTAMENTO DE LA COMIDA (EL DEPA).  SPECIFICALLY, THIS PROJECT HAS THREE INITIATIVES: COMMUNITY EDUCATION AND WORKFORCE DEVELOPMENT, A CLIMATE RESILIENCE HUB, AND INTERGENERATIONAL WATERWAY RESTORATION.  EL DEPARTAMENTO DE LA COMIDA AND PARTNERS WILL IMPLEMENT NATURE-BASED SOLUTIONS OF RIPARIAN RESTORATION TO ADDRESS VULNERABILITIES AND ENHANCE WATERSHED RESILIENCE; INSTALL ENERGY-EFFICIENT UPGRADES TO CRITICAL INFRASTRUCTURE TO REDUCE GREENHOUSE GAS (GHG) EMISSIONS AND ENHANCE RESILIENCE; INTRODUCE EDUCATIONAL PROGRAMS TO BUILD ADAPTIVE CAPACITY AND COMMUNITY ENGAGEMENT WITHIN THEIR COMMUNITY; ADMINISTER COMMUNITY COMPOSTING TO REDUCE FOOD WASTE AND SUPPORT LOCAL BIODIVERSITY; AND TRAIN STAFF AND COMMUNITY MEMBERS IN WATERSHED STEWARDSHIP TO ENSURE SUSTAINABLE MANAGEMENT OF WATER RESOURCES AND POLLUTION REDUCTION. 

ACTIVITIES:THE ACTIVITIES INCLUDE IMPLEMENTING GREEN INFRASTRUCTURE AND NATURE-BASED SOLUTIONS, UPGRADING BUILDINGS TO MAKE THEM ENERGY EFFICIENT, ESTABLISHING A COMMUNITY RESILIENCE HUB, REDUCING ORGANIC WASTE, ESTABLISHING WORKFORCE DEVELOPMENT PROGRAMS, COMMUNITY EDUCATION AND TRAININGS, AND REDUCING POLLUTION AND INCREASING THE RESILIENCY OF WATERWAYS.

SUBRECIPIENT:SUBAWARDEES WILL: TRANSITION SMALL AND MEDIUM FARMS FROM INDUSTRIAL TO REGENERATIVE AGRICULTURE PRACTICES; PROMOTE AGRICULTURE, ENVIRONMENTAL CONSERVATION, THE RESPONSIBLE USE OF NATURAL SPACES, AND AUTONOMY, IN SERVICE OF EMPOWERING THE COMMUNITY TO PARTICIPATE IN COOPERATIVE AND COMMUNAL SUSTAINABILITY; TRANSFORM THE MERCEDES PALMA SCHOOL INTO A MULTIFACETED HUB THAT SERVES AS A BEACON OF RESILIENCE AND DEVELOPMENT FOR THE REGION; PROVIDE EDUCATION AND TRAINING TO THE COMMUNITY ON SOLAR PANELS AND ENERGY STORAGE SOLUTIONS; HOLD STEWARDSHIP OVER THE DISUSED MERCEDES PALMA SCHOOL BUILDING AND FACILITATE THE RESTORATION OF THE BUILDING BY EL DEPA, TRANSFORMING IT INTO A RESILIENCIA HUB; LEAD ENVIRONMENTAL AND ARTS-BASED POPULAR EDUCATION CAMPAIGNS, SUPPORTING THE RESIDENTS OF CAGUAS IN ADVANCING CLIMATE JUSTICE ORGANIZING EFFORTS.			
		
		
		
		
		
OUTCOMES:THE ANTICIPATED DELIVERABLES INCLUDE: A VULNERABILITY MAP OF THE COMMUNITY; INCREASED NATIVE SPECIES ALONG WATERSHED WATERWAYS; PLANTING 200 SHADE TREES ANNUALLY; INSTALLATION OF RAINWATER COLLECTION SYSTEMS; INSTALLATION OF INTERPRETATION STOPS ALONG TRAILS; RENOVATING AND RESTORING THE MERCEDES PALMA SECONDARY SCHOOL AS RESILIENT COMMUNITY BUILDING; UPGRADING PROJECT SITES WITH SOLAR AND BATTERY SYSTEMS; SOLAR REFRIGERATION AT SELECT PROJECT SITES; AN AGRICULTURAL EDUCATION CENTER, NATIVE TREE NURSERY, AND ORGANIC COMPOSTING SITE; EDUCATIONAL CLASSES AND ACTIVITIES FOR YOUTH; DELIVERING DISASTER PREPAREDNESS, STORMWATER MANAGEMENT, FLOOD PREPAREDNESS, ORGANIC FARMING, AND CLIMATE ADAPTION TRAININGS; CONVERTING PRODUCE THAT WOULD NORMALLY GO TO WASTE; TRANSITION SMALL AND MEDIUM FARMS FROM INDUSTRIAL TO REGENERATIVE AGRICULTURAL PRACTICES AND TRAIN FARMERS TO TRANSITION TO ORGANIC AND AGROECOLOGICAL FARMING; DEVELOPING AN AGROECOLOGICAL WORKFORCE TRAINED IN GHG REDUCTION AND WATER PROTECTION STRATEGIES; WORKFORCE TRAINING PROGRAM; AND TRAININGS ON PLANTING NATIVE PLANTS, COLLECTING DATA, AND MONITORING WATER ALONG THE WATERSHED; CREATION OF EDUCATIONAL MATERIALS THAT TRANSLATE HIGHLY TECHNICAL PROTOCOLS INTO ACCESSIBLE LANGUAGE AND FORMATS. 

THE EXPECTED OUTCOMES INCLUDE: MITIGATING RISKS OF LANDSLIDES; DECREASED EROSION; REFORESTATION; INCREASED RESILIENCE TO EXTREME WEATHER AND CLIMATE EVENTS; MORE EQUITABLE ACCESS TO COMMUNITY RESOURCES; INCREASED COMMUNITY CONNECTIVITY AND SAFETY; INCREASED CONSUMPTION OF TRADITIONAL, LOCALLY PRODUCED FOODS; DECREASED RELIANCE ON RESOURCE-INTENSIVE, NON-NATIVE CROPS; INCREASED ENGAGEMENT OF COMMUNITIES IN STEWARDING LANDS AND WATERS; INCREASED COMMUNITY AWARENESS OF EMERGENCY PREPAREDNESS; COMMUNITY-CONVENING SPACES TO PROVIDE EDUCATIONAL ACTIVITIES AND R",11914745,11914745,0,11914745,2025-03-25,"Program terminated, DOGE, End date cut short (USAspending), Senate committee list",N/A,N/A,2025-02-17T00:00:00Z,2028-02-16T00:00:00Z,Region 2,66.616,Environmental and Climate Justice Community Change Grants Program,EPA-R-OEJECR-OCS-23-04,Departamento De La Comida De Puerto Rico Inc,PR,Caguas,PR-98,N/A,https://www.usaspending.gov/award/ASST_NON_96275300_068/,N/A,N/A
96275325,Disrupted,Terminated,Environmental and Climate Justice Community Change Grants Program award to Ironbound Community Corporation,"THIS AGREEMENT PROVIDES FUNDING UNDER THE INFLATION REDUCTION ACT (IRA) TO IRONBOUND COMMUNITY CORPORATION (ICC). SPECIFICALLY, BY LEVERAGING INNOVATIVE SOLUTIONS AND FOSTERING COMMUNITY COLLABORATION, ICC WILL USE THIS FUNDING TO ENHANCE CLIMATE RESILIENCE, IMPROVE AIR QUALITY, AND PROVIDE ESSENTIAL EMERGENCY SERVICES TO ADDRESS THE ENVIRONMENTAL, SOCIOECONOMIC, AND PUBLIC HEALTH CHALLENGES CURRENTLY FACED BY THE IRONBOUND NEIGHBORHOOD IN NEWARK, NJ.  

BY IMPLEMENTING A MOBILE MICRO-GRID WITH SOLAR PANELS AND BATTERY STORAGE AS WELL AS THE INTRODUCTION OF ELECTRIC VEHICLES FOR SHORT-DISTANCE TRANSPORTATION OF PROJECT AREA RESIDENTS, ICC WILL REDUCE THE NEIGHBORHOOD'S RELIANCE ON FOSSIL FUELS, LOWERING EMISSIONS AND IMPROVING AIR QUALITY. THIS INITIATIVE WILL DIRECTLY MITIGATE HEALTH ISSUES CAUSED BY POLLUTION, SUCH AS ASTHMA AND CARDIOVASCULAR DISEASES, THEREBY ENHANCING RESIDENTS' WELL-BEING. THE GRANT WILL BOLSTER DISASTER PREPAREDNESS AND RESPONSE CAPABILITIES BY DEVELOPING COMMUNITY RESILIENCE HUBS AT 3 CRITICAL COMMUNITY FACILITIES AND WORKING WITH PARTNERS IN LOCAL GOVERNMENT TO DEVELOP AND IMPLEMENT CONTINGENCY PLANS FOR MICROGRID DEPLOYMENT DURING EMERGENCIES. THIS WILL ENSURE THAT THE COMMUNITY HAS A RELIABLE POWER SOURCE DURING DISASTERS, REDUCING VULNERABILITY AND ENHANCING SAFETY. ADDITIONALLY, ENHANCED COMMUNITY OUTREACH EFFORTS WILL RAISE AWARENESS ABOUT THE MICRO-GRID, ITS AVAILABILITY, AND ITS BENEFITS, FOSTERING GREATER COMMUNITY ENGAGEMENT AND RESILIENCE. 

THE GRANT ALSO AIMS TO CREATE A SUSTAINABLE AND EQUITABLE FUTURE FOR THE IRONBOUND NEIGHBORHOOD THROUGH IMPLEMENTING WORKFORCE DEVELOPMENT WORKSHOPS AND TRAINING INITIATIVES. RESIDENTS WILL GAIN ESSENTIAL SKILLS FOR MANAGING AND SUSTAINING THE MICRO-GRID AND OTHER COMMUNITY RESILIENCE PROJECTS, CREATING JOB OPPORTUNITIES AND ECONOMIC EMPOWERMENT, HELPING TO ALLEVIATE POVERTY AND IMPROVE LIVING STANDARDS. THE PROJECT WILL ALSO PROMOTE ENVIRONMENTAL JUSTICE BY REDUCING THE ENVIRONMENTAL BURDENS BORNE BY THE COMMUNITY AND WILL PROVIDE CULTURALLY APPROPRIATE, MULTILINGUAL EDUCATIONAL MATERIALS TO INFORM RESIDENTS ABOUT THE HEALTH BENEFITS OF REDUCED EMISSIONS AND THE USE OF RENEWABLE ENERGY. THIS EDUCATION WILL EMPOWER RESIDENTS WITH THE KNOWLEDGE AND TOOLS TO ADVOCATE FOR SUSTAINABLE PRACTICES AND POLICIES, FOSTERING LONG-TERM ENVIRONMENTAL AND SOCIAL JUSTICE.
ACTIVITIES:THE ACTIVITIES TO BE PERFORMED INCLUDE ESTABLISHING AN ELECTRIC VEHICLE (EV) CHARGING INFRASTRUCTURE FACILITIES FOR BOTH HEAVY-DUTY AND LIGHT-DUTY ELECTRIC VEHICLES, ALONG WITH PURCHASING TWO ELECTRIC PASSENGER VANS AND ONE ELECTRIC PASSENGER VEHICLE FOR SHORT-DISTANCE TRANSPORTATION OF PROJECT AREA RESIDENTS. THE ACTIVITIES ALSO INCLUDE THE DEVELOPMENT OF COMMUNITY RESILIENCE HUBS AT THREE CRITICAL COMMUNITY FACILITIES WHICH WILL BE EQUIPPED WITH SOLAR POWER SYSTEMS AND MOBILE BATTERY MICROGRIDS TO ENSURE RESILIENT POWER SUPPLY DURING EMERGENCIES. A FLEET OF THREE MOBILE BATTERY SYSTEMS WILL BE DEVELOPED WHICH WILL: 1) CONNECT TO A GROUND-MOUNTED SOLAR POWER SYSTEM AT ICC'S FERRY STREET FARM SITE; 2) BE DRIVEN BY A TRUCK DURING POWER OUTAGES TO ANY OF THE FOUR DESIGNATED CRITICAL COMMUNITY FACILITIES THAT HAVE LOST POWER, WHERE THEY WILL CONNECT TO MICROGRID ELECTRICAL INFRASTRUCTURE BUILT BY ICC AT THOSE FACILITIES; 3) CONNECT TO A SOLAR POWER SYSTEM ON THE ROOF OF EACH COMMUNITY RESILIENCE HUB, TO EXTEND THE OPERATING TIME OF THE MOBILE BATTERY SYSTEM AT EACH SITE; AND 4) IF THE POWER OUTAGE IS OF SUCH DURATION THAT THE BATTERY IS DEPLETED, RETURN TO THE CENTRAL ICC SITE TO RECHARGE THROUGH ITS SOLAR POWER SYSTEM. THE ACTIVITIES TO BE PERFORMED WILL FURTHER INCLUDE THE EXECUTION OF A COMPREHENSIVE WORKFORCE DEVELOPMENT PROGRAM AIMED AT EQUIPPING INDIVIDUALS WITH THE SKILLS NEEDED IN THE RENEWABLE ENERGY SECTOR, FOCUSING ON SOLAR ENERGY, BATTERY STORAGE, ELECTRIC VEHICLE (EV) CHARGING, AND MICROGRID STABILITY. THE COMMUNITY RESILIENCE HUBS WILL SERVE AS HOST SITES F",19318594,19318594,8189.950000000004,19310404.05,2025-03-25,"Program terminated, DOGE, End date cut short (USAspending), Senate committee list",N/A,N/A,2025-01-06T00:00:00Z,2028-01-05T00:00:00Z,Region 2,66.616,Environmental and Climate Justice Community Change Grants Program,EPA-R-OEJECR-OCS-23-04,Ironbound Community Corporation,NJ,Newark,NJ-08,N/A,https://www.usaspending.gov/award/ASST_NON_96275325_068/,N/A,N/A
96275425,Disrupted,Terminated,Environmental and Climate Justice Community Change Grants Program award to Rockaway Waterfront Alliance Inc,"THIS AGREEMENT PROVIDES FUNDING UNDER THE INFLATION REDUCTION ACT (IRA) TO ROCKAWAY WATERFRONT ALLIANCE (RWA), DBA RISE. SPECIFICALLY, BY HARNESSING NATURE-BASED SOLUTIONS AND CULTIVATING STRONG COMMUNITY PARTNERSHIPS, RISE WILL USE THIS FUNDING TO ENHANCE CLIMATE RESILIENCE, IMPROVE AIR QUALITY, REDUCE LOCAL POLLUTION TO IMPROVE PUBLIC HEALTH, BUILD COMMUNITY STRENGTH AND TRAIN A CLIMATE RESILIENT WORKFORCE TO ADDRESS THE ENVIRONMENTAL, SOCIOECONOMIC AND PUBLIC HEALTH CHALLENGES CURRENTLY FACED BY THE RESIDENTS OF ARVERNE AND FAR ROCKAWAY, QUEENS, NY. THE PROJECT WILL DEVELOP A PROJECT PARTNERSHIP WITH NYC PARKS THAT WILL SUPPORT RISE'S ABILITY TO MANAGE A ROBUST MULTI-YEAR PROJECT AND SHARE RESOURCES. NYC PARKS BRINGS KNOWLEDGE, EXPERTISE, AND EXPERIENCE ABOUT DUNE RESTORATION AND WILL BUILD CAPACITY AT ITS GREENBELT NATIVE PLANT CENTER (GNPC) TO GROW NATIVE PLANTS FOR DUNE RESTORATION IN ARVERNE AND FAR ROCKAWAY, QUEENS. THE PROJECT WILL ENGAGE THE LOCAL DISADVANTAGED URBAN COMMUNITY OF COLOR IN MEANINGFUL WAYS, FROM DESIGN TO IMPLEMENTATION TO SUSTAINABILITY, GIVING VOICE TO MAJORITY BIPOC, LOW-INCOME, UNDERREPRESENTED, AND UNDERSERVED INDIVIDUALS.  THE PROJECT WILL  (1) RESTORE, PROTECT, PRESERVE, AND MAINTAIN A 3-MILE STRETCH OF NEGLECTED DUNE HABITAT, LIVING LANDSCAPE, AND NEW GREEN INFRASTRUCTURE REFERRED TO AS THE ROCKAWAY DUNE PRESERVE SITE, ALONG THE NARROW STRETCH OF LAND NORTHWARD OF THE ROCKAWAY BOARDWALK, FROM BEACH 17TH TO BEACH 76TH STREET.; (2) ESTABLISH A NEW LOCAL NATIVE PLANT NURSERY IN ARVERNE TO GROW LOCAL ECOTYPE NATIVE PLANT SPECIES APPROPRIATE FOR THIS DUNE RESTORATION PROJECT SITE AND SERVE AS AN EDUCATIONAL AND WORKFORCE DEVELOPMENT TRAINING SITE; (3) INCREASE THE CAPACITY FOR GNPC TO PRODUCE NATIVE PLANT MATERIAL APPROPRIATE FOR DUNE HABITAT RESTORATION AND COASTAL SEED-BASED RESTORATION AND DEVELOPING PROTOCOLS AND TRAINING PROGRAMS; (4) CLEAN BEACHES IN THE PROJECT AREA AND ENGAGE THE COMMUNITY IN A CLEAN BEACH CAMPAIGN THAT WILL HELP REDUCE TRASH, MARINE DEBRIS, AND POLLUTION BUILD-UP IN THE PROJECT AREA; (5) DEVELOP NEW HIGH-QUALITY JOBS AND INCREASE THE CAPACITY OF RISE'S JOB TRAINING PROGRAMS THAT WILL BENEFIT THE COMMUNITY, ESPECIALLY LOW-INCOME ADULTS AND TEENS OF COLOR.



ACTIVITIES:THE PROJECT ACTIVITIES INCLUDE (1) PLANTING NATIVE DUNE PLANTS ACROSS A 3-MILE STRETCH OF DUNE LANDSCAPE IN ARVERNE AND FAR ROCKAWAY; (2) COLLECTING AND STORING LOCAL NATIVE SEEDS TO BE STORED IN THE GREENBELT NATIVE PLANT CENTER/NYC PARKS DEPARTMENT, STATEN ISLAND, NY, SEEDBANK TO ENSURE AVAILABILITY OF PLANT MATERIAL FOR FUTURE COASTAL RESTORATION EFFORTS; (3)ESTABLISHING A NEW NATIVE PLANT NURSERY IN ARVERNE, QUEENS, NY; (4) SUPPORTING EXISTING PLANT NURSERY AND SEED BANK AT THE GREENBELT NATIVE PLANT CENTER/NYC PARKS DEPARTMENT TO MAINTAIN NECESSARY STOCK OF NATIVE PLANTS APPROPRIATE FOR COASTAL HABITAT RESTORATION; (5) PLACEMENT OF SEVERAL SPECIES OF POLLINATOR-FRIENDLY PLANTS THROUGHOUT 3-MILE STRETCH OF NEGLECTED HABITAT IN ARVERNE AND FAR ROCKAWAY, QUEENS, NY; (6) REMOVING INVASIVE SPECIES IN PROJECT AREA. (7) WRITING AND PUBLISHING A MANUAL ON NATIVE SEED FARMING AND SMALL-SCALE NATIVE PLANTING; (8 )TRAINING, MENTORING AND COACHING 60 ADULTS IN DISADVANTAGED COMMUNITIES OF COLOR WHO ARE CURRENTLY UNEMPLOYED, UNDEREMPLOYED, OR FACE EMPLOYMENT BARRIERS TO SECURE FUTURE JOBS AND CAREERS TO REDUCE GHG EMISSIONS AND AIR POLLUTANTS; (9) TRAINING, MENTORING AND COLLEGE AND CAREER COACHING 75 HIGH SCHOOL STUDENTS IN DISADVANTAGED COMMUNITIES ( TO PREPARE THEM FOR HIGH-QUALITY JOBS TO REDUCE GHG EMISSIONS AND AIR POLLUTANTS;(10) REMOVING 4+ TONS OF WASTE AND MARINE DEBRIS FROM 3-MILE STRETCH OF NEGLECTED BEACH AND DUNES; (11) PLACING 80 TRASH RECEPTACLES ON BEACHES/BOARDWALKS IN PROJECT AREA; (12) PLACING PERMANENT SIGNAGE IN PROJECT AREA TO REMIND VISITORS NOT TO LITTER AND TO DISPOSE OF SOLID WASTE PROPERLY; (13) POSTING INTERPRETIVE EDUCATIONAL SIGNS TO EDUCATE AND INSPIRE THE PU",11158108,11158108,32000,11126108,2025-03-25,"Program terminated, DOGE, End date cut short (USAspending), Senate committee list",N/A,N/A,2025-02-01T00:00:00Z,2028-01-31T00:00:00Z,Region 2,66.616,Environmental and Climate Justice Community Change Grants Program,EPA-R-OEJECR-OCS-23-04,Rockaway Waterfront Alliance Inc,NY,Arverne,NY-05,N/A,https://www.usaspending.gov/award/ASST_NON_96275425_068/,N/A,N/A
96276500,Disrupted,Terminated,Environmental and Climate Justice Community Change Grants Program award to Asociacion De Residentes De La Margarita Inc,"THIS AGREEMENT PROVIDES FUNDING UNDER THE INFLATION REDUCTION ACT (IRA) TO ASOCIACIOACUTE;N DE RESIDENTES DE LA MARGARITA, INC. (ARLM). SPECIFICALLY, THE PROJECT WILL IMPLEMENT 'COMMUNITY LEADERSHIP INITIATIVES FOR MITIGATION AND ADAPTATION' (CLIMA) TO ADDRESS CRITICAL CLIMATE AND POLLUTION CHALLENGES FACING LOW-INCOME OLDER ADULTS IN SALINAS, PUERTO RICO THROUGH FOUR MAIN STRATEGIES: (1) INSTALLING A COMMUNITY-LED LA MARGARITA CENTRALIZED SOLAR/BATTERY MICROGRID TO PROVIDE CLEAN, RESILIENT POWER TO 700 HOUSEHOLDS, 12 CRITICAL FACILITIES AND OTHER ESTABLISHMENTS, ALONG WITH 'MICROGRID-READY' RESIDENTIAL ROOFTOP SYSTEMS FOR 15 VULNERABLE HOUSEHOLDS; (2) ESTABLISHING 20 SOLAR-POWERED RESILIENCE HUBS ACROSS THE PROJECT AREA TO PROVIDE SHELTER AND ESSENTIAL SERVICES TO 60,000 DISADVANTAGED RESIDENTS DURING CLIMATE EMERGENCIES; (3) INSTALLING BARRIERS AT 100 HOMES, CONSTRUCTING 800 FEET OF NATURAL BERM AND MASONRY WALL, AND IMPROVING 3,000 SQ. FEET OF DRAINAGE TO MITIGATE EXPOSURE TO TOXIC FLOOD WATERS; AND (4) INSTALLING THE FIRST EV CHARGING INFRASTRUCTURE IN SOUTHERN AND EASTERN PUERTO RICO TO REDUCE TRANSPORTATION-BASED AIR POLLUTION. THE PROJECT WILL REDUCE AN ESTIMATED 7,000 TONS OF CO2 EQUIVALENT EMISSIONS IN THREE YEARS WHILE BUILDING COMMUNITY CAPACITY THROUGH TRAINING 400 COMMUNITY MEMBERS IN RESILIENCE AND SOLAR ENERGY SKILLS
ACTIVITIES:THE ACTIVITIES INCLUDE: (1) IMPLEMENTING THE LA MARGARITA MICROGRID BY INSTALLING CENTRALIZED SOLAR/BATTERY INFRASTRUCTURE TO PROVIDE POWER SERVICE TO 700 HOUSEHOLDS AND 12 CRITICAL FACILITIES, PLUS INSTALLING 'MICROGRID-READY' ROOFTOP SOLAR SYSTEMS ON 15 VULNERABLE HOUSEHOLDS; (2) ESTABLISHING 20 RESILIENCE HUBS ACROSS THE PROJECT AREA BY INSTALLING SOLAR AND STORAGE EQUIPMENT, SETTING UP THE ATMAGO DIGITAL DISASTER COMMUNICATION PLATFORM, AND CONDUCTING 40 WORKSHOPS TO TRAIN 400 COMMUNITY MEMBERS IN DISASTER MANAGEMENT, DIGITAL LITERACY, RENEWABLE ENERGY, AND POLLUTION REDUCTION; (3) REDUCING WATER POLLUTION EXPOSURE BY INSTALLING FLOOD BARRIERS AT 100 HOME ENTRANCES, CONSTRUCTING 800 FEET OF NATURAL BERM AND MASONRY WALL WATER CONTROL INFRASTRUCTURE, AND IMPROVING 3,000 SQUARE FEET OF DRAINAGE SYSTEMS; AND (4) REDUCING AIR POLLUTION BY TRANSITIONING USERS AWAY FROM THE COAL-FIRED AES POWER PLANT TO CLEAN SOLAR POWER THROUGH THE MICROGRID IMPLEMENTATION AND INSTALLING 3 EV CHARGING STATIONS TO SUPPORT ADOPTION OF ELECTRIC VEHICLES IN SOUTHERN AND EASTERN PUERTO RICO. THE PROJECT ALSO INCLUDES DEVELOPING TRADITIONAL AND SOCIAL MEDIA CAMPAIGNS TO REACH AT LEAST 200,000 VIEWERS WITH INFORMATION ABOUT PROJECT IMPACTS.
SUBRECIPIENT:SOLAR UNITED NEIGHBORS (SUN) - STATUTORY PARTNER WILL:
LEAD IMPLEMENTATION OF RESILIENCE HUBS INCLUDING SOLAR/BATTERY INSTALLATIONS
CONDUCT SOLAR 101 CERTIFICATION WORKSHOPS AND INSTALLER TRAINING
PROVIDE TECHNICAL ASSISTANCE FOR MICROGRID DEVELOPMENT
LEAD COMMUNITY EDUCATION AND TRAINING ACTIVITIES

SOLAR VILLAGE PARTNERS (SVP) WILL:
SUPPORT ESTABLISHMENT OF 20 RESILIENCE HUBS
CONDUCT FOCUS GROUPS AND SURVEYS TO EVALUATE COMMUNITY IMPACT
PARTNER WITH LOCAL INSTITUTIONS FOR LONG-TERM HUB SUSTAINABILITY


EARTHSPARK INTERNATIONAL WILL:
SUPPORT DEVELOPMENT AND IMPLEMENTATION OF THE LA MARGARITA MICROGRID
PROVIDE TECHNICAL EXPERTISE FOR MICROGRID OPERATIONS AND SCALING

ATMA WILL:
ADAPT AND IMPLEMENT THE ATMAGO DIGITAL DISASTER COMMUNICATION PLATFORM
SET UP ONLINE DISASTER WARNING SYSTEM
SUPPORT COMMUNITY COORDINATION AND MUTUAL AID NETWORKS
IMPLEMENT CLEAN WATER NETWORK ACTIVITIES IN COLLABORATION WITH EXISTING EPA COMMUNITY PROBLEM-SOLVING GRANTOUTCOMES:THE ANTICIPATED DELIVERABLES INCLUDE: (1) ONE OPERATIONAL COMMUNITY-LED MICROGRID SERVING 700 HOUSEHOLDS, 12 CRITICAL FACILITIES, AND OTHER ESTABLISHMENTS IN LA MARGARITA; (2) 15 RESIDENTIAL ROOFTOP SOLAR+BATTERY SYSTEMS INSTALLED FOR VULNERABLE HOUSEHOLDS; (3) 20 EQUIPPED RESILIENCE HUBS ESTABLISHED ACROSS THE PROJECT AREA; (4) 100 RESIDENTIAL FLOOD B",20000000,20000000,61399.70000000001,19938600.3,2025-03-25,"Program terminated, DOGE, End date cut short (USAspending), Senate committee list",N/A,N/A,2025-01-15T00:00:00Z,2028-01-14T00:00:00Z,Region 2,66.616,Environmental and Climate Justice Community Change Grants Program,EPA-R-OEJECR-OCS-23-04,Asociacion De Residentes De La Margarita Inc,PR,Salinas,PR-98,N/A,https://www.usaspending.gov/award/ASST_NON_96276500_068/,N/A,N/A
96276700,Disrupted,Terminated,Environmental and Climate Justice Community Change Grants Program award to Trinity Alliance of the Capital Region Inc,"THIS AGREEMENT PROVIDES FUNDING UNDER THE INFLATION REDUCTION ACT (IRA) TO TRINITY ALLIANCE OF THE CAPITAL REGION. SPECIFICALLY THE PROJECT WILL SUPPORT CLIMATE RESILIENCY THROUGH TWO COMMUNITY RESILIENCE HUBS, REMEDIATE INDOOR POLLUTANTS IN HOMES, IMPLEMENT RESIDENTIAL ENERGY EFFICIENCY MEASURES, PROVIDE FOR WORKFORCE DEVELOPMENT FOR COMMUNITY RESIDENT CLEAN ENERGY JOBS, SUPPORT WASTE REDUCTION AND A CIRCULAR FOOD ECONOMY THROUGH COMMUNITY COMPOSTING, AND EXPAND GREEN INFRASTRUCTURE THROUGH TREE PLANTING AND EDUCATION. FURTHER, THE GRANT WILL ENABLE MUCH DEEPER COLLABORATION BETWEEN ORGANIZATIONS, HOPING TO REDUCE SILOED APPROACHES TO IMPLEMENTING SOLUTIONS BY SUPPORTING COMMUNITY ENGAGEMENT AND COLLABORATIVE GOVERNANCE.





ACTIVITIES:THE ACTIVITIES INCLUDE PROJECT MANAGEMENT, COORDINATION, AND REPORTING; RETROFITTING THE EXISTING AND BUILDING NEW PORTIONS TO THE SOUTHERN RESILIENCE HUB; CONSTRUCTING A NEW NORTHERN RESILIENCE HUB; REMEDIATING SOME HOMES; PROVIDING ENERGY EFFICIENCY UPGRADES FOR OTHER HOMES; PROVIDING AND RECRUITING FOR THE CAPITAL REGION CLEAN ENERGY WORKFORCE DEVELOPMENT PROGRAM; SUPPORTING AND EXPANDING THE COMMUNITY COMPOST INITIATIVE; PLANTING TREES; AND CONDUCTING COMMUNITY ENGAGEMENT AND OUTREACH ACROSS ALL OF THESE ACTIVITIES. 

SUBRECIPIENT:STATUTORY PARTNER CLEAN+HEALTHY WILL PROVIDE STAFF TO LEAD THE COORDINATION AND COMMUNICATION TO THE PARTNERS, COMMUNITY AND ACROSS THE PROJECT AS A WHOLE. UNDERGROUND RAILROAD EDUCATION CENTER (UREC) WILL CONSTRUCT THE NORTHERN RESILIENCE HUB (AKA UREC RESILIENCE CENTER) AND PROVIDE EMERGENCY RESPONSE PLAN TRAININGS AND RESIDENTIAL EMERGENCY PLAN WORKSHOPS. AFFORDABLE HOUSING PARTNERSHIP WILL PROCESS APPLICATIONS FOR, INSPECT AND REMEDIATE 25 HOMES TO MAKE THEM MOLD, ASBESTOS, RADON OR LEAD SAFE, AND CONDUCT OUTREACH FOR THE PROGRAM. ARBOR HILL DEVELOPMENT CORPORATION WILL INSPECT AND PROVIDE ENERGY-EFFICIENCY RENOVATIONS FOR 33 HOMES AND ADVERTISE AND EDUCATE COMMUNITY MEMBERS ABOUT THE PROGRAM WITH MONTHLY MEETINGS. AVILLAGE WILL EMPLOY ITS INNOVATION BLOCK AMBASSADOR PROGRAM TO PROMOTE, ENGAGE, EDUCATE OR OTHERWISE PROVIDE OUTREACH TO THE COMMUNITY ABOUT THE PROJECT ACTIVITIES. CAPITAL AREA URBAN LEAGUE WILL RECRUIT FOR AND CARRY OUT THE CAPITAL REGION CLEAN ENERGY WORKFORCE DEVELOPMENT PROGRAM. RADIX ECOLOGICAL SUSTAINABILITY CENTER WILL IMPLEMENT THE TREE PLANTING PROGRAM AND ASSOCIATED COMMUNITY ENGAGEMENT AND EDUCATION INCLUDING GENERATING AND SHARING INFORMATION FROM AIR POLLUTION MONITORS, AND RADIX WILL CARRY OUT THE COMMUNITY COMPOST INITIATIVE.OUTCOMES:THE ANTICIPATED DELIVERABLES INCLUDE MONTHLY WORKING GROUP AND QUARTERLY STEERING COMMITTEE MEETINGS FOR PROJECT COORDINATION; 20,907 SQUARE FEET OF RETROFITTED AND 15,593 SQUARE FEET OF NEW SPACE FOR THE SOUTHERN RESILIENCE HUB; 14,000 SQUARE FEET FOR A NEW NORTHERN RESILIENCE HUB; 6 DISASTER PREPAREDNESS TRAININGS PER YEAR FOR EACH HUB; 25 HOMES INSPECTED AND REMEDIATED OF MOLD OR ASBESTOS INCLUDING VERMICULITE, LEAD OR RADON; 33 HOMES TO BE WEATHERIZED AND RECEIVE ENERGY EFFICIENCY UPGRADES; 90 DISADVANTAGED COMMUNITY RESIDENTS PARTICIPATING IN THE CAPITAL REGION CLEAN ENERGY WORKFORCE DEVELOPMENT PROGRAM; COMMUNITY COMPOST INITIATIVE EXPANDED FROM 250 TO 400 RESIDENTS; 200 TREES PLANTED; AND COMMUNITY ENGAGEMENT AND OUTREACH CAMPAIGNS FOR EACH. 

THE EXPECTED OUTCOMES INCLUDE INCREASED # OF HOUSEHOLDS EDUCATED ON EMERGENCY PREPAREDNESS AS MEASURED BY ATTENDANCE AT PLANNED SESSIONS; INCREASED # OF HOUSEHOLDS WITH ACCESS TO COMMUNITY-WIDE AND INDIVIDUAL HOUSEHOLD EMERGENCY RESPONSE PLANS AND SHELTER AS MEASURED BY NUMBER OF PARTICIPANTS IN SESSIONS; # OF COMMUNITY MEMBERS WITH ACCESS TO EMERGENCY SERVICES AND SAFE SHELTER AS MEASURED BY BUILDING OCCUPANCY LIMITS; INCREASED BUILDING EFFICIENCY AS MEASURED BY ENERGY USAGE BEFORE AND AFTER CONSTRUCTION; % REDUCTION OF FOSSIL-FUEL BASED HOME HEATING/COOLING AND CALCULATED REDUCTION IN ASSOCIATED GREENHOUSE GAS EMISSIONS; REDUCED A",20000000,20000000,130686.99999999994,19869313,2025-03-25,"Program terminated, DOGE, End date cut short (USAspending), Senate committee list",N/A,N/A,2025-02-01T00:00:00Z,2028-01-31T00:00:00Z,Region 2,66.616,Environmental and Climate Justice Community Change Grants Program,EPA-R-OEJECR-OCS-23-04,Trinity Alliance of the Capital Region Inc,NY,Albany,NY-20,N/A,https://www.usaspending.gov/award/ASST_NON_96276700_068/,N/A,N/A
96278700,Disrupted,Terminated,Environmental and Climate Justice Community Change Grants Program award to The New School,"THIS AGREEMENT PROVIDES FUNDING UNDER THE INFLATION REDUCTION ACT (IRA) TO THE NEW SCHOOL, TISHMAN ENVIRONMENT AND DESIGN CENTER. SPECIFICALLY, THE PROJECT WILL CREATE AN ENERGY TRANSITION EDUCATIONAL SERIES WITH THREE MODULES ON KEY CLIMATE AND ENERGY TOPICS, AND DEVELOP AN EQUITABLE ENERGY GOVERNANCE CONSULTATION PROCESS IN THE MIDWEST AND NORTHEAST REGIONS TO FACILITATE ENGAGEMENT OF DISADVANTAGED COMMUNITIES IN STATE AND FEDERAL RULEMAKING AND PUBLIC PROCESSES RELATED TO THE CLEAN ENERGY TRANSITION. THE PROJECT WILL DELIVER EDUCATIONAL CONTENT THROUGH MULTIPLE FORMATS (ASYNCHRONOUS VIRTUAL, LIVE VIRTUAL, AND IN-PERSON), HOST COMMUNITY WORKSHOPS, CONDUCT ENERGY INFRASTRUCTURE SITE TOURS, AND ORGANIZE MULTI-STAKEHOLDER CONVENINGS TO BUILD CAPACITY AND STRENGTHEN RELATIONSHIPS BETWEEN ENVIRONMENTAL JUSTICE COMMUNITIES AND GOVERNMENT STAKEHOLDERS.ACTIVITIES:THE ACTIVITIES INCLUDE DEVELOPMENT OF AN ENERGY TRANSITION EDUCATIONAL SERIES WITH THREE MODULES ON ENERGY SYSTEMS AND CLIMATE MITIGATION POLICIES, ENERGY DEMOCRACY AND COMMUNITY ENERGY PLANNING, AND ENVIRONMENTAL JUSTICE-BASED CLIMATE POLICY; AND IMPLEMENTATION OF AN EQUITABLE ENERGY GOVERNANCE CONSULTATION PROCESS IN THE MIDWEST AND NORTHEAST REGIONS FEATURING IN-PERSON DELIVERY OF EDUCATIONAL MODULES, COMMUNITY WORKSHOPS, STAKEHOLDER SESSIONS, ENERGY INFRASTRUCTURE SITE TOURS, AND MULTI-SECTOR CONVENINGS TO FACILITATE ENGAGEMENT BETWEEN DISADVANTAGED COMMUNITIES AND GOVERNMENT STAKEHOLDERS ON CLEAN ENERGY TRANSITION POLICIES AND DECISIONS.

SUBRECIPIENT:THE SUBAWARDEES (CEED AND NJEJA) WILL IMPLEMENT KEY ACTIVITIES ACROSS TWO MAJOR COMPONENTS OF THE PROJECT. FOR COMPONENT 1, THE ENERGY TRANSITION EDUCATIONAL SERIES, THEY WILL HELP CREATE CURRICULUM FOR THREE MODULES, WITH CEED LEADING MODULE B ON ENERGY DEMOCRACY AND COMMUNITY ENERGY PLANNING AND NJEJA LEADING MODULE C ON JUST CLIMATE MITIGATION POLICIES AND MANDATORY EMISSIONS REDUCTION. THEY WILL ALSO PARTICIPATE IN PEER REVIEW, PROVIDE FEEDBACK, AND SUPPORT DISSEMINATION OF THE MODULES. FOR COMPONENT 2, THE EQUITABLE ENERGY GOVERNANCE CONSULTATION, BOTH ORGANIZATIONS WILL WORK IN THEIR RESPECTIVE REGIONS (CEED IN MIDWEST, NJEJA IN NORTHEAST) TO HOST IN-PERSON EDUCATIONAL MODULE SESSIONS, ORGANIZE COMMUNITY WORKSHOPS FOR CBOS, FACILITATE STAKEHOLDER WORKSHOPS WITH GOVERNMENT AND OTHER STAKEHOLDERS, CONDUCT ENERGY INFRASTRUCTURE 'EJ READY TOURS,' AND HOST FINAL MULTI-SECTOR CONVENINGS. THEY WILL PROVIDE PARTICIPANT SUPPORT COSTS INCLUDING TRANSPORTATION AND SUPPLIES, AND THEIR COMMUNITY COORDINATORS WILL LEAD OUTREACH AND ORGANIZING EFFORTS. BOTH ORGANIZATIONS WILL FOCUS ON BUILDING AND MAINTAINING RELATIONSHIPS WITH DISADVANTAGED COMMUNITIES IN THEIR REGIONS. THE SUBAWARD AMOUNTS INCREASE IN YEARS 2 AND 3 SPECIFICALLY TO ENHANCE SUPPORT FOR GRASSROOTS ORGANIZATIONS AND PARTICIPANT COSTS AS THE PROJECT TRANSITIONS INTO MORE INTENSIVE COMMUNITY ENGAGEMENT PHASES.OUTCOMES:THE ANTICIPATED DELIVERABLES INCLUDE THREE EDUCATIONAL MODULES WITH ACCOMPANYING LEARNING GUIDES AND RESOURCE LISTS, VIRTUAL AND IN-PERSON TRAINING SESSIONS, COMMUNITY WORKSHOPS, STAKEHOLDER WORKSHOPS, ENERGY INFRASTRUCTURE SITE TOURS, MULTI-STAKEHOLDER CONVENINGS, REGIONAL DATABASES OF TRUSTED CONTACTS, AND DOCUMENTATION OF LESSONS LEARNED AND ENGAGEMENT MODELS.

THE EXPECTED OUTCOMES INCLUDE INCREASED COMMUNITY READINESS TO ENGAGE IN GOVERNMENTAL DECISION-MAKING, DEEPER UNDERSTANDING OF ENVIRONMENTAL JUSTICE CONCERNS AMONG STAKEHOLDERS, PROACTIVE ENGAGEMENT OF GOVERNMENT REPRESENTATIVES TO ADDRESS CLIMATE AND ENVIRONMENTAL JUSTICE, ENHANCED TRUST AND CONNECTIONS BETWEEN DISADVANTAGED COMMUNITIES AND GOVERNMENT STAKEHOLDERS, A SHARED ARTICULATION OF FUTURE GOALS AND WAYS FOR CONTINUED ENGAGEMENT, CREATION OF MODEL POLICIES OR CAMPAIGNS IN SOME INSTANCES, AND ESTABLISHMENT OF TRUSTED RELATIONSHIPS AND POINTS OF CONTACT FOR DISADVANTAGED COMMUNITIES.

THE INTENDED BENEFICIARIES ARE DISADVANTAGED COMMUNITIES.",3000000,3000000,3993.8799999999974,2996006.12,2025-03-25,"Program terminated, DOGE, End date cut short (USAspending), Senate committee list",N/A,N/A,2024-12-16T00:00:00Z,2027-12-15T00:00:00Z,Region 2,66.616,Environmental and Climate Justice Community Change Grants Program,EPA-R-OEJECR-OCS-23-04,The New School,NY,New York,NY-10,N/A,https://www.usaspending.gov/award/ASST_NON_96278700_068/,N/A,N/A
95341401,Restored,Reinstated (confirmed),Environmental Justice Thriving Communities Grantmaking Program Ej Tcgm award to Green Healthy Homes Initiative Inc,"THIS ASSISTANCE AGREEMENT PROVIDES FUNDING UNDER THE INFLATION REDUCTION ACT (IRA) TO GREEN AND HEALTHY HOMES INITIATIVE, A REGIONAL GRANTMAKER. THIS PROGRAM FUNDS COMMUNITY-BASED ORGANIZATIONS THAT ARE ADVANCING ENVIRONMENTAL JUSTICE INITIATIVES IN THEIR RESPECTIVE COMMUNITIES. THE PROGRAM SEEKS TO MINIMIZE THE ADMINISTRATIVE AND PROCEDURAL BURDEN OF APPLYING FOR FEDERAL GRANTS AND REDUCE THE OVERALL BURDEN OF MANAGING FUNDS THROUGHOUT THE SUBGRANT PROCESS. REGIONAL GRANTMAKERS, AS PASS-THROUGH ENTITIES, ARE REQUIRED TO REDISTRIBUTE 80 PERCENT OF TOTAL FUNDS AWARDED (I.E., 60 MILLION) TO COMMUNITIES THROUGH COMPETITIVE AND NONCOMPETITIVE SUBGRANTS. A SUPPLEMENTAL 8 MILLION HAS BEEN ADDED TO THE SUBSEQUENT AWARD TO BE REDISTRIBUTED TO COMMUNITIES THROUGH COMPETITIVE AND NONCOMPETITIVE SUBGRANTS, TOTALING 48 MILLION. THERE IS 2 MILLION THAT WILL BE USED FOR ADMINISTRATIVE AND CLOSEOUT COSTS, AND THE SUPPLEMENTAL 2 MILLION ON THE SUBSEQUENT AWARD WILL BE USED FOR THE FOLLOWING: ADDITIONAL QUALITY ASSURANCE (QA) COSTS, HUMAN SUBJECTS REVIEW (HSR) COSTS, AS WELL AS ADDITIONAL MEANINGFUL OUTREACH AND GAP FILLING IN REMOTE, RURAL AND HARD-TO-REACH AREAS OF THE COUNTRY, TERRITORIES, AND OUTLYING ISLANDS. ACTIVITIES:ACTIVITIES IN THE SUBSEQUENT AWARD PHASE INCLUDE AWARDING 192 COMPETITIVE SUBGRANTS AND 16 NONCOMPETITIVE SUBGRANTS. APPLICATIONS WILL BE REVIEWED BY A PANEL OF STAFF AND TECHNICAL ASSISTANCE PROVIDER PARTNERS ON A ROLLING BASIS IN 5 ROUNDS BETWEEN SEPTEMBER 2024 AND APRIL 2025. ADDITIONAL ACTIVITIES INCLUDE REPORTING ON PROGRAM OVERSIGHT, MANAGEMENT AND EVALUATIONS FOR MEASURING SUCCESS OF SUBAWARD PROGRAM, CONDUCTING ADVISORY BOARD MEETINGS AND ENGAGING COMMITTED PARTNERS, CONDUCTING OUTREACH EVENTS, IDENTIFYING NEEDS OF SUBRECIPIENTS AND PROGRAM OFFICERS TO PROVIDE RESPONSIVE TECHNICAL ASSISTANCE, DEVELOPING AND IMPLEMENTING GRANT APPLICATION AND MANAGEMENT SOFTWARE. GHHI'S FINANCE AND ACCOUNTING TEAM WILL TRACK INVOICES, DISBURSEMENTS, AND OUTSTANDING PAYMENTS. PROGRAM MATERIALS DEVELOPED TO SUPPORT THE TCGM PROGRAM WILL BE REVIEWED FOR TECHNICAL ACCURACY AND QUALITY BY THE PROJECT DIRECTOR, PROJECT MANAGER OR OTHER TECHNICAL STAFF. PRIOR TO THE START OF APPLICABLE ACTIVITIES, GHHI WILL SUBMIT COOPERATIVE PLANS FOR THE EPA PROJECT OFFICER TO REVIEW REGARDING CAP AMOUNT AWARD POLICY, CONFLICT OF INTEREST, AND HUMAN SUBJECTS RESEARCH. 

SUBRECIPIENT:CORE TECHNICAL ASSISTANCE (TA) PROVIDERS WILL PROVIDE ASSISTANCE AND TOOLS TO INFORM THE EFFORTS OF GRANTEES UNDER THE TCGM PROGRAM. CORE TA PROVIDERS INCLUDE CHILDREN'S NATIONAL, HOWARD UNIVERSITY, AND 18 TBD TA PROVIDERS BASED ON THE NEEDS EXPRESSED BY APPLICANTS. IF ANY TCGM GRANT FUNDS ARE AWARDED FOR ADDITIONAL TECHNICAL ASSISTANCE SERVICES TO AN EXISTING TECHNICAL ASSISTANCE PROVIDER SUBAWARDEE UNDER THE GRANT, GHHI WILL NOT CHARGE ADDITIONAL INDIRECT COSTS TO THE GRANT FOR THAT TECHNICAL ASSISTANCE PROVIDER AFTER THE INITIAL 25,000 DOLLARS IN TOTAL DIRECT COSTS HAVE BEEN EXPENDED. CHILDREN'S NATIONAL WILL PROVIDE A REGISTRY OF PEDIATRIC PATIENTS WITH ASTHMA IN DC REGION, AND A HEALTHY HOUSING MAP OVERLAYING PEDIATRIC ASTHMA MORBIDITY AND ASTHMA-RELATED HEALTH HAZARDS. CHILDREN'S NATIONAL WILL ALSO LEVERAGE ITS NETWORK TO PROMOTE EPA'S TCGM PROGRAM AWARENESS AND SUPPORT APPLICANT OUTREACH. HOWARD UNIVERSITY WILL SUPPORT GHHI'S THRIVING COMMUNITIES REQUEST FOR APPLICATIONS (RFA) OUTREACH AS WELL AS PROJECT IMPLEMENTATION. HOWARD UNIVERSITY WILL ALSO PROVIDE TECHNICAL ASSISTANCE THROUGH THE HOWARD UNIVERSITY SCHOOL OF LAW AND ENVIRONMENTAL JUSTICE CENTER, AND THE SCHOOL OF ARCHITECTURE AND THURGOOD MARSHALL CIVIL RIGHTS CENTER. A TOTAL OF 18 TECHNICAL ASSISTANCE PROVIDERS (TO BE SELECTED BASED UPON FEEDBACK AND IDENTIFIED NEEDS) WILL BE PROVIDE RESPONSIVE TECHNICAL ASSISTANCE BASED ON THE NEEDS EXPRESSED BY APPLICANTS AND THE RELATED PROGRAM OFFICERS. IF AND WHEN THE SUBAWARD AMOUNT CHANGES, THE AMOUNT OF INDIRECT CAPTURED ON THIS LINE ITEM WILL NOT EXCEED T",52000000,52000000,399923.41999999806,51600076.58,2025-05-01,"Program terminated, End date cut short (USAspending)",2025-06-23,"Green and Healthy Homes Initiative Inc. vs EPA, End date re-extended (USAspending)",2024-08-01T00:00:00Z,2027-07-31T00:00:00Z,Region 3 (Mid-Atlantic),66.615,Environmental Justice Thriving Communities Grantmaking Program Ej Tcgm,EPA-R-OEJECR-OCS-23-03,Green Healthy Homes Initiative Inc,MD,Baltimore,MD-07,N/A,https://www.usaspending.gov/award/ASST_NON_95341401_068/,N/A,N/A
01E03682,Restored,Reinstated (confirmed),Environmental Justice Thriving Communities Grantmaking Program Ej Tcgm award to Minneapolis Foundation,"THIS AGREEMENT PROVIDES FUNDING UNDER THE INFLATION REDUCTION ACT (IRA) TO THE MINNEAPOLIS FOUNDATION.  THE RECIPIENT IS A REGIONAL GRANTMAKER. THIS PROPOSED FUNDING REQUEST IS FOR A SUPPLEMENTAL GRANT OF $10 MILLION FOR A PROJECT DURATION OF 36 MONTHS TO IMPLEMENT THE ENVIRONMENTAL JUSTICE THRIVING COMMUNITIES GRANTMAKING PROGRAM (TCGM) IN REGION 5. OF THE ADDITIONAL $10 MILLION, $8 MILLION WILL BE REDISTRIBUTED AS FOLLOWS: TRIBES AND INDIGENOUS GROUPS AND COMMUNITIES: $4 MILLION OF SUB-GRANT DOLLARS, THROUGH 17 GRANTS ACROSS ALL TIERS. THIS INCLUDES 3 NON-COMPETITIVE SUB-GRANTS FOR SEVERELY CAPACITY CONSTRAINED ELIGIBLE SUBRECIPIENTS. [NDN COLLECTIVE WILL LEAD COMMUNICATIONS, OUTREACH, AND SUPPORT TO THIS CONSTITUENCY]. $4 MILLION OF SUB-GRANT DOLLARS, THROUGH 17 GRANTS ACROSS ALL TIERS. THIS INCLUDES 3 NON-COMPETITIVE SUB-GRANTS FOR SEVERELY CAPACITY CONSTRAINED ELIGIBLE SUBRECIPIENTS. [TMF'S RE-AMP PROJECT WILL LEAD COMMUNICATIONS, OUTREACH, AND SUPPORT TO THIS CONSTITUENCY.] THE ADDITIONAL $2 MILLION WILL BE USED TO SUPPORT ADMINISTRATIVE COSTS INCLUDING PERSONNEL AND CONTRACTORS TO SUPPORT CROSSCUTTER REGULATION, HUMAN SUBJECTS RESEARCH AND HIRING A PROJECT OFFICER TO SUPPORT THE QUALITY ASSURANCE PROCESS. THE PURPOSE OF THIS AWARD IS TO FUND A SUPPLEMENTAL $10 MILLION TO THE GRANTMAKER SUBSEQUENT AWARD FOR THE PASS-THROUGH ENTITY THE MINNEAPOLIS FOUNDATION.

ACTIVITIES:THE ACTIVITIES IN THE SUPPLEMENTAL AWARD PHASE INCLUDE OF THE $10 MILLION IN SUPPLEMENTAL FUNDING, ACTIVITIES WILL INCLUDE SUBGRANTING $8 MILLION DOLLARS AS FOLLOWS:
YEAR 1 (ANTICIPATED GRANT 2 PERIOD): FALL 2024-SUMMER 2025. PROPOSED SUPPLEMENTAL GRANTMAKING TOTAL IS $4 MILLION. EXPECT TO AWARD 17 SUB-GRANTS ACROSS ALL THREE TIERS. WE ANTICIPATE MAKING DECISIONS IN: WINTER 2025; SPRING 2025; AND SUMMER/FALL 2025. YEAR 2 (ANTICIPATED GRANT 2 PERIOD): FALL 2025-SUMMER 2026. PROPOSED SUPPLEMENTAL GRANTMAKING TOTAL IS $4 MILLION. WE EXPECT TO AWARD 17 SUB-GRANTS ACROSS ALL THREE TIERS. WE ANTICIPATE MAKING DECISIONS IN: FALL 2025/WINTER 2026; SPRING 2026; AND SUMMER 2026.
ADDITIONAL FUNDS WILL BE USED TO HIRE AN ADDITIONAL PROJECT OFFICER TO SUPPORT THE NEW GRANT LOAD AND TO ASSIST WITH QUALITY ASSURANCE REQUIREMENTS, A HUMAN SUBJECTS RESEARCH CONTRACTOR  AND TWO TECHNICAL ASSISTANCE CONTRACTORS TO FOCUS ON CROSSCUTTING.
SUBRECIPIENT:OF THE $10 MILLION IN SUPPLEMENTAL FUNDING, $8 MILLION WILL BE SUBGRANTED ACROSS THREE TIERS TO TRIBAL AND INDIGENOUS COMMUNITIES; AND TO REMOTE AND RURAL COMMUNITIES, WITH $4 MILLION ALLOCATED TO EACH FOR 34 ADDITIONAL SUBGRANT AWARDS IN ADDITION TO THOSE GIVEN WITH THE $40 MILLION IN THE SUBSEQUENT AWARD. ADDITIONALLY, 3 SUBAWARDS (ONE PER YEAR) WILL BE AWARDED TO NDN COLLECTIVE FOR THE ADDITIONAL SUPPORT AND COORDINATION NEEDED TO MANAGE THE ADDITION $4 MILLION IN SUBGRANTS TO INDIGENOUS AND TRIBAL NATIONS. OUTCOMES:THE INTENDED DELIVERABLES ARE AN ADDITIONAL 36 GRANTS DISTRIBUTED AS FOLLOWS:

YEAR 1 (ANTICIPATED GRANT 2 PERIOD): FALL 2024-SUMMER 2025 . PROPOSED SUPPLEMENTAL GRANTMAKING TOTAL IS $4 MILLION. EXPECT TO AWARD 17 SUB-GRANTS ACROSS ALL THREE TIERS. WE ANTICIPATE MAKING DECISIONS IN: WINTER 2025; SPRING 2025; AND SUMMER/FALL 2025. 
YEAR 2 (ANTICIPATED GRANT 2 PERIOD): FALL 2025-SUMMER 2026. PROPOSED SUPPLEMENTAL GRANTMAKING TOTAL IS $4 MILLION. WE EXPECT TO AWARD 17 SUB-GRANTS ACROSS ALL THREE TIERS. WE ANTICIPATE MAKING DECISIONS IN: FALL 2025/WINTER 2026; SPRING 2026; AND SUMMER 2026.

EXPECTED OUTCOMES INCLUDE PROVIDING GRANTS TO SUPPORT A CLEANER ENVIRONMENT, INCREASE COMMUNITY RESILIENCY TO ENVIRONMENTAL STRESSORS, AND TO BUILD CAPACITY FOR SMALLER ORGANIZATIONS.

INTENDED BENEFICIARIES FOR THE SUPPLEMENTAL $10 MILLION INCLUDE COMMUNITIES URBAN, TRIBAL, AND REMOTE COMMUNITIES LOCATED WITHIN THE IRA DISADVANTAGED COMMUNITIES MAP.",52000000,52000000,362500,51637500,2025-05-01,"Program terminated, End date cut short (USAspending)",2025-06-20,"Green and Healthy Homes Initiative Inc. vs EPA, End date re-extended (USAspending)",2024-10-01T00:00:00Z,2027-09-30T00:00:00Z,Region 5,66.615,Environmental Justice Thriving Communities Grantmaking Program Ej Tcgm,EPA-R-OEJECR-OCS-23-03,Minneapolis Foundation,MN,Minneapolis,MN-05,N/A,https://www.usaspending.gov/award/ASST_NON_01E03682_068/,N/A,N/A
02F76901,Disrupted,Terminated,Environmental and Climate Justice Community Change Grants Program award to Urban Restoration Enhancement Corporation,"THIS AMENDMENT IS TO STOP WORK; TERMINATE THE AGREEMENT; REDUCE PERFORMANCE PERIOD DURATION; CURTAIL SCOPE OF WORK; AND WAIVE CERTAIN REPORTING REQUIREMENTS.  ADMINISTRATIVE TERMS AND CONDITIONS ARE ADDED. 

PER 2 CFR 200.340 AND THE TERMINATION GENERAL TERMS AND CONDITIONS OF THIS AGREEMENT, EPA IS TERMINATING THIS AWARD. YOUR ORGANIZATION SHALL IMMEDIATELY STOP WORK AND TAKE ALL REASONABLE STEPS TO MINIMIZE THE INCURRENCE OF COSTS OTHERWISE ALLOCABLE TO THE ASSISTANCE AGREEMENT. SEE TERMS AND CONDITIONS. ACTIVITIES:THE PROJECT ACTIVITIES INCLUDE CONVENING WITH COLLABORATING ENTITIES TO UPDATE PROJECT TIMELINES AND DEVELOP A READINESS PLAN TO ENSURE OPERATIONAL READINESS WITHIN 120 DAYS OF THE GRANT AWARD. THIS READINESS PLAN WILL INCLUDE STANDARD OPERATING PROCEDURES AND PROCESSES FLOWING FROM THE ELIGIBILITY OF APPLICATIONS, FUNDING, APPROVAL, AND DISBURSEMENTS. IT WILL ALSO INCLUDE FINANCIAL, TECHNOLOGY, AND INFRASTRUCTURE SYSTEMS TO EXPEND, MONITOR, AND REPORT ON THE GRANT FUNDING AND OUTCOMES. THE PLAN WILL ALSO INCLUDE A PRELIMINARY PROJECT DELIVERY SCHEDULE AND COST ESTIMATE TO COMPLETE THE PROJECT ACTIVITIES. ASSIGNMENTS WILL BE MADE TO COORDINATE INITIAL SET-UP ACTIVITIES SUCH AS SECURING OFFICE SPACE, FURNITURE, AND EQUIPMENT; SECURING AN ELECTRONIC PROGRAM RECORD SYSTEM; DEVELOPING POLICIES AND PROCEDURES; AND FORMULATING PROGRAM PROCESSES. WE PLUG LOUISIANA WILL WORK WITH THE CITY OF BATON ROUGE PERMIT OFFICE TO OBTAIN CONSTRUCTION PERMITS FOR WEATHERIZATION READY RENOVATIONS AND WEATHERIZATION CONSTRUCTION ACTIVITIES. SUBRECIPIENT:POWER COALITION EQUITY AND JUSTICE: $3,800,000 TO ADMINISTER COMMUNITY ENGAGEMENT, OUTREACH AND SUPERVISE CONTRACT WORK OF CANVASSER AND NAVIGATORS, FACILITATE COMMUNITY MEETINGS, RUN COMMUNITY ADVISORY BOARD, STIPENDS FOR COMMUNITY ADVISORY MEMBERS; PROVIDE CHILDCARE AND OTHER WRAPAROUND SUPPORT TO COMMUNITY PARTICIPANTS FOR COMMUNITY ENGAGEMENT.
ALLIANCE FOR AFFORDABLE ENERGY: $350,000 TO DEVELOP AND DELIVER CURRICULUM TO EDUCATE COMMUNITY MEMBERS ABOUT TOXINS AND POLLUTANTS; PROVIDE TECHNICAL TRAINING TO NAVIGATORS AND COMMUNITY ADVISORY BOARD ON PRODUCTION AND CONSUMPTION OF ENERGY RESOURCES; OPPORTUNITIES TO GET ENGAGED IN THE DEMOCRATIC PROCESS WITH ENERGY STAKEHOLDERS; COMMUNITY ORGANIZING; ADVISOR TO DEVELOP THE HEALTH INDICATOR REPORT.
HOUSING LOUISIANA: $300,000 FOR COORDINATION OF THE MONTHLY HOMEBUYERS CLUB MEETINGS; COORDINATION AND PROVIDE MONTHLY POST CONSTRUCTION WORKSHOPS FOR 250 PROJECT AREA RESIDENTS ON MAINTENANCE POST CONSTRUCTION. 
CENTER FOR PLANNING EXCELLENCE (CPEX): $300,000 TO GUIDE PLANNING AND ZONING; SUPPORT AT LEAST 50 HOMES TO OBTAIN SOLAR INSTALLATIONS AND BATTERIES TO STORE POWER.
OUTCOMES:THE ANTICIPATED DELIVERABLES INCLUDE PROVIDING BASIC TRAINING AT INITIAL ENGAGEMENT, ONGOING AND TECHNICAL SUPPORT, TO CONTRACTORS TO ENSURE THAT THEY UNDERSTAND THEIR OBLIGATIONS UNDER PREVAILING WAGES AND REPORTING REQUIREMENTS UNDER DAVIS-BACON AND RELATED ACTS. URBAN RESTORATION ENHANCEMENT CORPORATION WILL ALSO HOST AND CONVENE TECHNICAL WORKSHOPS THROUGHOUT THE PROJECT ON THE REQUIREMENTS OF THE BUILD AMERICA, BUY AMERICA ACT (BABA). WE PLUG LOUISIANA ENTITIES WILL WORK WITH LOUISIANA HOUSING CORPORATION (LHC) DURING AND AFTER THE PROJECT COMPLETION TO PROVIDE CONTINUATION OF WEATHERIZATION SERVICES FOR RESIDENTS WITHIN THE PROJECT AREA. THE INSPECTION PROGRAM WILL PERFORM QUALITY ASSURANCE CHECKS ON ALL INSTALLS FOR THE PROGRAM. NAVIGATORS AND HOUSING LOUISIANA STAFF WILL EDUCATE RESIDENTS ABOUT HOW TO MAINTAIN HOME IMPROVEMENTS BY PROVIDING POST-MAINTENANCE WORKSHOPS AND A MAINTENANCE KIT FOR ALL PARTICIPATING HOUSEHOLDS. THESE WILL PROVIDE TOOLS, MAINTENANCE CHECKLISTS, TIMELINES, AND ENERGY SAVING TIPS. IN ADDITION, PARTICIPANTS WILL BE INVITED TO ATTEND POST CONSTRUCTION WORKSHOPS TO GAIN KNOWLEDGE ON HOW TO MAINTAIN THEIR PROPERTIES. IN ADDITION, URBAN RESTORATION ENHANCEMENT CORPORATION WILL COORDINATE AND HOST A MANDATORY INITIAL ONE-",20000000,20000000,154440.97,19845559.03,2025-03-25,"Program terminated, DOGE, End date cut short (USAspending), Senate committee list",2025-05-01,End date re-extended (USAspending),2025-01-01T00:00:00Z,2027-12-31T00:00:00Z,Region 6 (South Central),66.616,Environmental and Climate Justice Community Change Grants Program,EPA-R-OEJECR-OCS-23-04,Urban Restoration Enhancement Corporation,LA,Baton Rouge,LA-05,N/A,https://www.usaspending.gov/award/ASST_NON_02F76901_068/,N/A,N/A
02F80101,Disrupted,Terminated,Environmental and Climate Justice Community Change Grants Program award to Stay Ready Nola Inc,"THIS AGREEMENT PROVIDES FUNDING UNDER THE INFLATION REDUCTION ACT (IRA) TO STAY READY NOLA, INC. SPECIFICALLY, THE PROJECT WILL SEEK TO BUILD A RESILIENCE
HUB TO ENHANCE COMMUNITY RESILIENCE TO CLIMATE-RELATED EMERGENCIES AND ENSURE ACCESS TO CRITICAL SUPPORT AND RESOURCES DURING AND AFTER EXTREME WEATHER EVENTS. IT WILL ALSO
PROVIDE CRUCIAL SPACE FOR EDUCATIONAL INITIATIVES, JOB TRAINING, AND MORE. DURING DISRUPTION AND RECOVERY MODES, THE SAME FACILITY WILL SERVE AS A HOME BASE FOR THE MUTUAL SUPPORT
ELECTRIC CREWS THAT FLOOD INTO NEW ORLEANS TO RESTORE POWER. THE COMMUNITY SOLAR GENERATING FACILITIES (CSFS) WILL PRODUCE CLEAN, RENEWABLE SOLAR ENERGY, REDUCING THE ENERGY BURDENS FOR APPROXIMATELY 5,000 QUALIFYING LOW-INCOME RESIDENTS BY REDUCING THEIR ELECTRIC BILLS BY 20% OR MORE. 

ACTIVITIES:THE ACTIVITIES INCLUDE CREATING A COMMUNITY RESILIENCY HUB AND WORKFORCE DEVELOPMENT PROGRAM. 

SUBRECIPIENT:STATUTORY PARTNER SUBAWARD: BIKE EASY (SUBAWARD COMPONENT 1: BIKE GREEN INFRASTRUCTURE; SUBAWARD COMPONENT 2: COMMUNITY OUTREACH AND PROGRAM ACTIVITIES FY 2026; SUBAWARD COMPONENT 3: TRAFFIC GARDEN; SUBAWARD COMPONENT 4: COMMUNITY OUTREACH AND PROGRAM ACTIVITIES FY 2027)
COLLABORATING ENTITY SUBAWARD: RIDE (SUBAWARD COMPONENT 1: BUS STOP GREEN INFRASTRUCTURE AND PROGRAM ACTIVITIES)
COLLABORATING ENTITY SUBAWARD: BLUE KREWE (SUBAWARD COMPONENT 1: BIKE GREEN INFRASTRUCTURE; SUBAWARD COMPONENT 2: WORKFORCE DEVELOPMENT IN GREEN ECONOMY)
COLLABORATING ENTITY SUBAWARD: IBEW LOCAL 226 (SUBAWARD COMPONENT 1: POST-DISASTER RECOVERY)
COLLABORATING ENTITY SUBAWARD: GOVERNOR'S OFFICE OF EMERGENCY PREPAREDNESS (SUBAWARD COMPONENT 1: PUBLIC ENGAGEMENT)
OUTCOMES:THE ANTICIPATED DELIVERABLES INCLUDE 
#9679; UTILIZE PERMEABLE SURFACES TO FACILITATE GROUND WATER FILTRATION.
#9679; STORMWATER RETENTION VAULTS IN EXCESS OF CODE REQUIREMENTS.
#9679; NATIVE GRASSES AND TREE PLANTING.
#9679; TRAFFIC GARDEN FOR BIKE SAFETY TRAINING
#9679; TWO NEW BIKE RACKS AND TWO FREE BIKE REPAIR STATIONS
#9679; E-BIKE STORAGE AND CHARGING
#9679; RESILIENCE HUB ENERGY AUDIT PERFORMED.
#9679; RESILIENCE HUB AIR SEALING COMPLETED.
#9679; RESILIENCE HUB ELECTRIFICATION, WEATHERIZATION, AND HVAC UPGRADES.
#9679; SOLAR RENEWABLE ENERGY CAPACITY INSTALLED  (+/- 363 KWH CAPACITY).
#9679; BATTERY STORAGE INSTALLED (12HR CAPACITY).
#9679; GHG EMISSION REDUCTION.
#9679; CAPACITY FOR EMERGENCY DEPLOYMENT AS A HUB FOR 200+ LINEWORKERS AND OTHER EMERGENCY RESPONDERS.
#9679; CAPACITY AS A COOLING CENTER DURING LIFE-THREATENING HEAT WAVES FOR 200+ INDIVIDUALS.
#9679; CAPACITY FOR EMERGENCY DEPLOYMENT AS A COMMUNITY DISTRIBUTION FACILITY FOR GOHSEP TO PROVIDE FOOD, WATER, MEDICINE AND OTHER URGENTLY NEEDED SUPPLIES.
#9679; ONE REAR-LOADER GARBAGE/ RECYCLING TRUCK, WASTE PRE-CRUSHER AND TWO COMPACTORS.
#9679; DIVERSION AND REUSE OF BUILDING MATERIALS FOR MAKER SPACE AND FLOAT BUILDING (80+ CUBIC YARDS OF WASTE DIVERTED FROM LANDFILL).
#9679; WAREHOUSE AND POST-DISASTER BULK WASTE RECYCLING (240+ CUBIC YARDS DIVERTED FROM LANDFILL).'
#9679; RESILIENCE HUB SOLAR RENEWABLE ENERGY MICROGRID INSTALLED.
#9679; RESILIENCE HUB ELECTRIFICATION.
#9679; EMERGENCY POWER BACKUP AND CHARGING STATION DURING EMERGENCIES.
#9679; REVERSE OSMOSIS WATER PURIFYING SYSTEM FOR POTABLE WATER (100 GALLON/MIN CAPACITY).
#9679; WATER PURIFICATION SYSTEM RAINWATER COLLECTION FOR NON-POTABLE USE - FIRE SUPPRESSION, TOILETS, SHOWERS, LAUNDRY, ETC. (5,000 GALLON TANK).
#9679; ONE REAR-LOADER GARBAGE/ RECYCLING TRUCK, WASTE PRE-CRUSHER AND TWO COMPACTORS.
#9679; DIVERSION AND REUSE OF BUILDING MATERIALS FOR MAKER SPACE AND FLOAT BUILDING (80+ CUBIC YARDS OF WASTE DIVERTED FROM LANDFILL).
#9679; WAREHOUSE AND POST-DISASTER BULK WASTE RECYCLING (240+ CUBIC YARDS DIVERTED FROM LANDFILL).
#9679; RESILIENCE HUB CONSTRUCTION UTILIZING LOW-VOC PAINTS AND VARNISHES (250+ GALLONS REPLACED)
#9679; FORMALDEHYDE-FREE INSULATION
#9679; ECO-F",19999999,19999999,3544191.16,16455807.84,2025-03-25,"Program terminated, DOGE, End date cut short (USAspending), Senate committee list",2025-05-01,End date re-extended (USAspending),2025-01-17T00:00:00Z,2028-01-31T00:00:00Z,Region 6 (South Central),66.616,Environmental and Climate Justice Community Change Grants Program,EPA-R-OEJECR-OCS-23-04,Stay Ready Nola Inc,LA,New Orleans,LA-02,N/A,https://www.usaspending.gov/award/ASST_NON_02F80101_068/,N/A,N/A
00A01438,Disrupted,Terminated,Connecticut Environmental  Government To Government (EJG2G) Grant Application,The agreement provides funding to The Connecticut Department of Energy and Environmental Protection CT DEEP The recipient will initiate a new program to work with disadvantaged communities including education outreach and training activities focusing on residents in the neighborhoods in the North End of Hartford Connecticut The goal is to work with and find solutions for the residents in the North End of Hartford regarding flooding that occurs due to combined sewer overflows CSOs sanitary sewer overflow SSOs and climate change This project will lead to a better understanding of community concerns building and maintaining relationships with community members and the government and working together to improve environmental and public health conditions within the State of Connecticut This project will increase community engagement build strong partnerships and create new tools for The Connecticut Department of Energy and Environmental Protection to use for education outreach and training for disadvantaged communities within the State Activities The project will create a partnership agreement to enable the distribution of funds to the community and provide the platform for the deliverables noted below The Connecticut Department of Energy and Environmental Protection will initiate a partnership agreement and partner with Blue Hills Civic Association Keney Park Sustainability Project and Hartford Next Inc The project will also create an Advisory Committee and Coalition The Advisory Committee will consist of community representatives The Advisory Committee will facilitate coordinate define community needs guide decision making processes and advocate for community priorities The advisory committee will conduct initial outreach to evaluate community needs regarding necessary educational and informational materials to support decisions regarding sewer flooding The advisory committee will coordinate with The Connecticut Department of Energy and Environmental Protection to identify the appropriate government partners to address those community identified sewer flooding needs This Coalition group will serve as a connection between the Advisory Committee and the government entities supporting this effort The Advisory Committee will meet throughout the project period to facilitate community decisions The project will provide information training and outreach to reach residents of Hartford rsquo s North End communities regarding education around sewer backups and solicit input on community priorities Public outreach will be led by Blue Hills Civic with actions distributed among Keney Park Sustainability and Hartford Next Blue Hills Civic will provide partners in community with training create educational flyers with relevant meeting information to increase community capacity to participate in decision making processes and engage existing advocacy groups with outreach staff for the duration of the project To assure accessibility multiple formats and multiple languages will be utilized Informational materials will also be shared in a web based platform A Community Engineer will be contracted by Blue Hills Civic Association to represent the community This representation is intended to balance representation through breaking the jargon and technical barriers The engineer is a key dedicated resource for community outreach and understanding the technical information pertaining to identifying concerns and potential solutions This Community Engineer will create an engineering terms educational booklet flyer to help residents be informed and self advocate provide review and comment letters on local sewer implementation plans provided by MDC from community input and direction from the Advisory Committee and document sewer flooding priorities and potential engineering solutions from community input and direction from the Advisory Committee This project will create and disseminate exten,1000000,1000000,0,1000000,2025-03-25,"Program terminated, DOGE, End date cut short (USAspending), Senate committee list",N/A,N/A,2024-07-01T00:00:00Z,2027-12-15T00:00:00Z,Region 1 (New England),66.312,Environmental Justice Government to Government Ejg 2 g Program,EPA-R-OEJECR-OCS-23-02,Dept of Energy Environmental Protection,CT,Hartford,CT-01,State,https://www.usaspending.gov/award/ASST_NON_00A01438_068/,https://enviro.epa.gov/envirofacts/nggs/report?grantId=00A01438,N/A
00A01452,Disrupted,Terminated,Surveys Studies Investigations Training and Special Purpose Activities Relating to Environmental Justice award to University of Connecticut,"THE AGREEMENT PROVIDES FUNDING TO THE UNIVERSITY OF CONNECTICUT. SPECIFICALLY, THE RECIPIENT WILL BUILD CAPACITY IN NEW ENGLAND (EPA REGION 1) UNDERSERVED AND RURAL/REMOTE COMMUNITIES TO ADDRESS ENVIRONMENTAL AND ENERGY JUSTICE CONCERNS, SERVING AS A RESOURCE AND TECHNICAL ASSISTANCE HUB. THE NEW ENGLAND EJ TCTAC WILL PROVIDE TECHNICAL ASSISTANCE SERVICES, EDUCATION, OUTREACH AND COMMUNITY ENGAGEMENT ON ENVIRONMENTAL QUALITY AND HEALTH, ENERGY JUSTICE, CLIMATE ADAPTATION, AND CIVIC JUSTICE. IT WILL FEATURE A COMMUNITY BASED ORGANIZATION ENGAGEMENT PROGRAM, WITH URBAN, RURAL AND TRIBAL OUTREACH COMPONENTS. THE PROPOSED EJ TCTAC REGION 1 IS CENTERED AROUND TWO OBJECTIVES:
TO SUPPORT ANY ELIGIBLE ENTITY IN UNDERSERVED COMMUNITIES THAT ENGAGES WITH THE EJ TCTAC TO PURSUE FEDERAL AND STATE FUNDING TO SOLVE ENVIRONMENTAL, ENERGY AND CLIMATE CHALLENGES; AND, TO PURSUE DEEP ENGAGEMENT WITH COMMUNITY-BASED ORGANIZATIONS (CBOS), INCREASE CAPACITY AND FACILITATE COOPERATION WITH LOCAL AND REGIONAL GOVERNMENT ENTITIES, AS WELL CREATE INTER-CBO COOPERATIVE NETWORKS TO PRIORITIZE, PLAN AND PURSUE FUNDING TO SOLVE ENVIRONMENTAL, ENERGY AND CLIMATE CHALLENGES IN UNDERSERVED COMMUNITIES.

THE INFLATION REDUCTION ACT (IRA) TECHNICAL ASSISTANCE (TA) FUNDS ISSUED TO THE REGION 1 TCTAC ARE SPECIFICALLY FOR THE EJ TCTAC TO COORDINATE AND COLLABORATE WITH THE EJ THRIVING COMMUNITIES GRANTMAKING PROGRAM RECIPIENTS (GRANTMAKERS) AND/OR PROVIDE ADDITIONAL TECHNICAL ASSISTANCE AND SUPPORT TO APPLICANTS AND SUBGRANTEE RECIPIENTS FUNDED THROUGH THE GRANTMAKER PROGRAM. THE GRANTMAKERS ARE CONSIDERED TECHNICAL ASSISTANCE PROVIDERS, WHO PROVIDE FUNDING AS WELL AS TECHNICAL ASSISTANCE TO APPLICANTS AND SUBGRANTEE RECIPIENTS ADDRESSING ENVIRONMENTAL CONCERNS OF DISADVANTAGED COMMUNITIES. PER THE EJ TCTAC REQUEST FOR APPLICATIONS (RFA), FUNDING OPPORTUNITY NUMBER EPA-I-OP-OEJ-22-02, THE EJ TCTACS ARE EXPECTED TO COORDINATE WITH OTHER TECHNICAL ASSISTANCE PROVIDERS OVER THE PROJECT PERIOD.ACTIVITIES:THE ACTIVITIES INCLUDE PROVIDING ASSISTANCE RELATED TO ENVIRONMENTAL AND ENERGY JUSTICE GRANTS, INCLUDING PLANNING, GRANT WRITING TRAINING, IDENTIFICATION OF FUNDING SOURCES, CONSULTATION ON DATA COLLECTION AND ANALYSIS, GRANT APPLICATION REVIEWS AND POST-AWARD MANAGEMENT TRAINING. SUPPORT WITH COMMUNITY ENGAGEMENT EFFORTS RELATED TO EJ PROJECTS WILL ALSO BE PROVIDED. THESE RESOURCES WILL BE INITIATED THROUGH TARGETED OUTREACH AND TRAINING FOR CBOS THAT WILL BE STRUCTURED PROGRAMS TARGETING UNDERSERVED RURAL, URBAN, AND TRIBAL COMMUNITIES THROUGHOUT THE REGION.SUBRECIPIENT:COMMUNITY BASED ORGANIZATIONS (CBO) WILL BE PROVIDED WITH A SUBAWARD THAT WILL SUPPORT THEIR STAFF PARTICIPATION IN A YEARLONG PROGRAM TO ASSESS COMMUNITY NEEDS, PLAN EJ-FOCUSED PROJECTS BASED ON THE ASSESSMENTS, BUILD COALITIONS TO PURSUE RELEVANT FUNDING, AND PREPARE AND SUBMIT ONE OR MULTIPLE GRANTS TO IMPLEMENT THE PROJECT. IT IS ENVISIONED THAT THE TRAINING PROGRAM AND COALITION BUILDING WILL HELP BUILD LONG-TERM CAPACITY FOR THE CBOS TO REMAIN ENGAGED WITH GOVERNMENT AND OTHER PARTNERS FOR COMMUNITY DEVELOPMENT. THIRTY-ONE CBOS WILL PARTICIPATE IN THE ENGAGEMENT PROGRAM OVER THE FIVE YEARS.OUTCOMES:THE ANTICIPATED DELIVERABLES INCLUDE MATERIALS DEVELOPED FOR ALL WEBINARS AND WORKSHOPS AND WEBINAR RECORDINGS; COMMUNITY NEEDS ASSESSMENTS, STAKEHOLDER ANALYSES, PROJECT AND GRANT PLANNING DOCUMENTS, AND QUARTERLY FINANCIAL AND TECHNICAL REPORTS OF THE SUBAWARDS PROVIDED TO THE CBOS, INCLUDING THE ENGAGEMENT AND OUTREACH ACTIVITIES OF THE PARTICIPATING EJ CHANGE AGENTS (COMMUNITY MEETING MINUTES, TRAINING MATERIALS). ADDITIONAL OUTPUTS OF THE PROGRAM INCLUDE THE FOLLOWING:
-	MANAGEMENT, FINANCIAL AND TECHNICAL REPORTING TO EPA
-	INTERNAL DASHBOARD FOR PROJECT MANAGEMENT
-	SLACK CHANNELS FOR STAKEHOLDER INTERACTION
-	PRESENTATIONS AT REGIONAL AND NATIONAL CONFERENCES
-	DEVELOPMENT/MAINTENANCE OF THE WEBSITE INCLUDING EXTERNAL TRACKING DASHBOARD, EJTASK P",6000000,6000000,175761.13,5824238.87,2025-03-25,"Program terminated, DOGE, End date cut short (USAspending), Senate committee list",N/A,N/A,2024-07-01T00:00:00Z,2029-06-30T00:00:00Z,Region 1 (New England),66.309,Surveys Studies Investigations Training and Special Purpose Activities Relating to Environmental Justice,EPA-I-R1-EJE-23-01,University of Connecticut,CT,Storrs Mansfield,CT-02,N/A,https://www.usaspending.gov/award/ASST_NON_00A01452_068/,N/A,N/A
00A01522,Disrupted,Terminated,Financial Assistance for Community Support Activities to Address Environmental Justice Issues award to Southcoast Community Foundation Inc,"THIS COOPERATIVE AGREEMENT PROVIDES FUNDING TO THE COMMUNITY FOUNDATION OF SOUTHEASTERN MASSACHUSETTS AND THE OLD BEDFORD VILLAGE DEVELOPMENT, A COMMUNITY-BASED NONPROFIT ORGANIZATION LOCATED IN NEW BEDFORD, MASSACHUSETTS. OLD BEDFORD VILLAGE DEVELOPMENT IS DEDICATED TO COMMUNITY ENGAGEMENT WITH A SPECIAL FOCUS ON THE IMPROVEMENT OF THE LOCAL ENVIRONMENT AND PUBLIC HEALTH AS WELL AS WORKFORCE DEVELOPMENT. SPECIFICALLY FOR THIS PROJECT, OLD BEDFORD VILLAGE DEVELOPMENT WILL PROVIDE SUPPORT TO DIRECTLY ENGAGE LOCAL RESIDENTS IN NEW BEDFORD IN TRAINING AND LOCAL DECISION MAKING AT DIFFERENT LEVELS OF GOVERNMENT AND COMMUNITY-BASED ORGANIZATIONS TO ENSURE COMMUNITY VOICES ARE HEARD AND WORK IN PARTNERSHIP TO FIND SOLUTIONS TO LOCAL ENVIRONMENTAL AND PUBLIC HEALTH ISSUES THAT IMPACT AIR, WATER AND SOIL. OLD BEDFORD VILLAGE DEVELOPMENT WILL ALSO INCREASE PUBLIC AWARENESS AND ACCESS TO LOCAL ENVIRONMENTAL CAREERS BY IMPLEMENTING A SERIES OF CAREER FORUMS AND PROVIDE LOCAL ACCESS TO JOB TRAINING, BUILD SKILLS FOR ENVIRONMENTAL CAREERS INCLUDING DEVELOPING AN APPRENTICESHIP PROGRAM WITH LOCAL BUSINESSES FOR GREEN EMPLOYMENT IN A WORKING PORT AND HARBOR COMMUNITY.ACTIVITIES:IN THIS PROJECT OLD BEDFORD VILLAGE DEVELOPMENT WILL CREATE AND CONVENE AN ENVIRONMENTAL JUSTICE COUNCIL INCLUDING LOCAL COMMUNITY RESIDENTS TO CREATE A SPACE FOR PARTICIPANTS TO HAVE AN ACTIVE VOICE IN LOCAL DECISION MAKING, SHARE LOCAL KNOWLEDGE ABOUT ENVIRONMENTAL AND PUBLIC HEALTH CONDITIONS, AND TO IMPROVE PROBLEM SOLVING FOR EXISTING ENVIRONMENTAL JUSTICE ISSUES INCLUDING 1-2 SPECIFIC PROJECTS THAT LOCAL, STATE AND/OR FEDERAL GOVERNMENT WILL WORK ON TOGETHER TO IMPROVE LOCAL ENVIRONMENT AND PUBLIC HEALTH CONDITIONS. THIS PROJECT WILL ALSO CONVENE 3 TO 4 LOCAL COMPANIES FROM THE MARITIME/SUSTAINABILITY SECTOR AND CONDUCT A SERIES OF CAREER AWARENESS FORUMS FOR HIGH SCHOOL STUDENTS AND ADULTS TO PREPARE YOUTH AND LOCAL COMMUNITY MEMBERS FOR ENVIRONMENTAL CAREERS. OLD BEDFORD VILLAGE DEVELOPMENT WILL ALSO HOLD 10 INFORMATION/RECRUITMENT SESSIONS FOR A NEW GREEN JOBS TRAINING PROJECT AND SELECT 20 COMMUNITY MEMBER INDIVIDUALS INTERESTED IN ENVIRONMENTAL CAREERS FOR COMPREHENSIVE TRAINING IN A RANGE OF PROFESSIONAL CLASSES INCLUDING OCCUPATIONAL HEALTH AND SAFETY, LEAD, ASBESTOS AND OTHER BASIC COURSES IN PARTNERSHIP WITH THE INSTITUTE OF ENVIRONMENTAL EDUCATION. THE PROJECT WILL ALSO RECRUIT 4-6 LOCAL BUSINESS PARTNERS TO PROVIDE AT LEAST 20 JOB TRAINING PROJECT GRADUATES WITH APPRENTICESHIP OPPORTUNITIES LEADING TO ON-THE-JOB TRAINING AND A PATH TO SUCCESSFUL CAREER PLACEMENT FOR GREEN EMPLOYMENT.SUBRECIPIENT:OLD BEDFORD VILLAGE DEVELOPMENT WILL PROVIDE STAFF SUPPORT TO DIRECTLY SUPPORT PROJECT IMPLEMENTATION INCLUDING WORK TO ENGAGE LOCAL RESIDENTS IN NEW BEDFORD IN TRAINING AND LOCAL DECISION MAKING AT DIFFERENT LEVELS OF GOVERNMENT AND COMMUNITY-BASED ORGANIZATIONS TO ENSURE COMMUNITY VOICES ARE HEARD AND WORK IN PARTNERSHIP TO FIND SOLUTIONS TO LOCAL ENVIRONMENTAL AND PUBLIC HEALTH ISSUES THAT IMPACT AIR, WATER AND SOIL. OLD BEDFORD VILLAGE DEVELOPMENT WILL ALSO INCREASE PUBLIC AWARENESS AND ACCESS TO LOCAL ENVIRONMENTAL CAREERS BY IMPLEMENTING A SERIES OF CAREER FORUMS AND PROVIDE LOCAL ACCESS TO JOB TRAINING, BUILD SKILLS FOR ENVIRONMENTAL CAREERS INCLUDING DEVELOPING AN APPRENTICESHIP PROGRAM WITH LOCAL BUSINESSES FOR GREEN EMPLOYMENT IN A WORKING PORT AND HARBOR COMMUNITY.OUTCOMES:THE ANTICIPATED DELIVERABLES INCLUDE: 
-	RECRUITMENT OF 6 - 12 STAKEHOLDERS (BUSINESSES/NONPROFITS/GOVERNMENT) AND LOCAL RESIDENTS TO PARTICIPATE IN ENVIRONMENTAL JUSTICE COUNCIL MEETINGS.
-	RECRUITMENT OF AT LEAST 4 COMPANIES FROM ENVIRONMENTAL AND MARINE INDUSTRIES TO PARTICIPATE IN COMMUNITY ENGAGEMENT FORUMS FOCUSED ON LOCAL ENVIRONMENTAL CAREERS.
-	AT LEAST 6 LOCAL ENVIRONMENTAL CAREERS COMMUNITY ENGAGEMENT FORUMS.
-	RECRUITMENT AND ENROLLMENT OF AT LEAST 20 UNEMPLOYED/UNDEREMPLOYED COMMUNITY MEMBERS INTO A NEW GREEN EMPLO",100000,100000,0,100000,2025-03-25,"Program terminated, DOGE, End date cut short (USAspending), Senate committee list",N/A,N/A,2024-09-01T00:00:00Z,2025-12-31T00:00:00Z,Region 1 (New England),66.614,Financial Assistance for Community Support Activities to Address Environmental Justice Issues,EPA-R1202401,Southcoast Community Foundation Inc,MA,New Bedford,MA-09,N/A,https://www.usaspending.gov/award/ASST_NON_00A01522_068/,N/A,N/A
00A01704,Disrupted,Terminated,Environmental and Climate Justice Community Change Grants Program award to Rhode Island Food Policy Council,"THIS AGREEMENT PROVIDES FUNDING UNDER THE INFLATION REDUCTION ACT (IRA) TO THE RHODE ISLAND FOOD POLICY COUNCIL (RIFPC). SPECIFICALLY THE PROJECT WILL REDUCE FOOD WASTE, INCREASE DONATIONS FROM FOOD BUSINESSES AND INCREASE THE CAPACITY FOR COMPOST PROCESSING IN THE RHODE ISLAND COMMUNITIES OF PROVIDENCE, PAWTUCKET, NEWPORT, MIDDLETOWN, AND CENTRAL FALLS. RIFPC ALONG WITH THEIR STATUTORY PARTNER, GROUNDWORK RI (GWRI), WILL DELIVER DIRECT TECHNICAL ASSISTANCE FOR SCHOOLS AND BUSINESSES, TRAIN COMMUNITY MEMBERS IN GARDENING AND COMPOST PRACTICES, ESTABLISH ADDITIONAL COMPOSTING LOCATIONS AND SERVICES, AND EXPAND ASSISTANCE TO LOCAL SCHOOLS AND COMMUNITY GARDENS. THROUGH INCREASED COMPOST AND GARDEN PRODUCTION THIS PROJECT SUPPORTS WORKFORCE DEVELOPMENT AND NEW COMMUNITY LEADERSHIP OPPORTUNITIES, BUILDING COMMUNITY ENGAGEMENT ON ENVIRONMENTAL AND CLIMATE-RELATED ISSUES, SUPPORTING FOOD RECOVERY AND WASTE DIVERSION AND GENERATING A LOCAL, CIRCULAR ECONOMY. OUTCOMES INCLUDE A REDUCTION IN CARBON EMISSIONS ASSOCIATED WITH FOOD PRODUCTION, TRANSPORTATION, AND DISPOSAL, REDUCTION IN METHANE EMISSIONS FROM LANDFILLS, INCREASED FOOD SECURITY FOR VULNERABLE POPULATIONS, JOB CREATION AND INCREASED ACCESS TO LOCAL GARDENS AND COMPOST IN DISADVANTAGED AREAS IN RHODE ISLAND. 

ACTIVITIES:THE ACTIVITIES INCLUDE ESTABLISHING A COMMUNITY ADVISORY BOARD CALLED THE OPPORTUNITY RISING BOARD (ORB) CONSISTING OF UP TO 60 MEMBERS, MAINTAINING 10 INDIVIDUALS REPRESENTING EACH OF THE FOLLOWING AREAS: PROVIDENCE, CENTRAL FALLS, AND PAWTUCKET, MIDDLETON AND NEWPORT, RHODE ISLAND. ORB MEMBERS WILL LEAD 12 COMMUNITY MEETINGS PER YEAR TO LISTEN TO COMMUNITY INPUT AND PROVIDE EDUCATION AND TRAINING TO BUILD LOCAL CAPACITY TO UNDERSTAND AND ADDRESS CLIMATE AND ENVIRONMENTAL JUSTICE CONCERNS. THE RECIPIENT AND PROJECT PARTNERS WILL TRAIN UP TO 146 PEER EDUCATORS IN A TRAIN THE TRAINER MODEL TO EDUCATE AND TRAIN THE COMMUNITY ON FOOD WASTE DIVERSION AND COMPOSTING TECHNIQUES REACHING AT LEAST 1,500 COMMUNITY MEMBERS. THE RECIPIENT AND PROJECT PARTNERS WILL HIRE 36 JOBS DIRECTLY AND WILL SUPPORT AN ADDITIONAL 32 JOBS THROUGH CONSTRUCTION ACTIVITIES. THIS TRAINED WORKFORCE WILL MANAGE THE COLLECTION AND PROCESSING OF FOOD WASTE INTO FINISHED COMPOST FROM 9 COMPOST SITES CONSTRUCTED AND INSTALLED THROUGHOUT THE PROJECT SERVICE AREAS. TO MAKE COMPOSTING MORE ACCESSIBLE TO RESIDENTS, THE RECIPIENT AND PROJECT PARTNERS WILL INSTALL 15 FOOD WASTE COLLECTION STATIONS IN PUBLIC AREAS AND AN ADDITIONAL 22 STATIONS AT SCHOOLS. FINISHED COMPOST WILL BE PROVIDED TO THE 26 SCHOOL AND COMMUNITY GARDENS THAT WILL BE BUILT OR UPGRADED IN THE PROJECT PERIOD. AT LEAST 4,400 STUDENTS WILL RECEIVE EDUCATION AND TRAINING ON GARDENING PRACTICES, FOOD WASTE DIVERSION, AND COMPOSTING. THE RECIPIENT WILL PROVIDE TECHNICAL ASSISTANCE TO RESIDENTS, BUSINESSES, AND SCHOOLS ON FOOD SCRAP DONATION AND FOOD WASTE COLLECTION. THE RECIPIENT AND PROJECT PARTNERS WILL ENROLL AT LEAST 343 BUSINESS, SCHOOLS, WAREHOUSES AND FARMS IN SURPLUS FOOD DONATION TO SUPPORT LOCAL FOOD BANKS INCLUDING TRANSPORT OF DONATED FOODS. THE RECIPIENT WILL HOST MONTHLY PROJECT PARTNER MEETINGS TO SHARE DATA, DISCUSS AND ADDRESS CHALLENGES, AND SHARE INSIGHTS INCLUDING EVALUATION OF THE PROJECT. THE RECIPIENT WILL CREATE AND REGULARLY UPDATE A WEBSITE WITH A DATA DASHBOARD ACCESSIBLE TO THE PUBLIC THAT TRACKS AND DISPLAYS KEY PROJECT OUTPUTS SUCH AS FOOD SCRAPS COLLECTED, COMPOST PRODUCED, GARDENS CONSTRUCTED, FOOD DONATED, AND COMMUNITY MEMBERS ENGAGED. TO APPROPRIATELY MANAGE THIS DATA COLLECTION AND DISPLAY, THE RECIPIENT WILL DEVELOP A QUALITY ASSURANCE PROJECT PLAN (QAPP). SUBRECIPIENT:TOWN OF MIDDLETOWN - WILL SUPPORT PROJECT GOALS WITHIN THE MUNICIPALITY, INCLUDING BUILD OUT OF THE COMPOSTING FACILITY ON IDENTIFIED LOCATION(S), COMMUNITY OUTREACH, AND COORDINATION OF CROSS-AGENCY ACTIVITIES. THE TOWN PLANS TO LEASE A PIECE A PROPERTY FROM A LOCAL BASE AND WILL SECURE APPROVALS FOR ANY CONSTRUCTION A",18710533,18710533,23195.699999999997,18687337.3,2025-03-25,"Program terminated, DOGE, End date cut short (USAspending), Senate committee list",N/A,N/A,2025-01-01T00:00:00Z,2027-12-31T00:00:00Z,Region 1 (New England),66.616,Environmental and Climate Justice Community Change Grants Program,EPA-R-OEJECR-OCS-23-04,Rhode Island Food Policy Council,RI,Providence,RI-01,N/A,https://www.usaspending.gov/award/ASST_NON_00A01704_068/,N/A,N/A
00E03633,Disrupted,Terminated,Prairie Island G2G Tribal Home Energy Project,This agreement provides funding under Consolidated Appropriations The agreement provides funding to Prairie Island Indian Community Specifically the recipient will utilize contractors to perform on reservation and trust land Tribal member owned home energy audits with subsequent installation and or renovation of those homes based on conclusions and recommendations from the audits These upgrades renovations and or installations will assist households to be more energy effective and efficient thus reducing the cost of utility bills to allow tribal members to allocate more financial resources to other priorities like food healthcare education transportation and personal spending and reducing green house gas GHG emissions along with their related negative respiratory health impacts This project would also overall support the Tribe s goal of becoming a Net Zero carbon emitter which directly reflects their cultural values of ecological stewardship of their ancestral lands and the economic spiritual and cultural well being of their people Activities Please note that the term quot the Project quot refers to the entire project and all of its individual aspects under the Government to Government grant The activities to be performed by Prairie Island Indian Community through this G2G grant are as follows Project design where Prairie Island Indian Community PIIC Project leaders working with PIIC Tribal Council staff and Minnesota Center for Energy and Environment CEE will discuss and decide on key parameters of the Project such as participant eligibility per participant budgets final list of energy measures to be offered to participants among other items CEE will also set up key Project management tools and systems Solicitation of comments ideas needs from the Tribal community under the guidance of the Prairie Island Housing Advisory Committee This information will inform the technologies used for home energy upgrades Such upgrades will assist in the transition of Tribal home energy systems relying on fossil fuels to electric systems Community meetings events social media and direct interactions to create enrolled member awareness of the project These platforms will further feature information on how community members can participate and benefit from the project and after work has begun updates on project progress and long term results of such progress Contractor Agreements ndash PIIC will execute agreements with contractors for Project administration audits and home upgrades QAPP Development ndash PIIC will develop a Quality Assurance Project Plan QAPP and receive final approval from the EPA A campaign to enroll Tribal home owners in this project will occur enrollment in the home audits project is voluntary and if enrolling participants will have the opportunity to authorize their electric and gas utilities to be shared for insight on their energy use data which will assist in tracking project performance measurements such as GHG emissions change in utility costs and respiratory health outcomes Energy audits will be performed by contractors to Assess enrolled participants homes for energy efficiency and electrification potential Document home conditions fuel sources health and safety measures Calculate cost of utilities and long term savings Reporting the findings and recommendations for home updates based on such audits to the home owners Tribal homes enrolled in the project will have the opportunity to have their homes upgraded based on the findings and recommendations from the audits Contractors will do such upgrades at no cost to the resident including direct installation of energy efficiency weatherization and electrification measures such as installation of new energy efficient equipment water heaters heat pumps LED lighting and more based on the audit recommendations Installation of other,1000000,1000000,0,1000000,2025-03-25,"Program terminated, DOGE, End date cut short (USAspending), Senate committee list",N/A,N/A,2024-04-01T00:00:00Z,2027-03-31T00:00:00Z,Region 5,66.312,Environmental Justice Government to Government Ejg 2 g Program,EPA-R-OEJECR-OCS-23-02,Prairie Island Indian Community,MN,Welch,MN-01,Indian Tribe,https://www.usaspending.gov/award/ASST_NON_00E03633_068/,https://enviro.epa.gov/envirofacts/nggs/report?grantId=00E03633,N/A
00E04015,Disrupted,Terminated,Environmental and Climate Justice Community Change Grants Program award to Metrohealth System the,"THIS AGREEMENT PROVIDES FUNDING UNDER THE INFLATION REDUCTION ACT (IRA) TO THE METROHEALTH SYSTEM. SPECIFICALLY, THE PROJECT WILL WILL IDENTIFY 1,200 GREATER CLEVELAND-AREA HOUSEHOLDS WITH AT LEAST ONE RESIDENT WITH ASTHMA AND WORK WITH THEM TO REDUCE INDOOR AIR POLLUTION. THEY WILL REPLACE GAS RANGES WITH ELECTRIC RANGES, UPGRADE KITCHEN ELECTRICAL SYSTEMS AS NEEDED, AND IMPROVE KITCHEN VENTILATION. THEY ALSO WILL OFFER HOUSEHOLDS FINANCIAL INCENTIVES TO SWITCH TO A CLEANER ELECTRICITY SUPPLIER AND WILL INSTALL EV CHARGERS UPON REQUEST. ALL PROJECT ACTIVITIES WILL INCLUDE EXTENSIVE COMMUNITY OUTREACH. 

ACTIVITIES:THE ACTIVITIES INCLUDE REGULAR MEETINGS, OUTREACH TO HOUSEHOLDS, INSTALLING ELECTRIC RANGES, VENTILATION HOODS AND NEW OUTLETS. IN ADDITION COOKWARE SETS AND EDUCATION ON SWITCHING TO RENEWABLE ELECTRICITY WILL BE PROVIDED.

SUBRECIPIENT:SUB AWARDEES WILL PROVIDE STAFF TO OUTREACH TO PARTICIPANTS ASSESSING NEEDS OF EACH HOME, AND IDENTIFYING AND OVERSEEING CONTRACTORS AND SUPPLIERS TO DO
THE WORK REQUIRED FOR EACH HOUSEHOLD. SUB AWARDEES WILL BE RESPONSIBLE FOR PURCHASING STOVES, VENTILATION HOODS AND UPGRADES TO ELECTRICAL OUTLETS AS PART OF THE PROJECT. OUTCOMES:THE ANTICIPATED DELIVERABLES INCLUDE UP TO 1200 ELECTRIC STOVES INSTALLED, VENTILATION HOODS INSTALLED, OPTION FOR  PARTICIPANTS WHO USE AN ELECTRICITY SUPPLIER THAT USES FOSSIL FUELS TO GENERATE ELECTRICITY, AND  PROVIDING PARTICIPANTS A FINANCIAL INCENTIVE TO SWITCH TO A RENEWABLE ELECTRICITY SUPPLIER. IF KITCHEN ELECTRICAL SYSTEMS NEED UPGRADING, AN OPTION TO INSTALL A 240-VOLT OUTLET IN THE GARAGE FOR FUTURE ELECTRIC CAR USE WILL BE PROVIDED.

THE EXPECTED OUTCOMES INCLUDE USAGE AND SATISFACTION, ASTHMA CONTROL, IMPROVED INDOOR AIR QUALITY, DECREASED GREENHOUSE GAS EMISSIONS, REDUCED ENERGY COSTS AND EQUITY OF COLLABORATIONS. 

THE INTENDED BENEFICIARIES ARE DISADVANTAGED COMMUNITIES.",17810277,17810277,306398.90000000014,17503878.1,2025-03-25,"Program terminated, DOGE, End date cut short (USAspending), Senate committee list",N/A,N/A,2024-10-01T00:00:00Z,2027-09-30T00:00:00Z,Region 5,66.616,Environmental and Climate Justice Community Change Grants Program,EPA-R-OEJECR-OCS-23-04,Metrohealth System the,OH,Cleveland,OH-11,N/A,https://www.usaspending.gov/award/ASST_NON_00E04015_068/,N/A,N/A
00E04016,Disrupted,Terminated,Environmental and Climate Justice Community Change Grants Program award to Inter Tribal Council of Michigan Inc,"THIS AGREEMENT PROVIDES FUNDING UNDER THE INFLATION REDUCTION ACT (IRA) TO THE INTER-TRIBAL COUNCIL OF MICHIGAN, INC. (ITCMI) TO CONDUCT COMMUNITY CHANGE GRANT (CCG) TRACK I: COMMUNITY-DRIVEN INVESTMENTS FOR CHANGE: MAKING MICHIGAN TRIBAL HOMES AND BUILDINGS EFFICIENT, HEALTHY, AND RESILIENT. 

SPECIFICALLY, THE PROJECT OF INTER-TRIBAL COUNCIL OF MICHIGAN (ITCMI) WILL COLLABORATE WITH SEVEN FEDERALLY RECOGNIZED TRIBES IN MICHIGAN TO TRANSFORM AT LEAST 280 TRIBAL HOMES INTO 'ENERGY EFFICIENT, HEALTHY, AND RESILIENT' BUILDINGS AND 14 GOVERNMENT FACILITIES INTO 'COMMUNITY RESILIENCE HUBS.' EACH PARTICIPATING TRIBE WILL RECEIVE CCG FUNDS TO: 

A) HIRE A TRIBAL ENERGY SPECIALIST WHO WILL RECEIVE IN-DEPTH TRAINING IN BUILDING ENERGY AUDITING AND PERFORMANCE ASSESSMENT; 
B) PRIORITIZE TRIBAL HOMES AND FACILITIES FOR ENERGY AND OTHER PERFORMANCE IMPROVEMENTS; COMPREHENSIVELY ASSESS THOSE BUILDINGS; AND DEVELOP A CORRESPONDING PLAN/BUDGET FOR MAKING EFFICIENCY, HEALTH, AND RESILIENCY INVESTMENTS; 
C) RECRUIT, SELECT, AND COORDINATE CONTRACTORS TO IMPLEMENT THOSE BUILDING-BY-BUILDING PLANS WHICH MAY INCLUDE: MAKING NECESSARY REPAIRS, ELECTRICAL AND OTHER UPGRADES, AND BUILDING ENVELOPE IMPROVEMENTS; SWITCHING OUT FOSSIL-FUEL-POWERED HEATING, COOLING, AND OTHER EQUIPMENT WITH HIGH-EFFICIENT ELECTRIC ALTERNATIVES; AND/OR INSTALLING SOLAR ENERGY SYSTEMS AND BATTERY STORAGE SYSTEMS; 
D) ENSURE THAT ALL AVAILABLE FINANCIAL TOOLS, SUCH AS FEDERAL ELECTRIFICATION REBATES, STATE SOLAR ENERGY GRANTS, VARIOUS UTILITY INCENTIVES, AND WEATHERIZATION ASSISTANCE, ARE FULLY LEVERAGED TO COVER CAPITAL EXPENDITURES, THUS STRETCHING CCG FUNDS AND MAXIMIZING THEIR IMPACT; AND
E) ENGAGE THEIR MEMBERS IN PROJECT-WIDE BUILDING-RELATED WORKFORCE DEVELOPMENT PROGRAMMING.ACTIVITIES:THIS AGREEMENT PROVIDES FUNDING UNDER THE INFLATION REDUCTION ACT (IRA) TO THE INTER-TRIBAL COUNCIL OF MICHIGAN, INC. (ITCMI) TO CONDUCT COMMUNITY CHANGE GRANT (CCG) TRACK I: COMMUNITY-DRIVEN INVESTMENTS FOR CHANGE: MAKING MICHIGAN TRIBAL HOMES AND BUILDINGS EFFICIENT, HEALTHY, AND RESILIENT. 

SPECIFICALLY, THE PROJECT OF INTER-TRIBAL COUNCIL OF MICHIGAN (ITCMI) WILL COLLABORATE WITH SEVEN FEDERALLY RECOGNIZED TRIBES IN MICHIGAN TO TRANSFORM AT LEAST 280 TRIBAL HOMES INTO 'ENERGY EFFICIENT, HEALTHY, AND RESILIENT' BUILDINGS AND 14 GOVERNMENT FACILITIES INTO 'COMMUNITY RESILIENCE HUBS.' EACH PARTICIPATING TRIBE WILL RECEIVE CCG FUNDS TO: 

A) HIRE A TRIBAL ENERGY SPECIALIST WHO WILL RECEIVE IN-DEPTH TRAINING IN BUILDING ENERGY AUDITING AND PERFORMANCE ASSESSMENT; 
B) PRIORITIZE TRIBAL HOMES AND FACILITIES FOR ENERGY AND OTHER PERFORMANCE IMPROVEMENTS; COMPREHENSIVELY ASSESS THOSE BUILDINGS; AND DEVELOP A CORRESPONDING PLAN/BUDGET FOR MAKING EFFICIENCY, HEALTH, AND RESILIENCY INVESTMENTS; 
C) RECRUIT, SELECT, AND COORDINATE CONTRACTORS TO IMPLEMENT THOSE BUILDING-BY-BUILDING PLANS WHICH MAY INCLUDE: MAKING NECESSARY REPAIRS, ELECTRICAL AND OTHER UPGRADES, AND BUILDING ENVELOPE IMPROVEMENTS; SWITCHING OUT FOSSIL-FUEL-POWERED HEATING, COOLING, AND OTHER EQUIPMENT WITH HIGH-EFFICIENT ELECTRIC ALTERNATIVES; AND/OR INSTALLING SOLAR ENERGY SYSTEMS AND BATTERY STORAGE SYSTEMS; 
D) ENSURE THAT ALL AVAILABLE FINANCIAL TOOLS, SUCH AS FEDERAL ELECTRIFICATION REBATES, STATE SOLAR ENERGY GRANTS, VARIOUS UTILITY INCENTIVES, AND WEATHERIZATION ASSISTANCE, ARE FULLY LEVERAGED TO COVER CAPITAL EXPENDITURES, THUS STRETCHING CCG FUNDS AND MAXIMIZING THEIR IMPACT; AND
E) ENGAGE THEIR MEMBERS IN PROJECT-WIDE BUILDING-RELATED WORKFORCE DEVELOPMENT PROGRAMMING.SUBRECIPIENT:SUBAWARDS ARE INCLUDED IN THIS ASSISTANCE AGREEMENT WHICH WILL INCLUDE CONSTRUCTION ACTIVITIES. 

ITCMI'S MISSION IS TO ACT AS A FORUM FOR 12 FEDERALLY RECOGNIZED MEMBER TRIBES; ADVOCATE FOR PROGRAMS AND POLICIES WHICH WILL IMPROVE THE ECONOMY, EDUCATION, AND QUALITY OF LIFE FOR MICHIGAN'S NATIVE AMERICANS; AND PROVIDE TECHNICAL ASSISTANCE TO SUPPORT T",20000000,20000000,2013,19997987,2025-03-25,"Program terminated, DOGE, End date cut short (USAspending), Senate committee list",N/A,N/A,2025-01-01T00:00:00Z,2027-12-30T00:00:00Z,Region 5,66.616,Environmental and Climate Justice Community Change Grants Program,EPA-R-OEJECR-OCS-23-04,Inter Tribal Council of Michigan Inc,MI,Sault Sainte Marie,MI-01,N/A,https://www.usaspending.gov/award/ASST_NON_00E04016_068/,N/A,N/A
00E04017,Disrupted,Terminated,Environmental and Climate Justice Community Change Grants Program award to Inter Tribal Council of Michigan Inc,"THIS AGREEMENT PROVIDES FUNDING UNDER THE INFLATION REDUCTION ACT (IRA) TO THE INTER-TRIBAL COUNCIL OF MICHIGAN, INC.  SPECIFICALLY, THE PROJECT WILL ENABLE THE MEANINGFUL ENGAGEMENT OF MICHIGAN'S FEDERALLY RECOGNIZED TRIBAL GOVERNMENTS AND ENROLLED MEMBERS/CITIZENS IN THE SOCIAL, CULTURAL, AND BIO-PHYSICAL PROTECTION AND RESTORATION OF MANOOMIN/MNOMEN, OR WILD RICE (ZIZANIA PALUSTRIS, ZIZANIA AQUATICA).

ACTIVITIES:THE ACTIVITIES INCLUDE ENABLING PARTICIPATION FROM TRIBAL GOVERNMENTS, ELDERS, AND TRADITIONAL RICERS TO SEE OUT THE IMPLEMENTATION OF THIS PROJECT; SUPPORT THE MICHIGAN WILD RICE INITIATIVE (MWRI) AND ITS SUB-COMMITTEES IN IMPLEMENTATION OF THE STEWARDSHIP PLAN; AND PROVIDE TECHNICAL SUPPORT FOR THIS INITIATIVE THROUGH STRATEGY, DESIGN, AND CONTENT GENERATION.SUBRECIPIENT:OBJECTIVE ONE: ENABLE TRIBAL GOVERNMENTS TO PARTICIPATE IN THE IMPLEMENTATION OF THE TRIBAL- STATE MANOOMIN/ MNOMEN STEWARDSHIP PLAN/PROCESS. THE OBJECTIVE ONE SUBAWARDS TO TRIBAL GOVERNMENTS WILL BE FLEXIBLE TO SUPPORT THE UNIQUE NEEDS OF EACH TRIBE IN DETERMINING HOW TO USE THE FUNDS TO PARTICIPATE IN THE MWRI AND SUPPORT THE GOALS OF THE STEWARDSHIP PLAN.OUTCOMES:THE ANTICIPATED DELIVERABLES INCLUDE SUBAWARDS TO TRIBAL GOVERNMENTS; TRAVEL SUPPORT AND STIPENDS TO ATTEND ANNUAL MEETING; HIRING UP TO THREE ANISHINAABE (COMMUNITY MEETINGS COORDINATORS), TRUSTED BY THE LARGER MANOOMIN/MNOMEN COMMUNITY, AS CONTRACTORS TO ENGAGE WITH ELDERS, TRADITIONAL RICERS, AND KNOWLEDGE KEEPERS AND BRING INPUT/FEEDBACK THAT CAN BE SHARED TO THE MEETING; GIFT CARDS TO PARTICIPANTS; PROJECTS TO SUPPORT IMPLEMENTATION OF STEWARDSHIP PLAN; BI-MONTHLY MWRI MEETINGS AND SUBCOMMITTEE MEETINGS; AND THE DEVELOPMENT OF OUTREACH AND EDUCATIONAL MATERIALS.

THE EXPECTED OUTCOMES INCLUDE AN INCREASED TRIBAL CAPACITY TO PARTICIPATE IN THE MWRI; IMPLEMENTATION OF PROJECTS TO PROTECT AND RESTORE MANOOMIN/ MNOMEN; STRENGTHENED COLLABORATIVE PARTNERSHIP AMONG FEDERAL, STATE, TRIBAL, AND LOCAL GOVERNMENTS; INCREASED INVOLVEMENT OF COMMUNITY MEMBERS IN STEWARDSHIP PLAN/PROCESS; EFFORTS TO PROTECT AND RESTORE MANOOMIN/MNOMEN ARE INFORMED BY TRADITIONAL KNOWLEDGE; INCREASED ACCOUNTABILITY AND TRANSPARENCY AROUND MWRI AND STEWARDSHIP PLAN; MORE INFORMED DECISIONS MADE BY MWRI; INCREASED INVOLVEMENT IN MWRI MEETINGS AND SUBCOMMITTEES BY TRIBAL GOVERNMENT PERSONNEL AND TRIBAL MEMBERS; MORE INFORMED AND EDUCATED PUBLIC IN MICHIGAN REGARDING MANOOMIN; AND INDIGENOUS AND NON-INDIGENOUS COMMUNITY MEMBERS IN MICHIGAN, ESPECIALLY YOUTH, AS WELL AS OUT-OF-STATE VISITORS EMBRACE THE CULTURAL, SPIRITUAL AND ECOLOGICAL VALUE OF MANOOMIN/MNOOMIN/MNOMEN.

THE INTENDED BENEFICIARIES ARE DISADVANTAGED COMMUNITIES.",3000000,3000000,167,2999833,2025-03-25,"Program terminated, DOGE, End date cut short (USAspending), Senate committee list",N/A,N/A,2025-01-01T00:00:00Z,2027-12-31T00:00:00Z,Region 5,66.616,Environmental and Climate Justice Community Change Grants Program,EPA-R-OEJECR-OCS-23-04,Inter Tribal Council of Michigan Inc,MI,Sault Sainte Marie,MI-01,N/A,https://www.usaspending.gov/award/ASST_NON_00E04017_068/,N/A,N/A
00E04044,Disrupted,Terminated,Environmental and Climate Justice Community Change Grants Program award to Ecoworks,"THIS AGREEMENT PROVIDES FUNDING UNDER THE INFLATION REDUCTION ACT (IRA) TO ECOWORKS. SPECIFICALLY, THE PROJECT WILL TRANSFORM 20 HOUSES OF WORSHIP AND FOOD ASSISTANCE PROGRAMS INTO COMMUNITY RESILIENCE HUBS. THROUGH INVESTMENTS IN EFFICIENCY AND ELECTRIFICATION, SOLAR ENERGY/STORAGE, GREEN INFRASTRUCTURE, AND EV CHARGERS/VEHICLES, THIS PROJECT WILL EQUIP THESE TRUSTED COMMUNITY CENTERS WITH ENDURING ENERGY AUTONOMY, ENABLING THEM TO ALSO PROVIDE THEIR NEIGHBORS SAFETY, SECURITY, AND CONNECTION DURING EXTREME WEATHER, POWER OUTAGES, AND OTHER EMERGENCIES.ACTIVITIES:THE ACTIVITIES INCLUDE RETROFITTING BUILDINGS, ESTABLISHING EV RIDESHARE PROGRAMS TO EXPAND MOBILITY AND TRANSPORTATION OPTIONS, DEPLOYING GREEN INFRASTRUCTURE SOLUTIONS TO MITIGATE FLOODING, IMPLEMENTING WORKFORCE DEVELOPMENT PROGRAMS FOR OCCUPATIONS THAT REDUCE GHG EMISSIONS, EDUCATING AND ENGAGING RESIDENTS IN THE SURROUNDING NEIGHBORHOODS ABOUT THE BENEFITS OF CLEAN ENERGY AND CLIMATE RESILIENCE.SUBRECIPIENT:THE STATUTORY PARTNER, MICHIGAN INTERFAITH POWER AND LIGHT, WILL DRIVE THE COMMUNITY ENGAGEMENT PORTION OF THE PROJECT. A COLLABORATING ENTITY, SOLAR FAITHFUL, WILL OWN THE SOLAR PANEL AND EV CHARGING STATION CONSTRUCTION PORTION OF THE GRANT. ADDITIONALLY, 20 FIXED AMOUNT SUBAWARDS WILL BE GIVEN TO FOOD PANTRIES AND FOOD ASSISTANCE PROGRAMS, ATTACHED TO HOUSES OF WORSHIP, TO ENGAGE CLERGY, STAFF, AND COMMUNITY MEMBERS.OUTCOMES:THE ANTICIPATED DELIVERABLES INCLUDE REPLACEMENT OF IMPERMEABLE SURFACES WITH VEGETATION AND PERMEABLE PAVEMENT; 30 EVS DEPLOYED AT 20 SITES; REPLACEMENT OF NATURAL-GAS-FUELED EQUIPMENT WITH ELECTRIC MODELS; SOLAR ENERGY SYSTEMS INSTALLED; ON-THE-JOB TRAINING FOR 40 DETROITERS; AND ENVELOPE IMPROVEMENTS TO COMMERCIAL BUILDINGS.

THE EXPECTED OUTCOMES INCLUDE INCREASED RESILIENCE TO EXTREME WEATHER; REDUCED BUILDING FLOODING; REDUCED AIR POLLUTION FROM TRANSPORTATION; DECREASED UTILITY BILLS; IMPROVED INDOOR AND OUTDOOR AIR QUALITY; INCREASED WAGES FOR PARTICIPANTS IN WORKFORCE DEVELOPMENT PROGRAMS; DECREASED INCIDENCE OF ASTHMA SYMPTOMS FOR DETROIT RESIDENTS; REDUCED EXPOSURE TO MOLD AND OTHER CO-POLLUTANT EMISSIONS; INCREASED PUBLIC ENVIRONMENTAL HEALTH LITERACY.

THE INTENDED BENEFICIARIES ARE DISADVANTAGED COMMUNITIES.",20358302,20358302,4884632.619999999,15473669.38,2025-03-25,"Program terminated, DOGE, End date cut short (USAspending), Senate committee list",N/A,N/A,2024-12-01T00:00:00Z,2027-11-30T00:00:00Z,Region 5,66.616,Environmental and Climate Justice Community Change Grants Program,EPA-R-OEJECR-OCS-23-04,Ecoworks,MI,Detroit,MI-12,N/A,https://www.usaspending.gov/award/ASST_NON_00E04044_068/,N/A,N/A
00E04057,Disrupted,Terminated,Environmental and Climate Justice Community Change Grants Program award to Groundwork Usa Inc,"THIS AGREEMENT PROVIDES FUNDING UNDER THE INFLATION REDUCTION ACT (IRA) TO GROUNDWORK USA, INC.. SPECIFICALLY, THE PROJECT WILL; UTILIZE THEIR DEVELOPED COMMUNITY-CENTERED, DATA INFORMED FRAMEWORK TO HELP RESIDENTS IN THE THREE GREAT LAKE CITIES- CINCINNATI, OH, MILWAUKEE, WI, AND INDIANAPOLIS, IN,- UNDERSTAND WHY THEIR NEIGHBORHOODS LOOK THE WAY THEY DO, DEMYSTIFY THE LOCAL GOVERNANCE SYSTEMS, SELF-ORGANIZE AROUND HYPER-LOCAL ENVIRONMENTAL JUSTICE AND CLIMATE ADAPTATION PRIORITIES, AND ENGAGE DIRECTLY WITH MUNICIPAL LEADERSHIP TO EMBED THEIR PRIORITIES IN PLANNING AND BUDGETARY PROCESSES. THROUGH THEIR PROPOSED CLIMATE SAFE GREAT LAKES PROJECT, GROUNDWORK USA SEEKS TO IMPLEMENT THIS FRAMEWORK TO FACILITATE MEANINGFUL RESIDENT ENGAGEMENT IN LOCAL DECISION-MAKING BODIES AND TO SPUR REGIONAL COLLABORATION FOR COMMUNITY-LED CLIMATE RESILIENCE. 

ACTIVITIES:THE ACTIVITIES INCLUDE UTILIZING DATA, STORYTELLING, AND ORGANIZING TRAINING TO BUILD THE CAPACITY OF RESIDENTS ACROSS FIVE NEIGHBORHOODS TO DRIVE MEANINGFUL CHANGE, LAUNCH A PAID YOUTH ENVIRONMENTAL COUNCIL (YEC) AND RESIDENT-LED CLIMATE ACTION GROUP (CAG) IN EACH CITY TO STRENGTHEN COMMUNITY PARTICIPATION IN PUBLIC PROCESSES, AND CREATE NEW PARTNERSHIPS ACROSS DIVERSE STAKEHOLDERS. 


SUBRECIPIENT:GWORV WAS FOUNDED IN 2019 TO ADVANCE COMMUNITY-LED ENVIRONMENTAL TRANSFORMATION IN THE OHIO RIVER VALLEY. GWORV LAUNCHED ITS CSN PROGRAM IN CINCINNATI IN 2021 AND HAS SINCE BEEN ENGAGED IN CLIMATE ADAPTATION PLANNING. IN THE FIRST ITERATION OF THIS PROGRAM, GWORV ENGAGED RESIDENTS IN SEVERAL DISADVANTAGED NEIGHBORHOODS IN THE GREEN CINCINNATI PLANNING PROCESS. RESIDENTS SUCCESSFULLY ADVOCATED FOR THE PLAN TO INCLUDE A $700,000 EARMARK FOR EQUITY-CENTERED GREEN INFRASTRUCTURE INVESTMENTS AND ARE CURRENTLY SITTING ON THE SELECTION COMMITTEE TO AWARD THE FUNDING. THROUGH THIS PROJECT, GWORV WILL EXPAND TO NEW NEIGHBORHOODS IN CINCINNATI AND SUPPORT THE OTHER TRUSTS IN THE GREAT LAKES TO SCALE THE PROGRAM. GWMKE WAS FOUNDED IN 2007 TO CONVENE A COLLECTIVE OF GRASSROOTS COMMUNITY GARDENERS AND LEAD THE REVITALIZATION OF VACANT PROPERTIES IN UNDERRESOURCED NEIGHBORHOODS. GWMKE FIRST LAUNCHED ITS CLIMATE ADAPTATION WORK BY PARTNERING WITH THE NEW SCHOOL IN 2022 TO MODEL AND MEASURE THE IMPACT OF STORMWATER FLOODING ACROSS MILWAUKEE. THIS STUDY HIGHLIGHTED THE INEQUITABLE IMPACTS OF CLIMATE CHANGE ON THE METCALFE PARK NEIGHBORHOOD. GWMKE HAS SINCE LAUNCHED A PARTNERSHIP WITH METCALFE PARK COMMUNITY BRIDGES, A LOCAL RESIDENT COALITION, TO ENGAGE RESIDENTS IN A PLANNING PROCESS TO ENSURE BROWNFIELD REUSE EFFORTS MEET CLIMATE, HEALTH, AND ECONOMIC PRIORITIES. ADDITIONALLY, GWMKE HAS A WORKING RELATIONSHIP WITH THE MILWAUKEE METROPOLITAN SEWERAGE DISTRICT, COLLABORATING ON THE INSTALLATION OF GREEN INFRASTRUCTURE PROJECTS. LASTLY, GWINDY, FOUNDED IN 2015, HAS BEEN WORKING OVER THE PAST SEVERAL YEARS TO ENGAGE YOUNG PEOPLE IN THE TRANSFORMATION OF A FORMER HISTORIC FIREHOUSE INTO A COMMUNITY CENTER. GWINDY HAS AN EXISTING WORKING RELATIONSHIP WITH THE CITY OF INDIANAPOLIS AND INDY PARKS AND RECREATION, THROUGH WHICH THEY HAVE CONNECTED RESIDENTS FROM UNDERSERVED NEIGHBORHOODS TO PUBLIC PLANNING PROCESSES, INCLUDING THE THRIVING INDIANAPOLIS PLAN. ACROSS THESE PROJECTS, ACCESS TO COOLING GREEN SPACES AND CLIMATE RESILIENCE EMERGED AS KEY PRIORITIES. GWINDY IS NOT YET PART OF THE CSN PARTNERSHIP BUT WILL JOIN THE PROGRAM AS A MEMBER OF CLIMATE SAFE GREAT LAKES.

OUTCOMES:THE ANTICIPATED DELIVERABLES INCLUDE 1) EACH NEIGHBORHOOD WILL DEVELOP A CLIMATE DATA DASHBOARD THAT VISUALIZES SOCIAL, HEALTH, AND ENVIRONMENTAL JUSTICE CONCERNS ALONGSIDE ENVIRONMENTAL FACTORS SUCH AS TREE CANOPY, IMPERVIOUS PAVEMENT, AND GREEN SPACES, AND A PUBLIC-FACING STORYMAP, 2)EACH NEIGHBORHOOD WILL DEVELOP A COMMUNITY CLIMATE ADAPTATION PLAN THAT OUTLINES BOTH SHORT AND LONG-TERM GREEN INFRASTRUCTURE PRIORITIES. 3) EACH CITY WILL IDENTIFY AT LEAST ONE PLANNING OR POLICY INTERVENTION THAT, WHEN IMPLEMEN",2166564,2166564,0,2166564,2025-03-25,"Program terminated, DOGE, End date cut short (USAspending), Senate committee list",N/A,N/A,2025-02-01T00:00:00Z,2028-01-31T00:00:00Z,Region 5,66.616,Environmental and Climate Justice Community Change Grants Program,EPA-R-OEJECR-OCS-23-04,Groundwork Usa Inc,NY,Yonkers,NY-16,N/A,https://www.usaspending.gov/award/ASST_NON_00E04057_068/,N/A,N/A
00E05002,Disrupted,Terminated,Environmental and Climate Justice Community Change Grants Program award to The Trust for Public Land,"THIS AGREEMENT PROVIDES FUNDING UNDER THE INFLATION REDUCTION ACT (IRA) TO THE TRUST FOR PUBLIC LAND.  SPECIFICALLY, THROUGH THIS PROJECT ENTITLED 'BUILDING DEMOCRATIC SYSTEMS FOR A CLIMATE RESILIENT CLEVELAND' PARTNERS TRUST FOR PUBLIC LAND (TPL) AND SEE YOU AT THE TOP (SYATT), WILL EXTEND THEIR WORK WITH THE CITY OF CLEVELAND (THE CITY), AND THE CLEVELAND PARKS AND GREENSPACE COALITION (THE COALITION) TO ENABLE THE FULL AND EQUITABLE PARTICIPATION OF CLEVELAND CITIZENS, PARTICULARLY THOSE WHO HAVE BEEN HISTORICALLY MARGINALIZED, IN MUNICIPAL DECISION-MAKING PROCESSES FOR ENVIRONMENTAL AND CLIMATE JUSTICE ISSUES RELATED TO PARKS AND GREENSPACES. CURRENTLY, THE CITY IS RE-ESTABLISHING ITS PARKS AND RECREATION DEPARTMENT (PR DEPT.) AND WILL SOON COMPLETE ITS FIRST CITYWIDE PARKS AND RECREATION MASTER PLAN (PR MASTER PLAN). ONCE COMPLETE, THE PR MASTER PLAN WILL SET THE VISION INFORMING THE GOALS, OBJECTIVES, AND POLICIES FOR THE PR DEPT. FOR THE NEXT FIFTEEN YEARS. THE PROJECT PARTNERS SEEK TO REALIZE THE CLIMATE RESILIENCE AND PUBLIC HEALTH BENEFITS OF PARKS AND GREENSPACE FOR ALL CLEVELAND RESIDENTS BY ESTABLISHING A SYSTEM OF TRANSPARENCY, PUBLIC PARTICIPATION, AND COLLABORATION AMONG RESIDENTS AND THE CITY BY ENGAGING RESIDENTS FROM HISTORICALLY DISADVANTAGED COMMUNITIES TO JOINTLY DETERMINE HOW INFORMATION IS SHARED, GOALS AND POLICIES ARE SET, RESOURCES ARE ALLOCATED, PROGRAMS ARE OPERATED, AND BENEFITS LIKE CONTRACTS AND INVESTMENTS ARE DISTRIBUTED. 
ACTIVITIES:THE ACTIVITIES INCLUDE:
OBJECTIVE 1: BY SEPTEMBER 2027, PROJECT PARTNERS WILL ENGAGE OVER 1,000 CLEVELAND RESIDENTS, FOCUSING ON HISTORICALLY DISADVANTAGED COMMUNITIES, TO INCREASE THEIR UNDERSTANDING OF HOW PARKS AND GREENSPACE CAN IMPROVE ENVIRONMENTAL AND CLIMATE JUSTICE IN THEIR COMMUNITIES AND HOW TO ENGAGE IN THE CITY'S PLANS, PROCESSES, PROGRAMS, AND POLICIES THAT ADVANCE PARK EQUITY AND CLIMATE JUSTICE IN CLEVELANDMDASH;SUCH AS THE CREATION OF THE PR DEPT. AND PR MASTER PLAN.
OBJECTIVE 1 ACTIVITIES:
-	HOST 3-4 COMMUNITY ENGAGEMENT EVENTS PER YEAR (10 TOTAL) FOR RESIDENT INPUT ON IMPLEMENTATION OF THE PR MASTER PLAN, SHAPING THE PR DEPT., AND RELATED PARK PLANS, POLICIES, AND RESOURCES.
-	EXPAND THE PARK ACTION GUIDE AND CREATE PHYSICAL (NON-DIGITAL) GUIDES AND RESOURCE KITS FOR RESIDENTS AND COMMUNITY GROUPS TO DIRECTLY INFORM CITY PROCESSES.
-	WORK WITH RESIDENT LEADERS TO DEVELOP AT LEAST 3 NEW RESIDENT-LED PARK STEWARDSHIP GROUPS, PRIORITIZING PARKS AND GREENSPACES IN HISTORICALLY DISADVANTAGED NEIGHBORHOODS.
-	IMPLEMENT 2 ANNUAL TARGETED PARK CLEAN-UP IMPROVEMENT VOLUNTEER DAYS TO ADVANCE EQUITABLE PARK MAINTENANCE AND COMMUNITY OWNERSHIP OF NEIGHBORHOOD PARKS.

OBJECTIVE 2: BY SEPTEMBER 2027, PROJECT PARTNERS WILL REDUCE BARRIERS FOR RESIDENT PARTICIPATION IN CITY DECISION-MAKING PROCESSES BY CO-DEVELOPING, PILOTING, AND INSTITUTIONALIZING MECHANISMS FOR RESIDENTS TO DIRECTLY INFORM AND HELP SHAPE THE CITY'S STRATEGIES, PLANS, POLICIES, AND PROGRAMS THAT ADVANCE PARK EQUITY AND ENVIRONMENTAL AND CLIMATE JUSTICE, FOCUSING ON THE NEW PR DEPT., CREATING A MODEL FOR OTHER CITY DEPARTMENTS.
OBJECTIVE 2 ACTIVITIES:
-	WITH THE CITY, CO-DEVELOP A PR ADVISORY COMMITTEE THAT MEETS REGULARLY TO REVIEW FUNDING STRATEGIES, POLICIES, AND PARK AND GREENSPACE IMPROVEMENT PLANS IN CLEVELAND.
-	REDUCE BARRIERS FOR RESIDENT-LED PARK AND GREENSPACE STEWARDSHIP BY FACILITATING THE DEVELOPMENT OF A NEW PARK IMPROVEMENT WAIVER AND MEMORANDUM OF UNDERSTANDING (MOU) PROCESS WITH THE CITY TO ALLOW RESIDENT-LED STEWARDSHIP GROUPS TO CONDUCT PRE-APPROVED PARKS AND GREENSPACE MAINTENANCE AND STEWARDSHIP ACTIVITIES WITHOUT CITY APPROVAL FOR EACH IMPROVEMENT .
-	EXPAND COALITION MEMBERSHIP AMONG RESIDENTS, IDENTIFYING 3 NEW RESIDENTS TO SERVE ON THE COALITION STEERING COMMITTEE.

OBJECTIVE 3: BY SEPTEMBER 2027, PROJECT PARTNERS, THE CITY, AND RESIDENTS FROM HISTORICALLY DISADVANTAGED COMMUNITIES WI",3000000,3000000,90457.78,2909542.22,2025-03-25,"Program terminated, DOGE, End date cut short (USAspending), Senate committee list",N/A,N/A,2024-10-01T00:00:00Z,2027-09-30T00:00:00Z,Region 5,66.616,Environmental and Climate Justice Community Change Grants Program,EPA-R-OEJECR-OCS-23-04,The Trust for Public Land,CA,San Francisco,CA-11,N/A,https://www.usaspending.gov/award/ASST_NON_00E05002_068/,N/A,N/A
00E05003,Disrupted,Terminated,Environmental and Climate Justice Community Change Grants Program award to Minneapolis American Indian Center,"THIS AGREEMENT PROVIDES FUNDING UNDER THE INFLATION REDUCTION ACT (IRA) TO MINNEAPOLIS AMERICAN INDIAN CENTER. SPECIFICALLY, THE PROJECT WILL FUND THE INSTALLATION AND UTILIZATION OF LOW- AND -ZERO EMISSION, CLIMATE-RESILIENT TECHNOLOGIES AND BUILDING UPGRADES TO REDUCE INDOOR AND OUTDOOR AIR POLLUTION AT BOTH THE MINNEAPOLIS AMERICAN INDIAN CENTER AND THEIR STATUTORY PARTNER, SABATHANI COMMUNITY CENTER. THESE INSTALLATIONS WILL OVERALL CONTRIBUTE TO THESE CENTERS, AND THE COMMUNITIES SERVED BY THEM, IN SAVING ON COSTS ASSOCIATED WITH ELECTRIC AND ENERGY BILLS, AS WELL AS REDUCING THEIR GREEN HOUSE GAS EMISSIONS. IN CONCERT WITH THE ACTIVITIES FUNDED BY EPA, THE CITY OF MINNEAPOLIS WILL PROVIDE A SHARED COST, ASSISTING IN STANDING UP A 'LIVING LAB' FOR HANDS-ON TRAINING AND EDUCATION ON ENERGY AND CLIMATE RESILIENT CAREERS, PROVIDING INDOOR AND OUTDOOR AIR POLLUTION COMMUNITY EDUCATION, AND ENSURING MEANINGFUL COMMUNITY INVOLVEMENT IN FUTURE PROGRAMMING AND PROJECTS. IN COMBINATION, THIS OVERARCHING PROJECT WILL CREATE RESILIENT COMMUNITY CENTERS THAT CAN SERVE THE 35,000 MINNEAPOLIS AMERICAN INDIAN CENTER MEMBERS AND 39,000 SABATHANI COMMUNITY CENTER MEMBERS DURING POWER OUTAGES FROM CLIMATE OR CIVIL UNREST EMERGENCIES. 

ACTIVITIES:THE ACTIVITIES INCLUDE:
FOR MINNEAPOLIS AMERICAN INDIAN CENTER:  ROOFTOP UPGRADES AND EXPANSION TO SUPPORT INSTALLATION OF ROOFTOP SOLAR ARRAY; BUILDING UPGRADES INCLUDING INSTALLING HIGH EFFICIENCY HVAC, ELECTRICAL, AND LIGHTING SYSTEMS; WINDOWS AND POINT-OF-ENTRY THAT MAXIMIZE ENERGY EFFICIENCY AND ELIMINATE BARRIERS TO ACCESSIBILITY FOR THE COMMUNITY PARTICULARLY DURING CRISES.  

FOR SABATHANI COMMUNITY CENTER: HVAC SYSTEM INSTALLATION; GEOTHERMAL SYSTEM INSTALLATION (FULL CONVERSION FROM NATURAL GAS TO GEOTHERMAL ENERGY); ELECTRIC/ENERGY SYSTEMS (BOILERS, HOT WATER PIPING/RADIATORS, AC UNITS) AND EQUIPMENT UPGRADES

FOR BOTH CENTERS: COMMUNITY OUTDOOR/INDOOR AIR POLLUTION AND CLIMATE CHANGE EDUCATION, WORKFORCE PROGRAM DEVELOPMENT, COLLABORATIVE COMMUNITY OUTREACH (ALL FUNDED THROUGH THE CITY OF MINNEAPOLIS SHARED COSTS) 

SUBRECIPIENT:SABATHANI COMMUNITY CENTER USING EPA FUNDS: MECHANICAL, ELECTRICAL, AND STRUCTURAL DESIGN OF HVAC SYSTEMS ; SYSTEMS/EQUIPMENT (BOILERS, HOT WATER PIPING/RADIATORS, AIR HANDLING UNITS) PURCHASE/INSTALLATION'; HVAC INSTALLATION (FOUR LEVELS - INCLUDING BASEMENT); GEOTHERMAL INSTALLATION (FULL CONVERSION FROM NATURAL GAS TO GEOTHERMAL) 

SABATHANI COMMUNITY CENTER USING CITY OF MINNEAPOLIS FUNDS: BUILDING A HANDS ON TRAINING CENTER AT SABATHANI; FINALIZED EMERGENCY PREPAREDNESS PLANS FOR CLIMATE AND CIVIC CRISES; HOSTING SIX TOWN HALL MEETINGS TO REACH 1000 COMMUNITY MEMBERS; PROVIDE PAID TRAINING IN ENERGY EFFICIENCY AND BUILDING PRINCIPLES TRAINING TO 200 COMMUNITY MEMBERS OUTCOMES:THE ANTICIPATED DELIVERABLES FOR THE MINNEAPOLIS AMERICAN INDIAN COMMUNITY CENTER UPGRADES AND RENOVATION INCLUDE: A 268KW SOLAR ARRAY INSTALLATION ON THEIR ROOFTOP, 500KW BATTERY STORAGE, A RENOVATED AND EXPANDED HVAC SYSTEM, INSTALLED HVAC-SYSTEM-RELATED WEATHERIZATION MEASURES SUCH AS WINDOWS REPLACEMENT, ROOF REPLACEMENT WITH INSULATION. 

THE ANTICIPATED DELIVERABLES FOR THE SABATHANI COMMUNITY CENTER UPGRADES AND RENOVATION INCLUDE: A 412.2KW SOLAR ARRAY SYSTEM, DOAS AND FVAV CENTRAL GEOTHERMAL SYSTEM REPLACING 2 GAS BOILERS AND 104 AC UNITS, 500KW OF BATTERY STORAGE.  

THE ANTICIPATED DELIVERABLES FOR BOTH COMMUNITY CENTERS, USING FUNDING FROM THE CITY OF MINNEAPOLIS, INCLUDE: FOR BOTH COMMUNITY CENTER LOCATIONS, TO HAVE FINALIZED EMERGENCY PREPAREDNESS PLANS, EQUIPMENT AND COMMUNICATION PROTOCOLS THAT SERVE SURROUNDING COMMUNITY MEMBERS DURING AN EXTENDED POWER OUTAGE, INCREASED COMMUNITY PARTICIPATION, ENGAGEMENT, AND AWARENESS OF CLIMATE AND HEALTH IMPACTS AND ENERGY EFFICIENCY, A WORKFORCE DEVELOPMENT TRAINING PROGRAM, EDUCATIONAL MATERIALS FOR CLIMATE AND ENERGY RESILIENCE DISSEMINATED AMONGST COMMUNITY.  

THE EXPECTED OUT",10000000,10000000,3124500,6875500,2025-03-25,"Program terminated, DOGE, End date cut short (USAspending), Senate committee list",N/A,N/A,2024-04-01T00:00:00Z,2027-03-31T00:00:00Z,Region 5,66.616,Environmental and Climate Justice Community Change Grants Program,EPA-R-OEJECR-OCS-23-04,Minneapolis American Indian Center,MN,Minneapolis,MN-05,N/A,https://www.usaspending.gov/award/ASST_NON_00E05003_068/,N/A,N/A
00E05006,Disrupted,Terminated,Environmental and Climate Justice Community Change Grants Program award to Midwest Tribal Energy Resources Association Inc,"THIS AGREEMENT PROVIDES FUNDING UNDER THE INFLATION REDUCTION ACT (IRA) TO MIDWEST TRIBAL ENERGY RESOURCES ASSOCIATION, INC (MTERA). SPECIFICALLY, THE PROJECT WILL IMPROVE THE LIMITED INTERNAL CAPACITY OF TRIBES TO PLAN, FUND, DEPLOY, AND MANAGE CLIMATE AND POLLUTION REDUCTION INFRASTRUCTURE PROJECTS.ACTIVITIES:THE ACTIVITIES INCLUDE DEPLOYING INFRASTRUCTURE FOR ENERGY-EFFICIENT, HEALTHY, AND RESILIENT HOUSING AND BUILDINGS (CLIMATE ACTION STRATEGY 3, REFERRED TO AS 'CAS 3') AND INFRASTRUCTURE TO IMPROVE INDOOR AIR QUALITY AND COMMUNITY HEALTH IMPROVEMENTS (POLLUTION REDUCTION STRATEGY 1, REFERRED TO AS 'PRS 1'). TO UNLOCK THESE VALUABLE PROJECTS, MTERA WILL ALSO FOCUS ON EMPOWERING THE INTERNAL STAFF CAPACITY OF EPA REGION 5 TRIBES THROUGH WORKFORCE DEVELOPMENT PROGRAMS FOCUSED ON REDUCING GHG EMISSIONS AND AIR POLLUTANTS (CLIMATE ACTION STRATEGY 8, REFERRED TO AS 'CAS 8').SUBRECIPIENT:SUBAWARD TO GRID ALTERNATIVES WILL BE USED TO EXPAND GRID'S EXISTING WORKFORCE DEVELOPMENT PROGRAM TO INCLUDE GEOGRAPHIC COVERAGE OF TRIBAL LANDS IN THE MIDWEST. SUBAWARDS TO TRIBES WILL BE USED TO SUPPORT INTERNAL CAPACITY DEVELOPMENT AND THE DEPLOYMENT OF THE ENERGY EFFICIENCY PROJECTS.OUTCOMES:THE ANTICIPATED DELIVERABLES INCLUDE HOME ENERGY AUDITS AND SUBSEQUENT REPAIRS AND INCREASED TRIBAL CAPACITY TO ADDRESS AGING INFRASTRUCTURE. THE EXPECTED OUTCOMES INCLUDE A REDUCED ENERGY BURDEN, REDUCED GREENHOUSE GAS EMISSIONS, AND INCREASED COMMUNITY STRENGTH AND SUSTAINABILITY. THE INTENDED BENEFICIARIES ARE DISADVANTAGED COMMUNITIES.",21652072,21652072,35841.98999999999,21616230.01,2025-03-25,"Program terminated, DOGE, End date cut short (USAspending), Senate committee list",N/A,N/A,2024-12-01T00:00:00Z,2027-12-01T00:00:00Z,Region 5,66.616,Environmental and Climate Justice Community Change Grants Program,EPA-R-OEJECR-OCS-23-04,Midwest Tribal Energy Resources Association Inc,WI,Milwaukee,WI-04,N/A,https://www.usaspending.gov/award/ASST_NON_00E05006_068/,N/A,N/A
00E05007,Disrupted,Terminated,Environmental and Climate Justice Community Change Grants Program award to Leech Lake Band of Ojibwe,"THIS AGREEMENT PROVIDES FUNDING UNDER THE INFLATION REDUCTION ACT (IRA) TO LEECH LAKE BAND OF OJIBWE. SPECIFICALLY, THE PROJECT WILL BE CREATING A TRIBAL RESILIENCE HUB, THE CORNERSTONE OF THEIR CULTURAL RESILIENCE CAMPUS. THE ACTIVITIES INCLUDE TRIBAL STAFF TO BE HIRED TO INTERACT WITH THE COMMUNITY AND PROTECTING THE AIR, WATER, AND LAND QUALITY USING CULTURAL TRADITIONS WHILE INTEGRATING INNOVATIONS IN COMBATING CLIMATE CHANGE. THE TRIBAL RESILIENCE HUB WILL NOT ONLY PROVIDE CAREER OPPORTUNITIES BUT PROVIDE A PLACE TO PRESERVE TRADITIONS LIKE COMMUNITY EVENTS, TEACHINGS, TRAININGS, FEASTS, HARVESTING MANOOMIN, MEDICINAL PLANTS, AND OTHER TRADITIONAL FOODS. 


ACTIVITIES:THE ACTIVITIES INCLUDE TRIBAL STAFF TO BE HIRED TO INTERACT WITH THE COMMUNITY AND PROTECTING THE AIR, WATER, AND LAND QUALITY USING CULTURAL TRADITIONS WHILE INTEGRATING INNOVATIONS IN COMBATING CLIMATE CHANGE. THE TRIBAL RESILIENCE HUB WILL NOT ONLY PROVIDE CAREER OPPORTUNITIES BUT PROVIDE A PLACE TO PRESERVE TRADITIONS LIKE COMMUNITY EVENTS, TEACHINGS, TRAININGS, FEASTS, HARVESTING MANOOMIN, MEDICINAL PLANTS, AND OTHER TRADITIONAL FOODS. 

SUBRECIPIENT:COLLABORATION WITH THE CLBGC, LLTC, AND TERO WILL COMMENCE EARLY IN THE CONSTRUCTION AND DESIGN PHASES OF THE HUB AND WILL CONTINUE THROUGHOUT ITS PROGRAMMING AND OPERATIONS. YOUTH WILL BE TRANSPORTED TO AND FROM THE SITE YEAR-ROUND USING ELECTRIC VANS, WHICH REDUCE POLLUTION AND FOSSIL FUEL CONSUMPTION. THE VANS WILL ARRIVE AT THE ENTRY AREA (SEE FIGURE 7), WHERE AN EV CHARGING STATION IS LOCATED. ELECTRIC BICYCLES WILL ALSO BE AVAILABLE FOR ACCESSING THE HUB AND NEARBY TRAILS, WITH INFRASTRUCTURE FOR PARKING AND CHARGING NEAR THE ENTRANCE. THE PROJECT FUNDED OUTREACH AND CULTURAL COORDINATORS WILL WORK CLOSELY WITH TRIBAL ELDERS, STAFF, CLBGC, LLTC AND TERO TO DEVELOP AND IMPLEMENT TRAINING AND CLASSES THROUGHOUT THE YEAR. THE CLBGC MEMBERS WILL CONTRIBUTE TO COMMUNITY ENGAGEMENT BY USING SOCIAL MEDIA TO PROMOTE INPUT SESSIONS DURING THE FINAL DESIGN AND CONSTRUCTION PHASES, PARTICIPATE IN TRAIL LAYOUT PLANNING, AND ASSIST IN DESIGNING, PLANNING AND INSTALLATION OF THE EDIBLE PLANTS AND CULTURAL TRADITIONAL DYE GARDENS.
CLEAN AIR AND HEALTHY BUILDINGS ARE A PRIORITY FOR THE COMMUNITY AS IS THE CREATION OF A WARM ENTRY AND MULTIPURPOSE SPACE THAT CAN BE USED TO HOST EDUCATIONAL AND TRAINING OPPORTUNITIES AND DISPLAY CULTURALLY SIGNIFICANT ARTIFACTS AS SEEN IN FIGURE 7 BELOW. A DETAILED FLOOR PLAN FOR THE RESILIENCE HUB CAN BE FOUND IN APPENDIX I.OUTCOMES:THE ANTICIPATED DELIVERABLES INCLUDE COLLABORATING WITH THE CLBGC AND LLTC INVESTMENTS IN THE TRIBAL RESILIENCE HUB WILL CREATE A VIBRANT SPACE THAT SUPPORTS COMMUNITY SHARING, TEACHING, ENGAGEMENT, CEREMONIES, AND INTERACTION. IT WILL ALSO MOVE DOZENS OF TRIBAL STAFF MEMBERS OFF A SUPERFUND SITE INTO A PURPOSE-BUILT FACILITY THAT WILL SERVE THE NEEDS OF THESE DEPARTMENTS, ALLOW THE DIVISION TO BUILD CAPACITY, AND HAVE THE FACILITIES AND RESOURCES THEY NEED TO PROTECT ALL THE PLANTS, ANIMALS, AND CULTURAL TRADITIONS OF THE COMMUNITY. FURTHER, WITH THE ADDITION OF THE MUCH-NEEDED OUTREACH AND CULTURAL COORDINATORS, THEY WILL ADVANCE OUR COMMUNITY ENGAGEMENT. 

THE EXPECTED OUTCOMES INCLUDE THE RESILIENCE HUB BEING A PLACE WHERE CULTURAL ASSETS AND HISTORICAL ITEMS CAN BE RETURNED AND HOUSED. PARTNERSHIPS WITH THE CLBGC, THE LLTC, AND THE RESERVATION COMMUNITY MEMBERS ALLOWS THE TRIBE TO WORK COLLABORATIVELY WITH THESE PARTNERS TO DEVELOP MULTIGENERATIONAL EDUCATIONAL OPPORTUNITIES. THE RESILIENCE HUB CAN SUPPORT THE RESIDENTS IN TIMES OF NEED, ACTING AS AN OPERATIONAL CONTROL CENTER AND/OR INCIDENT COMMAND AND DISTRIBUTION CENTER DURING EMERGENCIES. OVER TIME THE RESILIENCE CAMPUS WILL WEAVE TOGETHER THE FISH HATCHERY, GREENHOUSES, AND OTHER RESOURCES.

THE INTENDED BENEFICIARIES ARE DISADVANTAGED COMMUNITIES.",19999268,19999268,0,19999268,2025-03-25,"Program terminated, DOGE, End date cut short (USAspending), Senate committee list",N/A,N/A,2025-03-01T00:00:00Z,2028-02-29T00:00:00Z,Region 5,66.616,Environmental and Climate Justice Community Change Grants Program,EPA-R-OEJECR-OCS-23-04,Leech Lake Band of Ojibwe,MN,Cass Lake,MN-08,N/A,https://www.usaspending.gov/award/ASST_NON_00E05007_068/,N/A,N/A
00I40400,Disrupted,Terminated,Environmental and Climate Justice Community Change Grants Program award to Commun Denver Inc,"THIS AGREEMENT PROVIDES FUNDING UNDER THE INFLATION REDUCTION ACT (IRA) TO COMMUN DENVER INC. SPECIFICALLY, THE PROJECT WILL RENOVATE A 40,000 SQUARE FOOT BUILDING INTO A COMMUNITY-DESIGNED RESILIENCE HUB AND RESOURCE CENTER FOR COMMUNITIES WHO HAVE BEEN DISPROPORTIONALITY IMPACTED BY CLIMATE CHANGE. THE LORETTO HEIGHTS RESILIENCY HUB WILL FUNCTION AS A PUBLIC-SERVING SPACE FOR COMMUNITY MEMBERS THAT PROVIDES SHELTER AND ESSENTIAL SERVICES DURING EXTREME WEATHER, NATURAL HAZARDS, OR OTHER EVENTS CAUSING AN EMERGENCY OR DISASTER SUCH AS DANGEROUS WILDFIRE WOODSMOKE, TOXIC RELEASES, INDUSTRIAL FIRES, OR SIMILAR HAZARDOUS CHEMICAL INCIDENTS. THE RESILIENCE HUB WILL ALSO SERVE AS A COMMUNITY-CONVENING SPACE THAT PROVIDES EDUCATIONAL ACTIVITIES AND RELATED EMERGENCY AND DISASTER PREPAREDNESS RESOURCES TO COMMUNITY RESIDENTS YEAR-ROUND. ACTIVITIES:THE ACTIVITIES TO BE PERFORMED INCLUDE UPGRADING COMMUNITY FACILITIES TO REMAIN OPERABLE DURING EMERGENCIES; IMPLEMENTING STRUCTURAL AND NON-STRUCTURAL RETROFITS FOR IMPROVED HEATING AND COOLING SYSTEMS AND INSULATION; INSTALLING A HIGHLY EFFICIENT HEATING, VENTILATION, AND AIR CONDITIONING (HVAC) SYSTEM WITH A WILDFIRE SETTING FOR SEVERE AIR POLLUTION; IMPLEMENTING AN AIR QUALITY READINESS PLAN; MONITORING INDOOR AND OUTDOOR AIR QUALITY; COMMUNICATING WITH THE PUBLIC ON AIR QUALITY DATA; INSTALLING EMERGENCY COMMUNICATIONS DEVICES; IMPLEMENTING EMERGENCY OPERATION PLANS; AND PROVIDING TRAININGS AND WORKSHOPS FOR ADVOCACY AND ORGANIZING WORK.SUBRECIPIENT:CITY OF DENVER STAFF TIME ($420,147 TOTAL): FUNDS ONE NEW CITY OF DENVER'S CLIMATE ACTION, SUSTAINABILITY, AND RESILIENCE DEPARTMENT (CASR) STAFF MEMBER TO COORDINATE AND SUPPORT THE PROJECT AS A STATUTORY PARTNER. THE COST IS $117,000 PER YEAR PLUS 33% FRINGE BENEFIT, WITH THE POSITION STARTING IN APRIL/MAY 2025.
CLIMATE PROMOTORES ($142,410 TOTAL): FIVE SUBAWARDS TO COMMUNITY MEMBERS WHO ARE PART OF A LEADERSHIP TEAM DISPROPORTIONATELY IMPACTED BY CLIMATE CHANGE, TO EDUCATE AND BRING RESOURCES TO DISADVANTAGED COMMUNITY MEMBERS AROUND CLIMATE IMPACTS AND RESILIENCE.
COMMUNITY LEADERS ($42,726 TOTAL): SIX SUBAWARDS TO DISPROPORTIONATELY IMPACTED COMMUNITY MEMBERS CONTRACTED BY COMMUN TO ENGAGE SPECIFICALLY DISADVANTAGED COMMUNITIES IN THE DESIGN AND PURPOSE OF THE RESILIENCE HUB. THIS TEAM WILL CONTINUE TO ENSURE A SENSE OF BELONGING AND OWNERSHIP OF DISADVANTAGED COMMUNITY MEMBERS SO THAT FUNDS MAXIMIZE BENEFIT FOR DISADVANTAGED COMMUNITY MEMBERS, INCLUDING THOSE WHO TYPICALLY DO NOT EXPERIENCE BELONGING WITHIN INSTITUTIONS. OUTCOMES:THE ANTICIPATED DELIVERABLES INCLUDE A FULLY RENOVATED COMMUNITY RESILIENCY HUB WITH A ZERO CARBON BUILDING SUSTAINABILITY CERTIFICATION THROUGH THE INTERNATIONAL LIVING FUTURES INSTITUTE. THERE WILL BE 35 COMMUNITY ORGANIZATIONS USING COMMUNITY GATHERING SPACES. TWELVE DISASTER PREPAREDNESS TRAININGS AND 30 RESILIENCE WORKSHOPS WILL BE DELIVERED. THE COMMUNITY WILL BE PROVIDED WITH 25 SUSTAINABILITY RESOURCES. COMMUNITY ENGAGEMENT ACTIVITIES WILL REACH 1,500 COMMUNITY MEMBERS. THERE WILL BE 75 JOBS CREATED, AND 50 SMALL BUSINESSES HAVING RECEIVED DEVELOPMENT SUPPORT. IT IS ANTICIPATED THAT 85% PERCENT OF RESIDENTS WILL REPORT COMMUN AS A FACTOR FOR AVOIDING DISPLACEMENT, REPORTING INCREASED ECONOMIC VITALITY OR SENSE OF BELONGING. AT LEAST FIVE DIFFERENT TYPES OF TRAININGS REQUESTED BY THE COMMUNITY WILL BE IMPLEMENTED. COMMUNITY SPACES WITH ENHANCED FILTRATION AND PROTECTIVE WILDFIRE SETTINGS FOR 36,540 SQUARE FEET OF PROGRAM SPACE. SEVENTY PERCENT OF RESIDENTS WHO ARE DISPROPORTIONATELY IMPACTED BY CLIMATE CHANGE WILL BE SERVED. THERE WILL BE TWENTY AIR QUALITY CONDITIONS SHARED VIA SOCIAL MEDIA POSTS. THERE WILL BE 30 LEADERSHIP AND COMMUNITY ORGANIZING CLASSES. THE EXPECTED OUTCOMES INCLUDE IMPROVED COMMUNITY CAPACITY AND STRENGTH; IMPROVED CLIMATE RESILIENCE; IMPROVED ENVIRONMENTAL JUSTICE THROUGH REDUCED GREENHOUSE GASSES; INCREASED AWARENESS OF EMERGENCY PREPAREDNESS; INCREASED CO",20058601,20058601,7525.6699999999255,20051075.33,2025-03-25,"Program terminated, DOGE, End date cut short (USAspending), Senate committee list",N/A,N/A,2025-01-10T00:00:00Z,2027-12-31T00:00:00Z,Region 8 (Mountains and Plains),66.616,Environmental and Climate Justice Community Change Grants Program,EPA-R-OEJECR-OCS-23-04,Commun Denver Inc,CO,Denver,CO-01,N/A,https://www.usaspending.gov/award/ASST_NON_00I40400_068/,N/A,N/A
02F33801,Disrupted,Terminated,Surveys Studies Investigations Training and Special Purpose Activities Relating to Environmental Justice award to New Mexico State University,"THE AGREEMENT PROVIDES FUNDING TO NEW MEXICO STATE UNIVERSITY TO LEAD AN EXPERIENCED TEAM OF COMMUNITY-BASED PARTNERS TO CREATE THE SOUTH-CENTRAL ENVIRONMENTAL JUSTICE RESOURCE CENTER. SPECIFICALLY, THE RECIPIENT WILL DEVELOP AN EQUITABLE LEADERSHIP MODEL; DEVELOP AND DELIVER TRAINING ON GRANT WRITING, ENVIRONMENTAL JUSTICE, ENVIRONMENTAL MANAGEMENT SYSTEM, AND CLEAN ENERGY TECHNOLOGY; DEVELOP A WEB-BASED PORTAL THAT NAVIGATES ACCESS TO TECHNICAL ASSISTANCE RESOURCES; AND DEVELOP AND DELIVER LEADERSHIP PROGRAMS.

THE INFLATION REDUCTION ACT (IRA) TECHNICAL ASSISTANCE (TA) FUNDS ISSUED TO NEW MEXICO STATE UNIVERSITY ARE SPECIFICALLY FOR THE ENVIRONMENTAL JUSTICE (EJ) THRIVING COMMUNITIES TECHNICAL ASSISTANCE CENTERS (TCTAC) PROGRAM TO COORDINATE AND COLLABORATE WITH THE EJ TCTAC GRANTMAKING PROGRAM RECIPIENTS (GRANTMAKERS) AND/OR PROVIDE ADDITIONAL TECHNICAL ASSISTANCE AND SUPPORT TO APPLICANTS AND SUBGRANTEE RECIPIENTS FUNDED THROUGH THE GRANTMAKER PROGRAM. THE GRANTMAKERS ARE CONSIDERED TECHNICAL ASSISTANCE PROVIDERS, WHO PROVIDE FUNDING AS WELL AS TECHNICAL ASSISTANCE TO APPLICANTS AND SUBGRANTEE RECIPIENTS ADDRESSING ENVIRONMENTAL CONCERNS OF DISADVANTAGED COMMUNITIES. PER THE EJ TCTAC REQUEST FOR APPLICATIONS (RFA), FUNDING OPPORTUNITY NUMBER EPA-I-OP-OEJ-22-02, THE EJ TCTACS ARE EXPECTED TO COORDINATE WITH OTHER TECHNICAL ASSISTANCE PROVIDERS OVER THE PROJECT PERIOD.ACTIVITIES:THE ACTIVITIES TO BE PERFORMED INCLUDE TRAINING COMMUNITY PARTNERS ON COMMUNITY-CENTERED RESEARCH STRATEGIES ANNUALLY, DEVELOPING AND IMPLEMENTING A REGIONAL WEB-BASED PORTAL THAT NAVIGATES ACCESS TO TECHNICAL ASSISTANCE RESOURCES, DEVELOPING AND CONDUCTING GRANT WRITING TRAINING WEBINARS TWICE A YEAR, DESIGNING AND HOSTING ENVIRONMENTAL JUSTICE AND ENVIRONMENTAL MANAGEMENT SYSTEM TRAINING ANNUALLY, CREATING AND DISTRIBUTING A CLEAN ENERGY TECHNOLOGY TRAINING VIDEO, CREATING AND FACILITATING A TEN-MONTH EQUITY AT WORK LEADERSHIP COHORT, AND FACILITATING A NINE-COURSE LEADERSHIP PROGRAM FOCUSED ON ETHICS, POLICY, AND DIVERSITY.SUBRECIPIENT:BELOVED COMMUNITY ACTIVITIES INCLUDE DEPLOYING PARTICIPATORY ACTION RESEARCH WITH COMMUNITIES AND BUSINESSES, TRAINING COMMUNITY PARTNERS ON COMMUNITY-CENTERED RESEARCH STRATEGIES/PROCESSES, COLLATING COMMUNITY INSIGHTS INTO ANNUAL FINDINGS AND DISSEMINATING TO STAKEHOLDERS AND THE PUBLIC, AND HOSTING AN EQUITY AT WORK LEADERSHIP COHORT. LIFECITY ACTIVITIES INCLUDE CREATING ENVIRONMENTAL JUSTICE AND ENVIRONMENTAL MANAGEMENT SYSTEM TRAINING, SUPPORT CREATION OF THE WEB-BASED PORTAL, AND CREATING A COMMUNICATION PLAN AND BRANDING FOR THE CENTER. UNIVERSITY OF TEXAS AT ARLINGTON-TEXAS MANUFACTURING ASSISTANCE CENTER ACTIVITIES INCLUDE DELIVERING FOUR ENVIRONMENTAL MANAGEMENT SYSTEMS WORKSHOPS AND PRODUCING EIGHT VIDEO SESSIONS SUPPORTING THE TRAINING FOR WEBINAR ACCESS. SANTA FE GREEN CHAMBER ACTIVITIES INCLUDE PARTNERING WITH COMMUNITY-BASED ORGANIZATIONS, INTERFAITH NON-PROFITS, ENVIRONMENTAL GROUPS, AND TRIBAL ADVOCACY GROUPS; ASSISTING IN DISSEMINATING TRAINING MATERIALS; AND PROMOTING WEBINARS, WEBSITES, AND IN-PERSON MEETINGS TO CHAMBERS AND NON-GOVERNMENTAL ORGANIZATIONS. TOGETHER LOUISIANA ACTIVITIES INCLUDE CREATING A LIST OF RURALLY SERVING, HISTORICALLY DISINVESTED ORGANIZATIONS IN LOUISIANA THAT COULD BENEFIT FROM TRAINING ON HOW TO GET FEDERAL GRANTS, SUPPORTING OUTREACH FOR ONE WORKSHOP ANNUALLY FOR THESE ORGANIZATIONS IN LOUISIANA, AND HELPING WITH A WORKSHOP ON CLEAN ENERGY POLICY ADVOCACY. GULF STATES RENEWABLE ENERGY INDUSTRY ASSOCIATION ACTIVITIES INCLUDE MARKETING WORKSHOPS, RECRUITING MANUFACTURERS AND OTHER INDUSTRIES TO ENGAGE IN THE BUSINESS WORKSHOPS AND MEMBERSHIP NETWORK, AND FOSTERING AWARENESS OF THE CENTER'S PROGRAMS AND SERVICES. ARKANSAS CAPITAL CORPORATION ACTIVITIES INCLUDE CONTRIBUTING TO THE DEVELOPMENT OF THE PARTNERSHIP NETWORK DATABASE OF LEADERS, RESOURCES, SERVICES, AND EVENTS, CREATING A LIST OF RURALLY SERVING, HISTORICALLY DISINVESTED ORGANIZATIONS IN ARK",8000000,8000000,1522688.9700000002,6477311.029999999,2025-03-25,"Program terminated, DOGE, End date cut short (USAspending), Senate committee list",N/A,N/A,2023-06-01T00:00:00Z,2028-05-31T00:00:00Z,Region 6 (South Central),66.309,Surveys Studies Investigations Training and Special Purpose Activities Relating to Environmental Justice,EPA-I-OP-OEJ-22-02,New Mexico State University,NM,Las Cruces,NM-02,N/A,https://www.usaspending.gov/award/ASST_NON_02F33801_068/,N/A,N/A
02F5550B,Disrupted,Terminated,Environmental Justice Thriving Communities Grantmaking Program Ej Tcgm award to Texas Southern University,"THIS AGREEMENT PROVIDES FUNDING UNDER THE INFLATION REDUCTION ACT (IRA) TO TEXAS SOUTHERN UNIVERSITY. THE RECIPIENT IS A REGIONAL GRANTMAKER (RGM), IN COLLABORATION WITH ACHIEVING COMMUNITY TASKS SUCCESSFULLY (ACTS), FOR THE SUBSEQUENT AWARD GRANTMAKING ACTIVITIES. THE GRANTMAKER PROGRAM WILL DISTRIBUTE $51,682,500 IN SUBAWARDS. AN ADVISORY COMMITTEE WILL MAKE THE FINAL DETERMINATION OF HOW MANY OF EACH TYPE OF AWARD (TIER I, II, OR III, PLUS NONCOMPETITIVE SUBAWARDS) WILL BE DISTRIBUTED. ADDITIONALLY, TEXAS SOUTHERN UNIVERSITY WILL DEVELOP A SYSTEM THAT REQUIRES ALL FUNDED SUBRECIPIENTS TO PROVIDE PROGRESS REPORTS FOR EACH 6-MONTH PERIOD OF FUNDING.  GUIDANCE INCLUDING DETAILED INFORMATION ON WHAT SHOULD BE INCLUDED IN THE PROGRESS REPORT WILL BE DEVELOPED BY THE ADVISORY COMMITTEE AND PROVIDED IN ENGLISH AND SPANISH AND OTHER LANGUAGES AS REQUESTED.  FOR SUBRECIPIENTS THAT HAVE LIMITED ACCESS TO THE INTERNET, A PAPER VERSION OF THE PROGRESS REPORT WILL BE ACCEPTED VIA EMAIL OR MAIL.  CHALLENGES NOTED IN THE PROGRESS REPORTING WILL BE REVIEWED BY THE PROGRAM MANAGER, DISCUSSED WITH MEMBERS OF THE ADVISORY COMMITTEE, AND REFERRED TO EPA AS SOON AS POSSIBLE IF NEEDED. EACH SUBRECIPIENT WILL BE INFORMED OF THE REQUIRED SUBRECIPIENT PROGRESS REPORT DUE DATES AND PROVIDED INSTRUCTIONS ON HOW TO SUBMIT VIA THE GRANT PLATFORM SECURED FOR THE REGIONAL GRANTMAKER PROGRAM. THE PURPOSE OF THIS AWARD IS TO FUND THE SUBSEQUENT AWARD FOR THE PASS-THROUGH ENTITY TEXAS SOUTHERN UNIVERSITY. TWO HUNDRED NINETY-SIX (296) GRANT APPLICATIONS WILL BE AWARDED DURING THE THREE-YEAR PROJECT PERIOD THAT WILL CONSIST OF THREE GRANT CYCLES ANNUALLY DURING YEARS 1-3. 

AN OUTSIDE INDEPENDENT EVALUATOR WILL BE SECURED TO DEVELOP AND OVERSEE AN ONGOING EVALUATION PLAN FOCUSED ON SOLICITING FEEDBACK FROM POTENTIAL APPLICANTS AND AWARDED SUBRECIPIENT TO ASSESS (1) THE USEFULNESS OF SHARED GRANT APPLICATION INFORMATION, (2) DISSEMINATE STORIES FROM APPLICANTS ON ENVIRONMENTAL OR CLIMATE JUSTICE CONCERNS AND HOW THEY STAND TO BENEFIT FROM THE FUNDING, (3) PROGRAM IMPROVEMENT WITH APPLICANT ASSESSMENT FEEDBACK, AND (4) INCREASED KNOWLEDGE OF APPLICANTS TO DETERMINE WHETHER THEIR PROJECTS ALIGN WITH THE FUNDING CRITERIA. EVALUATION WILL ALSO FOCUS ON CAPACITY BUILT AMONG EJ FRONTLINE ORGANIZATIONS, THE PERCEPTION OF CHANGES ACHIEVED BY SUBRECIPIENTS, PARTICULARLY IN UNDERSERVED, DISADVANTAGED AND/OR REMOTE COMMUNITIES, AND SUCCESSES AND LESSONS LEARNED. A SEMI-ANNUAL REVIEW OF COLLECTED DATA WILL BE COMPLETED BY THE ADVISORY COMMITTEE IN JANUARY AND JUNE ANNUALLY, AND AN ANNUAL RETREAT WILL BE HELD IN SUMMER 2025 AND 2026 TO PLAN THE UPCOMING YEAR'S GRANT PROGRAM IMPLEMENTATION.  AN ANNUAL REPORT OF PROGRAM DELIVERABLES WILL BE AVAILABLE IN FALL 2025 AND 2026, AND THE FINAL REPORT INCLUDING SUCCESS STORIES WILL BE AVAILABLE IN SUMMER 2027.

ACTIVITIES:THE ACTIVITIES IN THE SUBSEQUENT AWARD PHASE INCLUDE: TEXAS SOUTHERN UNIVERSITY HAS HIRED VARIOUS PROGRAM STAFF WHO WILL OVERSEE THE PROGRAM'S OPERATION AND PROVIDE GENERAL PROJECT MANAGEMENT AND OVERSIGHT OF PROJECT IMPLEMENTATION AND EVALUATION; COORDINATE THE ADVISORY COMMITTEE AND PROPOSED REVIEW TEAMS; CONDUCT OUTREACH WITH STATE HUBS AND COMMUNITY-BASED ORGANIZATIONS AND TRANSLATION SERVICES; SERVE AS INITIAL POINT OF CONTACT FOR ELIGIBLE SUBRECIPIENTS THROUGH THE APPLICATION PROCESS AND TO AWARDEES FOR REPORTING REQUIREMENTS. A CONFLICT-OF-INTEREST PLAN HAS BEEN CREATED TO ENSURE REVIEWERS HAVE COMPLETED THE FORM AND APPROVED TO PARTICIPATED IN ANY UPCOMING GRANT APPLICATION CYCLES.  AN ONLINE GRANT APPLICATION PORTAL, DEDICATED TO THE GRANTMAKER PROGRAM, HAS BEEN CREATED FOR ELIGIBLE SUBRECIPIENTS TO APPLY FOR FUNDING. A REVIEWER DATABASE HAS ALSO BEEN DEVELOPED TO INCLUDE POTENTIAL REVIEWERS BY AREA OF EXPERTISE AND COMMUNITY; THE REVIEW CRITERIA WILL BE EXAMINED AND APPROVED BY THE ADVISORY COMMITTEE.

THE BULLARD CENTER'S PROGRAM MANAGER AND THE FINANCIAL ADMINISTRATOR",55082753,55082753,0,55082753,2025-05-01,"Program terminated, DOGE, End date cut short (USAspending)",N/A,N/A,2025-01-01T00:00:00Z,2027-12-31T00:00:00Z,Region 6 (South Central),66.615,Environmental Justice Thriving Communities Grantmaking Program Ej Tcgm,EPA-R-OEJECR-OCS-23-03,Texas Southern University,TX,Houston,TX-18,N/A,https://www.usaspending.gov/award/ASST_NON_02F5550B_068/,N/A,N/A
02F65701,Disrupted,Terminated,Environmental and Climate Justice Community Change Grants Program award to City of Houston,"THIS AGREEMENT PROVIDES FUNDING UNDER THE INFLATION REDUCTION ACT (IRA). THE PROJECT WILL FOCUS ON SEVERAL KEY AREAS IN THE CITY OF HOUSTON:

CONTAMINATION AND POLLUTION MITIGATION: THE PROJECT WILL IDENTIFY REGIONS AT RISK OF CONTAMINATED SURFACE SOIL REDISTRIBUTION AND NON-POINT SOURCE POLLUTION RUNOFF. NATURE-BASED SOLUTIONS WILL BE DESIGNED AND IMPLEMENTED TO REMEDIATE CONTAMINATION AND REDUCE EXPOSURE IN THESE AREAS.

HABITAT RESTORATION: IT WILL IDENTIFY LOCATIONS WHERE NON-NATIVE GRASSES CAN BE REPLACED WITH SOUTHEAST TEXAS NATIVE GRASSES. THIS WILL INVOLVE REMOVING NON-NATIVES AND PLANTING AND MAINTAINING NATIVE SPECIES.

DETENTION POND INSTALLATION: A DETENTION POND WILL BE ESTABLISHED IN A NEIGHBORHOOD WHERE THE NEED AND LOCATION HAVE ALREADY BEEN IDENTIFIED BY HOUSTON PUBLIC WORKS.

ALL THREE ACTIVITIES WILL ENHANCE ECOSYSTEM SERVICES, INCLUDING HEAT MITIGATION AND FLOOD CONTROL. ADDITIONALLY, THE CITY OF HOUSTON WILL IMPLEMENT STRATEGY 4, WHICH INCLUDES THE INSTALLATION OF MICROGRIDS AND SOLAR FARMS TO IMPROVE COMMUNITY ENERGY RESILIENCE.

ACTIVITIES:THE ACTIVITIES INCLUDE 1.1.COMMUNITY ENGAGEMENT AND ASSESSMENT: UTILIZE COMMUNITY TESTIMONIES AND LOCALIZED SURFACE WATER MODELING TO IDENTIFY AREAS AT HIGH RISK OF CONTAMINATION FROM RUNOFF.
REMEDIATION EFFORT: DESIGN AND IMPLEMENT NATURE-BASED SOLUTIONS TO REMEDIATE CONTAMINATION AND REDUCE EXPOSURE IN THE IDENTIFIED AT-RISK AREAS.

DETENTION POND INSTALLATION: CONSTRUCT A DETENTION POND IN THE AREA ACROSS FROM TUFFLY PARK IN HOUSTON, TX, LOCATED WITHIN THE FIFTH WARD.  
   
NATURE-BASED ENHANCEMENTS: IMPLEMENT ENHANCEMENTS SUCH AS TREE PLANTINGS AND THE INTRODUCTION OF NATIVE GRASSES TO SUPPORT ECOSYSTEM SERVICES AROUND THE CONSTRUCTED DETENTION POND.

SOLAR FARM INSTALLATION: HIRE A TECHNICAL CONSULTANT TO ASSIST WITH SOLAR FARM ACTIVITIES, AIMING TO NEGOTIATE FREE OR REDUCED-PRICE SOLAR ENERGY FOR COMMUNITY RESIDENTS. COLLABORATE WITH OUR STATE PARTNER, THE BLACK UNITED FUND OF TEXAS (BUFTX), TO CONNECT COMMUNITY MEMBERS WITH CITY RESOURCES AND SERVICES.
CIVIC ENGAGEMENT AND RESILIENCE BUILDING: ESTABLISH A LOCAL CIVIC GROUP LED BY BLACK UNITED FUND TO  PROVIDE A PLATFORM FOR DIALOGUE AMONG COMMUNITY RESIDENTS AND ORGANIZATIONS, ADDRESSING PRESSING ISSUES COLLECTIVELY. BLACK UNITED FUNDS  WILL CREATE A SUB-AWARD PROGRAM FOR LOCAL COMMUNITY-BASED AND FAITH-BASED ORGANIZATIONS TO PROMOTE RESILIENCE WITHIN THE COMMUNITY. ADDITIONALLY, THEY WILL OFFER SUB-AWARDS TO COMBAT ILLEGAL DUMPING.



SUBRECIPIENT:BLACK UNITED FUND OF TEXAS (BUFTX): IS THE STATUTORY PARTNER FOR THIS GRANT. THEY WILL SERVE AS A BRIDGE BETWEEN THE OTHER PROJECT PARTNERS AND THE COMMUNITY RESIDENTS, AND USE COMMUNITY VOICES TO GUIDE PROJECT ACTIVITIES. THIS WILL INCLUDE: HOSTING REGULAR COMMUNITY EVENTS TO DIRECTLY INTERFACE WITH THE COMMUNITY TO ENSURE WE ARE ALIGNED WITH THEIR VISION FOR THE COMMUNITY; ESTABLISHING A COMMUNITY BASED ORGANIZATION SUBAWARD PROGRAM .
UNIVERSITY OF HOUSTON (UH) DEPARTMENT OF CIVIL ENGINEERING: THEY WILL IDENTIFY AREAS AT RISK FOR THE RE- DISTRIBUTION OF CONTAMINATED SURFACE SOIL AND NON-POINT SOURCE POLLUTION RUNOFF, AND THEN DESIGN AND IMPLEMENT NATURE-BASED SOLUTIONS TO REMEDIATE CONTAMINATION AND LIMIT EXPOSURE IN THESE AREAS. THIS PROCESS WILL INVOLVE MODELING THAT CONSISTS OF OVERLAND SEDIMENT DEPOSITION/EROSION USING BOTH HYDROLOGICAL SIMULATION PROGRAM-FORTRAN (HSPF) IN BETTER ASSESSMENT SCIENCE INTEGRATING POINT AND NONPOINT SOURCES (BASINS) AND ENVIRONMENTAL FLUID DYNAMICS CODE (EFDC) AT THE CATCHMENT/SUB- WATERSHED AND AT THE CENSUS BLOCK LEVEL, RESPECTIVELY, FOR CONTAMINATED SITES IN THE COMMUNITY
HOUSTON WILDERNESS (HW): HW WILL UTILIZE THE RESULTS OF UH'S MODELING TO CONDUCT THE SUPER TREE, NATIVE GRASS, AND BIOSWALE PLANTINGS IN THE COMMUNITY, IN LOCATIONS WITH THE GREATEST IMPACT. HW ESTIMATES TO PLANT ABOUT 10,000 SUPER TREES, 8 ACRES OF NATIVE GRASSES, AND 5-6 BIOSWALES OVER THE COURSE OF THE PROJECT. THEY W",19999998,19999998,0,19999998,2025-03-25,"Program terminated, DOGE, End date cut short (USAspending), Senate committee list",N/A,N/A,2025-03-01T00:00:00Z,2028-02-29T00:00:00Z,Region 6 (South Central),66.616,Environmental and Climate Justice Community Change Grants Program,EPA-R-OEJECR-OCS-23-04,City of Houston,TX,Houston,TX-09,N/A,https://www.usaspending.gov/award/ASST_NON_02F65701_068/,N/A,N/A
02F74301,Disrupted,Terminated,Environmental and Climate Justice Community Change Grants Program award to Dillard University,"THIS AMENDMENT IS TO STOP WORK; TERMINATE THE AGREEMENT; REDUCE PERFORMANCE PERIOD DURATION; CURTAIL SCOPE OF WORK; AND WAIVE CERTAIN REPORTING REQUIREMENTS.  ADMINISTRATIVE TERMS AND CONDITIONS ARE ADDED. 

PER 2 CFR 200.340 AND THE TERMINATION GENERAL TERMS AND CONDITIONS OF THIS AGREEMENT, EPA IS TERMINATING THIS AWARD. YOUR ORGANIZATION SHALL IMMEDIATELY STOP WORK AND TAKE ALL REASONABLE STEPS TO MINIMIZE THE INCURRENCE OF COSTS OTHERWISE ALLOCABLE TO THE ASSISTANCE AGREEMENT. SEE TERMS AND CONDITIONS. ACTIVITIES:THE PROJECT ACTIVITIES INCLUDE A COMMUNITY NEEDS ASSESSMENT, THE DEVELOPMENT OF A COMMUNITY ACTION PLAN, THE CREATION OF EDUCATION AND TRAINING MATERIALS, COMMUNITY OUTREACH AND ENGAGEMENT INITIATIVES, INCENTIVE AND GRANT PROGRAMS, AND THE INSTALLATION OF RENEWABLE ENERGY SOLUTIONS. ADDITIONALLY, A PROJECT DASHBOARD WILL BE CREATED FOR PUBLIC INFORMATION AND MONITORING. ENVIRONMENTAL RESILIENCE ACTIONS IN ORLEANS, ST. TAMMANY, AND WASHINGTON PARISHES WILL CONTRIBUTE TO A CLEANER, MORE RESILIENT, AND ECONOMICALLY VIBRANT FUTURE WHILE SAFEGUARDING THE COMMUNITY.SUBRECIPIENT:THE UNITED WAY OF SOUTHEAST LOUISIANA WILL ESTABLISH DISASTER RESILIENCY CENTERS AT THE NEW ORLEANS EAST PROSPERITY CENTER IN ORLEANS PARISH, LOUISIANA, AND THE BOGALUSA PROSPERITY CENTER IN WASHINGTON PARISH, LOUISIANA. THE ORGANIZATION WILL PROVIDE RESOURCES AND SUPPORT FOR COMMUNITY OUTREACH, EDUCATIONAL EFFORTS, AND NECESSARY REPORTING INFORMATION, AS WELL AS CAPACITY-BUILDING ACTIVITIES RELATED TO THE PROJECT.

OUTCOMES:THE PROJECT'S ANTICIPATED DELIVERABLES INCLUDE THE ESTABLISHMENT OF A COMMUNITY RESILIENCE HUB, THE PROVISION OF EDUCATIONAL OPPORTUNITIES ON CAMPUS, AND THE DEVELOPMENT OF AN E-BIKE PROGRAM FOR COMMUNITY USE. ADDITIONALLY, THE PROJECT AIMS TO INSTALL SOLAR PANELS TO REDUCE ENERGY COSTS FOR HOUSEHOLDS AND COMMUNITY FACILITIES. THE EXPECTED OUTCOMES OF THE PROJECT ARE TO ENHANCE AWARENESS AND KNOWLEDGE ABOUT THE BENEFITS OF CLEAN ENERGY, PROVIDE ACCESS TO CLEAN ENERGY SOURCES, AND REDUCE ENERGY COSTS FOR HOUSEHOLDS AND COMMUNITIES. FURTHERMORE, IT AIMS TO STIMULATE ECONOMIC DEVELOPMENT AND JOB CREATION IN THE CLEAN ENERGY SECTOR. THE PRIMARY BENEFICIARIES OF THIS PROJECT ARE LOW-INCOME COMMUNITIES SITUATED IN ST. TAMMANY, WASHINGTON, AND NEW ORLEANS PARISH OF LOUISIANA.",19944575,19944575,230965,19713610,2025-03-25,"Program terminated, DOGE, End date cut short (USAspending), Senate committee list",N/A,N/A,2024-12-01T00:00:00Z,2027-11-30T00:00:00Z,Region 6 (South Central),66.616,Environmental and Climate Justice Community Change Grants Program,EPA-R-OEJECR-OCS-23-04,Dillard University,LA,New Orleans,LA-02,N/A,https://www.usaspending.gov/award/ASST_NON_02F74301_068/,N/A,N/A
02F74401,Disrupted,Terminated,Environmental Justice Collaborative Problem Solving Cooperative Agreement Program award to Louisiana Bucket Brigade Llc,"THE INFLATION REDUCTION ACT (IRA) WILL ALLOCATE FUNDING TO THE LOUISIANA BUCKET BRIGADE FOR THE PURPOSE OF EXECUTING ENVIRONMENTAL CLEANUP AND WEATHERIZATION INITIATIVES. SPECIFICALLY, THE RECIPIENT IS TASKED WITH ADDRESSING TWO DUMP SITES, CONDUCTING WEATHERIZATION ASSESSMENTS, WEATHERIZING 50 RESIDENCES, AND PROCURING ADDITIONAL RESOURCES FOR EXTENDING THE WEATHERIZATION PROGRAM TO HOMES ACROSS THE DISTRICT. THE OVERARCHING GOAL OF IMAGINE ST. JAMES PARISH IS TO FOSTER A MORE PRISTINE AND DYNAMIC COMMUNITY BY TARGETING DUMP SITE REMEDIATION AND COMMENCING A WEATHERIZATION CAMPAIGN WITHIN THREE PREDOMINANTLY BLACK RURAL COMMUNITIES CHARACTERIZED BY HIGH RATES OF HOMEOWNERSHIP AND LOW OR FIXED INCOMES. HISTORICALLY BURDENED BY ENVIRONMENTAL POLLUTION AND LACKING SUPPORT, THIS LOCALE STANDS TO BENEFIT FROM THE PROJECT THROUGH BLIGHT REDUCTION, MINIMIZED STORM-RELATED DEBRIS RISKS, DECREASED ENERGY EXPENDITURES, AND DIMINISHED EXPOSURE TO EXTREME HEAT.ACTIVITIES:THE PROJECT AIMS TO CLEAN UP TWO NON-HAZARDOUS, INFORMAL, ILLEGAL DUMP SITES AND TO WEATHERIZE HOMES IN THE LOCAL AREA. THIS WILL INVOLVE DOOR-TO-DOOR ENGAGEMENT, COMMUNITY MEETING INVITATIONS, TEXTS, NEWSPAPER STORIES, FACEBOOK LIVE BROADCASTS, AND OTHER SOCIAL MEDIA OUTREACH. AS A RESULT OF THIS EFFORT, 50 HOMES ACROSS THE THREE COMMUNITIES WILL BE IDENTIFIED FOR WEATHERIZATION. THE LOUISIANA BUCKET BRIGADE WILL CONDUCT THE WEATHERIZATION FOR THE HOMES THAT HAVE BEEN ASSESSED AS READY. INCLUSIVE LOUISIANA WILL MANAGE THE LIST OF HOMES AND WORK WITH THE APPOINTED INDIVIDUALS AS CONTACTS, SERVING AS THE PRIMARY INTERFACE FOR SCHEDULING.SUBRECIPIENT:INCLUSIVE LOUISIANA IS DEDICATED TO CONNECTING WITH COMMUNITIES THROUGH VARIOUS OUTREACH INITIATIVES, INCLUDING TOWN HALL MEETINGS, COMMUNITY EVENTS, AND ONLINE ENGAGEMENT. THE PROGRAM WILL ACTIVELY SEEK OUT HOMEOWNERS WHO COULD BENEFIT FROM WEATHERIZATION ASSISTANCE TO MAKE THEIR HOMES MORE ENERGY-EFFICIENT AND COMFORTABLE. THIS WILL INVOLVE CONDUCTING ASSESSMENTS TO DETERMINE THE SPECIFIC NEEDS OF EACH HOUSEHOLD AND PROVIDING TAILORED SOLUTIONS TO PROMOTE SUSTAINABLE LIVING.

RURAL ROOTS LOUISIANA, A NON-PROFIT ORGANIZATION DEDICATED TO SUSTAINABLE RURAL DEVELOPMENT, WILL PLAY A CRITICAL ROLE AS THE PROJECT COORDINATOR FOR THIS IMPORTANT INITIATIVE. IN THIS CAPACITY, THE ORGANIZATION WILL WORK CLOSELY WITH HOMEOWNERS TO IMPLEMENT WEATHERIZATION MEASURES, SUCH AS INSULATION AND SEALING, AIMED AT IMPROVING ENERGY EFFICIENCY AND REDUCING UTILITY COSTS. ADDITIONALLY, RURAL ROOTS LOUISIANA WILL LEVERAGE ITS EXPERTISE TO OVERSEE THE CLEANUP OF DUMP SITES, ENSURING PROPER DISPOSAL OF WASTE AND ENVIRONMENTAL PROTECTION. OUTCOMES:THE PROJECT'S ANTICIPATED DELIVERABLES INCLUDE THE CLEANUP OF TWO NON-HAZARDOUS, INFORMAL ILLEGAL DUMP SITES, CONVENING THE COMMUNITY TO MAKE PLANS FOR THE SITES, CONDUCTING HOME ASSESSMENTS, AND IDENTIFYING 10-15 HOMES THAT FIT WITHIN THE BUDGET SCOPE. ADDITIONALLY, THE PROJECT AIMS TO WEATHERIZE THE FIRST 2-5 HOMES THAT ARE PREPARED AND READY FOR WORK TO START. THE EXPECTED OUTCOMES OF THE PROJECT ARE NEIGHBORHOODS IN WHICH ALL THE HOMES ARE ADEQUATELY COOL IN EXTREME HEAT, AND DUMP SITES ARE TRANSFORMED INTO CLEAN AND VALUABLE COMMUNITY ASSETS. FURTHERMORE, THE PROJECT AIMS TO REDUCE BLIGHT AND RISK FROM DEBRIS DURING THE REGION'S ONGOING STORMS, LOWER ENERGY BILLS, AND REDUCE EXPOSURE TO EXTREME HEAT. THE INTENDED BENEFICIARIES ARE THE BLACK COMMUNITIES RESIDING WITHIN THE ST. JAMES AND ASCENSION PARISHES IN SOUTH LOUISIANA.",500000,500000,0,500000,2025-03-25,"Program terminated, DOGE, End date cut short (USAspending), Senate committee list",N/A,N/A,2025-01-01T00:00:00Z,2027-12-31T00:00:00Z,Region 6 (South Central),66.306,Environmental Justice Collaborative Problem Solving Cooperative Agreement Program,EPA-R-OEJECR-OCS-23-01,Louisiana Bucket Brigade Llc,LA,New Orleans,LA-02,N/A,https://www.usaspending.gov/award/ASST_NON_02F74401_068/,N/A,N/A
02F74801,Disrupted,Terminated,Environmental Justice Collaborative Problem Solving Cooperative Agreement Program award to Houston Wilderness,"THIS AGREEMENT PROVIDES FUNDING OF $500,000 TO HOUSTON WILDERNESS UNDER THE INFLATION REDUCTION ACT (IRA). THIS PROJECT, SUPER TREES FOR SUSTAINABILITY-ALIEF, SEEKS TO ADDRESS THE LACK OF CLIMATE RESILIENCY, THE ECONOMIC DISADVANTAGES PREVALENT, AND THE LACK OF INFRASTRUCTURE FOR REVERSING THE URBAN HEAT ISLAND'S EFFECT, THROUGHOUT THE ALIEF-WESTWOOD AREA. HOUSTON WILDERNESS WILL UTILIZE THREE MAIN COMPONENTS TO CARRY OUT THIS PROJECT: URBAN FORESTRY, EDUCATION AND TRAINING, AND EXPANDED COMMUNITY ENGAGEMENT WITH DIVERSE DEMOGRAPHIC GROUPS. OVERALL, THIS PROJECT WILL LEAD TO BETTER CLIMATE RESILIENCY, A REVITALIZED ECONOMY BY INSTALLING NATURE-BASED INFRASTRUCTURE, IMPROVED PROPERTY VALUES, AND AN IMPROVED QUALITY OF LIFE IN THE TARGET AREAS. ACTIVITIES:THE PROJECT ACTIVITIES FOR HOUSTON WILDERNESS' SUPER TREES FOR SUSTAINABILITY INITIATIVE, PARTNERED WITH ALIEF-WESTWOOD, CONSIST OF DEVELOPING A NATIVE TREE PLANTING PROGRAM IN THE COMMUNITY THAT INCORPORATES SURVEILLANCE IN THE TARGET AREAS, TO IDENTIFY IDEAL LOCATIONS TO PLANT THE TREES; CREATING DIAGRAMS OF PAVEMENT AREAS, WHERE PAVEMENT/PARKING LOT TREE SHADING PLANTERS WILL REPLACE CONCRETE IN THE PARKING LOTS AND OTHER PAVEMENT AREAS; DETERMINING THE NUMBER OF SUPER TREES SPECIES TO PLANT; AND ENGAGING IN LARGE-SCALE NATIVE SUPER TREE PLANTINGS PER THE REGIONAL PLANTING SEASON. THE RESULTS OF THE STUDY-DRIVEN ANALYSIS WOULD BE COMBINED WITH INPUT FROM THE COMMUNITY TO INCREASE THE VALIDITY OF THE AREAS THAT ARE HOTSPOTS FOR HEAT, FLOODING, AND POLLUTION. SUBRECIPIENT:HOUSTON HEALTH FOUNDATION: WILL ASSIST HOUSTON WILDERNESS BY PROVIDING HEALTH MAPPING, CREATING A DASHBOARD FOR THE TARGET AREA TO TRACK HEAT AND FINE PARTICULATE MATTER POLLUTION, EMERGENCY DEPARTMENT HEAT RELATED ILLNESS, 911 CALLS FOR ASTHMA ATTACKS AND CARDIAC ARREST IN TIME AND SPACE AND EDUCATION THE TARGET AREA ON THE CONNECTION BETWEEN THE ENVIRONMENT AND HEALTH. THE HOUSTON HEALTH FOUNDATION WILL BE PROVIDED A SUB-AWARD OF $135,000.

ALIEF SUPER NEIGHBORHOOD COUNCIL: WILL ASSIST WITH LOCAL FACILITATION OF COMMUNITY MEETINGS, YOUTH AND VOLUNTEER INVOLVEMENT, MAINTENANCE, AND TRAINING. THE ALIEF SUPER NEIGHBORHOOD COUNCIL WILL BE PROVIDED A SUB-AWARD AMOUNT OF $24,000.

ALIEF-BASED ENGINEERING DESIGN COMPANY: WILL WORK WITH THE COMMUNITY ON THE DESIGN, LOCATION AND DIMENSIONS FOR PAVEMENT/PARKING LOT TREE SHADING PLANTERS. HOUSTON WILDERNESS WILL PROVIDE FUNDING TO THE DESIGN COMPANY VIA A SUB-AWARD AMOUNT OF $8,150.OUTCOMES:THE PROJECT'S ANTICIPATED DELIVERABLES INCLUDE ENGAGING WITH THE COMMUNITY PARTNERS ON EDUCATION AND TRAINING OF REGIONAL NATIVE SUPER TREES SPECIES AND THE HIGH ECOSYSTEM SERVICES VALUES THAT THEY PROVIDE OVER THE LIFE OF THE TREES AND LONG-TERM MAINTENANCE. CLASSES WILL BE OFFERED TO TEACH RESIDENTS AND COMMERCIAL PROPERTY OWNERS HOW TO PLANT THE SUPER TREES SPECIES AND HOW TO CARE FOR AND MAINTAIN THE TREES LONG-TERM. THE HOUSTON HEALTH DEPARTMENT WILL PROVIDE HEALTH MAPPING, HEALTH CONNECTIONS, CONTINUED POLLUTION MONITORING, AND CONTINUED HEAT MONITORING AND ANALYSIS. THE PROCESSES WILL BE DOCUMENTED THROUGH VIDEO, PHOTOGRAPHY, STORYTELLING, AND REGULAR REPORTING, WHICH WILL BE MADE AVAILABLE ON THE HOUSTON WILDERNESS WEBSITE. HOUSTON WILDERNESS AND PROGRAM COLLABORATIVE PARTNERS WILL ASSESS THE RESULTS OF THE 'SUPER TREES FOR SUSTAINABILITY-ALIEF' PROJECT TO EVALUATE AND UNDERSTAND ITS EFFECTIVENESS, IDENTIFY IMPROVEMENT AREAS AND DEVELOP SUSTAINABILITY STRATEGIES. METRICS FOR PROGRAM EVALUATION WILL INCLUDE COMMUNITY MEETINGS, TRAINING SESSIONS, AND WORKSHOPS. 

THE EXPECTED OUTCOMES COMPRISE OF THE DESIGN AND CREATION OF CONTIGUOUS, LOW-COST PAVEMENT/PARKING LOT TREE SHADING PLANTERS ON LARGE PAVEMENT/PARKING LOT SURFACES AND OTHER HIGH-HEAT AREAS IDENTIFIED BY THE COMMUNITY; SIGNIFICANTLY REDUCING THE URBAN HEAT ISLANDS AROUND THE COMMUNITIES, LOWERING TEMPERATURES, AND REDUCING PARTICULATE MATTER AIR POLLUTION; PROVIDING OTH",500000,500000,0,500000,2025-03-25,"Program terminated, DOGE, End date cut short (USAspending), Senate committee list",N/A,N/A,2024-12-15T00:00:00Z,2027-12-14T00:00:00Z,Region 6 (South Central),66.306,Environmental Justice Collaborative Problem Solving Cooperative Agreement Program,EPA-R-OEJECR-OCS-23-01,Houston Wilderness,TX,Houston,TX-38,N/A,https://www.usaspending.gov/award/ASST_NON_02F74801_068/,N/A,N/A
02F76301,Disrupted,Terminated,Environmental Justice Collaborative Problem Solving Cooperative Agreement Program award to Downwinders at Risk Education Fund,"THIS AGREEMENT PROVIDES FUNDING UNDER THE INFLATION REDUCTION ACT (IRA) TO DOWNWINDERS AT RISK EDUCATION FUND. THE RECIPIENT, ALONG WITH THE UNIVERSITY TEXAS OF DALLAS (UTD), WILL BUILD AND MAINTAIN A NETWORK OF AIR QUALITY SENSORS TO MEASURE THE QUALITY OF AMBIENT AIR. THE NETWORK WILL INCLUDE SIX CENTRAL NODE SENSORS, LORAWAN GATEWAYS, AND 20 SOLAR POWERED SATELLITE SENSOR NODES TO SURROUND EACH OF THE CENTRAL NODES. THE PROJECT WILL SIGNIFICANTLY GROW A LARGER REGIONAL AIR MONITORING PRESENCE WHILE COVERING A WIDER VARIETY OF COMMUNITIES AND FACILITIES. THE AIR MONITORING NETWORK WILL ESTABLISH A COMPREHENSIVE ENVIRONMENTAL JUSTICE BASELINE FOR AIR POLLUTION INEQUITIES, FOR WHAT WILL SOON BE AMERICA'S THIRD LARGEST METROPOLITAN AREA. 

ACTIVITIES:THE ACTIVITIES INCLUDE ORGANIZING AND EDUCATING COMMUNITY PARTNERS, THIS PROCESS WILL IDENTIFY AT LEAST TWO PEOPLE FROM EACH  COMMUNITY PARTNER THAT WILL BE THE LIAISON FOR THE PROJECT. SECONDLY, THE PROJECT WILL INCLUDE BUILDING AND DEPLOYING AIR MONITORS, THIS PROCESS SHOULD PRODUCE TWO MOTHERSHIPS AND EIGHT SATELLITE MONITORS. MONITORS WILL BE ACTIVELY READING POLLUTION AND ARE VIEWABLE ON THE SHARED AIR WEBSITE. THIRDLY, BUILD AND MAINTAIN SHARED AIR DALLAS FORTH WORTH(DFW) SERVER, THIS WILL BE THE THE FRONT FACING THE WEBSITE OF THE NETWORK AND WILL ALLOW FOR ANYONE TO HAVE A LIVE DISPLAY OF REAL TIME POLLUTION DATA. 

SUBRECIPIENT:THE UNIVERSITY OF TEXAS AT DALLAS (UTD) UNDER THE DIRECTION OF DR. DAVID LARRY AND HIS TEAM WILL BUILD AND MAINTAIN A NETWORK OF AIR QUALITY SENSORS THAT MEASURE THE QUALITY OF THE AMBIENT AIR. THE NETWORK WILL CONSIST OF 6 CENTRAL NODE SENSORS AND LORA WAN GATEWAYS, AS WELL AS 20 SOLAR-POWERED SATELLITE SENSOR NODES THAT WILL SURROUND EACH OF THE CENTRAL NODES. THIS PROJECT WILL PROVIDE OVERBURDENED NEIGHBORHOODS OF DALLAS-FORT WORTH REAL TIME AIR QUALITY MONITORING. ALSO, IT WILL ASSIST WITH IDENTIFY POLLUTION INEQUITIES, PROVIDE DATA-DRIVEN INSIGHTS FOR COMMUNITY ADVOCACY, AND SUPPORT ENVIRONMENTAL JUSTICE INITIATIVES.OUTCOMES:THE PROJECT ANTICIPATED DELIVERABLES INCLUDE COORDINATING COMMUNITY PARTNERS, COHORT LOGISTICAL MEETINGS, AND RECURRING COMMUNITY MEMBERS. UNIVERSITY OF TEXAS IN DALLAS AIMS TO COMPLETE SEVERAL OUTPUTS INCLUDING: PROVIDING A LIST OF LEADERS FROM EACH COMMUNITY PARTNER, INDIVIDUAL PARTNERS SIGNED AGREEMENTS ON PARTICIPANT EXPECTATIONS, FULL LIST OF NETWORK COMMUNITY PARTNERS AND LIAISONS, COPY OF THE MATERIALS GIVEN TO COMMUNITY PARTNERS, CALENDAR INVITES FOR INDIVIDUAL MEETINGS, RECORD MINUTES FROM EACH COMMUNITY PARTNER EXPLAINING THE SHARED AIR DFW NETWORK, AND DETAILING ONGOING SUCCESSES AND CONCERNS WITH THE AIR MONITORS. UNIVERSITY OF TEXAS IN DALLAS EXPECTED OUTCOMES INCLUDE INCREASED AIR QUALITY DATA FOR THE DALLAS/FORT WORTH METRO AREA AND INCREASED INFORMATION PROVIDED TO THE DALLAS/FORT WORTH METRO AREA COMMUNITY ON COMMUNITY AIR QUALITY DATA. INTENDED BENEFICIARIES ARE COMMUNITY MEMBERS OF THE DALLAS/FORT WORTH METRO AREA OF TEXAS.",498546,498546,0,498546,2025-03-25,"Program terminated, DOGE, End date cut short (USAspending), Senate committee list",N/A,N/A,2024-12-01T00:00:00Z,2027-11-30T00:00:00Z,Region 6 (South Central),66.306,Environmental Justice Collaborative Problem Solving Cooperative Agreement Program,EPA-R-OEJECR-OCS-23-01,Downwinders at Risk Education Fund,TX,Dallas,TX-30,N/A,https://www.usaspending.gov/award/ASST_NON_02F76301_068/,N/A,N/A
02F76501,Disrupted,Terminated,Environmental and Climate Justice Community Change Grants Program award to Mission Waco Mission World,"THIS AGREEMENT PROVIDES FUNDING UNDER THE INFLATION REDUCTION ACT (IRA) TO MISSION WACO MISSION WORLD. SPECIFICALLY, THE PROJECT WILL STRENGTHEN EXISTING PARTNERSHIPS TO BUILD A MORE SUSTAINABLE NETWORK OF RESOURCES, OPPORTUNITIES AND SERVICES FOR WACO AND MCLENNAN COUNTY DISADVANTAGED COMMUNITIES TO LIVE HEALTHIER, MORE RESILIENT LIVES. THIS GRANT WOULD PROVIDE SHORT-TERM SOLUTIONS TO WACO'S CHALLENGES OF VULNERABLE AND DISADVANTAGED COMMUNITIES BY INCREASING EMERGENCY RESOURCES THROUGH RESILIENCE HUBS AND FOOD SOVEREIGNTY THROUGH LOCAL PRODUCE AVAILABILITY AND LONG-TERM SOLUTIONS THROUGH RESILIENCE EDUCATION, REGENERATIVE AGRICULTURE, COMPOSTING, COMMUNITY GARDENS, HEALTH AND NUTRITION EDUCATION. THIS GRANT WILL ALSO REDUCE OVERALL EXPOSURE TO POLLUTION THROUGH EMISSIONS REDUCTION AND ALTERNATIVE ENERGY SOURCES, WASTE REDUCTION, IMPROVEMENTS TO INDOOR AIR QUALITY IN RECOVERY AND LOW-INCOME HOUSING, FLOOD MITIGATION AND URBAN HEAT ISLAND MITIGATION. AND FINALLY, THIS GRANT WILL PROVIDE OPPORTUNITIES FOR COMMUNITY PARTICIPATION IN PROGRAMMING AND CAPACITY BUILDING, AND WORKFORCE DEVELOPMENT.
ACTIVITIES:THE ACTIVITIES INCLUDE BIOSWALES, TREES, POCKET PRAIRIES, CONSTRUCTED WETLANDS, RAIN GARDENS, A WALKING TRAIL. UPDATING HEATING, VENTILATION, AND AIR CONDITIONING (HVAC) SYSTEMS. INCREASING ACCESSIBILITY, AND ENERGY EFFICIENCY AT LIGHTHOUSE, ARK APARTMENTS, AND MEYER CENTER. RESILIENCE PROGRAMMING AT 3 RESILIENCE HUBS. COMPOSTING AND COMMUNITY GARDENS CERTIFICATION COURSE. PAID INTERNSHIPS AND CERTIFICATIONS IN COMPOST MANAGEMENT. CLIMATE SMART AGRICULTURE INTERNSHIP PROGRAM AND RECYCLABLE/COMPOSTABLE TO GO CONTAINERS FOR LOCAL RESTAURANTS. SCHOLARSHIPS FOR CLIMATE-RELATED CREDENTIAL PROGRAMS, INCLUDING ROOM AND BOARD AND ASSISTANCE IN APPLYING FOR SCHOLARSHIPS. 
SUBRECIPIENT:HOUSTON ADVANCES RESEARCH CENTER (HARC) WILL SUPPORT MISSION WACO MISSION WORLD (MWMW) IN MANAGING THE ADMINISTRATIVE ASPECTS OF THIS COMPLEX PROGRAM AND WILL BE RESPONSIBLE FOR ACHIEVING PROGRAM GOALS WITHIN THE TERMS AND CONDITIONS OF THE PRIME AWARD BY PASSING PROVISIONS TO SUBRECIPIENTS. HOUSTON ADVANCES RESEARCH CENTER (HARC), WITH ITS EXPERIENCE MANAGING LARGE, COMPLEX PROGRAMS, WILL PROVIDE DAY-TO-DAY ADMINISTRATIVE AND FINANCIAL OVERSIGHT OF SUBRECIPIENTS.OUTCOMES:THE ANTICIPATED DELIVERABLES INCLUDE THE IMPLEMENTATION OF NUMEROUS INTERNSHIP, TRAINING, AND PROFESSIONAL DEVELOPMENT OPPORTUNITIES FOCUSED ON FOOD WASTE DIVERSION AND COMPOSTING, LOCAL FOOD PRODUCTION, SUSTAINABLE ENVIRONMENTAL CLIMATE READY GROWING PRACTICES, AND THE ESTABLISHMENT OF FOOD SOVEREIGNTY THROUGHOUT THE GRANT TERM.

THE EXPECTED OUTCOMES OF THIS PROGRAM WILL INCLUDE BOLSTERING COMMUNITY RESILIENCE, PROMOTING FOOD SOVEREIGNTY WHILE REDUCING WASTE, SHOWCASING CLEAN ENERGY AND NATURE-BASED SOLUTIONS, REDUCING ENVIRONMENTAL HAZARDS, AND SUPPORTING WORKFORCE DEVELOPMENT FOR CAREERS THAT REDUCE GREEN HOUSE GAS EMISSIONS. 

THE INTENDED BENEFICIARIES ARE DISADVANTAGED COMMUNITIES.",18780805,18780805,25845.880000000005,18754959.12,2025-03-25,"Program terminated, DOGE, End date cut short (USAspending), Senate committee list",N/A,N/A,2025-01-01T00:00:00Z,2027-12-31T00:00:00Z,Region 6 (South Central),66.616,Environmental and Climate Justice Community Change Grants Program,EPA-R-OEJECR-OCS-23-04,Mission Waco Mission World,TX,Waco,TX-17,N/A,https://www.usaspending.gov/award/ASST_NON_02F76501_068/,N/A,N/A
02F76601,Disrupted,Terminated,Environmental and Climate Justice Community Change Grants Program award to Santa Fe Indian School Inc,"THIS AGREEMENT PROVIDES FUNDING UNDER THE INFLATION REDUCTION ACT (IRA) TO SANTA FE INDIAN SCHOOL, INC. SPECIFICALLY, THE PROJECT WILL IMPLEMENT THE 2023 SANTA FE INDIAN SCHOOL (SFIS) CAMPUS VISION PLAN, WHICH INCLUDES MITIGATING CAMPUS FLOODING AND EROSION, ASSESSING GREENHOUSE GAS (GHG) EMISSIONS AND CLEAN ENERGY OPPORTUNITIES INCLUDING INSTALLING NEW CHILLERS IN THE HEATING, VENTILATION, AND AIR CONDITIONING SYSTEM (HVAC), IMPROVING OUTDOOR EDUCATION SPACES, INTEGRATING EDIBLE LANDSCAPING AND AGRICULTURE INTO THE LANDSCAPING AND NATURE-BASED FLOOD MITIGATION EFFORTS, IMPROVING THE FLOW OF TRAFFIC AND PEDESTRIANS, PROMOTING POSITIVE PUBLIC HEALTH OUTCOMES BY REDUCING EXPOSURE TO INDOOR AND OUTDOOR POLLUTANTS, AND PROVIDING WORKFORCE DEVELOPMENT. THIS WILL ENABLE SFIS TO ADDRESS ITS CLIMATE AND ENVIRONMENTAL CHALLENGES, WHILE FULFILLING ITS EDUCATIONAL MISSION.
ACTIVITIES:THE ACTIVITIES INCLUDE REDUCING FOSSIL FUEL CONSUMPTION AND EMISSIONS BY ENCOURAGING ENERGY CONSERVATION MEASURES, PROMOTING THE EDUCATION OF A CLEAN ENERGY WORKFORCE, AND PROMOTING HEALTHY LIVING PRACTICES; INSTALLING GREEN INFRASTRUCTURE TO REDUCE FLOODING AND NEGATIVE HEALTH EFFECTS; FORMING THE TRIBAL COMMUNITY ADVISORY GROUP (TCAG); DEVELOPING AND IMPLEMENTING RELEVANT CURRICULUM COMPONENTS ON CAMPUS; ASSESSING, MONITORING, AND EVALUATING ENGINEERING AND CONSTRUCTION; CREATING A CURRICULUM THAT WILL INTEGRATE NEWLY CONSTRUCTED AND PLANTED FACILITIES; AND PRODUCING A FINAL PROJECT REPORT.  
SUBRECIPIENT:TRUST FOR PUBLIC LAND WILL MANAGE THE PROJECT PER THE STATUTORY AGREEMENT AND WILL HIRE AND MANAGE THE CONSULTANTS FOR THE PROJECT TO ALLEVIATE SANTA FE INDIAN SCHOOL STAFF CAPACITY. OUTCOMES:THE ANTICIPATED DELIVERABLES INCLUDE ONE THOUSAND AND FIVE HUNDRED SHADE TREES AND SHRUBS PLANTED; EIGHT STORMWATER BIOSWALES, RETENTION BASINS AND ARROYOS; TWO ACRES OF HYDROLOGICAL IMPROVEMENTS INSTALLED; THIRTY ACRES OF UPLAND HYDROLOGIC IMPROVEMENTS ON THE CAMPUS; ONE THOUSAND AND FIVE HUNDRED FEET OF CAMPUS WALKWAYS CREATED OR RECONSTRUCTED; INSTALLING NEW CHILLERS IN THE HEATING, VENTILATION, AND AIR CONDITIONING SYSTEM (HVAC); THIRTEEN ENERGY AUDITS; THIRTEEN RADON BUILDING ASSESSMENTS; THIRTEEN BUILDING HVAC ASSESSMENTS; SIX KILOWATTS OF SOLAR SYSTEM REPAIRED; FIVE HUNDRED TRADITIONAL FOOD PLANTS DISTRIBUTED ON CAMPUS; SIXTY YOUTH AND ADULT COMMUNITY MEMBERS ENGAGED IN WORKFORCE DEVELOPMENT AND TRAININGS; TWO THOUSAND THREE HUNDRED AND FORTY STUDENT WORK HOURS COMPLETED; THIRTY FIVE PEOPLE EMPLOYED ANNUALLY; THREE TEACHER TRAININGS; EIGHT CAMPUS BUILDINGS BENEFITED FROM FLOOD MITIGATION MEASURES AND REDUCED EXPOSURE TO INDOOR MOISTURE; TWENTY BUILDING DRAINAGE ISSUES ADDRESSED; EIGHT GREEN FEATURES INSTALLED; AND TWO THOUSAND FEET OF WATER FLOW PATHS OR DRAINS CONSTRUCTED TO IMPROVE WATER CONNECTIVITY.  

THE EXPECTED OUTCOMES INCLUDE GREEN INFRASTRUCTURE AND NATURE-BASED SOLUTIONS; ENERGY-EFFICIENT, HEALTHY AND RESILIENT HOUSING AND BUILDINGS; WORKFORCE DEVELOPMENT TO REDUCE GREEN HOUSE GAS AND POLLUTANTS; WASTE REDUCTION AND MANAGEMENT SUPPORT FOR CIRCULAR ECONOMY;  MOBILITY AND TRANSPORTATION OPTIONS FOR PREVENTING AIR POLLUTION AND IMPROVING PUBLIC HEALTH; CLEAN WATER INFRASTRUCTURE TO REDUCE POLLUTION EXPOSURE AND INCREASE OVERALL SYSTEM RESILIENCE;  INDOOR AIR QUALITY AND COMMUNITY HEALTH, AND OUTDOOR AIR QUALITY AND COMMUNITY HEALTH.

THE INTENDED BENEFICIARIES ARE DISADVANTAGED COMMUNITIES, INCLUDING THE FEDERALLY RECOGNIZED TRIBES: ACOMA, COCHITI, ISLETA, JEMEZ, LAGUNA, NAMBE, OHKAY OWINGEH, PICURIS, POJOAQUE, SANDIA, SAN FELIPE, SAN ILDEFONSO, SANTA ANA, SANTA CLARA, SANTO DOMINGO, TAOS, TESUQUE, ZIA, AND ZUNI.",19994586,19994586,0,19994586,2025-03-25,"Program terminated, DOGE, End date cut short (USAspending), Senate committee list",N/A,N/A,2025-01-01T00:00:00Z,2027-12-31T00:00:00Z,Region 6 (South Central),66.616,Environmental and Climate Justice Community Change Grants Program,EPA-R-OEJECR-OCS-23-04,Santa Fe Indian School Inc,NM,Santa Fe,NM-03,N/A,https://www.usaspending.gov/award/ASST_NON_02F76601_068/,N/A,N/A
02F76801,Disrupted,Terminated,Environmental Justice Collaborative Problem Solving Cooperative Agreement Program award to National Urban League Inc,"THE INFLATION REDUCTION ACT (IRA) WILL ALLOCATE FUNDING TO THE NATIONAL URBAN LEAGUE (NUL), IN LAUNCHING A COMMUNITY-CENTERED PROJECT TO ENHANCE CLIMATE RESILIENCE WITHIN BLACK/AFRICAN AMERICAN COMMUNITIES DISPROPORTIONATELY AFFECTED BY CLIMATE-RELATED DISASTERS. THIS INITIATIVE WILL CONDUCT NEEDS ASSESSMENTS TO IDENTIFY PREPAREDNESS GAPS, LEVERAGING COMMUNITY INPUT THROUGH LISTENING SESSIONS, TOWN HALLS, AND SURVEYS. IN THE FOLLOWING PHASES, AFFILIATES AND LOCAL COALITIONS WILL ANALYZE FINDINGS TO DESIGN TAILORED DISASTER PREPAREDNESS TOOLKITS AND ACTION PLANS THAT DIRECTLY ADDRESS COMMUNITY VULNERABILITIES. THIS PROJECT AIMS TO EMPOWER COMMUNITIES WITH THE RESOURCES AND STRATEGIES NEEDED TO ANTICIPATE AND WITHSTAND EXTREME WEATHER EVENTS, BUILDING A FRAMEWORK THAT CAN BE REPLICATED ACROSS OTHER NATIONAL URBAN LEAGUE AFFILIATES NATIONWIDE.
ACTIVITIES:THE PROJECT ACTIVITIES INCLUDE ENHANCING CLIMATE RESILIENCE IN BLACK/AFRICAN AMERICAN COMMUNITIES DISPROPORTIONATELY AFFECTED BY CLIMATE-RELATED DISASTERS. THE PROJECT WILL BEGIN WITH COMPREHENSIVE COMMUNITY NEEDS ASSESSMENTS THROUGH LISTENING SESSIONS, TOWN HALLS, AND SURVEYS, IDENTIFYING CRITICAL PREPAREDNESS GAPS. AFFILIATES WILL THEN ENGAGE LOCAL COALITIONS, INCLUDING GOVERNMENT AND COMMUNITY PARTNERS, TO DEVELOP CUSTOMIZED DISASTER PREPAREDNESS TOOLKITS. THESE TOOLKITS WILL CONTAIN TAILORED RESOURCES, SUCH AS EMERGENCY CHECKLISTS AND LOCAL SUPPORT CONTACTS, TO ADDRESS SPECIFIC VULNERABILITIES. FOLLOWING TOOLKIT CREATION, AFFILIATES WILL IMPLEMENT ACTION PLANS THAT MOBILIZE RESOURCES, COORDINATE SUPPORT FOR HIGH-RISK POPULATIONS, AND ADVOCATE WITH LOCAL POLICYMAKERS. FINALLY, NATIONAL URBAN LEAGUE WILL EVALUATE THE PROJECT'S IMPACT, CONSOLIDATING BEST PRACTICES INTO A SCALABLE MODEL FOR NATIONAL DISSEMINATION ACROSS OTHER NATIONAL URBAN LEAGUES AFFILIATES.SUBRECIPIENT:URBAN LEAGUE AFFILIATE  WILL FACILITATE OPPORTUNITIES FOR MEANINGFUL INPUT AND INVOLVEMENT FROM ENVIRONMENTALLY OVERBURDENED COMMUNITIES IN THEIR CITIES THROUGH LISTENING SESSIONS, TOWNHALLS AND SURVEYING. THESE ENGAGEMENTS WILL SEEK TO UNDERSTAND RESIDENTS' BIGGEST PREPAREDNESS VULNERABILITIES REGARDING EXTREME WEATHER AND CLIMATE CHANGE. THESE SUB-GRANTED AFFILIATES WILL FACILITATE OPPORTUNITIES FOR MEANINGFUL INPUT AND INVOLVEMENT FROM ENVIRONMENTALLY OVERBURDENED COMMUNITIES IN THEIR CITIES THROUGH LISTENING SESSIONS, TOWNHALLS, AND SURVEYING. OUTCOMES:THE PROJECT'S ANTICIPATED DELIVERABLES INCLUDE NEEDS ASSESSMENT REPORTS THAT HIGHLIGHT PREPAREDNESS GAPS AND CUSTOMIZED DISASTER PREPAREDNESS TOOLKITS FOR EACH COMMUNITY'S CLIMATE RISKS. THESE TOOLKITS WILL BE AVAILABLE ONLINE AND AT LIBRARIES AND COMMUNITY CENTERS, ENSURING BROAD REACH AND UTILITY. TOGETHER WITH LOCAL COALITIONS, COMMUNITY-SPECIFIC ACTION PLANS WILL OUTLINE TANGIBLE ACTIONS TO STRENGTHEN READINESS AND FIGHT FOR POLICY CHANGES. EVALUATION REPORTS WILL CALCULATE THE PROJECT'S IMPACT AND PROVIDE BEST PRACTICES FOR OTHER  NATIONAL URBAN LEAGUE AFFILIATES TO PURSUE RESILIENCE STRATEGIES COUNTRYWIDE. INCREASED CATASTROPHE READINESS IN SELECTED COMMUNITIES, IMPROVED LOCAL COALITIONS, AND A SCALABLE CLIMATE RESILIENCE MODEL FOR AFFILIATES NATIONWIDE ARE EXPECTED.  THE EXPECTED OUTCOMES INCLUDE INCREASED DISASTER READINESS IN TARGETED COMMUNITIES, STRENGTHENED LOCAL COALITIONS, AND A SCALABLE MODEL FOR CLIMATE RESILIENCE THAT CAN BE SHARED WITH AFFILIATES ACROSS THE COUNTRY. BLACK/AFRICAN AMERICAN COMMUNITIES IN TARGET CITIES, NOTABLY ELDERLY AND THE HOMELESS, ARE INTENDED BENEFICIARIES. IMPROVED SKILLS AND RESOURCES WILL BENEFIT LOCAL AFFILIATES, COALITION PARTNERS, AND COMMUNITY STAKEHOLDERS, PROMOTING RESILIENCE AND ENVIRONMENTAL JUSTICE. DIRECT BENEFICIARIES OF THIS PROJECT ARE UNDERSERVED BLACK/AFRICAN AMERICAN COMMUNITIES ACROSS AUSTIN, TEXAS; GREENVILLE, SOUTH CAROLINA; AND OKLAHOMA CITY, OKLAHOMA.",500000,500000,0,500000,2025-03-25,"Program terminated, DOGE, End date cut short (USAspending), Senate committee list",N/A,N/A,2025-01-15T00:00:00Z,2028-01-14T00:00:00Z,Region 6 (South Central),66.306,Environmental Justice Collaborative Problem Solving Cooperative Agreement Program,EPA-R-OEJECR-OCS-23-01,National Urban League Inc,NY,New York,NY-10,N/A,https://www.usaspending.gov/award/ASST_NON_02F76801_068/,N/A,N/A
02F78401,Disrupted,Terminated,Environmental and Climate Justice Community Change Grants Program award to Big Bend Conservation Alliance,"THIS AGREEMENT PROVIDES FUNDING UNDER THE INFLATION REDUCTION ACT (IRA) TO BIG BEND CONSERVATION ALLIANCE. SPECIFICALLY, THE PROJECT WILL REVITALIZE AND PROVIDE GREEN SPACES, MONITOR, AND DECREASE AIR POLLUTION, AND INCREASE CLIMATE RESILIENCE OF DISADVANTAGED COMMUNITIES IN THE PROJECT AREA OF PRESIDIO, TEXAS.

ACTIVITIES:THE ACTIVITIES TO BE PERFORMED INCLUDE THE CREATION OF A 'GREENBELT' ALONG AN EXTANT 4-MILE BIKE AND WALKING PATH, BY PLANTING 1,056 NATIVE AND MATURE TREES; THE DEVELOPMENT OF  THREE DETENTION PONDS TO CAPTURE WATER RUNOFF DURING SEASONAL MONSOONS AND RECHARGE THE AQUIFER; THE DEVELOPMENT OF A COMMUNITY NATIVE GARDEN IN THE 'GREENBELT'; PLANTING 1,664 NATIVE AND MATURE TREES ON PRIVATE PROPERTIES TO GREEN THE ENTIRE COMMUNITY; PLANTING 1,500 NATIVE AND MATURE TREES IN EXISTING RECREATIONAL AREAS; USING SIMPLE TECHNOLOGIES TO TEACH AND REMIND THE COMMUNITY RESIDENTS ABOUT CARING FOR THEIR TREES WITH TEXT REMINDERS TO WATER THEIR TREES AND INSTALLING IRRIGATION COMPONENTS. THE PROJECT WILL ALSO ESTABLISH A SOLAR-POWERED COMMUNITY RESILIENCE HUB WHICH WILL SERVE AS A COOLING CENTER AND DEVELOP AN EMERGENCY COOLING PLAN WHICH WILL DIRECT THE COMMUNITY'S MOST VULNERABLE RESIDENTS GET TO THE COOLING CENTER IN TIMES OF POWER OUTAGES. THE PROJECT WILL CREATE A BI-NATIONAL AIR QUALITY MONITORING PROGRAM TO UNDERSTAND HOW PRESIDIO AND ITS SISTER CITY ACROSS THE BORDER (OJINAGA, MEXICO) CONTRIBUTE TO THE QUALITY OF THE AIR.
SUBRECIPIENT:CITY OF PRESIDIO, TX ($253,987) IS THE STATUTORY PARTNER WILL OVERSEE ALL WORK DONE IN RELATION TO CITY-OWNED PART OF THE PROJECT INCLUDING MUNICIPAL PLANTING, GREENBELT, DETENTION PONDS, AND THE SOLAR INSTALLATION OF THE COMMUNITY RESILIENCE HUB.

RIO GRANDE JOINT VENTURE ($67,890) IS THE COLLABORATING ENTITY AND WILL OVERSEE ALL CONSERVATION WORK RELATED TO NATIVE PLANTING, DETENTION POND HABITAT, AND WATER FLOW.OUTCOMES:THE ANTICIPATED DELIVERABLES INCLUDE 1,056 TREES PLANTED ALONG AN EXISTING BIKE/PEDESTRIAN PATH TO CREATE 'GREENBELT'; 1,500 TREES PLANTED IN CITY PARKS, RECREATIONAL SPACES, AND CITY-OWNED OPEN SPACES; 1,664 TREES PLANTED ON PRIVATE PROPERTIES; 3 DETENTION PONDS CREATED; A NEIGHBORHOOD PLANT GARDEN CREATED; A COMMUNITY RESILIENCE HUB EQUIPPED WITH SOLAR POWER WITH BATTERY BACKUPS; A COMMUNITY EMERGENCY PLAN FOR RESILIENCE HUB USE; 50 AIR QUALITY MONITORS INSTALLED; AND AN ENVIRONMENTAL MODEL TO SEND TRAFFIC AND AIR QUALITY NOTIFICATIONS. THE PROJECT WILL ALSO DELIVER ALL PROGRESS AND FINAL REPORTS. THE EXPECTED OUTCOMES INCLUDE INCREASED GREEN SPACE; INCREASED RESILIENCE TO EXTREME WEATHER AND CLIMATE CONDITIONS; INCREASED COMMUNITY RESILIENCE; ENHANCED PHYSICAL SAFETY DURING NATURAL DISASTERS; INCREASED COMMUNITY AWARENESS OF EMERGENCY PREPAREDNESS; INCREASED PUBLIC AND ENVIRONMENTAL HEALTH AND LITERACY; REDUCED EXPOSURE TO PARTICULATE MATTER (PM), VOLATILE ORGANIC COMPOUNDS (VOCS), OZONE, NITROGEN DIOXIDES, AND AIR TOXICS; INCREASED SKILL DEVELOPMENT AND IMPROVEMENTS IN COMMUNITY CAPACITY TO INDEPENDENTLY ASSESS AIR POLLUTION REDUCTION OPTIONS. THE INTENDED BENEFICIARIES ARE DISADVANTAGED COMMUNITIES.",12704048,12704048,1608223.6600000001,11095824.34,2025-03-25,"Program terminated, DOGE, End date cut short (USAspending), Senate committee list",N/A,N/A,2025-01-01T00:00:00Z,2027-12-31T00:00:00Z,Region 6 (South Central),66.616,Environmental and Climate Justice Community Change Grants Program,EPA-R-OEJECR-OCS-23-04,Big Bend Conservation Alliance,TX,San Marcos,TX-15,N/A,https://www.usaspending.gov/award/ASST_NON_02F78401_068/,N/A,N/A
02F78701,Disrupted,Terminated,Environmental and Climate Justice Community Change Grants Program award to Air Alliance Houston,"THIS AGREEMENT PROVIDES FUNDING UNDER THE INFLATION REDUCTION ACT (IRA) TO AIR ALLIANCE HOUSTON (AAH). SPECIFICALLY, THE PROJECT WILL BUILD THE CAPACITY OF COMMUNITIES AND GOVERNMENTS ALONG THE TEXAS GULF COAST TO EVALUATE AND REDRESS ENVIRONMENTAL AND CLIMATE INJUSTICES. AIR ALLIANCE HOUSTON WILL ALSO SUPPORT DIRECT AND MEANINGFUL PARTICIPATION OF FENCE LINE RESIDENTS OF THE TEXAS GULF COAST IN ENVIRONMENTAL AND CLIMATE DECISIONS, SOLUTIONS, POLICIES, AND PROGRAMS.
ACTIVITIES:THE ACTIVITIES INCLUDE (1) CONDUCTING COMMUNITY-BASED AND CITIZEN-SCIENCE INITIATIVES THAT INFORM GOVERNMENT PROCESSES RELATED TO ENVIRONMENTAL AND CLIMATE JUSTICE; (2) PREPARING, TRAINING, AND EDUCATING IMPACTED COMMUNITIES ON HOW TO ENGAGE IN GOVERNMENT PROCESSES RELATED TO ENVIRONMENTAL AND CLIMATE JUSTICE; (3) FACILITATING THE MEANINGFUL ENGAGEMENT OF IMPACTED COMMUNITIES IN GOVERNMENT PROCESSES RELATED TO ENVIRONMENTAL AND CLIMATE JUSTICE WITH A FOCUS ON PERMITTING DECISIONS; LAND USE, HIGHWAY CONSTRUCTION, AND INFRASTRUCTURE DECISIONS; AND DEVELOPING CBP/CBAS IN THE REGION.

SUBRECIPIENT:SUBAWARD 1 (STATUTORY PARTNER) TO HOUSTON ADVANCED RESEARCH CENTER (HARC) FOR METHOD 4 WILL ASSIST THE PROJECT THROUGH OVERALL PROJECT MANAGEMENT, MONITORING OF PROJECT-LEVEL ENVIRONMENTAL OUTPUTS AND OUTCOMES, PROVIDING TRAINING AND OTHER CAPACITY-BUILDING ACTIVITIES TO THE PARTNER ORGANIZATIONS, AND EVALUATING THE EFFICACY OF THE PROJECT OVERALL. SUBAWARD 2 (COLLABORATING ENTITY) TO COALITION FOR ENVIRONMENT, EQUITY, AND RESILIENCE (CEER) FOR METHODS 1-3 IN BRAZORIA, FORT BEND, GALVESTON, AND LIBERTY COUNTIES OF TEXAS WILL ADVANCE THE PROJECT GOALS BY COMPILING DATA ON PERMITTED FACILITIES, EDUCATING COMMUNITY MEMBERS ABOUT THE AIR PERMIT DECISION-MAKING PROCESS USING AIRMAIL, BUILDING RELATIONSHIPS WITH COMMUNITY MEMBERS AND LOCAL GROUPS, SUPPORTING COMMUNITY MEMBERS TO GIVE MEANINGFUL INPUT ON AIR PERMITS THROUGH TRAINING AND TOOLS, MONITORING PERMITS FOR DENIALS AND IMPROVEMENTS, AND BUILDING RELATIONSHIPS WITH GOVERNMENT AGENCIES AND OFFICIALS TO IMPROVE PERMITS AND RULES. SUBAWARD 3 (COLLABORATING ENTITY) TO COMMUNITY IN-POWER AND DEVELOPMENT ASSOCIATION INC. (CIDA) FOR METHODS 1-3 IN JEFFERSON AND ORANGE COUNTIES OF TEXAS WILL ADVANCE THE PROJECT GOALS BY COMPILING DATA ON PERMITTED FACILITIES, EDUCATING COMMUNITY MEMBERS ABOUT THE AIR PERMIT DECISION-MAKING PROCESS USING AIRMAIL, BUILDING RELATIONSHIPS WITH COMMUNITY MEMBERS AND LOCAL GROUPS, SUPPORTING COMMUNITY MEMBERS TO GIVE MEANINGFUL INPUT ON AIR PERMITS THROUGH TRAINING AND TOOLS, MONITORING PERMITS FOR DENIALS AND IMPROVEMENTS, AND BUILDING RELATIONSHIPS WITH GOVERNMENT AGENCIES AND OFFICIALS TO IMPROVE PERMITS AND RULES. SUBAWARD 4 (COLLABORATING ENTITY) TO INGLESIDE ON THE BAY COASTAL WATCH ASSOCIATION (IOBCWA) FOR METHODS 1-3 IN ARANSAS, NUECES, AND SAN PATRICIO COUNTIES OF TEXAS WILL ASSIST THE PROJECT THROUGH COLLECTING CITIZEN SCIENCE AND OTHER DATA ON PERMITTED FACILITIES, EDUCATING COMMUNITY MEMBERS ABOUT THE AIR PERMIT DECISION-MAKING PROCESS USING AIRMAIL, BUILDING RELATIONSHIPS WITH COMMUNITY MEMBERS AND LOCAL GROUPS, SUPPORTING COMMUNITY MEMBERS TO GIVE MEANINGFUL INPUT ON AIR PERMITS THROUGH TRAINING AND TOOLS, MONITORING PERMITS FOR DENIALS AND IMPROVEMENTS, AND BUILDING RELATIONSHIPS WITH GOVERNMENT AGENCIES AND OFFICIALS TO IMPROVE PERMITS AND RULES.




OUTCOMES:THE ANTICIPATED DELIVERABLES INCLUDE 3 COMMUNITY-BASED RESEARCH INITIATIVES AND/OR RESEARCH PRODUCTS PUBLISHED ON ENVIRONMENTAL AND CLIMATE CONCERNS REFLECTING COMMUNITY OPINIONS AND PREFERENCES; 4,000 COMMUNITY RESIDENTS WHO COMPLETE A TRAINING THAT BUILDS THEIR CAPACITY TO PARTICIPATE IN GOVERNMENT PROCESSES; 108 EDUCATIONAL MEETINGS OR EVENTS HELD BETWEEN GOVERNMENTAL OFFICIALS, DECISION-MAKERS, AND COMMUNITY MEMBERS; 9 POLICIES INFLUENCED BY COMMUNITY RECOMMENDATIONS (E.G., THROUGH A NEW ADVISORY COUNCIL, PARTICIPATORY BUDGETING, RULE-MAKING); 12 POLLUTING PERMITS, PROJECTS, OR POLICIES SLOWED OR STO",3015485,3015485,40372.32,2975112.68,2025-03-25,"Program terminated, DOGE, End date cut short (USAspending), Senate committee list",N/A,N/A,2025-01-01T00:00:00Z,2027-12-31T00:00:00Z,Region 6 (South Central),66.616,Environmental and Climate Justice Community Change Grants Program,EPA-R-OEJECR-OCS-23-04,Air Alliance Houston,TX,Houston,TX-18,N/A,https://www.usaspending.gov/award/ASST_NON_02F78701_068/,N/A,N/A
02F80001,Disrupted,Terminated,Environmental and Climate Justice Community Change Grants Program award to The Global Center for Cultural Entrepreneurship,"THIS AGREEMENT PROVIDES FUNDING UNDER THE INFLATION REDUCTION ACT (IRA) TO THE GLOBAL CENTER FOR CULTURAL ENTREPRENEURSHIP.  SPECIFICALLY, THE PROJECT WILL SUPPORT THE RECIPIENT AND ITS PARTNERS TO ENGAGE RESIDENTS OF THE EIGHT NORTHERN PUEBLOS (ENP) IN NEW MEXICO AROUND CLIMATE AND ENVIRONMENTAL JUSTICE ISSUES THAT ARE AFFECTING THEM. ENGAGEMENT INCLUDES EDUCATION FOR RESIDENTS, CO-PRODUCED REPORTS AND RECOMMENDATIONS THAT WILL INFORM STATE, LOCAL AND TRIBAL GOVERNMENTS ABOUT THE COMMUNITIES' ENVIRONMENTAL JUSTICE PRIORITIES, AND TRAINING FOR YOUNG ADULTS TO BECOME STEWARDS OF ENVIRONMENTAL JUSTICE IN THEIR COMMUNITIES. THE FOCUS WILL BE ON DATA SHARING, RATHER THAN ONLY DATA COLLECTION, BECAUSE PRELIMINARY DISCUSSIONS AMONG PARTNERS REVEALED A GAP BETWEEN RECEIVING AND UNDERSTANDING SCIENTIFIC DATA THAT IS SHARED IN THE ENP. 

THE NEW MEXICO PARTNERSHIP FOR EQUITABLE CLIMATE PLANNING AND POLICY (NMP) INCLUDES SEVEN COLLABORATING ENTITIES (THE PARTNERS) LOCATED WITHIN OR IN PROXIMITY TO THE ENP: AMIGOS BRAVOS, CREATIVE STARTUPS, EIGHT NORTHERN INDIAN PUEBLOS COUNCIL OFFICE OF ENVIRONMENTAL TECHNICAL ASSISTANCE, THE INDIGENOUS DESIGN AND PLANNING INSTITUTE AT UNIVERSITY OF NEW MEXICO (UNM), THE NEW MEXICO ENVIRONMENT DEPARTMENT, NORTHERN NEW MEXICO COLLEGE, AND SANTA FE COUNTY PLANNING DEPARTMENT. THE PARTNERSHIP REPRESENTS A HISTORIC COLLABORATION DESIGNED TO REDUCE THE ABOVE SYSTEMIC BARRIERS THROUGH AN INDIGENOUS-LED APPROACH AMONG TRIBAL, STATE, AND COUNTY GOVERNMENTS, COMMUNITY-BASED ENVIRONMENTAL AND JUSTICE ORGANIZATIONS, AND HIGHER EDUCATION INSTITUTIONS.ACTIVITIES:THE ACTIVITIES WILL BE LEAD BY THE NEW MEXICO PARTNERSHIP FOR EQUITABLE CLIMATE PLANNING AND POLICY (NMP) AND TOGETHER, THE PARTNERS WILL ASSIST EIGHT NORTHERN PUEBLOS (ENP) COMMUNITY LEADERS AND ORGANIZATIONS IN HOSTING OVER FORTY CLIMATE JUSTICE AND COMMUNITY ENGAGEMENT WORKSHOPS AND EVENTS DIRECTLY ENGAGING EIGHT HUNDRED AND FORTY ENP RESIDENTS; PUBLISH AND WIDELY DISSEMINATE THREE ANNUAL EIGHT NORTHERN PUEBLO CLIMATE JUSTICE REPORTS AND RECOMMENDATIONS; DESIGN, LAUNCH AND HOST THE CLIMATE JUSTICE LEADERSHIP DEVELOPMENT PROGRAM GRADUATING THIRTY YOUNG ADULTS (COHORTS) FROM ENP COMMUNITIES; AND ESTABLISH THREE SEMINAL CLIMATE JUSTICE AGREEMENTS AMONG TRIBAL, STATE, COUNTY AND CLIMATE JUSTICE ORGANIZATIONS TO REDUCE BARRIERS TO MEANINGFUL RESIDENT PARTICIPATION.

SUBRECIPIENT:AMIGOS BRAVOS' (501C3), COMMUNITIES FOR CLEAN WATER PROGRAM WILL FOCUS ON ENGAGING LOCALLY-BASED CLIMATE JUSTICE COMMUNITY BASED ORGANIZATIONS AND ADVOCACY ORGANIZATIONS, ADVISE ON COMMUNITY PRIORITIES RE CLIMATE JUSTICE, AND ADVISE ON STATE, COUNTY, EPA RULE-MAKING PROCESSES.

EIGHT NORTHERN INDIAN PUEBLOS COUNCIL (501C3) OFFICE OF ENVIRONMENTAL TECHNICAL ASSISTANCE (OETA) WILL FOCUS ON CO-LEAD TRIBAL RESIDENT AND GOVERNMENTAL OUTREACH WITH INDIGENOUS DESIGN AND PLANNING INSTITUTE (ID+PI), ENP EVENTS AND WORKSHOPS, COHORT RECRUITMENT, ADVISE ON COMMUNITY PRIORITIES, SCIENCE, AND ENVIRONMENTAL JUSTICE.

INDIGENOUS DESIGN AND PLANNING INSTITUTE (ID+PI) AT THE UNIVERSITY OF NEW MEXICO WILL FOCUS ON CO-LEAD MEASUREMENT VIA PLAN, ACCESS, ENGAGE, AND SHARE (P.L.A.C.E.S.) FRAMEWORK, CO-LEAD TRIBAL OUTREACH WITH OETA, AND CO-LEAD COHORT RECRUITMENT, ADVISE ON COMMUNITY PRIORITIES REGARDING ENVIRONMENTAL JUSTICE.

NORTHERN STEWARDS AT NORTHERN NEW MEXICO COLLEGE (NNMC) WILL FOCUS ON APPLYING EXTENSIVE EXPERIENCE WORKING WITH ENP YOUNG ADULTS, ADAPTING AWARD-WINNING CURRICULUM, AND CO-LEAD COHORT RECRUITMENT.OUTCOMES:THE ANTICIPATED DELIVERABLES INCLUDE ENGAGING STATE, COUNTY, TRIBAL, HIGHER EDUCATION, AND EIGHT NORTHERN PUEBLO (ENP) RESIDENTS IN COLLABORATIVE DECISION-MAKING PROCESSES RESULTING IN A NEW MEXICO ENVIRONMENTAL DEPARTMENT (NMED) CITIZEN ADVISORY BOARD WITH THE EIGHT NORTHERN PUEBLOS (ENP) AND TWICE ANNUAL STATE AND COUNTY SENIOR LEADERSHIP MEETINGS WITH ENP RESIDENTS AND LEADERS; REPORTS TO ACTIVATE PUBLIC SUPPORT AND ENGAGE POLICY, DECISION-MAKING",2987385,2987385,0,2987385,2025-03-25,"Program terminated, DOGE, End date cut short (USAspending), Senate committee list",N/A,N/A,2025-02-01T00:00:00Z,2028-01-31T00:00:00Z,Region 6 (South Central),66.616,Environmental and Climate Justice Community Change Grants Program,EPA-R-OEJECR-OCS-23-04,The Global Center for Cultural Entrepreneurship,NM,Santa Fe,NM-03,N/A,https://www.usaspending.gov/award/ASST_NON_02F80001_068/,N/A,N/A
03D04224,Disrupted,Terminated,Environmental  Government-to-Government (EJG2G) Program,This action approves an award in the amount of 1 000 000 to the North Carolina Department of Health and Human Services to implement its own project to Address Private Well Contamination in Sampson County North Carolina It will provide water treatment for at least 175 private wells per year in Sampson County while helping residents understand what pollutants may be in their water and the importance of clean water for health Activities The activities to be performed include conducting outreach to inform the community about the project conducting water sampling and testing developing an outreach plan for providing treatment for wells with contaminants that exceed NCDHHS guidelines finalizing and validating treatment technologies reviewing existing NCDHHS private well materials and determine if additional materials are needed and offering translation of educational materials Outcomes The deliverables include developing additional health education materials about private well contaminants and treatment conducting Train the Trainer well water maintenance sessions developing and implementing training on selected treatment technologies developing pre amp post workshop surveys conducting well water protection workshops in English and in Spanish developing a notification website and conducting consultations for elevated contaminants in well water Other Activities Distributing treatment systems to residents whose wells have exceeded NCDHHS guidelines Developing a follow up plan for residents who receive treatment systems to assess functionality utilization and determining frequency of follow up Conducting the follow up with residents Developing project management materials and creating a Monthly Reporting Template along with a team meeting schedule The intended beneficiaries for this project are the under resourced community based organizations operating in Sampson County NC Subrecipient Their activities include implementing outreach and recruitment campaigns conducting water sampling and testing developing outreach plans for providing treatment for wells with contaminants that exceed NCDHHS guidelines finalize and validate treatment technologies to be used review existing NCDHHS private well materials and determine if additional materials are needed and translate education materials,1000000,1000000,28967.15,971032.85,2025-03-25,"Program terminated, DOGE, End date cut short (USAspending), Senate committee list",N/A,N/A,2024-04-01T00:00:00Z,2027-03-31T00:00:00Z,Region 4 (Southeast),66.312,Environmental Justice Government to Government Ejg 2 g Program,EPA-R-OEJECR-OCS-23-02,State of North Carolina Department of Health Human Services,NC,Raleigh,NC-02,State,https://www.usaspending.gov/award/ASST_NON_03D04224_068/,https://enviro.epa.gov/envirofacts/nggs/report?grantId=03D04224,N/A
03D25324,Disrupted,Terminated,Environmental and Climate Justice Community Change Grants Program award to The Trust for Public Land,"THIS AGREEMENT APPROVES AN AWARD IN THE AMOUNT OF $19,960,040 UNDER THE INFLATION REDUCTION ACT (IRA) TO THE TRUST FOR PUBLIC LAND. SPECIFICALLY, THE CLIFTON HILLS ALTON PARK THREAD TRAIL (CHATT) PROJECT WILL DIRECTLY BENEFIT THREE COMMUNITIES THAT ARE CONSIDERED HISTORICALLY DISADVANTAGED BY THE ENVIRONMENTAL PROTECTION AGENCY'S (EPA) IRA DISADVANTAGED COMMUNITIES MAP.ACTIVITIES:THE ACTIVITIES INCLUDE, CONSTRUCTING 2.62-MILES OF NEW TRAIL THAT INCLUDES GREEN INFRASTRUCTURE ELEMENTS SUCH AS BIOSWALES, STORMWATER AND FLOODPLAIN MANAGEMENT, RIPARIAN STREAM RESTORATION, TREE PLANTING, AND A CONNECTION TO CRABTREE FARMS. THE PROJECT ADAPTIVELY REUSES SEVERAL RECLAIMED BROWNFIELDS ALONG THE ROUTE, INCLUDING 6.8 ACRES OF THE ALTON PARK CONNECTOR, THE FORMER CHARLES A. BELL SCHOOL SITE (NOW SOUTHSIDE COMMUNITY PARK), AND A CLOSED CITY LANDFILL. ROBUST COMMUNITY ENGAGEMENT STRATEGIES, EXECUTED IN PARTNERSHIP WITH THE CITY OF CHATTANOOGA AND AT LEAST 10 COMMUNITY-BASED NONPROFIT PARTNER ORGANIZATIONS, WILL REACH 830 COMMUNITY MEMBERS AND 20 YOUTH THROUGH 