Award ID,Current Status,Detailed Status,Grant Title,Grant Description,Estimated Funds Promised,Funds Obligated Before Disruption,Funds Spent Before Disruption,Funds Remaining Before Disruption,Earliest Disruption,Disruption Indicators,Latest Restoration,Restoration Indicator,Project Start Date,Project End Date (Original),Center,Assistance Listing Code,Assistance Listing Title,Funding Opportunity Code,Funding Opportunity Title,Funding Opportunity Link,Grantee Organization,Grantee State,Grantee City,Grantee Congressional District,Grantee Organization Type,TAGGS,USAspending
TI086008,Disrupted,Terminated,Rooted and Rerouted,"ROOTED AND REROUTED - THE ROOTED AND REROUTED PROJECT WILL FOCUS ON THE ZIP CODE WITH THE HIGHEST INCARCERATION RATE IN THE NATION (37208) WHERE 14% OF THE POPULATION, AND A THIRD OF AFRICAN AMERICAN MEN, ARE CURRENTLY INCARCERATED; AND ARE RETURNING TO A COMMUNITY RAVAGED BY OPIATE OVERDOSE. THE PROJECT WILL EXPAND AND ENHANCE SERVICE CAPACITY THROUGH A UNIQUE COLLABORATION BETWEEN THE TREATMENT CAPACITY OF MEHARRY MEDICAL COLLEGE, THE NATION'S OLDEST HBCU MEDICAL SCHOOL WITH THE DAVIDSON COUNTY SHERIFF'S OFFICE THAT OVERSEES THE DAVIDSON COUNTY CORRECTIONAL FACILITIES AND JUDICIAL SUPERVISION, ALONG WITH THE GRASSROOTS CAPACITIES OF THE TENNESSEE PRISON OUTREACH MINISTRY, A CHURCH-BASED TRAUMA PROGRAM--HEALING MINDS AND SOULS, A RECOVERY HOUSING PROGRAM--CUPID TRANSITIONAL SERVICES, AND THE BLACK MENTAL HEALTH ALLIANCE OF NASHVILLE. THE PROJECT PURPOSE IS TO INCREASE ENGAGEMENT WITH SUBSTANCE USE DISORDER TREATMENT AND RECOVERY SUPPORT SERVICES TO FORMERLY INCARCERATED AFRICAN AMERICAN INDIVIDUALS WHO ARE EXPERIENCING THE DISPROPORTIONATE IMPACT OF ADDICTION IN NASHVILLE. WE WILL SERVE SIXTY PARTICIPANTS A YEAR, AT LEAST 300 OVER THE LIFE OF THE GRANT, WITH A FULL CONTINUUM OF EVIDENCE-BASED TREATMENT AND RECOVERY SUPPORT SERVICES.",800000,800000,552688.23,247311.77000000002,2026-05-29,TAGGS,N/A,N/A,2023-09-30,2028-09-29,Center for Substance Abuse Treatment,93.243,SUBSTANCE ABUSE AND MENTAL HEALTH SERVICES PROJECTS OF REGIONAL AND NATIONAL SIGNIFICANCE,TI-23-006,Adult Reentry Program,https://www.samhsa.gov/grants/grant-announcements/ti-23-006,MEHARRY MEDICAL COLLEGE,TN,NASHVILLE,TN-05,"Junior College, College & University",https://taggs.hhs.gov/Detail/AwardDetail?arg_AwardNum=H79TI086008&arg_ProgOfficeCode=147,https://www.usaspending.gov/award/ASST_NON_H79TI086008_075/
FG001142,Restored,Reinstated (confirmed),American Indian and Alaska Native Behavioral Health Center of Excellence,"AMERICAN INDIAN AND ALASKA NATIVE BEHAVIORAL HEALTH CENTER OF EXCELLENCE - THE OVERALL PURPOSE OF THE DEPARTMENT OF HEALTH AND HUMAN SERVICES (HHS) SUBSTANCE ABUSE AND MENTAL HEALTH SERVICES ADMINISTRATION (SAMHSA) FUNDED BEHAVIORAL HEALTH CENTER OF EXCELLENCE (BH COE) IS TO CREATE A NATIONAL CENTER TO DEVELOP AND STRENGTHEN BEHAVIORAL HEALTH AGENCIES TO BETTER SERVE AND ADVOCATE FOR PEOPLE ACROSS THE UNITED STATES IN AN EFFORT TO IMPROVE HEALTH OUTCOMES AND IMPROVE BEHAVIORAL HEALTH SERVICES. THE BH COE IS LED BY THE SOUTHWEST INSTITUTE FOR RESEARCH ON WOMEN (SIROW). THE GOALS OF THIS PROJECT ARE TO, (1) BUILD RELATIONSHIPS WITH COMMUNITY AND FEDERAL STAKEHOLDERS, OTHER RELATED SAMHSA TRAINING AND TECHNICAL ASSISTANCE PROVIDERS, EPIDEMIOLOGY CENTERS AND OTHER KEY STAKEHOLDERS TO COLLABORATIVELY SUPPORT SAMHSA’S GOAL OF ADDRESSING BEHAVIORAL HEALTH (2) ESTABLISH A NATIONAL STEERING COUNCIL THAT INCLUDES AIAN BEHAVIORAL HEALTH EXPERTS, BEHAVIORAL HEALTH PROVIDERS, PROVIDERS, AND PEOPLE WITH LIVED EXPERTISE TO IDENTIFY ISSUE AND GUIDE THE BH COE, (3) PROVIDE TRAINING AND TECHNICAL ASSISTANCE TO IMPROVE PROCESSES AND PRACTICES IN THE DELIVERY OF BEHAVIORAL HEALTH TREATMENT AND RECOVERY SERVICES TO IMPROVE OUTCOMES FOR COMMUNITY MEMBERS WE WILL ALSO DEVELOP AN ELECTRONIC RESOURCE LIBRARY TO BE HOUSED ON THE BH COE WEBSITE THAT CONTAINS A VAST ARRAY OF RESOURCES FOR PROVIDERS, INCLUDES CURRENT DATA TRENDS AND HOUSES THE ON-DEMAND TRAINING SERIES. (4) DEVELOP AND DELIVER IN-PERSON, VIRTUAL AND ON-DEMAND TRAININGS, DISSEMINATE PUBLIC-FACING TOOLS, ORGANIZE RESOURCES AND INCREASE REACH OF MESSAGING RELATED TO BEHAVIORAL HEALTH ACCOMPLISHMENTS TO INCREASE THE QUALITY OF SERVICE DELIVERY, (5) CONVENE AN ANNUAL LEADERSHIP ACADEMY FOCUSED ON INCREASING KNOWLEDGE, SKILLS, AND PROFESSIONAL DEVELOPMENT OPPORTUNITIES FOR EMERGING BEHAVIORAL HEALTH LEADERS, (6) FACILITATE A NATIONAL POLICY ACADEMY TO DO IN-DEPTH WORK ON POLICIES AND STRATEGIES WITHIN REGIONS TO ADDRESS REGIONAL NEEDS, AND (6) EVALUATE THE PROJECT ACTIVITIES AND LONGITUDINAL IMPROVEMENTS FOR CLIENTS IN BOTH POLICY AND PRACTICE.",5235113,3740159,1795364.78,3439748.2199999997,2026-01-14,TAGGS,2026-01-15,N/A,2023-09-30,2028-09-29,Center for Flex Grants,93.243,SUBSTANCE ABUSE AND MENTAL HEALTH SERVICES PROJECTS OF REGIONAL AND NATIONAL SIGNIFICANCE,FG-23-001,American Indian and Alaska Native Behavioral Health Center of Excellence,https://www.samhsa.gov/grants/grant-announcements/fg-23-001,UNIVERSITY OF ARIZONA,AZ,TUCSON,AZ-07,"Junior College, College & University",https://taggs.hhs.gov/Detail/AwardDetail?arg_AwardNum=H79FG001142&arg_ProgOfficeCode=292,https://www.usaspending.gov/award/ASST_NON_H79FG001142_075/
SM084787,Restored,Reinstated (confirmed),Westchester Jewish Community Services’ (WJCS) Trager Lemp Center for Treating Trauma and Promoting Resilience (TLC),"WESTCHESTER JEWISH COMMUNITY SERVICES’ (WJCS) TRAGER LEMP CENTER FOR TREATING TRAUMA AND PROMOTING RESILIENCE (TLC) - WESTCHESTER JEWISH COMMUNITY SERVICES’ (WJCS) TRAGER LEMP CENTER FOR TREATING TRAUMA AND PROMOTING RESILIENCE (TLC) WILL INCREASE OUTREACH, ENGAGEMENT, AND TREATMENT FOR YOUTH 8 TO 21 AND THEIR FAMILIES WHO HAVE EXPERIENCED TRAUMA, WITH A FOCUS ON THOSE IMPACTED BY COVID-19; BLACK, INDIGENOUS, AND PEOPLE OF COLOR (BIPOC), INCLUDING THOSE WHO ARE UNDOCUMENTED; LGBTQ+ YOUTH; AND YOUTH WITH INTENSIVE MENTAL HEALTH NEEDS RESULTING FROM MULTIPLE TRAUMAS.   THE AWARD-WINNING TLC IS WESTCHESTER’S ONLY COMPREHENSIVE, OUTPATIENT TRAUMA TREATMENT CENTER. THE PROJECT’S GOALS ARE TO: (1) IMPROVE THE CAPACITY OF CHILD-SERVING SERVICE SYSTEMS TO IDENTIFY AND REFER CHILDREN EXPERIENCING TRAUMA AND SERVE THEM IN A TRAUMA-INFORMED WAY; (2) IMPROVE THE CAPACITY OF TLC STAFF TO PROVIDE EVIDENCE-BASED TRAUMA TREATMENT; (3) IMPROVE OUTCOMES FOR CHILDREN AND YOUTH SERVED BY TLC; AND (4) IMPROVE THE EXPERIENCE OF CARE FOR TLC CLIENTS AND THEIR CAREGIVERS. WE PLAN TO ADDRESS THESE GOALS BY ANNUALLY PROVIDING TRAUMA-INFORMED CARE TRAINING TO 170 STAFF OF OUR PARTNER CHILD-SERVING SERVICE SYSTEMS IN WESTCHESTER COUNTY AND TEACHING THEM TO IDENTIFY AND REFER CHILDREN IN NEED OF TRAUMA TREATMENT TO THE TLC. WE WILL COLLABORATE WITH THE CHILD HEALTH AND DEVELOPMENT INSTITUTE OF CONNECTICUT, AN NCTSI CATEGORY II TREATMENT AND SERVICE ADAPTATION CENTER, TO UTILIZE THEIR SCREENTIME (SCREEN, TRIAGE, INFORM, MITIGATE, ENGAGE) TRAINER TRAINING LEARNING COLLABORATIVE. IN ADDITION, WE WILL ENHANCE THE TRAINING OF OUR STAFF TO OFFER AN INNOVATIVE EVIDENCE-BASED MODEL OF CARE: COGNITIVE BEHAVIORAL INTERVENTION FOR TRAUMA IN SCHOOLS (CBITS) ADAPTED FOR USE IN A CLINICAL SETTING. USING THESE EVIDENCE-BASED PRACTICES, WE WILL SEEK TO REDUCE TLC CLIENT (8 TO 17 YEARS OLD) TRAUMA SYMPTOM CHECKLIST (TSCC) SCORES BY AT LEAST 25%, AND TLC CLIENT (17 TO 21 YEARS OLD) TRAUMA SYSTEM INVENTORY 2 (TSI 2) SCORES BY AT LEAST 25% BY THE CONCLUSION OF THEIR TREATMENT,  AS WELL AS IMPROVE NET PROMOTER SCORE (NPS) OF CHILDREN SERVED BY THE TLC AND CAREGIVER SATISFACTION WITH TRAUMA-FOCUSED COGNITIVE BEHAVIORAL THERAPY QUESTIONNAIRE SCORES BY 4% EACH GRANT YEAR. FINALLY, WE WILL CONDUCT AN ORGANIZATIONAL ASSESSMENT USING THE NATIONAL CLAS STANDARDS AND THE COMMUNICATION CLIMATE ASSESSMENT TOOLKIT (C-CAT) TO ENSURE TRAUMA INFORMED COMMUNICATIONS THAT ARE CULTURALLY APPROPRIATE AND MEET OUR POPULATIONS OF FOCUS WITH RESPECT, SENSITIVITY AND SKILL. THE PROJECT WILL SERVE 90 UNDUPLICATED INDIVIDUALS IN THE FIRST YEAR OF THE PROJECT AND 555 INDIVIDUALS THROUGHOUT THE LIFETIME OF THE PROJECT.",2000000,1600000,1267493.0499999998,732506.9500000002,2026-01-14,TAGGS,2026-01-15,N/A,2022-09-30,2027-09-29,Center for Mental Health Services,93.243,SUBSTANCE ABUSE AND MENTAL HEALTH SERVICES PROJECTS OF REGIONAL AND NATIONAL SIGNIFICANCE,SM-21-010,"National Child Traumatic Stress Initiative – Category III, Community Treatment and Service (CTS) C…",https://www.samhsa.gov/grants/grant-announcements/sm-21-010,"WESTCHESTER JEWISH COMMUNITY SERVICES, INC.",NY,WHITE PLAINS,NY-17,Other Special Interest Organization,https://taggs.hhs.gov/Detail/AwardDetail?arg_AwardNum=H79SM084787&arg_ProgOfficeCode=80,https://www.usaspending.gov/award/ASST_NON_H79SM084787_075/
SM084789,Restored,Reinstated (confirmed),"Service Partners Promoting Awareness, Resilience, and Knowledge-based Solutions (S.P.A.R.K.S)","SERVICE PARTNERS PROMOTING AWARENESS, RESILIENCE, AND KNOWLEDGE-BASED SOLUTIONS (S.P.A.R.K.S) - THE SERVICE-PARTNERS PROMOTING AWARENESS, RESILIENCE, AND KNOWLEDGE-BASED SOLUTIONS (SPARKS) PROJECT PROPOSED BY THE PEDIATRIC STRESS AND ANXIETY DISORDERS CLINIC (PSADC) AT THE UNIVERSITY OF ILLINOIS AT CHICAGO (UIC) AIMS TO INCREASE ACCESS AND PROVISION OF EVIDENCE-BASED TRAUMA SERVICES FOR YOUTH IN THE CHICAGOLAND AREA BY EXPANDING THE CAPACITY OF THE COLBETH CHILD ADOLESCENT PSYCHIATRY CLINIC FOR SERVING YOUTH IN CLINIC AND COMMUNITY SETTINGS.  THE HIGH LEVELS OF TRAUMATIC STRESS, COMMUNITY VIOLENCE EXPOSURE, CO-OCCURRING BEHAVIORAL HEALTH CHALLENGES, CHRONIC SOCIO-ECONOMIC ADVERSITY, AND THE COVID-19 PANDEMIC CRISIS HAVE COMBINED TO EXPOSE THE SCARCITY OF TRAUMA INFORMED SERVICES AMONG YOUTH AND FAMILIES RESIDING IN THE IDENTIFIED CATCHMENT AREAS (E.G., CHICAGO AND ITS ADJACENT COMMUNITIES ESPECIALLY THE PARK FOREST SUBURB).  CONSEQUENTLY, THE SPARKS PROJECT AIMS TO PROVIDE A COMPREHENSIVE, COORDINATED, AND COLLABORATIVE SET OF EVIDENCE-BASED TRAUMA INFORMED SERVICES TO ADDRESS THIS MULTIPLICITY OF CLINICAL CARE NEEDS AMONG TARGETED CHICAGOLAND YOUTH AND FAMILIES.  IN PARTICULAR, SPARKS ADOPTS THE FOLLOWING GOALS AND RELATED MEASURABLE OBJECTIVES: 1) INCREASE ACCESS TO CARE FOR YOUTH AND FAMILIES IMPACTED BY TRAUMA IN CHICAGO AND SURROUNDING COMMUNITIES BY REACHING  1,735 TOTAL YOUTH AND FAMILIES FOR THE 5-YEAR PERIOD) BY A) UTILIZING EVIDENCE-BASED OUTREACH AND ENGAGEMENT STRATEGIES (520 YOUTH/FAMILIES TOTAL), B) ADMINISTERING EVIDENCE-BASED TRAUMA SCREENING AND ASSESSMENT TOOLS (660 YOUTH TOTAL), AND C) PROVIDING TRAUMA-FOCUSED PREVENTION AND INTERVENTION SERVICES (555 YOUTH/FAMILIES ANNUALLY); AND 2) ENGAGE IN LOCAL AND NATIONAL PARTNERSHIPS TO INCREASE STAFF EXPERTISE AND CONTRIBUTE TO SERVICES ADAPTATIONS TO REACH YOUTH IN SCHOOL, COMMUNITY, AND LAW ENFORCEMENT SYSTEMS BY A) SUSTAINING IMPLEMENTATION OF EVIDENCE-BASED, TRAUMA-FOCUSED PREVENTION AND TREATMENT SERVICES AND INCREASING STAFF CULTURAL COMPETENCE IN COLLABORATION WITH NCTSN NATIONAL TRAINING PARTNERS WITH MINIMUM 80% TRAINING PARTICIPATION, B) EXPANDING THE REACH OF PSADC BY ENSURING BETWEEN 20%-50% OF PROPOSED SPARKS PROGRAM SERVICES ARE DELIVERED AT LOCAL PARTNER OUTREACH SITES FOR KEY CHILD-SERVING SYSTEMS, AND C) CONTRIBUTING TO THE COORDINATION OF SERVICES ACROSS CHILD-SERVICE SYSTEMS AND THE DEVELOPMENT OF PRODUCTS, WEBINARS, TRAININGS, AND RESOURCES IN COLLABORATION WITH NCTSN SITES AND LOCAL PARTNERS (MINIMUM 4 COLLABORATIVE ACTIVITIES ANNUALLY).  THROUGH THESE GOALS AND ACTIVITIES, SPARKS WILL INCREASE EVIDENCE-BASED STRATEGIES FOR OUTREACH, ENGAGEMENT, SCREENING, ASSESSMENT, PREVENTION, AND INTERVENTION STRATEGIES ALONG WITH SUPPORTING CONTINUED PROTOCOL IMPLEMENTATION, INCREASED CULTURAL COMPETENCE, CHILD SERVICE SYSTEM COORDINATION AND RESOURCE EXCHANGE IN THE CHICAGO METROPOLITAN AND SUBURBAN AREAS.",2000000,2000000,1616141.57,383858.42999999993,2026-01-14,TAGGS,2026-01-15,N/A,2021-09-30,2027-09-29,Center for Mental Health Services,93.243,SUBSTANCE ABUSE AND MENTAL HEALTH SERVICES PROJECTS OF REGIONAL AND NATIONAL SIGNIFICANCE,SM-21-010,"National Child Traumatic Stress Initiative – Category III, Community Treatment and Service (CTS) C…",https://www.samhsa.gov/grants/grant-announcements/sm-21-010,UNIVERSITY OF ILLINOIS,IL,CHICAGO,IL-07,"Junior College, College & University",https://taggs.hhs.gov/Detail/AwardDetail?arg_AwardNum=H79SM084789&arg_ProgOfficeCode=80,https://www.usaspending.gov/award/ASST_NON_H79SM084789_075/
SM084791,Restored,Reinstated (confirmed),LifeWorks Trauma-Informed Community Based Counseling Program,"LIFEWORKS TRAUMA-INFORMED COMMUNITY BASED COUNSELING PROGRAM - LIFEWORKS TRAUMA-INFORMED COMMUNITY-BASED COUNSELING PROGRAM WILL USE EVIDENCE-BASED AND EVIDENCE-INFORMED TREATMENT MODELS, INTEGRATIVE TREATMENT OF COMPLEX TRAUMA FOR ADOLESCENTS (ITCT-A) AND TRAUMA-FOCUSED BEHAVIORAL THERAPY (TF-CBT), TO HELP 709 UNDUPLICATED TRANSITION-AGE YOUTH (16-21) ADDRESS MENTAL HEALTH NEEDS RELATED TO TRAUMA DURING THIS FIVE-YEAR PROJECT.  THE PROJECT WILL SPECIFICALLY TARGET TRANSITION-AGE YOUTH IN AUSTIN/TRAVIS COUNTY, TEXAS, WITH COMPLEX TRAUMA HISTORIES RELATED TO INTERSECTING EXPERIENCES OF HOMELESSNESS, ABUSE, AND INVOLVEMENT WITH FOSTER CARE AND/OR JUVENILE JUSTICE SYSTEMS. IN FISCAL YEAR 2020, LIFEWORKS SERVED 504 YOUTH AGES 16-21 WITH COUNSELING AND HOUSING SERVICES. OF THOSE SERVED, 90% REPORTED EXPERIENCING TRAUMA AND 44% A HISTORY OF ABUSE. OF THESE YOUTH, 59% WERE FEMALE, 37% MALE, 3% TRANSGENDER, AND 1% OTHER. RACIAL AND ETHNIC IDENTITIES WERE 46% HISPANIC/LATINO, 31% BLACK, 15% WHITE, AND 9% MORE THAN ONE RACE. FURTHER, 97% HAD INCOMES BELOW 200% OF THE FEDERAL POVERTY LEVEL, 38% HAD FOSTER CARE INVOLVEMENT, AND 27% REPORTED SUBSTANCE ABUSE WITHIN THE PAST SIX MONTHS.  NONPROFIT AGENCIES IN THE CITY OF AUSTIN AND TRAVIS COUNTY HAVE COME TOGETHER IN A COMMUNITY-WIDE INITIATIVE TO END YOUTH HOMELESSNESS. LIFEWORKS TRAUMA-INFORMED COMMUNITY-BASED COUNSELING PROGRAM IS A CRITICAL ELEMENT IN A COMMUNITY SYSTEM THAT ENSURES YOUTH HOMELESSNESS WILL BECOME RARE, BRIEF, AND NON-RECURRING. ITCT-A AND TF-CBT ARE FLEXIBLE AND INDIVIDUALIZABLE TREATMENT MODELS THAT HAVE BEEN SHOWN TO BE EFFECTIVE AT REDUCING MENTAL HEALTH SYMPTOMS IN MULTI-TRAUMATIZED YOUTH. BOTH MODALITIES SUPPORT INTEGRATION WITH OTHER SUPPORTIVE SERVICES TO ADDRESS ADDITIONAL ISSUES (E.G., EXPERIENCES OF HOMELESSNESS OR SUBSTANCE USE DISORDER) THAT MAY EXACERBATE MENTAL HEALTH CHALLENGES. LIFEWORKS WILL ALSO UTILIZE PEER SUPPORT TO PROVIDE TREATMENT SUPPORT AND TO HELP YOUTH INCREASE COMMUNITY CONNECTIONS. THESE SERVICES WILL HELP PREVENT YOUTH HOMELESSNESS AND SUPPORT YOUTH WHO HAVE TRANSITIONED OUT OF HOMELESSNESS RECOVER FROM TRAUMA AND MAINTAIN HOUSING STABILITY.  PROJECT GOALS ARE: #1 INCREASE ACCESS TO TRAUMA-INFORMED CARE AND EVIDENCE-BASED TREATMENT, #2 REDUCE EFFECTS OF TRAUMA BY PROVIDING EVIDENCE-BASED TREATMENT, #3 INCREASE SOCIAL CONNECTEDNESS TO SUPPORT LONG-TERM RECOVERY, AND #4 PROMOTE HOUSING STABILITY AMONG TRANSITION-AGE YOUTH RECOVERING FROM TRAUMA. MEASURABLE OBJECTIVES INCLUDE INCREASING PARTICIPANTS' COPING SKILLS AND SOCIAL SUPPORTS, REDUCING SYMPTOMS OF PSYCHOLOGICAL DISTRESS, INCREASING ENGAGEMENT IN COUNSELING THROUGH PEER SUPPORT, TRAINING COMMUNITY PROVIDERS TO USE TRAUMA-INFORMED APPROACHES, AND SUPPORTING HOUSING STABILITY AMONG PARTICIPANTS CO-ENROLLED IN LIFEWORKS RAPID REHOUSING.  THE AGENCY WILL LEVERAGE DECADES OF EXPERIENCE PROVIDING MENTAL HEALTH AND HOUSING SERVICES TO YOUTH, LICENSED CLINICAL STAFF, EXISTING PARTNERSHIPS WITH OTHER COMMUNITY PROVIDERS, AND EVIDENCE-BASED PRACTICES. LIFEWORKS IS UNIQUELY POSITIONED TO DELIVER QUALITY SERVICES THAT WILL HAVE A LASTING IMPACT ON TRANSITION-AGE YOUTH WHO NEED TRAUMA-INFORMED CARE.",1998108,1598276,1193432.27,804675.73,2026-01-14,TAGGS,2026-01-15,N/A,2022-09-30,2027-09-29,Center for Mental Health Services,93.243,SUBSTANCE ABUSE AND MENTAL HEALTH SERVICES PROJECTS OF REGIONAL AND NATIONAL SIGNIFICANCE,SM-21-010,"National Child Traumatic Stress Initiative – Category III, Community Treatment and Service (CTS) C…",https://www.samhsa.gov/grants/grant-announcements/sm-21-010,YOUTH & FAMILY ALLIANCE,TX,AUSTIN,TX-21,Other Social Services Organization,https://taggs.hhs.gov/Detail/AwardDetail?arg_AwardNum=H79SM084791&arg_ProgOfficeCode=80,https://www.usaspending.gov/award/ASST_NON_H79SM084791_075/
SM084796,Restored,Reinstated (confirmed),Children’s Treatment and Recovery Center,"CHILDREN’S TREATMENT AND RECOVERY CENTER - SUMMARY: OVER 5 YEARS, FAMILY SERVICE OF RHODE ISLAND WILL TRAUMA-SCREEN 3,000 AT-RISK DIVERSE CHILDREN; PROVIDE EVIDENCE-BASED/INFORMED PRACTICES (EBPS) TO 1000+ CHILDREN, WITH 250+ FAMILIES RECEIVING HELP WITH CARE BARRIERS; ADD 64 THERAPISTS CERTIFIED IN EBPS; EDUCATE 3000 CHILD-SERVING WORKERS STATEWIDE ON TRAUMA-FOCUSED CARE/REFERRALS; ADAPT/INNOVATE 3 EBPS TO IMPROVE OUTCOMES; MEASURE EFFECTIVENESS; AND SUSTAIN TREATMENT.  PROJECT NAME: CHILDREN’S TREATMENT AND RECOVERY CENTER.  POPULATIONS SERVED: 3,000 AT-RISK CHILDREN (PARTICULARLY VICTIMS OF OR WITNESSES TO ABUSE, VIOLENT CRIMES, ETC.) AGES 2 TO 18 AND THEIR FAMILIES, PARTICULARLY FROM LATINIX AND COMMUNITIES OF COLOR WITH A FOCUS ON LOW-INCOME HIGH-CRIME CITIES PROVIDENCE, CENTRALS FALLS AND PAWTUCKET. IN ADDITION, 3000 CHILD SERVING PROFESSIONALS STATEWIDE WILL BE EDUCATED TO FOSTER UNDERSTANDING AND REFERRALS TO TRAUMA-FOCUSED EVIDENCE-BASED PRACTICES (EBPS) AND INCREASE THE NUMBER OF CLINICAL PROVIDERS CERTIFIED IN THESE TREATMENTS.  STRATEGIES/INTERVENTIONS: EBPS WILL BE TRAUMA-FOCUSED COGNITIVE BEHAVIORAL THERAPY (TF-CBT); PARENT CHILD INTERACTION THERAPY (PCIT); TRAUMA SYSTEMS THERAPY (TST, EVIDENCE-INFORMED). TF-CBT TO BE ADAPTED TO IMPROVE OUTCOMES. OTHER INTERVENTIONS: MEASURING CLINICAL EFFECTIVENESS WITH CHILD STRESS DISORDER CHECKLIST; ASSISTING POPULATIONS OVERCOME CARE BARRIERS; RESOURCES PROVIDED TO INCREASE UNDERSTANDING OF CHILD-SERVING PROFESSIONALS OF EBPS;   GOALS: 1) EXPANDED ACCESS TO EBPS FOR DIVERSE AT-RISK CHILDREN AND THEIR FAMILIES. 2) PROVIDING DIRECT SERVICES OF AFOREMENTIONED THERAPIES; 3) EDUCATE CHILD-SERVING SYSTEMS ABOUT TRAUMA-INFORMED RESOURCES AND SERVICES TO INCREASE ACCESS AND REFERRALS TO EBPS 4) COLLABORATE WITH CATEGORY II AND III SITES TO ADAPT EBPS. 5) MEASURE TREATMENT EFFECTIVENESS.  OVERVIEW OF OBJECTIVES: 1) TRAUMA-SCREEN 3000 CHILDREN/YOUTH FOR EXPOSURE TO TRAUMATIC EVENTS; 2) INCREASE NUMBER OF CERTIFIED PCIT THERAPISTS BY 4; TF-CBT BY 60 (FOCUS ON BILINGUAL, BI-CULTURAL STAFF); 3) TREAT 1000 CHILDREN WITH EBPS; 4) IDENTIFY FUNDING BEYOND SAMHSA FOR SUSTAINABILITY; 5) OUTREACH AND CARE MANAGEMENT FOR 250 FAMILIES; 6) EMERGENCY SERVICES FOR 100 YOUNGSTERS; 7) IMPLEMENT CLINICAL MEASURE CHILD STRESS DISORDER CHECKLIST; 8) DELIVER TRAUMA-FOCUSED EDUCATION/RESOURCES TO 3000 CHILD-SERVING PROFESSIONALS AND MEASURE KNOWLEDGE GAIN; 9) WITH NCTSN CATEGORY IIS AND IIIS, ADAPT TF-CBT,  AND FOSTER INCREASED NUMBER OF PCIT CLINICIANS AND IMPROVE TST IMPLEMENTATION;10) MEASURE EFFECTIVENESS OF CHILDREN’S TREATMENT AND RECOVERY CENTER.  TOTAL PEOPLE SERVED ANNUALLY: YEAR 1: 1200; YEAR 2: 1300; YEAR 3: 1500; YEAR 4: 1700; YEAR 5: 1800  TOTAL PEOPLE SERVED AT END OF 5 YEARS: 7500.",1600000,1600000,1234093.18,365906.82000000007,2026-01-14,TAGGS,2026-01-15,N/A,2022-12-31,2026-12-30,Center for Mental Health Services,93.243,SUBSTANCE ABUSE AND MENTAL HEALTH SERVICES PROJECTS OF REGIONAL AND NATIONAL SIGNIFICANCE,SM-21-010,"National Child Traumatic Stress Initiative – Category III, Community Treatment and Service (CTS) C…",https://www.samhsa.gov/grants/grant-announcements/sm-21-010,"FAMILY SERVICE OF RHODE ISLAND, INC",RI,PROVIDENCE,RI-01,Other Social Services Organization,https://taggs.hhs.gov/Detail/AwardDetail?arg_AwardNum=H79SM084796&arg_ProgOfficeCode=80,https://www.usaspending.gov/award/ASST_NON_H79SM084796_075/
SM084804,Restored,Reinstated (confirmed),Supporting Children Who Lose a Caregiver to Opioid Overdose,"SUPPORTING CHILDREN WHO LOSE A CAREGIVER TO OPIOID OVERDOSE - THROUGH SUPPORTING CHILDREN WHO LOSE A CAREGIVER TO OPIOID OVERDOSE, FRONTLINE SERVICE WILL USE TRAUMA SYMPTOMS THERAPY TO REDUCE TRAUMA SYMPTOMS BY 50% FOR AT LEAST 450 CHILDREN 5-17 YEARS OF AGE WHO HAVE LOST A CAREGIVER TO AN OPIOID DRUG OVERDOSE. SERVICES WILL BE DELIVERED IN NORTHEAST OHIO’S CUYAHOGA COUNTY, IN WHICH APPROXIMATELY 18% OF ITS 1.2 MILLION RESIDENTS ARE POOR. IN CLEVELAND, THE COUNTY SEAT, 35% OF THE 384,000 RESIDENTS ARE POOR.   IN 2019, THE LAST YEAR WITH AVAILABLE TOTAL-YEAR DATA, 500 INDIVIDUALS DIED FROM OPIOID OVERDOSE IN CUYAHOGA COUNTY. ALTHOUGH DATA ARE LIMITED, EVIDENCE INDICATES THAT APPROXIMATELY ONE-HALF OF THESE INDIVIDUALS WERE A PARENT OR LEGAL GUARDIAN OF A MINOR, SUGGESTING THAT IN 2019 ALONE A MINIMUM OF 250 CHILDREN LOST A CAREGIVER TO AN OPIOID-RELATED OVERDOSE DEATH. FROM THE TRAUMATIC LOSS OF A CAREGIVER TO THE UNPREDICTABLE ADDICTION-DRIVEN BEHAVIOR THAT LIKELY PRECEDED THAT DEATH, THESE CHILDREN ARE AT HIGH RISK FOR A WIDE RANGE OF PROBLEMS, INCLUDING POST-TRAUMATIC STRESS AND TRAUMATIC GRIEF. IN CUYAHOGA COUNTY, THERE IS NO FORMALIZED MECHANISM IN PLACE TO IDENTIFY THESE CHILDREN, LINK THEM TO SERVICES, AND PROVIDE APPROPRIATE TRAUMA-INFORMED, EVIDENCE-BASED INTERVENTIONS. CONSEQUENTLY, THEIR TRAUMATIC GRIEF AND POST-TRAUMATIC STRESS SYMPTOMATOLOGY REMAIN UNACKNOWLEDGED AND UNADDRESSED.  TO ADDRESS THIS UNMET NEED, THIS PROJECT WILL 1) ESTABLISH AN INTER-AGENCY REFERRAL NETWORK TO IDENTIFY CHILDREN IMPACTED BY OPIOID OVERDOSE DEATHS AND REFER THEM TO SERVICES; 2) IMPLEMENT TRAUMA SYSTEMS THERAPY (TST), AN EVIDENCE-BASED, TRAUMA-INFORMED THERAPEUTIC INTERVENTION THAT WILL BE THE FIRST LOCAL INTERVENTION DEDICATED TO SERVING THE TARGET POPULATION; AND 3) REDUCE TRAUMATIC GRIEF AND POST-TRAUMATIC STRESS SYMPTOMOLOGY AMONG THOSE SERVED. FRONTLINE IS A TWICE-AWARDED FORMER NCTSN CATEGORY III SITE THAT HAS PROVIDED DECADES OF EVIDENCE-BASED INTERVENTIONS TO VICTIMS OF TRAUMA AND CONTRIBUTED TO THE SCIENTIFIC LITERATURE ON TRAUMA SYMPTOMS AND SERVICES. THE AGENCY WILL ENGAGE THE CENTER FOR CHILD WELFARE PRACTICE INNOVATION AND THE TRAUMA SYSTEMS THERAPY TRAINING CENTER OF THE NEW YORK UNIVERSITY GROSSMAN SCHOOL OF MEDICINE, AN NCTSI – CATEGORY II TSA CENTER, TO HELP DESIGN AND IMPLEMENT THE TST PROGRAM.  THE CUYAHOGA COUNTY DEPARTMENT OF CHILDREN & FAMILY SERVICES, THE CLEVELAND DIVISION OF POLICE HEROIN-INVOLVED DEATH INVESTIGATION UNIT, AND THE CUYAHOGA COUNTY MEDICAL EXAMINER’S OFFICE HAVE COMMITTED TO IDENTIFY AND REFER CHILDREN FROM THE TARGET POPULATION. JAMES C. SPILSBURY, PHD, MPH, OF CASE WESTERN RESERVE UNIVERSITY WILL SERVE AS PROGRAM EVALUATOR AND COLLECT/ANALYZE CRITICAL PROCESS AND OUTCOME PROGRAM DATA.  THROUGH A MULTI-PHASE EFFORT TO ENGAGE, ASSESS, SCREEN, AND TREAT, CLINICALLY-TRAINED STAFF WILL USE TST TO REDUCE TRAUMATIC SYMPTOMATOLOGY BY 50% IN THE CHILDREN SERVED. OVER FIVE YEARS, FRONTLINE WILL SERVE A MINIMUM OF 450 CUYAHOGA COUNTY CHILDREN WHO HAVE LOST A CAREGIVER TO OPIOID OVERDOSE (50 IN YEAR 1; 100 ANNUALLY IN YEARS 2-5).",2000000,2000000,1547978.15,452021.8500000001,2026-01-14,TAGGS,2026-01-15,N/A,2021-09-30,2026-09-29,Center for Mental Health Services,93.243,SUBSTANCE ABUSE AND MENTAL HEALTH SERVICES PROJECTS OF REGIONAL AND NATIONAL SIGNIFICANCE,SM-21-010,"National Child Traumatic Stress Initiative – Category III, Community Treatment and Service (CTS) C…",https://www.samhsa.gov/grants/grant-announcements/sm-21-010,"MENTAL HEALTH SERVICES FOR HOMELESS PERSONS, INC.",OH,CLEVELAND,OH-11,Other Special Interest Organization,https://taggs.hhs.gov/Detail/AwardDetail?arg_AwardNum=H79SM084804&arg_ProgOfficeCode=80,https://www.usaspending.gov/award/ASST_NON_H79SM084804_075/
SM084805,Restored,Reinstated (confirmed),"Stress, Trauma and Resilience II (STaR II)","STRESS, TRAUMA AND RESILIENCE II (STAR II) - THE OVERALL GOAL OF THE STAR II PROGRAM PROPOSED BY CLINICAL AND SUPPORT OPTIONS (CSO) IS TO STRENGTHEN CSO'S CAPACITY TO INCREASE ACCESS TO TRAUMA INFORMED TREATMENT AND TO INCREASE COMMUNITY AWARENESS OF TRAUMA AND ITS IMPACT. IMPLEMENTATION ENTAILS DEEPENING OUR EVIDENCE BASED ARC TREATMENT MODEL IN OUTPATIENT AND IN-HOME PROGRAMS AND INTRODUCING AND EMBEDDING THE ARC FRAMEWORK IN OUR THERAPEUTIC DAY PROGRAMS, FAMILY RESOURCE CENTERS AND EVENTUALLY ALL CSO CHILD, YOUTH AND FAMILY PROGRAMS.  GEOGRAPHIC CATCHMENT AREA:  CSO PROPOSES TO SERVE A 5-COUNTY AREA OF WESTERN AND CENTRAL MA:  BERKSHIRE COUNTY, HAMPSHIRE COUNTY, FRANKLIN COUNTY, WORCESTER COUNTY AND HAMPDEN COUNTY.  THE REGIONAL SERVICE AREA CONTAINS 90 TOWNSHIPS AND 841,928 RESIDENTS.  POPULATION OF FOCUS: THE POPULATION OF FOCUS INTENDED TO BENEFIT FROM STAR TRAUMA TREATMENT ARE CHILDREN AND YOUTH WITH SED, SUBSTANCE USE DISORDER AND OTHER BEHAVIORAL HEALTH CHALLENGES BY FACILITATING ACCESS TO CARE FOR THEM AND THEIR FAMILIES. EDUCATION AND CONSULTATION TARGET AUDIENCES: PRIMARY CARE AND PEDIATRIC PRACTICES; SCHOOLS, AND EARLY EDUCATION AGENCIES; HOSPITALS (ED) PERSONNEL AND DIRECT CARE STAFF; LAW ENFORCEMENT, FIRST RESPONDERS AND COURTS; BEHAVIORAL HEALTH ADVOCACY ORGANIZATIONS; VICTIM ASSISTANCE PROVIDERS AND ADVOCATES; VETERANS/MILITARY SUPPORT ORGANIZATIONS; COMMUNITY BASED ORGANIZATIONS.",2000000,1600000,1200000,800000,2026-01-14,TAGGS,2026-01-15,N/A,2022-09-30,2027-09-29,Center for Mental Health Services,93.243,SUBSTANCE ABUSE AND MENTAL HEALTH SERVICES PROJECTS OF REGIONAL AND NATIONAL SIGNIFICANCE,SM-21-010,"National Child Traumatic Stress Initiative – Category III, Community Treatment and Service (CTS) C…",https://www.samhsa.gov/grants/grant-announcements/sm-21-010,CLINICAL & SUPPORT OPTIONS INC,MA,GREENFIELD,MA-02,Other Health Organization,https://taggs.hhs.gov/Detail/AwardDetail?arg_AwardNum=H79SM084805&arg_ProgOfficeCode=80,https://www.usaspending.gov/award/ASST_NON_H79SM084805_075/
SM084809,Restored,Reinstated (confirmed),The Children's Center - FY2021 - FY2026 Trauma Program for Young Children,"THE CHILDREN'S CENTER - FY2021 - FY2026 TRAUMA PROGRAM FOR YOUNG CHILDREN - THE CHILDREN’S CENTER’S (TCC) TRAUMA PROGRAM FOR YOUNG CHILDREN BUILDS ON OUR FOUNDATION AS AN AFFILIATE OF THE NCTSN AND PROVIDER OF EVIDENCE-BASED TRAUMA TREATMENT AS WE REDUCE THE IMPACT OF TRAUMA FOR CHILDREN BIRTH TO 6 YEARS THROUGHOUT UTAH. THE PROJECT WILL CREATE A TRAUMA-INFORMED SYSTEM OF CARE COMPRISED OF CHILD-SERVING AGENCIES TO ENHANCE SCREENING, REFERRALS, AND TREATMENT OF YOUNG CHILDREN WHO HAVE EXPERIENCED TRAUMA.    FIRST, TCC WILL INCREASE KNOWLEDGE RELATED TO TRAUMA-INFORMED CARE PRACTICES IN CROSS-SECTOR CHILD-SERVING AGENCIES THROUGHOUT UTAH BY PROVIDING TRAINING IN CHILD-ADULT RELATIONSHIP ENHANCEMENT (CARE), AN NCTSN SUPPORTED TRAINING.  PROVIDING CARE TRAINING TO CROSS-SECTOR EARLY CHILDHOOD PROVIDERS WILL ESTABLISH A TRAUMA-INFORMED NETWORK IN COMMUNITIES THROUGHOUT UTAH THAT WILL SUPPORT IMPLEMENTATION OF THIS PROJECT, INCLUDING TRAUMA SCREENING AND REFERRALS FOR TREATMENT. CARE TRAINING WILL ALSO FACILITATE TRAUMA AWARENESS IN CHILD-SERVING PROFESSIONS AND INCREASE PROVIDERS’ SKILL IN SUPPORTING FAMILIES WITH YOUNG CHILDREN EXPOSED TO TRAUMA.   SECOND, TCC WILL INCREASE ACCESS TO ITS EVIDENCE-BASED TRAUMA TREATMENT FOR CHILDREN BIRTH TO 6 YEARS. PROJECT FUNDING WILL EXPAND TCC’S CATCHMENT THROUGHOUT THE STATE OF UTAH AND INCREASE ACCESS TO ITS CONTINUUM OF TRAUMA-INFORMED SERVICES WITH AN EMPHASIS ON UNDERSERVED AREAS, INCLUDING RURAL POPULATIONS. WHILE SOME AREAS OF THE STATE ARE IMPLEMENTING EVIDENCE-BASED TRAUMA TREATMENTS, FEW PROVIDERS IN UTAH ARE UTILIZING TREATMENTS APPROPRIATE FOR YOUNG CHILDREN. CHILDREN WHO PARTICIPATE IN THE PROGRAM WILL REFLECT THE DIVERSITY WITHIN THE STATE AND WILL HAVE SUFFERED A RANGE OF TRAUMAS, INCLUDING ABUSE OR NEGLECT, WITNESSING DOMESTIC VIOLENCE, AND TRAUMATIC GRIEF. IN ORDER TO MEET THE DIVERSE NEEDS AND EXPERIENCES OF CHILDREN AND FAMILIES, WE WILL OFFER FOUR NCTSN SUPPORTED EVIDENCE-BASED TRAUMA TREATMENTS: CHILD-PARENT PSYCHOTHERAPY; ATTACHMENT AND BIOBEHAVIORAL CATCH-UP; ATTACHMENT, SELF-REGULATION, AND COMPETENCE; AND TRAUMA-FOCUSED COGNITIVE-BEHAVIORAL THERAPY. YEARS 1 AND 5 WILL SERVE 90 CHILDREN, AND YEARS 2, 3 AND 4 WE WILL SERVE 125 CHILDREN FOR A TOTAL OF 555 CHILDREN.   THIRD, THE PROJECT WILL INCREASE CAPACITY FOR AGENCIES THROUGHOUT UTAH SERVING CHILDREN BIRTH TO 6 YEARS TO PROVIDE ACCESS TO TRAUMA-INFORMED TREATMENT WITHIN THEIR OWN COMMUNITIES. PROVIDERS IN UTAH VARY WIDELY IN THEIR KNOWLEDGE, SKILL, AND RESOURCES RELATED TO TRAUMA-INFORMED INFANT/EARLY CHILDHOOD MENTAL HEALTH. TCC WILL PROVIDE TECHNICAL ASSISTANCE TO CROSS-SECTOR CHILD-SERVING AGENCIES IDENTIFIED IN THIS GRANT (I.E., HEAD START, EARLY INTERVENTION, CHILD CARE, HEALTHCARE, AND OTHERS) TO DEVELOP PROCESSES FOR REFERRING CHILDREN FOR TRAUMA TREATMENT. TCC WILL ALSO FACILITATE CROSS-SECTOR COLLABORATION AMONG EARLY CHILDHOOD PROVIDERS THROUGH TRAUMA-INFORMED CARE COORDINATION. TCC WILL PROVIDE TRAUMA-FOCUSED CONSULTATION TO MENTAL HEALTH PROVIDERS THROUGHOUT UTAH TO INCREASE THEIR CAPACITY TO PROVIDE TRAUMA-INFORMED TREATMENT TO CHILDREN BIRTH TO 6 YEARS. IN THIS MULTI-YEAR PROJECT, TCC WILL UTILIZE AN ADAPTABLE APPROACH TO MEET THE DIVERSE NEEDS OF CHILD-SERVING AGENCIES IN COMMUNITIES THROUGHOUT UTAH.",1999994,1599994,1258812.45,741181.55,2026-01-14,TAGGS,2026-01-15,N/A,2022-09-30,2027-09-29,Center for Mental Health Services,93.243,SUBSTANCE ABUSE AND MENTAL HEALTH SERVICES PROJECTS OF REGIONAL AND NATIONAL SIGNIFICANCE,SM-21-010,"National Child Traumatic Stress Initiative – Category III, Community Treatment and Service (CTS) C…",https://www.samhsa.gov/grants/grant-announcements/sm-21-010,THE CHILDREN'S CENTER UTAH,UT,SALT LAKE CITY,UT-04,Other Social Services Organization,https://taggs.hhs.gov/Detail/AwardDetail?arg_AwardNum=H79SM084809&arg_ProgOfficeCode=80,https://www.usaspending.gov/award/ASST_NON_H79SM084809_075/
SM084811,Restored,Reinstated (confirmed),Nebraska Native Child & Adolescent Traumatic Stress Initiative,"NEBRASKA NATIVE CHILD & ADOLESCENT TRAUMATIC STRESS INITIATIVE - SUMMARY: THE NEBRASKA NATIVE CHILD AND ADOLESCENT TRAUMATIC STRESS INITIATIVE WILL BE AN INTERTRIBAL EFFORT SERVING AMERICAN INDIAN CHILDREN AND ADOLESCENTS, AND THEIR FAMILIES, FROM RURAL/FRONTIER AND RESERVATIONS THROUGHOUT NEBRASKA. THE PURPOSE OF THE PROJECT IS TO PROVIDE EVIDENCE-BASED TRAUMA-FOCUSED MENTAL DISORDER TREATMENT AND SERVICES FOR DIVERSE AND AT-RISK CHILDREN AND ADOLESCENTS IN OUTPATIENT, HOME-BASED OR RESIDENTIAL SETTINGS.   DEMOGRAPHICS AND CLINICAL CHARACTERISTICS: THERE ARE 13,459 CHILDREN AND ADOLESCENTS BETWEEN THE AGES OF 0-19 (41% OF THE TOTAL NATIVE AMERICAN POPULATION IN NEBRASKA), WITH GENDER DIVIDED UP AS 52% MALES AND 48% FEMALE. ONE OUT OF THREE AMERICAN INDIAN CHILDREN IN NEBRASKA LIVE IN POVERTY COMPARED TO ONE OUT OF TEN WHITE CHILDREN. NATIVE AMERICANS BETWEEN THE AGES OF 10-19 EXPERIENCE THE HIGHEST RATE OF SUICIDE OF ANY POPULATION IN NEBRASKA, 2.4 TIMES HIGHER WHEN COMPARED TO THE SAME AGE GROUP IN THE WHOLE STATE (VOICES FOR CHILDREN, 2019). THURSTON COUNTY, WHERE 25% OF THE TOTAL NATIVE AMERICAN POPULATION RESIDES IN NEBRASKA, SHOWS THE HIGHEST SUICIDE RATE AMONG ALL COUNTIES IN NEBRASKA (UNIVERSITY OF NEBRASKA, 2015).  STRATEGIES?INTERVENTIONS: 1) ESTABLISH EVIDENCE-BASED TRAUMA-FOCUSED MENTAL DISORDER TREATMENT AND SERVICES (INCLUDING SCREENING, ASSESSMENT, CARE MANAGEMENT, THERAPY, AND PREVENTION). 2) DEVELOP OUTREACH AND ENGAGEMENT STRATEGIES TO INCREASE PARTICIPATION FROM THE POPULATION OF FOCUS. 3) DELIVER PSYCHOEDUCATION RELATED ON BEHAVIORAL HEALTH AND SUICIDE PREVENTION SIGNS AND SYMPTOMS.  GOALS AND MEASURABLE OBJECTIVES: GOAL 1: PROVIDE DIRECT EVIDENCE-BASED TRAUMA-FOCUSED MENTAL DISORDER TREATMENT AND SERVICES TO THE POPULATION OF FOCUS. OBJECTIVE 1.1: PROVIDE CULTURALLY AND LINGUISTICALLY APPROPRIATE MENTAL HEALTH SERVICES TO 150 CHILDREN AND ADOLESCENTS (19 YEARS OLD AND YOUNGER) AFFECTED BY TRAUMATIC EVENTS. GOAL 2: FACILITATE OUTREACH AND OTHER ENGAGEMENT STRATEGIES TO INCREASE PARTICIPATION IN, AND ACCESS TO, TRAUMA TREATMENT AND SERVICES. OBJECTIVE 2.1: COLLABORATIVELY WITH FAMILIES AND COMMUNITY SUPPORT SYSTEMS, PLAN AND IMPLEMENT THREE PARENTING GUIDANCE EVENTS IN EACH COMMUNITY ANNUALLY. GOAL 3: LEVERAGE SERVICES TO POPULATIONS OF CHILD-SERVING SERVICE SYSTEMS, SUCH AS CHILD WELFARE, CHILD PROTECTIVE SERVICES, LAW ENFORCEMENT AND COURTS, AND THE JUVENILE JUSTICE SYSTEM. OBJECTIVE 3.1: PARTNER WITH THREE CHILD AND JUVENILE DEVELOPMENT SOCIAL SERVICES AVAILABLE ACROSS TRIBAL COMMUNITIES IN NEBRASKA AT THE END OF YEAR 1 OF THE PROJECT; AND GOAL 4: COLLABORATE WITH NCTSI (PART B). OBJECTIVE 4.1: CONTACT AT LEAST THREE NCTSI CENTERS FOCUSING ON NATIVE AMERICAN POPULATIONS SUCH AS THE UNIVERSITY OF MINNESOTA AND THE UNIVERSITY OF MONTANA, FOR FURTHER COLLABORATION AND LEARNING THROUGHOUT THE LIFE OF THE PROJECT. NUMBER OF PEOPLE TO BE SERVED: 250 CHILDREN AND ADOLESCENTS WILL BE SERVED ANNUALLY. IT IS EXPECTED OVER 1,250 PEOPLE WILL BE SERVED THROUGHOUT THE LIFETIME OF THE PROJECT.",2000000,2000000,1533830.14,466169.8600000001,2026-01-14,TAGGS,2026-01-15,N/A,2021-09-30,2026-09-29,Center for Mental Health Services,93.243,SUBSTANCE ABUSE AND MENTAL HEALTH SERVICES PROJECTS OF REGIONAL AND NATIONAL SIGNIFICANCE,SM-21-010,"National Child Traumatic Stress Initiative – Category III, Community Treatment and Service (CTS) C…",https://www.samhsa.gov/grants/grant-announcements/sm-21-010,SANTEE SIOUX TRIBE OF NEBRASKA,NE,NIOBRARA,NE-03,Indian Tribal Council,https://taggs.hhs.gov/Detail/AwardDetail?arg_AwardNum=H79SM084811&arg_ProgOfficeCode=80,https://www.usaspending.gov/award/ASST_NON_H79SM084811_075/
SM084812,Restored,Reinstated (confirmed),Centerstone Trauma Treatment and Training (CT3)- Tennessee,"CENTERSTONE TRAUMA TREATMENT AND TRAINING (CT3)- TENNESSEE - CENTERSTONE TRAUMA TREATMENT AND TRAINING (CT3) WILL INCREASE CAPACITY FOR AND ACCESS TO TRAUMA-FOCUSED TREATMENT AND SERVICES IN 8 COUNTIES (CHEATHAM, DICKSON, HOUSTON, HUMPHREYS, MONTGOMERY, AND STEWART, TENNESSEE; CHRISTIAN AND TRIGG, KENTUCKY) FOR 400 CHILDREN/ADOLESCENTS AND THEIR FAMILIES WHO EXPERIENCE TRAUMATIC EVENTS, PARTICULARLY CHILDREN OF ACTIVE DUTY MILITARY AND VETERAN FAMILIES, INCLUDING THOSE IN RURAL AREAS (YR. 1: 60; YRS. 2-5: 85, ANNUALLY).    THE FOCUS POPULATION WILL INCLUDE CHILDREN/ADOLESCENTS FROM AMONG AN ESTIMATED 21,000 ACTIVE DUTY MILITARY FAMILIES AND 18,000 VETERAN HOUSEHOLDS IN THE AREA. FOCUS POPULATION DEMOGRAPHICS ARE EXPECTED TO MIRROR THOSE OF THE CATCHMENT AREA, WITH 52% MALE, 48% FEMALE, 71% WHITE, 19% AFRICAN AMERICAN, 9% HISPANIC/LATINO, AND 42.5% RURAL CHILDREN/ADOLESCENTS. CONSISTENT WITH TENNESSEE YOUTHS' CLINICAL CHARACTERISTICS, ROUGHLY 12,600 (17%) AREA CHILDREN WILL EXPERIENCE 2+ ADVERSE CHILDHOOD EXPERIENCES (VS. 15% NATIONALLY). APPROXIMATELY 13,800 AREA CHILDREN ARE EXPECTED TO EXPERIENCE A SERIOUS EMOTIONAL DISTURBANCE DUE TO TRAUMA, AND 4,000 YOUTH ARE EXPECTED TO HAVE A SUBSTANCE USE DISORDER. TRAUMA RISK FACTORS AMONG AREA CHILDREN INCLUDE FOOD INSECURITY AMONG AN ESTIMATED 21,000+; LACK OF INSURANCE AMONG 10,500; AND CHRONIC ABSENTEEISM AMONG 8,500 K-12 STUDENTS. NEARLY HALF (45%) OF CATCHMENT AREA CHILDREN OF VETERANS WILL EXPERIENCE TRAUMA RELATED TO PARENTAL POST-TRAUMATIC STRESS DISORDER.    CT3’S STRATEGIES INCLUDE DEVELOPING/MAINTAINING LOCAL CAPACITY TO IMPLEMENT TRAUMA-INFORMED PRACTICES AND PROVIDE EVIDENCE-BASED/INFORMED TRAUMA TREATMENT INTERVENTIONS APPROPRIATE TO THE FOCUS POPULATION. CT3 WILL IMPLEMENT EVIDENCE-BASED/INFORMED ASSESSMENT-BASED TREATMENT FOR TRAUMATIZED CHILDREN: TRAUMA ASSESSMENT PATHWAY (TAP), TRAUMA-FOCUSED COGNITIVE BEHAVIORAL THERAPY (TF-CBT), PARENT-CHILD INTERACTION THERAPY (PCIT), CHILD-PARENT PSYCHOTHERAPY (CPP), AND DIMENSIONS TOBACCO FREE PROGRAM TREATMENT MODELS, AS WELL AS YOUTH MENTAL HEALTH FIRST AID (YMHFA) AND NURTURING PARENTING TRAINING/EDUCATION. SERVICES/STRATEGIES INCLUDE DIRECT TRAUMA/TREATMENT SERVICES, THERAPY, CARE MANAGEMENT, PROFESSIONAL TRAINING AND COMMUNITY EDUCATION, OUTREACH/ENGAGEMENT, SCREENING AND ASSESSMENT, AND LINKAGES TO SUPPORTS/SERVICES. PROJECT GOALS INCLUDE: 1) ESTABLISH A COMMUNITY-BASED, CULTURALLY COMPETENT PROGRAM TO PROVIDE AND INCREASE ACCESS TO TRAUMA-FOCUSED TREATMENT/SERVICES; 2) DEVELOP INFRASTRUCTURE AND COMMUNITY CAPACITY TO IMPLEMENT SERVICES; 3) IMPROVE THE HEALTH STATUS AND OUTCOMES FOR YOUNG CHILDREN (AGES 0-9) AND CHILDREN/ADOLESCENTS (AGES 10-17); AND 4) DEVELOP/DISSEMINATE A REPLICABLE SERVICE MODEL. MEASURABLE OBJECTIVES INCLUDE: DECREASED BEHAVIORAL HEALTH CONCERNS AND IMPROVED SOCIAL/EMOTIONAL FUNCTIONING FOR CHILDREN AGES 0-9; DECREASED RISK FACTORS AND MENTAL HEALTH SYMPTOMATOLOGY RELATED TO TRAUMA, REDUCED 30-DAY CRIMINAL/JUVENILE JUSTICE INVOLVEMENT AMONG CLIENTS INVOLVED IN THE CRIMINAL/JUVENILE JUSTICE SYSTEM, AND INCREASED PSYCHOSOCIAL WELLBEING, QUALITY OF LIFE, AND PROTECTIVE FACTORS FOR ADOLESCENTS AGES 10-17; AND IMPROVED FAMILY FUNCTIONING, INCREASED ACCESS TO TRAUMA-FOCUSED TREATMENT, AND 80% PARTICIPANT RETENTION RATE FOR ALL CLIENTS. CT3 HAS SECURED COMMITMENTS FROM PARTNERS DEDICATED TO THE PROJECT’S SUCCESS, AND WILL COLLABORATE WITH CHILD WELFARE ORGANIZATIONS, VETERAN-SERVING ORGANIZATIONS, LAW ENFORCEMENT, GOVERNMENT, AND OTHER PROVIDER/SOCIAL SERVICE AGENCIES.",2000000,2000000,1627102.52,372897.48,2026-01-14,TAGGS,2026-01-15,N/A,2021-09-30,2026-09-29,Center for Mental Health Services,93.243,SUBSTANCE ABUSE AND MENTAL HEALTH SERVICES PROJECTS OF REGIONAL AND NATIONAL SIGNIFICANCE,SM-21-010,"National Child Traumatic Stress Initiative – Category III, Community Treatment and Service (CTS) C…",https://www.samhsa.gov/grants/grant-announcements/sm-21-010,"CENTERSTONE OF TENNESSEE, INC.",TN,NASHVILLE,TN-05,Hospital,https://taggs.hhs.gov/Detail/AwardDetail?arg_AwardNum=H79SM084812&arg_ProgOfficeCode=80,https://www.usaspending.gov/award/ASST_NON_H79SM084812_075/
SM084814,Restored,Reinstated (confirmed),Trauma-Informed Care for Very Young Children Project (TIC-YC),"TRAUMA-INFORMED CARE FOR VERY YOUNG CHILDREN PROJECT (TIC-YC) - PENFIELD CHILDREN’S CENTER (PCC) WILL USE SAMHSA FUNDING TO PROVIDE EVIDENCE-BASED HOME-BASED TRAUMA-FOCUSED TREATMENT IN MILWAUKEE COUNTY, WI, AS WELL AS EXPAND SERVICES TO NEIGHBORING WAUKESHA COUNTY, FOR CHILDREN, AGES 0 TO 6, WHO HAVE BEEN EXPOSED TO (EXPERIENCED OR WITNESSED) POTENTIALLY TRAUMATIC EVENTS AND HAVE TRAUMA SYMPTOMS. A TOTAL OF 1,625 CHILDREN AND THEIR FAMILIES WILL BE SERVED ( 275 IN YEAR 1, 300 IN YEAR 2, AND 350 IN EACH OF YEARS 3-5).   THE EBP, EARLY PATHWAYS (EP), WAS DEVELOPED SPECIFICALLY AT PCC TO TREAT VERY YOUNG CHILDREN EXPOSED TO TRAUMA BY MARQUETTE UNIVERSITY (MU) FACULTY. THE SUCCESS OF THIS HOME-BASED APPROACH FOR THIS POPULATION HAS BEEN WELL-DOCUMENTED IN MULTIPLE STUDIES, INCLUDING FOUR RANDOMIZED CONTROLLED TRIALS (RCTS) DOCUMENTING EFFECTIVENESS FOR REDUCING DISRUPTIVE BEHAVIOR DISORDERS AND EXTERNALIZING/ANTISOCIAL BEHAVIORS, IMPROVING THE FAMILY-CHILD RELATIONSHIP, IMPROVING GENERAL FUNCTIONING AND WELL-BEING, IMPROVING SOCIAL FUNCTIONING/COMPETENCE, REDUCING UNSPECIFIED AND OTHER MENTAL HEALTH DISORDERS, AND IMPROVING PARENTING BEHAVIORS. TRAINING AND PROJECT EVALUATION WILL BE LED BY MU’S ALAN BURKARD, PH.D., PROFESSOR OF COUNSELING PSYCHOLOGY. IMPACT PLANNING AND EVALUATION, WHICH HAS CONDUCTED PROGRAM EVALUATIONS FOR 30 FEDERAL GRANTS (25 SAMHSA), WILL PROVIDE CONSULTATION ON COLLECTION OF CMHS NOMS DATA AND IMPLEMENT THE PROCESS EVALUATION. PROJECT OBJECTIVES ARE (1) PROVIDE THE EBP TRAUMA-INFORMED EARLY PATHWAYS PROGRAM TO CHILDREN, 0-6 BEGINNING MONTH 2; (2) PROVIDE EP IN WAUKESHA COUNTY BY MONTH 4; (3) ENROLL 1,625 CHILDREN 0-6 YEARS OF AGE OVER THE 5-YEAR GRANT PERIOD; (4) 75% OF PARENT/CAREGIVERS (P/CGS) WHO COMPLETE TREATMENT WILL IMPROVE ADHERENCE TO EP PROGRAM OVER THE COURSE OF ENROLLMENT; (5) 90% OF P/CGS WILL REPORT HIGH RATES OF SATISFACTION WITH THE EP PROGRAM AND RELATED SERVICES PROVIDED; (6) TARGET CHILDREN WILL DEMONSTRATE A STATISTICALLY AND CLINICALLY SIGNIFICANT (S&CS) PRE-POST REDUCTION OF BEHAVIOR PROBLEMS; (7) TARGET CHILDREN WILL DEMONSTRATE A S&CS PRE-POST INCREASE IN PROSOCIAL BEHAVIOR; (8) TARGET CHILDREN WILL DEMONSTRATE A S&CS PRE-POST REDUCTION OF TRAUMA SYMPTOMS; AND (9) TARGET CHILDREN WILL DEMONSTRATE A S&CS PRE-POST IMPROVEMENT IN CHILD-P/CG INTERACTIONS.",2000000,2000000,1678683.1500000001,321316.84999999986,2026-01-14,TAGGS,2026-01-15,N/A,2021-09-30,2026-09-29,Center for Mental Health Services,93.243,SUBSTANCE ABUSE AND MENTAL HEALTH SERVICES PROJECTS OF REGIONAL AND NATIONAL SIGNIFICANCE,SM-21-010,"National Child Traumatic Stress Initiative – Category III, Community Treatment and Service (CTS) C…",https://www.samhsa.gov/grants/grant-announcements/sm-21-010,PENFIELD CHILDRENS CENTER,WI,MILWAUKEE,WI-04,Other Special Interest Organization,https://taggs.hhs.gov/Detail/AwardDetail?arg_AwardNum=H79SM084814&arg_ProgOfficeCode=80,https://www.usaspending.gov/award/ASST_NON_H79SM084814_075/
SM084817,Restored,Reinstated (confirmed),"Hope, Healing and Resiliency Project (HHR): Meeting the needs of children who have experienced trauma and their adult family members and caregivers.","HOPE, HEALING AND RESILIENCY PROJECT (HHR): MEETING THE NEEDS OF CHILDREN WHO HAVE EXPERIENCED TRAUMA AND THEIR ADULT FAMILY MEMBERS AND CAREGIVERS. - THE GOAL OF THE CHILDREN’S SHELTER HOPE, HEALING, AND RESILIENCY PROJECT IS TO HELP CHILDREN AND FAMILIES HEAL FROM TRAUMA BY PROVIDING TRAUMA-INFORMED, EVIDENCE-BASED MENTAL HEALTH SERVICES TO CHILDREN WHO ARE IN OR AT RISK OF ENTERING THE CHILD WELFARE SYSTEM AND THEIR ADULT CAREGIVERS. THE PROJECT WILL PROVIDE DIRECT SERVICES OVER FIVE YEARS TO 1,300 PEOPLE WHO LIVE IN FIVE COUNTIES WITHIN THE SAN ANTONIO, TX METROPOLITAN AREA.   THE HOPE, HEALING, AND RESILIENCY PROJECT WILL SERVE FOUR POPULATIONS OF FOCUS: 1) CHILDREN AND YOUTH AGES 0 – 23 WHO ARE IN THE CHILD WELFARE SYSTEM AND HAVE EXPERIENCED TRAUMA; 2) FAMILY MEMBERS OR CAREGIVERS OF CHILDREN WHO ARE IN THE CHILD WELFARE SYSTEM AND WHO ARE IDENTIFIED AS NEEDING TRAUMA-INFORMED SERVICES IN ORDER TO SUPPORT THE WELL-BEING OF CHILDREN IN THEIR CARE; 3) CHILDREN AGES 0 – 18 WHO ARE AT RISK OF ENTERING THE CHILD WELFARE SYSTEM AND WHO HAVE EXPERIENCED TRAUMA; AND 4) ADULT FAMILY MEMBERS OR CAREGIVERS OF CHILDREN WHO ARE AT RISK OF ENTERING THE CHILD WELFARE SYSTEM AND WHO ARE IDENTIFIED AS NEEDING TRAUMA-INFORMED SERVICES IN ORDER TO SUPPORT THE CHILDREN IN THEIR CARE, AND REDUCE THE LIKELIHOOD THAT THEY WILL ENTER THE CHILD WELFARE SYSTEM. ALL MEMBERS OF THESE POPULATIONS WHO RESIDE IN THE FIVE COUNTIES IN THE GEOGRAPHIC CATCHMENT AREA (BEXAR, COMAL, GUADALUPE, ATASCOSA, AND MEDINA) WILL BE OFFERED THE OPPORTUNITY TO BE ASSESSED FOR THEIR MENTAL HEALTH SERVICE NEEDS, TO DETERMINE IF THE DIRECT SERVICES THAT WILL BE OFFERED THROUGH THE PROJECT HAVE THE POTENTIAL FOR IMPROVING THEIR WELL-BEING. IF THE ASSESSMENTS INDICATE THAT A CHILD OR FAMILY MEMBER MIGHT BENEFIT FROM THE SERVICES AVAILABLE THROUGH THE PROJECT, PROJECT STAFF MEMBERS, INCLUDING THERAPISTS TRAINED IN THE DELIVERY OF MENTAL HEALTH SERVICES, WILL DEVELOP INITIAL TREATMENT/SERVICE PLANS FOR EACH PARTICIPANT. SERVICES AND TREATMENT PLANS WILL INCORPORATE SPECIAL NEEDS OF SUBPOPULATIONS, INCLUDING CHILDREN WHO ARE AFRICAN AMERICAN, HISPANIC, AND LGBTQ. THE EVIDENCE-BASED, TRAUMA-INFORMED SERVICES THAT STAFF WILL BE TRAINED TO PROVIDE INCLUDE: TRUST-BASED RELATIONAL INTERVENTION®, TRAUMA-FOCUSED COGNITIVE BEHAVIORAL THERAPY, PARENT-CHILD INTERACTIVE THERAPY, AND EYE-MOVEMENT DESENSITIZATION AND REPROCESSING.   PROJECT GOALS INCLUDE INCREASING THE CAPACITY TO PROVIDE TRAUMA-INFORMED CARE SERVICES TO CHILDREN AND FAMILIES IN THE GEOGRAPHIC CATCHMENT AREA BY HIRING NEW STAFF MEMBERS AND ENSURING THEY ARE TRAINED IN THE USE OF RELEVANT ASSESSMENTS AND IN THE DELIVERY OF TRAUMA-INFORMED SERVICES THAT WILL BENEFIT EACH INDIVIDUAL PARTICIPANT. MEASURABLE OBJECTIVES FOR UNDUPLICATED INDIVIDUALS SERVED ARE: YEAR 1: 175, YEAR 2: 225, YEAR 3: 300, YEAR 4: 300, YEAR 5: 300, FOR A TOTAL OF 1,300 INDIVIDUALS OVER THE FIVE YEARS OF THE PROJECT. MEASURABLE OBJECTIVES FOR OUTCOMES INCLUDE ACHIEVING IMPROVEMENTS IN FUNCTIONING OVER THE COURSE OF TREATMENT FOR 80% OF CHILDREN AND ADULTS SERVED. THE PROJECT INCORPORATES QUALITY DATA COLLECTION, CONTINUOUS QUALITY IMPROVEMENT PROCESSES, AND COMPREHENSIVE PERIODIC REPORTS AND EVALUATIONS.",2000000,2000000,1596555.55,403444.44999999995,2026-01-14,TAGGS,2026-01-15,N/A,2021-09-30,2026-09-29,Center for Mental Health Services,93.243,SUBSTANCE ABUSE AND MENTAL HEALTH SERVICES PROJECTS OF REGIONAL AND NATIONAL SIGNIFICANCE,SM-21-010,"National Child Traumatic Stress Initiative – Category III, Community Treatment and Service (CTS) C…",https://www.samhsa.gov/grants/grant-announcements/sm-21-010,THE CHILDREN'S SHELTER,TX,SAN ANTONIO,TX-20,Other Social Services Organization,https://taggs.hhs.gov/Detail/AwardDetail?arg_AwardNum=H79SM084817&arg_ProgOfficeCode=80,https://www.usaspending.gov/award/ASST_NON_H79SM084817_075/
SM084820,Restored,Reinstated (confirmed),STRONGER (Supporting Trauma Recovery Opportunities & Nurturing Growing Emotional Resilience),"STRONGER (SUPPORTING TRAUMA RECOVERY OPPORTUNITIES & NURTURING GROWING EMOTIONAL RESILIENCE) - PROJECT STRONGER WILL SUPPORT CHILDREN AND FAMILIES IN THE GREATER ROCHESTER, NY AREA, INCLUDING MONROE, LIVINGSTON, ONTARIO, ORLEANS, AND WAYNE COUNTIES WHO HAVE BEEN EXPOSED TO AND IMPACTED BY TRAUMA, ESPECIALLY THOSE CHILDREN EXPOSED TO CHILD MALTREATMENT, INTERPERSONAL, AND COMMUNITY VIOLENCE. STRONGER WILL PROVIDE SERVICES FOR UNACCOMPANIED REFUGEE, IMMIGRANT, AND INTERNATIONAL CHILDREN IN OUR COMMUNITY, WHO MAY EXPERIENCE SYMPTOMS OF TRAUMATIC STRESS STEMMING FROM THEIR EXPERIENCES. TRAUMA-INFORMED MENTAL HEALTH SERVICES WILL BE AVAILABLE FOR MILITARY-AFFILIATED CHILDREN AND FAMILIES, AIDED BY THE ADDITIONAL TELEHEALTH SERVICE DELIVERY PLATFORM. STRONGER WAS DESIGNED TO ENHANCE THE AVAILABILITY OF CULTURALLY-INFORMED EVIDENCE-BASED TRAUMA TREATMENT SERVICES FOR CHILDREN AND FAMILIES WHO MIGHT BE STRUGGLING WITH THE IMPACT OF TRAUMA EXPOSURE, SUCH AS RELATIONAL, DEVELOPMENTAL, AND MENTAL HEALTH CHALLENGES.  ADDRESSING THE REALITY OF HEALTH CARE DISPARITIES, AND OFTEN LIMITED ACCESS TO APPROPRIATE AND SENSITIVE CARE, ESPECIALLY DURING THE PANDEMIC, STRONGER WILL PARTNER WITH LOCAL CHILD-SERVING COMMUNITY SYSTEMS SUCH AS CHILD WELFARE, MENTAL HEALTH, EARLY CHILDHOOD SERVICES, REFUGEE AND INTERNATIONAL SUPPORTS, SCHOOL DISTRICTS, AND MILITARY-AFFILIATED ORGANIZATIONS OVER THE COURSE OF THE PROJECT, TO IDENTIFY CHILDREN EXPOSED TO TRAUMA IN NEED OF TREATMENT AND LINK WITH OUR SERVICES. STAFF WILL UTILIZE EXTENSIVE OUTREACH AND OTHER ENGAGEMENT STRATEGIES TO COMBAT STIGMA ASSOCIATED WITH MENTAL HEALTH TREATMENT, AND COMMIT TO PROVISION OF CARE THAT INCLUDES THOROUGH ASSESSMENT, CARE MANAGEMENT, AND EVIDENCE-BASED THERAPY. IF FUNDED, THIS GRANT WILL CONTINUE MT. HOPE FAMILY CENTER'S MEMBERSHIP WITHIN THE NATIONAL CHILD TRAUMATIC STRESS NETWORK (NCSN). THROUGH STRONGER, APPROXIMATELY 150 CHILDREN AND CAREGIVERS WILL RECEIVE SERVICES ANNUALLY, FOR A TOTAL OF 750 INDIVIDUALS BEING SERVED OVER THE FIVE-YEAR PROJECT. WE WILL OFFER CHILD-PARENT PSYCHOTHERAPY (CPP), TRAUMA-FOCUSED COGNITIVE BEHAVIORAL THERAPY (TF-CBT), INTERPERSONAL PSYCHOTHERAPY FOR ADOLESCENTS (IPT-A), TUNING INTO KIDS-TEENS (TIK-T), AND TRAUMA SYSTEMS THERAPY FOR REFUGEES (TST-R) FOR CHILDREN AND CAREGIVERS DEPENDING ON DEVELOPMENTAL LEVELS AND NEEDS. STRONGER WILL DRAW ON THE RESOURCES GENERATED THROUGH NCTSN AND SAMHSA, TO PROVIDE PSYCHOEDUCATION AND ONGOING DIALOGUE REGARDING TRAUMA-INFORMED CARE WITH COMMUNITY PARTNERS AND REFERRAL SOURCES. STRONGER WILL COLLABORATE WITH NCTSI-CATEGORY II TREATMENT AND SERVICE ADAPTATION CENTERS TO DEVELOP, ADVANCE, OR ADAPT TRAUMA-INFORMED INTERVENTIONS. STRONGER BUILDS ON EXISTING COLLABORATIVE EFFORTS OF A MULTIDISCIPLINARY TEAM OF COMMUNITY STAKEHOLDERS, INCLUDING A COMMUNITY ADVISORY BOARD AND DIVERSITY, EQUITY, AND INCLUSION TEAM WORKING TO IMPROVE THE LIVES OF CHILDREN AND FAMILIES EXPOSED TO TRAUMA.",1982393,1584925,1199966.2999999998,782426.7000000002,2026-01-14,TAGGS,2026-01-15,N/A,2022-09-30,2027-09-29,Center for Mental Health Services,93.243,SUBSTANCE ABUSE AND MENTAL HEALTH SERVICES PROJECTS OF REGIONAL AND NATIONAL SIGNIFICANCE,SM-21-010,"National Child Traumatic Stress Initiative – Category III, Community Treatment and Service (CTS) C…",https://www.samhsa.gov/grants/grant-announcements/sm-21-010,UNIVERSITY OF ROCHESTER,NY,ROCHESTER,NY-25,"Junior College, College & University",https://taggs.hhs.gov/Detail/AwardDetail?arg_AwardNum=H79SM084820&arg_ProgOfficeCode=80,https://www.usaspending.gov/award/ASST_NON_H79SM084820_075/
SM084821,Restored,Reinstated (confirmed),"Project REACH: Responsive, Equitable, Accessible, and Child-Focused Trauma Services","PROJECT REACH: RESPONSIVE, EQUITABLE, ACCESSIBLE, AND CHILD-FOCUSED TRAUMA SERVICES - THE CENTER FOR CHILD & FAMILY HEALTH'S (CCFH) PROJECT REACH: RESPONSIVE, EQUITABLE, ACCESSIBLE, AND CHILD-FOCUSED TRAUMA SERVICES WILL INCREASE ACCESS TO AND IMPROVE THE QUALITY OF TRAUMA-FOCUSED TREATMENTS AND SERVICES FOR CHILDREN, ADOLESCENTS, AND THEIR FAMILIES WHO EXPERIENCE TRAUMATIC EVENTS, INCLUDING NATURAL AND MAN-MADE TECHNOLOGICAL DISASTERS, TO IMPROVE CHILD, FAMILY, AND SYSTEM OUTCOMES AND ADDRESS RACIAL AND ETHNIC BEHAVIORAL HEALTH DISPARITIES. PROJECT REACH WILL TARGET YOUTH FROM BIRTH TO 18 AND THEIR FAMILIES WHO ARE AFFECTED BY TRAUMA AND PSYCHOSOCIAL ADVERSITY, ESPECIALLY THOSE AT RISK FOR NEGATIVE SEQUALAE OF TRAUMA EXPOSURE INCLUDING AFRICAN AMERICAN AND LATINX CHILDREN AND THOSE INVOLVED IN THE CHILD WELFARE SYSTEM. MANY OF THESE CHILDREN PRESENT WITH MULTIPLE TRAUMA EXPOSURES, CHRONIC ADVERSITIES, AND SEVERE POSTTRAUMATIC STRESS SYMPTOMS THAT INTERFERE WITH THEIR MENTAL HEALTH AND OTHER DOMAINS OF FUNCTIONING (E.G., HEALTH, SCHOOL PERFORMANCE, FAMILY COHESION, AND STABILITY). PROJECT REACH WILL (1) INCREASE PARTICIPATION AND ACCESS TO TRAUMA TREATMENT AND PREVENTION SERVICES FOR CHILDREN AND ADOLESCENTS AND THEIR FAMILIES THROUGH CONDUCTING OUTREACH, PROVIDING ACUTE PREVENTION RESPONSE TO TRAUMATIC EVENTS, AND REDUCING RACIAL DISPARITY IN PERCEPTION OF CARE; (2) INCREASE CCFH'S CAPACITY TO PROVIDE A COMPREHENSIVE ARRAY OF DIRECT OUTPATIENT TRAUMA-INFORMED EVIDENCE-BASED PRACTICES (I.E., CHILD PARENT PSYCHOTHERAPY, MULTIDIMENSIONAL GRIEF THERAPY, PARENT CHILD INTERACTION THERAPY, STRUCTURED PSYCHOTHERAPY FOR ADOLESCENTS RESPONDING TO CHRONIC STRESS, TRAUMA FOCUSED-COGNITIVE BEHAVIORAL THERAPY) TO REDUCE TRAUMA AND MENTAL HEALTH SYMPTOMS OF CHILDREN AND ADOLESCENTS AND THEIR FAMILIES; (3) INCREASE ACCESS OF OUR CHILD WELFARE SYSTEM TO TRAUMA-INFORMED SERVICES BY IMPLEMENTING AND DISSEMINATING THE NATIONAL CHILD TRAUMATIC STRESS NETWORK'S CARING FOR CHILDREN WHO HAVE EXPERIENCED TRAUMA (A.K.A., RESOURCE PARENT CURRICULUM [RPC]); (4) DEVELOP, ADAPT, AND ADVANCE INTERVENTIONS WITH NATIONAL CHILD TRAUMATIC STRESS INITIATIVE (NCSTI) FUNDED CENTERS TO IMPROVE OUTCOMES FOR TRAUMATIZED CHILDREN AND ADOLESCENTS THROUGH PARTICIPATION ON NATIONAL CHILD TRAUMATIC STRESS NETWORK (NCTSN) COMMITTEES, DEVELOPING RESOURCES TO ADDRESS WORKFORCE STRESS, AND FACILITATING THE CORE CURRICULUM ON CHILDHOOD TRAUMA; AND (5) INCREASE THE CAPACITY OF SAMHSA AND THE NCTSN TO EVALUATE THE EFFECTIVENESS OF THE NCTSI. TAKEN TOGETHER, THESE PROJECT REACH ACTIVITIES WILL BENEFIT APPROXIMATELY 604 UNDUPLICATED CHILDREN AND CAREGIVERS ANNUALLY, FOR A TOTAL OF 3,020 INDIVIDUALS OVER THE COURSE OF THE PROJECT.",1997660,1997660,1542716.52,454943.48,2026-01-14,TAGGS,2026-01-15,N/A,2021-09-30,2026-09-29,Center for Mental Health Services,93.243,SUBSTANCE ABUSE AND MENTAL HEALTH SERVICES PROJECTS OF REGIONAL AND NATIONAL SIGNIFICANCE,SM-21-010,"National Child Traumatic Stress Initiative – Category III, Community Treatment and Service (CTS) C…",https://www.samhsa.gov/grants/grant-announcements/sm-21-010,CENTER FOR CHILD & FAMILY HEALTH INC,NC,DURHAM,NC-04,Other Social Services Organization,https://taggs.hhs.gov/Detail/AwardDetail?arg_AwardNum=H79SM084821&arg_ProgOfficeCode=80,https://www.usaspending.gov/award/ASST_NON_H79SM084821_075/
SM084826,Restored,Reinstated (confirmed),Family Service and Communities in Schools-San Antonio seek to increase the availability of trauma-informed treatment and care for children and youth who have experienced multiple ACEs.,"FAMILY SERVICE AND COMMUNITIES IN SCHOOLS-SAN ANTONIO SEEK TO INCREASE THE AVAILABILITY OF TRAUMA-INFORMED TREATMENT AND CARE FOR CHILDREN AND YOUTH WHO HAVE EXPERIENCED MULTIPLE ACES. - SUMMARY: FAMILY SERVICE ASSOCIATION OF SAN ANTONIO, INC. AND COMMUNITIES IN SCHOOLS-SAN ANTONIO SEEK TO INCREASE THE AVAILABILITY OF TRAUMA-INFORMED TREATMENT AND CARE FOR CHILDREN AND YOUTH WHO HAVE EXPERIENCED MULTIPLE ADVERSE CHILDHOOD EXPERIENCES. PRIMARY SERVICE MODALITIES WILL INCLUDE SCHOOL-BASED MENTAL HEALTH TREATMENT, PARENTING SUPPORT AND EDUCATION, AND BUILD OUT OF THIS COMMUNITY’S TRAUMA-FOCUSED CONTINUUM OF CARE FOR CHILDREN AND YOUTH.   PROJECT NAME: SAN ANTONIO MOBILE MENTAL WELLNESS COLLABORATIVE (COLLABORATIVE)  POPULATION TO BE SERVED: STUDENTS AGES SIX TO 18 WHO ARE LOW-INCOME (90%), AND PREDOMINANTLY HISPANIC OR BLACK (97%). ALL WILL HAVE EXPERIENCED SIGNIFICANT TRAUMA, FOR WHICH THEY HAVE NOT RECEIVED TREATMENT. ALL WILL BE RESIDENTS OF SAN ANTONIO/BEXAR COUNTY, TEXAS.  GOALS, OBJECTIVES AND STRATEGIES. THE COLLABORATIVE’S GOAL IS TO REMOVE ACCESS BARRIERS AND DELIVER EFFECTIVE, TRAUMA-INFORMED TREATMENT AND SERVICES TO 900 CHILDREN AND ADOLESCENTS WHO HAVE EXPERIENCED TRAUMA, AND THEIR FAMILIES OVER A FIVE YEAR PROJECT PERIOD. AN AVERAGE OF 180 STUDENTS WILL BE SERVED EACH YEAR, AND ALL WILL ATTEND ELEMENTARY, MIDDLE OR HIGH SCHOOL IN ONE OF FIVE PUBLIC SCHOOL DISTRICTS. OBJECTIVES INCLUDE PROVIDING TRAUMA-INFORMED MENTAL HEALTH SCREENINGS AND ASSESSMENTS, DELIVERING SCHOOL-BASED COUNSELING, CONNECTING STUDENTS WITH SUBSTANCE ABUSE AND/OR SERIOUS EMOTIONAL DISTURBANCE TO QUALIFIED COMMUNITY PROVIDERS, AND PROVIDING IN-HOME FAMILY STRENGTHENING SERVICES TO REDUCE STRESS AND PROMOTE STUDENT ACCESS TO AND CONTINUED PARTICIPATION IN CARE. THE COLLABORATIVE ALSO WILL TRAIN STAFF FROM SCHOOLS AND CHILD-SERVING SYSTEMS TO RECOGNIZE, UNDERSTAND, AND BE SENSITIVE TO TRAUMA EXPERIENCES IN CHILDREN AND YOUTH, AND LINK THEM TO EVIDENCE-BASED CARE.   ON-SITE, TRAUMA-INFORMED SCREENING, ASSESSMENT, COUNSELING AND NAVIGATION, INTEGRATED INTO THE SCHOOL DAY, WILL AUGMENT SCHOOLS’ INSUFFICIENT BEHAVIORAL HEALTH RESOURCES, FULLY MITIGATE ACCESS BARRIERS, AND PRODUCE SIGNIFICANT IMPACT, INCLUDING: A) 75% OF TREATED STUDENTS WILL NOT EXPERIENCE SYMPTOM ESCALATION; B) 85% WILL DEMONSTRATE IMPROVED ACADEMIC PERFORMANCE; AND C) THE INCIDENCE OF CLASSROOM DISRUPTIONS WILL DROP BY 25%. A MEMBER OF THE RESEARCH FACULTY AT THE UNIVERSITY OF TEXAS AT SAN ANTONIO WILL CONDUCT A PROCESS AND OUTCOME EVALUATION DESIGNED TO VALIDATE BEST PRACTICES AND ADVISE FURTHER EXPANSION AND REPLICATION OF THE SCHOOL-BASED MOBILE MENTAL WELLNESS COLLABORATIVE.",1988000,1988000,1608511,379489,2026-01-14,TAGGS,2026-01-15,N/A,2021-09-30,2026-09-29,Center for Mental Health Services,93.243,SUBSTANCE ABUSE AND MENTAL HEALTH SERVICES PROJECTS OF REGIONAL AND NATIONAL SIGNIFICANCE,SM-21-010,"National Child Traumatic Stress Initiative – Category III, Community Treatment and Service (CTS) C…",https://www.samhsa.gov/grants/grant-announcements/sm-21-010,"FAMILY SERVICE ASSOCIATION OF SAN ANTONIO, INC.",TX,SAN ANTONIO,TX-35,Other Social Services Organization,https://taggs.hhs.gov/Detail/AwardDetail?arg_AwardNum=H79SM084826&arg_ProgOfficeCode=80,https://www.usaspending.gov/award/ASST_NON_H79SM084826_075/
SM084831,Restored,Reinstated (confirmed),Trauma-focused Treatment and Services for Greater Houston's Children and Adolescents,"TRAUMA-FOCUSED TREATMENT AND SERVICES FOR GREATER HOUSTON'S CHILDREN AND ADOLESCENTS - MEMORIAL HERMANN HEALTH SYSTEM (MHHS), IS THE LARGEST, NON-PROFIT, INTEGRATED HEALTH SYSTEM IN GREATER HOUSTON, SERVING OVER 2 MILLION PATIENTS ACROSS 320 SITES IN SOUTHEAST TEXAS. OUR 14 HOSPITALS, ANCHORS WITHIN THEIR RESPECTIVE COMMUNITIES, COVER HOUSTON’S METROPOLITAN SERVICE AREA WITH A POPULATION OF 6.37 MILLION.  MHHS’ BEHAVIORAL HEALTH SERVICES (BHS) PROVIDES QUALITY BEHAVIORAL HEALTH SERVICES TO CHILDREN, ADOLESCENTS, AND ADULTS THROUGH A CONTINUUM OF PROGRAMS THAT SPAN 11 HOSPITALS AND OVER 13 COMMUNITY SETTINGS. ALMOST 50% OF OUR PATIENT POPULATION IS UNINSURED AND LOW-INCOME.   WE OFFER TRAUMA-INFORMED CARE FOCUSING ON MEDICAID, UNINSURED/LOW-INCOME, AT-RISK CHILDREN AND ADOLESCENTS LIVING IN OUR FOUR COUNTY CATCHMENT AREA: HARRIS, MONTGOMERY, BRAZORIA AND FORT BEND. OUR GRANT PROGRAM PROVIDES A CONTINUUM OF SERVICES FROM SCREENING AND COMPREHENSIVE ASSESSMENT TO TREATMENT AND PREVENTION TO OUR TARGET POPULATION. WE CAPITALIZE UPON THE PATIENT FLOW FROM OUR EMERGENCY DEPARTMENTS, OUR MENTAL HEALTH CRISIS CLINICS, AND OTHER BHS PROGRAM. GRANT-FUNDED TRAUMA-FOCUSED BEHAVIORAL HEALTH CLINICIANS WILL BE EMBEDDED INTO OUR MENTAL HEALTH CRISIS CLINICS, BENEFIT FROM THE EXISTING INTERDISCIPLINARY CARE TEAM, TO OFFER TRAUMA-INFORMED CARE TO AT-RISK CHILDREN AND YOUTH. WE LEVERAGE TECHNOLOGY TO OFFER IN-PERSON OR VIRTUAL CARE. REFERRALS WILL BE GENERATED FROM OUR PARTNERS, WHICH INCLUDE THE HARRIS CENTER AND TRI-COUNTY BEHAVIORAL HEALTH (LOCAL MENTAL HEALTH AUTHORITIES) AND THREE SCHOOL DISTRICTS (HUMBLE, SPRING BRANCH AND NEW CANEY ISDS).  OUR OVERALL GOAL IS TO INCREASE ACCESS TO TRAUMA-INFORMED CARE FOR VULNERABLE CHILDREN AND ADOLESCENTS AND IMPROVE PATIENT SYMPTOMOLOGY. OUR GRANT OBJECTIVES OVER THE FIVE YEAR PERIOD ARE: 1) TO SCREEN 5,000 CHILDREN AND ADOLESCENTS ACROSS OUR HEALTH SYSTEM FOR CURRENT OR HISTORICAL TRAUMA; 2) TO ENROLL AND TREAT 625 CHILDREN AND ADOLESCENTS USING TRAUMA FOCUSED- COGNITIVE BEHAVIORAL THERAPY (TF-CBT) OR TRAUMA AND GRIEF COMPONENT THERAPY (TGCT) TO REDUCE PATIENT SYMPTOMOLOGY BY 20%; AND 3) TO OFFER 2 EDUCATIONAL SESSIONS PER YEAR TARGETING PARENTS AT OUR PARTNER SCHOOLS TO HELP THEM UNDERSTAND TRAUMA AND WHAT STEPS THEY CAN TAKE TO PREVENT TRAUMA IN THEIR CHILDREN. WE DEDICATE TIME FOR OUTREACH AND TO ENGAGE NEW STAKEHOLDERS TO ENSURE OUR COMMUNITY IS INFORMED OF THIS INVALUABLE GRANT PROGRAM.",1600000,1600000,1148971.84,451028.1599999999,2026-01-14,TAGGS,2026-01-15,N/A,2022-12-31,2026-12-30,Center for Mental Health Services,93.243,SUBSTANCE ABUSE AND MENTAL HEALTH SERVICES PROJECTS OF REGIONAL AND NATIONAL SIGNIFICANCE,SM-21-010,"National Child Traumatic Stress Initiative – Category III, Community Treatment and Service (CTS) C…",https://www.samhsa.gov/grants/grant-announcements/sm-21-010,MEMORIAL HERMANN HEALTH SYSTEM,TX,HOUSTON,TX-38,Hospital,https://taggs.hhs.gov/Detail/AwardDetail?arg_AwardNum=H79SM084831&arg_ProgOfficeCode=80,https://www.usaspending.gov/award/ASST_NON_H79SM084831_075/
SM084832,Restored,Reinstated (confirmed),"Improving the Wellness for Asian Youth 2 (IWAY2) Project in Alameda County, CA","IMPROVING THE WELLNESS FOR ASIAN YOUTH 2 (IWAY2) PROJECT IN ALAMEDA COUNTY, CA - IN THE COLLABORATION OF THE HEALTH INTERVENTION PROJECTS FOR UNDER-SERVED POPULATIONS (HIPUP)/PUBLIC HEALTH INSTITUTE (PHI) AND KOREAN COMMUNITY CENTER FOR THE EAST BAY (KCCEB), IMPROVING THE WELLNESS FOR ASIAN YOUTH 2 (IWAY2) AIMS TO PROVIDE TRAUMA-INFORMED TREATMENT AND OTHER SERVICES [E.G., YOUTH EMPOWERMENT PROGRAMS (YEPS)] TO REDUCE PSYCHOLOGICAL SYMPTOMS AND BEHAVIORAL PROBLEMS AND PROMOTE HEALTH AND WELL-BEING FOR ASIAN CHILDREN IN ALAMEDA COUNTY, CA. IWAY2, AN EXPANSION OF OUR CURRENT SUCCESSFUL IWAY PROJECT, WILL TARGET ASIAN CHILDREN (12 TO 18 YEARS OLD) AND THEIR FAMILIES WHO HAVE HAD TRAUMATIC EXPERIENCES DUE TO THE COVID-19 RELATED VIOLENCE AND HARASSMENT AGAINST ASIANS, REFUGEE/IMMIGRATION PROCESS, CHILD ABUSE, AND OTHER TRAUMATIC EVENTS (E.G., EXPOSURE TO WAR AND DISASTER). IN COLLABORATION WITH STAKEHOLDERS, LOCAL CBOS, INCLUDING NCTSI CATEGORY II AND III CENTERS, AND THE PUBLIC HEALTH DEPARTMENT AND OTHER CHILD-SERVING AGENCIES, WE WILL CONDUCT COMMUNITY AND ONLINE OUTREACH AND RECRUIT THE TARGETED ASIAN CHILDREN WHO ARE SUFFERING FROM TRAUMA. COUNSELORS AND HEALTH EDUCATORS WILL PROVIDE TRAUMA-INFORMED TREATMENT AND OTHER SERVICES (E.G., YEPS) BASED ON SAMHSA’S EBPS (IFACES AND TF-CBT) AND MONITOR THE PROGRESS OF CLIENTS. WE WILL EVALUATE THE EFFICACY OF IWAY2 UTILIZING GPRA/SPARS AND LOCAL MEASURES. BASED ON THE COLLABORATION WITH LOCAL SERVICE PROVIDERS, WE WILL ALSO FACILITATE SYSTEM-LEVEL CHANGES IN CHILD-SERVING SYSTEMS TO IMPROVE ACCESS, USE, AND OUTCOMES OF TRAUMA-INFORMED TREATMENT AND OTHER SERVICES AND IMPROVE BEHAVIORAL HEALTH DISPARITIES. IWAY2 AIMS TO ATTAIN THE FOLLOWING MEASURABLE OBJECTIVES: 1) 20,000 CONTACTS THROUGH COMMUNITY AND ONLINE OUTREACH (3,200 IN YEAR 01; 4,800 EACH IN YEAR 02, 03, AND 04; 2,400 IN YEAR 05); 2) 5,000 SCREENINGS FOR ELIGIBILITY (800 IN YEAR 01; 1,200 EACH IN YEAR 02, 03, AND 04; 600 IN YEAR 05); 3) 1,000 REFERRAL SERVICES TO COLLABORATING AGENCIES (160 IN YEAR 01; 240 EACH IN YEAR 02, 03, AND 04; 120 IN YEAR 05); 4) 250 ASIAN CHILDREN ENROLLING IN COUNSELING (TF-CBT) AND YEPS (IFACES) (COUNSELING PROGRAM: 20 IN YEAR 01; 30 EACH IN YEAR 02, 03, AND 04; 15 IN YEAR 05; YEPS: 20 IN YEAR 01; 30 EACH IN YEAR 02, 03, AND 04; 15 IN YEAR 05); 5) 225 COMPLETION OF THE COUNSELING OR YEPS AND EXIT ASSESSMENT (225 CHILDREN: 36 IN YEAR 01, 54 EACH IN YEAR 02, 03, AND 04, AND 27 IN YEAR 05); 6) 200 COMPLETION OF THE 6-MONTH FOLLOW-UP ASSESSMENT (32 IN YEAR 01, 48 EACH IN YEAR 02, 03, AND 04, AND 24 IN YEAR 05); 7) 20 TRAININGS FOR SERVICE PROVIDERS AND COUNTY/STATE AGENCIES (E.G., CHILD PROTECTION AGENCY) ON TRAUMA-INFORMED TREATMENT AND OTHER SERVICES (4 TRAININGS IN EACH PROJECT YEAR); AND 8) 10 COLLABORATION PROJECTS WITH NCTSI-CATEGORY II TSA CENTERS. RESULTS OF THE PROCESS AND OUTCOME EVALUATION WILL BE REPORTED TO SAMHSA AND THE TARGETED COMMUNITIES THROUGH THE PROJECT WEBSITE, COMMUNITY FORUMS, AND NEWSLETTERS. THROUGH DIRECT INDIVIDUAL AND SYSTEM LEVEL INTERVENTIONS, IWAY2 WILL HAVE A SIGNIFICANT IMPACT ON INCREASING ACCESS, USE, AND OUTCOMES OF TRAUMA-INFORMED TREATMENT AND OTHER SERVICES FOR ASIAN CHILDREN AND FAMILIES WHO ARE SUFFERING FROM TRAUMA BUT HAVE BEEN NEGLECTED BY MENTAL HEALTH AND OTHER SERVICE PROVIDERS.",1600000,1600000,1164889.1400000001,435110.85999999987,2026-01-14,TAGGS,2026-01-15,N/A,2022-12-31,2026-12-30,Center for Mental Health Services,93.243,SUBSTANCE ABUSE AND MENTAL HEALTH SERVICES PROJECTS OF REGIONAL AND NATIONAL SIGNIFICANCE,SM-21-010,"National Child Traumatic Stress Initiative – Category III, Community Treatment and Service (CTS) C…",https://www.samhsa.gov/grants/grant-announcements/sm-21-010,PUBLIC HEALTH INSTITUTE,CA,OAKLAND,CA-12,"Research Institution, Foundation and Laboratory",https://taggs.hhs.gov/Detail/AwardDetail?arg_AwardNum=H79SM084832&arg_ProgOfficeCode=80,https://www.usaspending.gov/award/ASST_NON_H79SM084832_075/
SM084833,Restored,Reinstated (confirmed),National Child Traumatic Stress Initiative – Category IIICommunity Treatment and Service (CTS) Centers,"NATIONAL CHILD TRAUMATIC STRESS INITIATIVE – CATEGORY IIICOMMUNITY TREATMENT AND SERVICE (CTS) CENTERS - THE ALASKA CHILD TRAUMA CENTER AT ALASKA BEHAVIORAL HEALTH IS PROPOSING TO EXPAND BEHAVIORAL HEALTH SERVICES BY DEVELOPING AN OUTREACH PROGRAM TO IDENTIFY AND ENGAGE CHILDREN WHO HAVE EXPERIENCED TRAUMA IN ALASKA AND PROVIDE EXCEPTIONAL SERVICES TO IMPROVE LIVES. WE PROPOSE TO BUILD A COLLABORATION WITH SCHOOLS, A YOUTH DROP-IN CENTER AND A STATEWIDE RESOURCE AND REFERRAL NETWORK TO IDENTIFY CHILDREN AND FAMILIES IN NEED OF TRAUMA-FOCUSED SERVICES. THIS PROJECT WILL PROVIDE SPECIALIZED, EVIDENCE-BASED TRAUMA SERVICES BY PARTNERING WITH THESE SERVICE SYSTEMS, INCREASING ACCESS TO CARE AND REDUCING BARRIERS TO ENGAGEMENT IN TREATMENT. THIS MODEL OF SERVICE DELIVERY WILL ASSIST IN THE EARLY IDENTIFICATION OF BEHAVIORAL HEALTH CHALLENGES AND ENGAGE CHILDREN AND FAMILIES WHO ARE NOT ABLE TO PARTICIPATE IN TRADITIONAL CLINIC-BASED SERVICES. OUR POPULATION OF FOCUS IS ALASKAN CHILDREN AGE 3 TO 18 YEARS WHO HAVE EXPERIENCED TRAUMA. WE WILL SERVE A DIVERSE GROUP OF INDIVIDUALS INCLUDING A HIGH PROPORTION OF ALASKAN NATIVE CHILDREN AND CHILDREN INVOLVED IN THE CHILD PROTECTION SYSTEM. WE WILL PROVIDE A VARIETY OF TRAUMA-FOCUSED EVIDENCED-BASED PRACTICES TO CHILDREN AND FAMILIES, INCLUDING ARC TREATMENT, TRAUMA-FOCUSED COGNITIVE BEHAVIORAL THERAPY, CHILD PARENT PSYCHOTHERAPY AND PARENT-CHILD INTERACTION THERAPY. THIS COLLABORATION WITH SERVICE SYSTEMS WILL HELP IDENTIFY AND ENGAGE CHILDREN IN BEHAVIORAL HEALTH SERVICES, IMPROVE OUTCOMES FOR CHILDREN AND SUPPORT THEIR ONGOING DEVELOPMENT. THERE IS AN IMMENSE NEED FOR SPECIALIZED SERVICES IN ALASKA, THROUGH THIS PROJECT, THE ALASKA CHILD TRAUMA CENTER WILL SERVE 300 CHILDREN IN THE FIRST YEAR, AND 400 ANNUALLY IN YEAR 2-5 FOR A TOTAL OF 1900 CHILDREN OVER THE PROJECT PERIOD.",2000000,2000000,1600000,400000,2026-01-14,TAGGS,2026-01-15,N/A,2021-09-30,2026-09-29,Center for Mental Health Services,93.243,SUBSTANCE ABUSE AND MENTAL HEALTH SERVICES PROJECTS OF REGIONAL AND NATIONAL SIGNIFICANCE,SM-21-010,"National Child Traumatic Stress Initiative – Category III, Community Treatment and Service (CTS) C…",https://www.samhsa.gov/grants/grant-announcements/sm-21-010,"ANCHORAGE COMMUNITY MENTAL HEALTH SERVICES, INC",AK,ANCHORAGE,AK-00,Hospital,https://taggs.hhs.gov/Detail/AwardDetail?arg_AwardNum=H79SM084833&arg_ProgOfficeCode=80,https://www.usaspending.gov/award/ASST_NON_H79SM084833_075/
SM084836,Restored,Reinstated (confirmed),Trauma and Adolescent Mental Illness (TAMI) Services Project: Increasing access to trauma-informed evidence-based care for system-involved youth with comorbid trauma and psychosis,"TRAUMA AND ADOLESCENT MENTAL ILLNESS (TAMI) SERVICES PROJECT: INCREASING ACCESS TO TRAUMA-INFORMED EVIDENCE-BASED CARE FOR SYSTEM-INVOLVED YOUTH WITH COMORBID TRAUMA AND PSYCHOSIS - COMORBID TRAUMA AND PSYCHOSIS ARE COMMON YET UNDER-RECOGNIZED IN JUVENILE JUSTICE (JJ), CHILD WELFARE (CW), AND COMMUNITY MENTAL HEALTH (CMH) SETTINGS; AND RECOGNIZED YOUTH DO NOT RECEIVE APPROPRIATE SERVICES. THE TRAUMA AND ADOLESCENT MENTAL ILLNESS (TAMI) SERVICES PROJECT TRIPLES THE CAPACITY OF SERVICE PROVIDERS IN SACRAMENTO COUNTY, CA, TO PROVIDE EVIDENCE-BASED SERVICES FOR YOUTH (AGE 12-22) WITH COMORBID TRAUMA AND PSYCHOSIS IN JJ, CW, AND CMH SETTINGS. PROJECT GOALS ARE: 1) INCREASE CAPACITY OF CHILD-SERVING SYSTEMS TO IDENTIFY AND APPROPRIATELY LINK YOUTH EXPERIENCING TRAUMA AND PSYCHOSIS SYMPTOMS BY IMPLEMENTING A UNIVERSAL SCREENING AND REFERRAL PROTOCOL IN SAC COUNTY JJ AND CW SETTINGS; 2) INCREASE THE CAPACITY OF SAC COUNTY CMH SERVICES TO PROVIDE EVIDENCE-BASED TRAUMA-FOCUSED CARE FOR YOUTH WITH COMORBID TRAUMA AND PSYCHOSIS BY IMPLEMENTING A CURRICULUM THAT ADDRESSES THE TRAINING NEEDS OF CMH PROVIDERS. KEY MEASURABLE OBJECTIVES INCLUDE: IMPLEMENT UNIVERSAL SCREENING FOR TRAUMA AND PSYCHOSIS IN JJ (YR 1+) AND CW (YR 3+); IMPLEMENT COMPREHENSIVE ASSESSMENT AND LINKAGE TO APPROPRIATE SERVICES FOR YOUTH WHO SCREEN POSITIVE FOR TRAUMA AND/OR PSYCHOSIS (YR 2+); TRAIN CMH PARTNERS IN EVIDENCE BASED PRACTICES (EBPS) FOR COMORBID TRAUMA AND PSYCHOSIS (YR 1-2); SUPPORT ONGOING TRAINING NEEDS VIA BI-MONTHLY CONSULTATION CALLS (YR 2+) AND BIANNUAL TRAININGS (YR 3+). TAMI SERVICES COMPRISE TRAUMA-INFORMED COGNITIVE BEHAVIORAL THERAPY FOR PSYCHOSIS (TI-CBTP; FOLK ET AL., 2019), DEVELOPED IN COLLABORATION BY THE UC DAVIS (UCD) SACEDAPT CLINIC AND UCD CAARE CENTER. WE IMPLEMENTED TAMI SERVICES IN THE SACEDAPT CLINIC IN 2014, HAVE PROVIDED CARE TO OVER 65 YOUTH, AND BUILT CAPACITY FOR 25 CASES PER YEAR. UNFORTUNATELY, AN ESTIMATED 100 SYSTEM-INVOLVED YOUTH NEED TAMI SERVICES ANNUALLY IN SAC COUNTY, AND SACEDAPT IS THE ONLY SAC COUNTY PROVIDER OF TAMI SERVICES. THIS PROJECT WILL INCREASE TAMI SERVICE CAPACITY IN SAC COUNTY BY EXPANDING TO 6 ADDITIONAL CMH SITES. OUR TEAM IS UNIQUELY POSITIONED CARRY OUT THIS WORK: THE SACEDAPT CLINIC AND CAARE CENTER HAVE AN ESTABLISHED PARTNERSHIP AND ARE NATIONALLY RECOGNIZED LEADERS IN THE DEVELOPMENT AND IMPLEMENTATION OF EBPS FOR YOUTH WITH TRAUMA AND PSYCHOSIS IN DIVERSE SETTINGS. OVER THE 5-YEAR PROJECT WE ANTICIPATE SCREENING A TOTAL OF 1,365 INDIVIDUALS ACROSS JJ AND CW SETTINGS; WE ESTIMATE CONDUCTING 369 COMPREHENSIVE ASSESSMENTS WITH YOUTH WHO SCREEN POSITIVE FOR PSYCHOSIS OR TRAUMA; AND WE ESTIMATE 185 YOUTH WILL RECEIVE TAMI SERVICES OVER THE COURSE OF THE PROJECT. BY THE END OF THE PROJECT, WE WILL HAVE INCREASED TAMI SERVICE CAPACITY FROM 25 TO 80 INDIVIDUALS ANNUALLY, TRIPLING SAC COUNTY CAPACITY TO PROVIDE EVIDENCE-BASED TRAUMA-FOCUSED CARE TO SYSTEM-INVOLVED YOUTH WITH COMORBID TRAUMA AND PSYCHOSIS. THIS PROJECT WILL ALSO BUILD THE NECESSARY SCREENING, ASSESSMENT, AND TRAINING INFRASTRUCTURE TO SUPPORT ONGOING EXPANSION OF TAMI SERVICES IN SAC COUNTY AND BEYOND.",1997775,1997775,1516882.2600000002,480892.73999999976,2026-01-14,TAGGS,2026-01-15,N/A,2021-09-30,2026-09-29,Center for Mental Health Services,93.243,SUBSTANCE ABUSE AND MENTAL HEALTH SERVICES PROJECTS OF REGIONAL AND NATIONAL SIGNIFICANCE,SM-21-010,"National Child Traumatic Stress Initiative – Category III, Community Treatment and Service (CTS) C…",https://www.samhsa.gov/grants/grant-announcements/sm-21-010,"UNIVERSITY OF CALIFORNIA, DAVIS",CA,DAVIS,CA-04,"Junior College, College & University",https://taggs.hhs.gov/Detail/AwardDetail?arg_AwardNum=H79SM084836&arg_ProgOfficeCode=80,https://www.usaspending.gov/award/ASST_NON_H79SM084836_075/
SM084837,Restored,Reinstated (confirmed),Collaborative Learning for Educational Achievement and Resilience CAT III (CLEAR CAT III),"COLLABORATIVE LEARNING FOR EDUCATIONAL ACHIEVEMENT AND RESILIENCE CAT III (CLEAR CAT III) - THIS PROJECT WILL BUILD CAPACITY THROUGHOUT THE NORTHEAST AND NORTH-CENTRAL REGIONS OF WASHINGTON STATE, BEGINNING WITH 6 ELEMENTARY SCHOOLS IN 6 SCHOOL DISTRICTS, TO ADVANCE NCTSI’S GOALS OF ENGAGING WHOLE POPULATIONS AND INCREASING ADOPTION OF TRAUMA-INFORMED SCHOOL-BASED SUPPORTS. THE POPULATION OF FOCUS IS STUDENTS AND STAFF IN RURAL ELEMENTARY SCHOOLS WITHIN NORTH EAST EDUCATIONAL SERVICE DISTRICT 101 AND NORTH CENTRAL ESD 171 (ESDS 101/171) OF WA STATE. STUDENTS ARE PRIMARILY HISPANIC/LATINO, AMERICAN INDIAN/ALASKAN NATIVE, OR WHITE, AND 27% ARE ENGLISH LANGUAGE LEARNERS. RISK FACTORS COMMON IN THE GEOGRAPHIC CATCHMENT AREA INCLUDE POVERTY (79% OF STUDENTS QUALIFY FOR FREE OR REDUCED-PRICE MEALS) AND HIGH RATES OF ADVERSE CHILDHOOD EXPERIENCES, RESULTING IN ACADEMIC, ATTENDANCE, AND BEHAVIOR PROBLEMS. THE SINGLE GREATEST PUBLIC HEALTH BENEFIT FOR CHILDREN EXPOSED TO TRAUMA IS TO INCREASE OPPORTUNITIES TO SUCCEED IN SCHOOLS. WASHINGTON STATE UNIVERSITY (WSU) EXTENSION’S CHILD AND FAMILY RESEARCH UNIT WILL LEAD THIS COLLABORATIVE PARTNERSHIP BETWEEN REGIONAL EDUCATIONAL SYSTEMS (ESDS 101/171), CLINICAL SERVICE PROVIDERS (LUTHERAN COMMUNITY SERVICES NORTHWEST), NCTSI CATEGORY II TSA CENTER FOR SCHOOLS, AND NONPROFIT ORGANIZATIONS (CENTER FOR TRAUMA TRAINING) WHO ARE COMMITTED TO ADDRESSING TRAUMA AS A PRIMARY THREAT TO SCHOOL SUCCESS. SERVICE GAPS ARE INHERENT IN RURAL, ISOLATED SCHOOL DISTRICTS. RURAL SCHOOLS IN NORTHEAST AND NORTH-CENTRAL WASHINGTON ARE TYPIFIED BY THIN RESOURCES AND OFFER LIMITED TO NO ACCESS TO SCHOOL-BASED MENTAL HEALTH SERVICES. THE GOALS OF THIS PROJECT ARE 1) INCREASE THE CAPACITY OF SCHOOL DISTRICTS WITHIN ESDS 101/171 TO SUPPORT TRAUMA-INFORMED PRACTICES (TIP) WITHIN THEIR SCHOOLS; 2) ESTABLISH AN INTEGRATED SUPPORT NETWORK TO PROVIDE TRAUMA-FOCUSED MENTAL HEALTH SERVICES TO IDENTIFIED CHILDREN WITHIN THE 6 IDENTIFIED SCHOOLS; 3) IMPLEMENT WHOLE-SCHOOL TRAUMA-INFORMED SYSTEMS INTEGRATION THROUGH ADOPTION OF CLEAR IN THE 6 PARTICIPATING SCHOOLS; AND 4) EVALUATE THE IMPACT AND EFFECTIVENESS OF THIS CATEGORY III PROJECT. WE WILL ACCOMPLISH THESE GOALS VIA THE FOLLOWING OBJECTIVES: (1) TRAIN EDUCATORS AND MENTAL HEALTH PROFESSIONALS IN TRAUMA-INFORMED RESPONSE PRINCIPLES (COGNITIVE BEHAVIORAL INTERVENTION FOR TRAUMA IN SCHOOLS [CBITS]; BOUNCE BACK; ATTACHMENT, SELF-REGULATION, AND COMPETENCY [ARC]; AND PSYCHOLOGICAL FIRST AID FOR SCHOOLS [PFA-S]; (2) PROVIDE INCREASED ACCESS TO MENTAL HEALTH SERVICES TO CHILDREN VIA SCHOOL-BASED SYSTEMS; AND (3) IMPLEMENT COLLABORATIVE LEARNING FOR EDUCATIONAL ACHIEVEMENT AND RESILIENCE (CLEAR), A WHOLE-SCHOOL CHANGE MODEL THAT INTEGRATES TRAUMA–INFORMED PRACTICES INTO SCHOOLS THROUGH TRAINING, CONSULTATION, AND COACHING OF ALL SCHOOL STAFF. THE PROJECT WILL SERVE 1,663 STUDENTS AND 200 STAFF OVER FIVE YEARS; YEARLY AUDIENCE COUNTS WILL RANGE FROM ~500-1800 WITH STAGGERED IMPLEMENTATION. AN ADDITIONAL 100,000 STUDENTS AND 3,600 STAFF FROM ESDS 101/171 WILL POTENTIALLY BE ENGAGED THROUGH OUTREACH ACTIVITIES.",1621605,1621605,1117355.71,504249.29000000004,2026-01-14,TAGGS,2026-01-15,N/A,2021-09-30,2026-09-29,Center for Mental Health Services,93.243,SUBSTANCE ABUSE AND MENTAL HEALTH SERVICES PROJECTS OF REGIONAL AND NATIONAL SIGNIFICANCE,SM-21-010,"National Child Traumatic Stress Initiative – Category III, Community Treatment and Service (CTS) C…",https://www.samhsa.gov/grants/grant-announcements/sm-21-010,WASHINGTON STATE UNIVERSITY,WA,PULLMAN,WA-05,"Junior College, College & University",https://taggs.hhs.gov/Detail/AwardDetail?arg_AwardNum=H79SM084837&arg_ProgOfficeCode=80,https://www.usaspending.gov/award/ASST_NON_H79SM084837_075/
SM084838,Restored,Reinstated (confirmed),"Family Assessment, Specialized Treatment for Advanced Resiliency in Families (FASTER)","FAMILY ASSESSMENT, SPECIALIZED TREATMENT FOR ADVANCED RESILIENCY IN FAMILIES (FASTER) - WESTERN MICHIGAN UNIVERSITY'S CHILDREN'S TRAUMA ASSESSMENT CENTER (CTAC), A THRICE FUNDED NCTSN SITE, PROPOSES THE FAMILY ASSESSMENT AND SPECIALIZED TRAUMA TREATMENT TO ADVANCE RESILIENCY IN CHILDREN AND FAMILIES (FASTER) PROJECT. CTAC WILL PARTNER WITH THE MICHIGAN DEPARTMENT OF HEALTH AND HUMAN SERVICES (MDHHS) TO DEVELOP, PILOT, AND IMPLEMENT A FAMILY RESILIENCY-BASED TRAUMA ASSESSMENT MODEL, IN CONJUNCTION WITH AN EVIDENCE-BASED TRAUMA TREATMENT, TRUST BASED RELATIONAL INTERVENTION (TBRI), FOR CHILDREN AND FAMILIES IN THE CHILD WELFARE SYSTEM. FASTER'S OVERARCHING GOALS ARE TO 1) INCREASE PERMANENCY FOR CHILDREN, AND 2) IMPROVE CHILD AND FAMILY WELL-BEING. CTAC WILL PARTNER WITH TEXAS CHRISTIAN UNIVERSITY'S KARYN PURVIS INSTITUTE, THE HOME OF TBRI, TO IMPLEMENT TBRI TO FAMILIES RECEIVING RESILIENCY-BASED TRAUMA ASSESSMENTS AT CTAC. IN SUBSEQUENT YEARS, CTAC WILL DISSEMINATE TBRI TO ITS FOUR TRAUMA ASSESSMENT CENTER PARTNERS (EASTER SEALS OF MICHIGAN, CHILD AND FAMILY SERVICES OF UPPER MICHIGAN, GREAT LAKES RECOVERING CENTER OF THE UPPER PENINSULA, AND CHILDREN'S TRAUMA ASSESSMENT GROUP). IN YEARS 3-5 THE ASSESSMENT CENTERS WILL PROVIDE STATEWIDE ACCESSIBILITY FOR FAMILY TRAUMA ASSESSMENT AND TBRI. CTAC WILL INITIALLY (YEARS 1-2) SERVE CHILD WELFARE POPULATIONS FROM KENT COUNTY (SECOND LARGEST URBAN POPULATION IN MICHIGAN) AND JACKSON COUNTY (A MIDSIZE COUNTY WITH DOUBLE THE STATEWIDE CHILD MALTREATMENT SUBSTANTIATION RATES).  OBJECTIVES INCLUDE: 1) DEVELOPING A REPLICABLE RESILIENCY-BASED FAMILY TRAUMA ASSESSMENT PRODUCT, 2) ENGAGING FAMILIES IN FAMILY ASSESSMENT, 3) MDHHS FUNDING CONTRACTS FOR STATEWIDE FAMILY TRAUMA ASSESSMENTS, 4) CONDUCTING TBRI FAMILY INTERVENTIONS, 5) COLLABORATING WITH NCTSN SITES, AND 6) DEVELOPING AN ADVISORY BOARD OF PARENTS AND YOUTH FORMERLY INVOLVED IN CHILD WELFARE. IN YEAR 1, 175 PEOPLE (100 CHILDREN, 75 ADULTS) WILL BE SERVED; YEAR 2, 228 INDIVIDUALS (130 CHILDREN, 98 ADULTS) WILL BE SERVED; YEARS 3 THROUGH 5, 508 INDIVIDUALS (250 CHILDREN, 258 ADULTS) WILL BE SERVED EACH YEAR; WITH FIVE YEAR TOTALS OF 1927 INDIVIDUALS (980 CHILDREN, 947 ADULTS) BEING SERVED. FASTER'S EVALUATION WILL INCLUDE PROCESS AND FIDELITY MEASURES FOR IMPLEMENTATION, INCLUDING AN EVALUATION OF HOW THE FAMILY ASSESSMENT IS INTEGRATED ACROSS THE ASSESSMENT SITES. ADDITIONALLY, THE EVALUATION INCLUDES A FOCUS ON OUTCOMES, UTILIZING THE NOMS MEASURES AS WELL AS SCREENING AND ASSESSMENT TOOLS TO EXAMINE THE IMPACT OF TBRI. THE EVALUATION DESIGN IS DESCRIPTIVE AND WILL ADD TO THE EXISTING KNOWLEDGE BASE FOR FAMILY-FOCUSED ASSESSMENT, SERVICE PLANNING, AND INTERVENTIONS INTENDED TO ADDRESS TRAUMA.",1599739,1599739,1170934.6800000002,428804.31999999983,2026-01-14,TAGGS,2026-01-15,N/A,2022-12-31,2026-12-30,Center for Mental Health Services,93.243,SUBSTANCE ABUSE AND MENTAL HEALTH SERVICES PROJECTS OF REGIONAL AND NATIONAL SIGNIFICANCE,SM-21-010,"National Child Traumatic Stress Initiative – Category III, Community Treatment and Service (CTS) C…",https://www.samhsa.gov/grants/grant-announcements/sm-21-010,WESTERN MICHIGAN UNIVERSITY,MI,KALAMAZOO,MI-04,"Junior College, College & University",https://taggs.hhs.gov/Detail/AwardDetail?arg_AwardNum=H79SM084838&arg_ProgOfficeCode=80,https://www.usaspending.gov/award/ASST_NON_H79SM084838_075/
SM084839,Restored,Reinstated (confirmed),Violence Prevention and Intervention Program,"VIOLENCE PREVENTION AND INTERVENTION PROGRAM - NORTHERN VIRGINIA FAMILY SERVICE (NVFS) WILL INCREASE ACCESS TO TRAUMA-INFORMED MENTAL HEALTH SERVICES THROUGH ITS “VIOLENCE PREVENTION AND INTERVENTION PROGRAM” (VPIP) IN NORTHERN VIRGINIA PUBLIC SCHOOLS. SERVICES WILL PROMOTE TRAUMA RECOVERY IN IMMIGRANT ADOLESCENTS, CHILDREN OF IMMIGRANTS, AND THEIR FAMILIES; INCREASE THEIR RESILIENCE; AND STABILIZE OR IMPROVE THEIR MENTAL HEALTH.    NORTHERN VIRGINIA COVERS NEARLY 1,300 SQUARE MILES OF THE WASHINGTON D.C. METRO AREA. THE TARGET POPULATION FOR VPIP IS IMMIGRANT ADOLESCENTS AND CHILDREN OF IMMIGRANTS(S) - AND THEIR FAMILIES - WHO HAVE EXPERIENCED TRAUMA AND ARE EXPERIENCING POVERTY IN NORTHERN VIRGINIA. THERE ARE 387,409 YOUTH AGES SIX THROUGH SEVENTEEN IN NORTHERN VIRGINIA; 35,168 (9%) ARE IMMIGRANT AND 115,640 (30%) ARE NATIVE-BORN WITH PARENTS WHO ARE IMMIGRANTS. OF THE 676,000 IMMIGRANTS LIVING IN NORTHERN VIRGINIA, 32% ARE HISPANIC IMMIGRANTS WHO EARN A MEDIAN INCOME OF $66,200, JUST OVER HALF OF THE MEDIAN INCOME FOR THE REGION. NVFS PROJECTS TO PRIMARILY SERVE HISPANIC IMMIGRANT ADOLESCENTS AND CHILDREN OF IMMIGRANTS DUE TO THEIR LOW MEDIAN INCOME AND UNIQUE, TRAUMA-RELATED NEEDS. THESE NEEDS EXTEND FROM A HIGHER EXPOSURE TO GANG VIOLENCE, THE THREAT OF INCREASED IMMIGRATION ENFORCEMENT, AND AN INFLUX OF CHILDREN WHO HAVE FLED THE EXTREME AND UNPRECEDENTED VIOLENCE IN CENTRAL AMERICA AND HAVE BEEN EXPOSED TO COMPLEX TRAUMA BEFORE, DURING, AND AFTER JOURNEYING TO THE U.S. MENTAL HEALTH SERVICES FOR THE TARGET POPULATION ARE COST-PROHIBITIVE, LINGUISTICALLY OR CULTURALLY ALIENATING, INACCESSIBLE, AND/OR LACK A TRAUMA-INFORMED APPROACH.   ESTABLISHED IN 1924 AND PROVIDING TRAUMA-INFORMED YOUTH INTERVENTION SERVICES FOR MORE THAN TWO DECADES, NVFS IS WELL-POSITIONED TO IMPLEMENT THE PROPOSED PROJECT. THE TRADITIONAL EVIDENCE-INFORMED VPIP MODEL IS STAFFED BY BILINGUAL, CULTURALLY COMPETENT MENTAL HEALTH COUNSELORS WHO PROVIDE A CONTINUUM OF TRAUMA-INFORMED SERVICES TO ADDRESS THE NEEDS OF RECENTLY IMMIGRATED ADOLESCENTS INCLUDING PSYCHOEDUCATION GROUPS, INDIVIDUAL AND FAMILY MENTAL HEALTH SERVICES, EDUCATIONAL WORKSHOPS, AND PROFESSIONAL DEVELOPMENT WORKSHOPS FOR CHILD-SERVING PROFESSIONALS. TO THIS, NVFS WILL OVERLAY THE EVIDENCE-BASED COGNITIVE BEHAVIORAL INTERVENTION FOR TRAUMA IN SCHOOLS (CBITS) TO PROVIDE THERAPY GROUPS THAT ADDRESS THE TRAUMA-RELATED NEEDS OF IMMIGRANT ADOLESCENTS AND CHILDREN OF IMMIGRANTS WHO ARE ABLE/READY TO PROCESS THEIR TRAUMA. NVFS WILL SERVE 112 INDIVIDUALS COMPRISED OF CHILDREN, ADOLESCENTS, THEIR FAMILIES, AND CHILD-SERVING PROFESSIONALS IN THE FIRST YEAR AND A TOTAL OF 944 OVER THE COURSE OF THE FIVE-YEAR FUNDING PERIOD.   NVFS’ VPIP WILL INCREASE THE RESILIENCE OF NORTHERN VIRGINIA YOUTH WHO HAVE EXPERIENCED TRAUMA, WHICH NOT JUST IMPROVES THEIR LIVES, BUT IMPROVES THE SCHOOL AND NEIGHBORHOOD CLIMATE FOR ALL, CREATES MORE CONNECTED COMMUNITIES, AND REDUCES ADVERSE SOCIAL CONDITIONS SUCH AS GANG INVOLVEMENT; HUMAN TRAFFICKING AND OTHER VICTIMIZATION; JUVENILE JUSTICE INVOLVEMENT; SCHOOL DISRUPTIONS; FAMILY VIOLENCE; COMMUNITY VIOLENCE; AND CHILD ABUSE AND NEGLECT.",1977236,1977236,1533433.97,443802.03,2026-01-14,TAGGS,2026-01-15,N/A,2021-09-30,2026-09-29,Center for Mental Health Services,93.243,SUBSTANCE ABUSE AND MENTAL HEALTH SERVICES PROJECTS OF REGIONAL AND NATIONAL SIGNIFICANCE,SM-21-010,"National Child Traumatic Stress Initiative – Category III, Community Treatment and Service (CTS) C…",https://www.samhsa.gov/grants/grant-announcements/sm-21-010,"NORTHERN VIRGINIA FAMILY SERVICES, INC.",VA,FALLS CHURCH,VA-08,Other Health Organization,https://taggs.hhs.gov/Detail/AwardDetail?arg_AwardNum=H79SM084839&arg_ProgOfficeCode=80,https://www.usaspending.gov/award/ASST_NON_H79SM084839_075/
SM084844,Restored,Reinstated (confirmed),Healing the Hurts,"HEALING THE HURTS - THE FAIRBANKS NATIVE ASSOCIATION (FNA) CHILD, YOUTH AND YOUNG ADULTS SERVICES (CYYA SERVICES) DIVISION IS APPLYING FOR SUPPORT FROM THE FY 2021 NATIONAL CHILD TRAUMATIC STRESS INITIATIVE. OUR PROJECT IS APTLY NAMED “HEALING THE HURTS” AS IT SEEKS TO ADDRESS BOTH TRAUMA AND THE INTERGENERATIONAL TRAUMA EXPERIENCED BY AMERICAN INDIAN AND ALASKA NATIVE (AI/AN) PEOPLE THAT HAS RESULTED IN DISPROPORTIONATE TRAUMA EVENTS ACROSS GENERATIONS. HEALING THE HURTS FOCUSES ON TRAUMA EVENTS, DEFINED BY THE NATIONAL INSTITUTE OF MENTAL HEALTH AS FOLLOWS: A TRAUMATIC EVENT IS A SHOCKING, SCARY, OR DANGEROUS EXPERIENCE THAT CAN AFFECT SOMEONE EMOTIONALLY AND PHYSICALLY. EXPERIENCES SUCH AS NATURAL DISASTERS, ACTS OF VIOLENCE AS WELL AS CAR CRASHES AND OTHER ACCIDENTS. HEALING THE HURTS WILL FOCUS ON ACTS OF VIOLENCE – CHILD ABUSE AND NEGLECT, SEXUAL VIOLENCE, AND SUICIDE – ALL OF WHICH AI/AN EXPERIENCE AT DISPROPORTIONATE RATES. THE PURPOSE OF HEALING THE HURTS IS TO PROVIDE AND INCREASE ACCESS TO EFFECTIVE TRAUMA-FOCUSED TREATMENT SERVICES IN THE FAIRBANKS NORTH STAR BOROUGH FOR AI/AN CHILDREN, ADOLESCENTS, AND THE FAMILIES WHO EXPERIENCE TRAUMA EVENTS. PROJECT OBJECTIVES, IN ALIGNMENT WITH REQUIRED SERVICES, INCLUDE THE FOLLOWING: • OVERARCHING GOAL: TO PROVIDE SUPPORT AND DIRECT TRAUMA SERVICES FOR CHILDREN, ADOLESCENTS AND THEIR FAMILIES • GOAL 1: TO PROVIDE OUTREACH, ENGAGEMENT AND PREVENTION STRATEGIES TO INCREASE PARTICIPATION AND ACCESS TO TRAUMA SERVICES • GOAL 2: TO PROVIDE EVIDENCE-BASED OUTPATIENT TRAUMA TREATMENT FOR AT-RISK CHILDREN AND ADOLESCENTS • GOAL 3: TO PROVIDE SERVICES TO THE POPULATION OF CHILD AND ADOLESCENT SERVING SERVICE SYSTEM ON TRAUMA INFORMED PRACTICES USING LOCAL RESOURCES • GOAL 4: TO COLLABORATE WITH NCTSI II CENTERS • GOAL 5: TO PROVIDE PROCESS AND OUTCOME EVALUATION QUARTERLY, ANNUALLY, AND AT PROJECT COMPLETION  PROJECT SERVICES INCLUDE OUTREACH, TRAUMA SCREENING, TRAUMA PREVENTION WORKBOOKS FOR ADOLESCENTS AND FAMILY MEMBERS, OFFICE-BASED AND HOME-BASED OUTPATIENT TREATMENT, TRAINING ON TRAUMA-INFORMED CARE, COLLABORATION WITH NATIONAL CHILD TRAUMATIC STRESS CENTERS, AND PROCESS AND OUTCOME EVALUATION. EVIDENCE-BASED SCREENING, ASSESSMENT, AND TREATMENT PRACTICES WILL GUIDE SERVICES. HEALING THE HURTS IS SUPPORTED BY THE LEADERSHIP OF THE INTERAGENCY CHILD, ADOLESCENT & YOUNG ADULT BEHAVIORAL HEALTH COUNCIL (BH COUNCIL), AN AI/AN BEHAVIORAL HEALTH COALITION OF 18 MEMBERS. THE BH COUNCIL PLAYS A KEY ROLE IN ALL PROJECTS, PROVIDING THE LEADERSHIP AND INFRASTRUCTURE TO SUPPORT SERVICES. THE BH COUNCIL SUPPORTS PROGRAMS THROUGH VARIOUS PLANS INCLUDING SUSTAINABILITY, TRAUMA-INFORMED CARE, CULTURAL COMPETENCE, AND ACCESS TO CARE.",1968072,1968072,1482819.71,485252.29000000004,2026-01-14,TAGGS,2026-01-15,N/A,2021-09-30,2026-09-29,Center for Mental Health Services,93.243,SUBSTANCE ABUSE AND MENTAL HEALTH SERVICES PROJECTS OF REGIONAL AND NATIONAL SIGNIFICANCE,SM-21-010,"National Child Traumatic Stress Initiative – Category III, Community Treatment and Service (CTS) C…",https://www.samhsa.gov/grants/grant-announcements/sm-21-010,"FAIRBANKS NATIVE ASSOCIATION, INC",AK,FAIRBANKS,AK-00,Indian Tribal Council,https://taggs.hhs.gov/Detail/AwardDetail?arg_AwardNum=H79SM084844&arg_ProgOfficeCode=80,https://www.usaspending.gov/award/ASST_NON_H79SM084844_075/
SM084847,Restored,Reinstated (confirmed),Parents and Children Together(PACT),"PARENTS AND CHILDREN TOGETHER(PACT) - THIS PROPOSED PROJECT, PARENTS AND CHILDREN TOGETHER (PACT) IS AN INITIATIVE TO FILL A TRAUMA-SPECIFIC SERVICES GAP FOR CHILDREN OF SUBSTANCE ABUSING WOMEN IN NORTHWEST ARKANSAS.  PACT WILL ENHANCE SERVICES FOR CLIENTS THROUGH CASE MANAGEMENT AND CONNECTION TO CLINICAL AND COMMUNITY RESOURCES.  THIS COLLABORATIVE EFFORT BETWEEN UAMS, COUNTY DRUG COURTS, OZARK GUIDANCE, INC. AND COMMUNITY AGENCIES WILL LINK CHILDREN TO EVIDENCE-BASED TREATMENTS TO TREAT PAST TRAUMA AND PREVENT FUTURE TRAUMA.  THE TARGET POPULATION IS CHILDREN OF PARENTS WHO HAVE A SUBSTANCE USE DISORDER (SUD), OR CO-OCCURRING SUD/MENTAL ILLNESS (COD), HAVE EXPERIENCED TRAUMA, AND WHO ARE AT HIGH RISK FOR TRAUMA CONTINUED INTER-GENERATIONAL TRAUMA.  PACT WILL ENROLL PARTICIPANTS IN BENTON, WASHINGTON AND MADISON COUNTIES IN NORTHWEST ARKANSAS (NWA).  PACT WILL SERVE 335 CHILDREN AND THEIR FAMILIES THROUGHOUT THE LIFETIME OF THE PROJECT.   GOALS OF THE PROJECT ARE TO: 1) INCREASE ACCESS AND ENGAGEMENT OF SERVICES AMONG THE TARGET POPULATION; 2) IMPROVE SYSTEM CAPACITY AND INFRASTRUCTURE TO PROVIDE EFFECTIVE, EVIDENCE BASED, CULTURALLY APPROPRIATE TRAUMA SERVICES; AND 3) IMPROVE CHILD/FAMILY OUTCOMES IN NWA AND REDUCE HEALTH DISPARITIES AMONG HISTORICALLY DISADVANTAGED POPULATIONS.  UAMS WILL FACILITATE INFRASTRUCTURE DEVELOPMENT TO EXPAND AND ENHANCE ACCESS TO A COMPREHENSIVE AND TRAUMA-INFORMED CONTINUUM OF CARE AND CONNECTION TO RESOURCES FOR OUR POPULATION OF FOCUS.  BY UTILIZING EVIDENCE-BASED PRACTICES AND STRATEGIES LIKE TRAUMA FOCUSED COGNITIVE BEHAVIORAL THERAPY (CF-CBT), CPP, CPIT, QUALITY CHILDCARE, HOME VISITING PROGRAMS, SOCIAL-EMOTIONAL LEARNING AND PARENTING EDUCATION, PACT WILL ENHANCE AND CONTINUOUSLY IMPROVE THE DELIVERY OF EVIDENCE-BASED AND CULTURALLY APPROPRIATE SERVICES THAT ARE EFFECTIVE IN PREVENTING CHILDHOOD TRAUMA AND TREATING EXISTING TRAUMA SYMPTOMS.   PARTICIPANT OUTCOMES WILL BE MEASURED THROUGH BASELINE AND FOLLOW-UP ASSESSMENTS OF DECREASED CHILD TRAUMA SYMPTOMS, DECREASED SCHOOL DISCIPLINARY OCCURRENCES, IMPROVED PARENTING SELF-EFFICACY, DECREASED PARENTAL SUD/COD SYMPTOMS, AND  IMPROVED FAMILY RELATIONSHIPS/FAMILY FUNCTIONING.  THE PACT PROJECT WILL PROVIDE FOR AN IMMINENT NEED IN FILLING A GAP IN TRAUMA TREATMENT AND TRAUMA INFORMED SYSTEM SERVICE DELIVERY FOR A VULNERABLE POPULATION AT RISK INTERGENERATIONAL TRAUMA THAT HAS BEEN EVEN GREATER EXASPERATED BY THE COVID-19 EPIDEMIC.",1999997,1999997,1516194.98,483802.02,2026-01-14,TAGGS,2026-01-15,N/A,2021-09-30,2026-12-31,Center for Mental Health Services,93.243,SUBSTANCE ABUSE AND MENTAL HEALTH SERVICES PROJECTS OF REGIONAL AND NATIONAL SIGNIFICANCE,SM-21-010,"National Child Traumatic Stress Initiative – Category III, Community Treatment and Service (CTS) C…",https://www.samhsa.gov/grants/grant-announcements/sm-21-010,UNIVERSITY OF ARKANSAS FOR MEDICAL SCIENCES,AR,LITTLE ROCK,AR-02,Other Health Organization,https://taggs.hhs.gov/Detail/AwardDetail?arg_AwardNum=H79SM084847&arg_ProgOfficeCode=80,https://www.usaspending.gov/award/ASST_NON_H79SM084847_075/
SM084848,Restored,Reinstated (confirmed),Staten Island Children's Trauma Center,"STATEN ISLAND CHILDREN'S TRAUMA CENTER - RICHMOND UNIVERSITY MEDICAL CENTER (RUMC) PROPOSES TO CONTINUE THE WORK OF THE STATEN ISLAND CHILDREN'S TRAUMA CENTER (SICTC), AN INITIATIVE THAT WILL LEVERAGE OUR 160 YEARS OF EXPERIENCE SERVING TRAUMA SUPPORT AND TREATMENT FOR STATEN ISLAND'S CHILDREN AND YOUTH WHO HAVE BEEN AND CONTINUE TO BE AFFECTED BY AN ARRAY OF COMPOUNDING TRAUMATIC EVENTS. SICTC IS A MULTI-PRONGED INITIATIVE THAT WILL SUPPORT CHILDREN AND YOUTH WHO HAVE EXPERIENCED TRAUMA, AGES 3021 YEARS OLD, AND THEIR CAREGIVERS (BOTH FAMILIES AND CROSS-SECTOR PROVIDERS) ACROSS THE SYSTEMS OF CARE. OVER THE FIVE YEAR PROGRAM, SICTC WILL PROVIDE TRAUMA PSYCHOEDUCATION THROUGH THE FAMILIES OVERCOMING UNDER STRESS (FOCUS) INTERVENTION TO 1,000 CHILDREN AND YOUTH WITHIN 6 SCHOOL-BASED CLINICS AND 2 DAY TREATMENT AND 2 OUTPATIENT SETTINGS. ADDITIONALLY, 250 OF THEIR CAREGIVERS WILL PARTICIPATE IN A CARE FOR THE CAREGIVERS PSYCHOEDUCATIONAL WORKSHOP. WE WILL SCREEN 3,100 CHILDREN AND YOUTH AGES 3-21 YEARS OLD FOR TRAUMA OVER THE LIFETIME OF THE GRANT, AND CHILDREN AND YOUTH IDENTIFIED AS BEING ADVERSELY AFFECTED BY TRAUMA WILL BE REFERRED TO SICTC'S TRAUMA TREATMENT SERVICES THAT WILL BE TAILORED TO THEIR NEEDS AND EXPERIENCES. WE WILL OFFER 100 YOUTH IN GRADES K-12 SCHOOL-BASED GROUP TREATMENT THROUGH COGNITIVE BEHAVIORAL INTERVENTION FOR TRAUMA IN SCHOOLS (CBITS)/BOUNCE BACK, AND ONE-ON-ONE CLINIC- OR SCHOOL-BASED TRAUMA FOCUSED COGNITIVE BEHAVIORAL THERAPY (TF-CBT) WILL BE PROVIDED TO 200 YOUTH WITH MORE ACUTE NEEDS AND/OR THOSE OUTSIDE OF THE CBITS/BOUNCE BACK TARGET AGE RANGE. WE ESTIMATE THAT THE RACIAL/ETHNIC CHARACTERISTICS OF THOSE SERVED WILL BE APPROXIMATELY: 24% BLACK; 65% HISPANIC/LATINO; AND 11% WHITE AND 1% WHO IDENTIFY AS ANOTHER RACE/ETHNICITY. 48% WILL BE MALE AND 52% FEMALE, AND APPROXIMATELY 22% WILL IDENTIFY AS LGBTQ. FINALLY, RUMC WILL LEVERAGE OUR EXTENSIVE GRASSROOTS CONNECTIONS ACROSS OUR COMMUNITIES, TO PROVIDE 1,000 NON-CLINICAL COMMUNITY BASED PROVIDERS WITH TRAUMA 101 PSYCHOEDUCATION AND 20 COMMUNITY BASED CLINICIANS IN ADVANCED EVIDENCE BASED TRAUMA TREATMENTS AND TRAUMA SCREENING TOOLS, THEREBY INFUSING THE ENTIRE STATEN ISLAND SYSTEM OF CARE WITH A TRAUMA INFORMED LENS AND ENSURING OUR CLINICAL STAFF ARE EQUIPPED TO TREAT INDIVIDUALS WITHIN ALL ASPECTS OF THE BEHAVIORAL HEALTH CONTINUUM. AS A RESULT OF THIS WORK, SICTC WILL IMPROVE THE INTEGRATED CARE PROCESS BY IDENTIFYING CHILDREN AND YOUTH ADVERSELY AFFECTED BY TRAUMA, INCREASE ACCESS TO TRAUMA TREATMENT AND SUPPORT AND IMPROVE OUTCOMES FOR STATEN ISLAND'S CHILDREN, YOUTH, AND FAMILIES AFFECTED BY TRAUMA AND ENHANCE THE STATEN ISLAND CHILD AND YOUTH SERVICES SYSTEM THROUGH TRAUMA-FOCUSED TRAININGS AND EDUCATION.",2000000,2000000,1600000,400000,2026-01-14,TAGGS,2026-01-15,N/A,2021-09-30,2026-09-29,Center for Mental Health Services,93.243,SUBSTANCE ABUSE AND MENTAL HEALTH SERVICES PROJECTS OF REGIONAL AND NATIONAL SIGNIFICANCE,SM-21-010,"National Child Traumatic Stress Initiative – Category III, Community Treatment and Service (CTS) C…",https://www.samhsa.gov/grants/grant-announcements/sm-21-010,RICHMOND MEDICAL CENTER,NY,STATEN ISLAND,NY-11,Health Department,https://taggs.hhs.gov/Detail/AwardDetail?arg_AwardNum=H79SM084848&arg_ProgOfficeCode=80,https://www.usaspending.gov/award/ASST_NON_H79SM084848_075/
SM084849,Restored,Reinstated (confirmed),VOA SELA NCTSI - Category III,"VOA SELA NCTSI - CATEGORY III - VOLUNTEERS OF AMERICA SOUTHEAST LOUISIANA (VOASELA) PROPOSES A NATIONAL CHILD TRAUMATIC STRESS INITIATIVE-CATEGORY III (NCTSI-III) ACCORDING TO SM-21-010 REQUIREMENTS TO INCREASE ACCESS TO EFFECTIVE TRAUMA-FOCUSED TREATMENT AND SERVICES FOR CHILDREN AND ADOLESCENTS AGES SIX-18, AND THEIR FAMILIES, WHO EXPERIENCE TRAUMATIC EVENTS SPECIFICALLY FROM EXPOSURE TO VIOLENT CRIMES; DOMESTIC VIOLENCE/SUBSTANCE ABUSE, AND PARENT INCARCERATION. WITHIN THIS POPULATION, ARE YOUTH OF ACTIVE MILITARY/VETERANS AND THOSE IN CHILD-SERVING SYSTEMS (CHILD-WELFARE AND PROTECTIVE SERVICES, JUVENILE JUSTICE). THE PROJECT WILL FOCUS ON SERVICE DELIVERY WITHIN DUAL PARISHES OF GREATER NEW ORLEANS (GNO)—JEFFERSON PARISH AND ORLEANS PARISH. BOTH PARISHES HAVE AT LEAST A 20% YOUTH POPULATION UNDER AGE 18 LIVING IN PARISH COMMUNITIES WITH NEARLY 25% HOUSEHOLD POVERTY AND AMONG EXTREME NEIGHBORHOOD VIOLENCE AND CRIME--SO EXTREME, THAT 98% OF THE NATION’S CITIES ARE SAFER THAN GNO. SIXTY-PERCENT (60%) OF YOUTH ARE VICTIMS OF OR WITNESSES TO PHYSICAL OR SEXUAL, SCHOOL, AND/OR NEIGHBORHOOD VIOLENCE; NEARLY 40% HAVE EXPERIENCED ONE FORM OF VIOLENCE, AND ANOTHER 10% HAVE EXPERIENCED AN EXCESS OF FIVE INSTANCES OF VIOLENCE. WITHOUT INTERVENTION, THIS EXPOSURE TO VIOLENCE PREDISPOSES YOUTH TO ADVERSE CHILDHOOD EXPERIENCES (ACES) AND CHILD-TRAUMA REACTIONS. TO MITIGATE THE PREVALENCE OF CHILD TRAUMA IN GNO, VOASELA WILL SERVE 300 YOUTH OVER THE GRANT PERIOD, (Y1=36; Y2=76; Y3=76; Y4=76; Y5=36), THROUGH THE IMPLEMENTATION OF (1) A PUBLIC AWARENESS CAMPAIGN FOR IN-PERSON COMMUNITY ENGAGEMENT (ABIDING COVID-19 PRECAUTIONS) AND VIRTUAL COMMUNICATION WITH A STRONG PRESENCE ON SOCIAL MEDIA PLATFORMS AND HOSTING COMMUNITY FORUMS; (2) COLLABORATION WITH A NCTSI-II TSA TO PROVIDE CONSULTATION AND STAFF TRAINING ON EVIDENCE-BASED (EB) TRAUMA-INFORMED-COGNITIVE BEHAVIORAL THERAPY (CF-CBT); (3) CASE MANAGEMENT AND THERAPEUTIC SERVICES USING EB SCREENING/ASSESSMENT TOOLS AND CLINICAL TREATMENT PLANS WITH CF-CBT METHODOLOGY; (4) SUPPORT FOR CHILD-SERVING AGENCIES TO IDENTIFY YOUTH WITH TRAUMA-REACTIONS AND PROVIDE LINKAGE TO TREATMENT/SERVICES, AND ENGAGE KEY AGENCY REPRESENTATIVES TO COLLABORATE ON POLICIES TO REDUCE VIOLENCE AND DISPARITIES AFFECTING CHILD AND ADOLESCENT MENTAL HEALTH; AND (5) PARTNER WITH EXPERIENCED RESEARCHERS (EVALUATORS) TO STUDY THE NCTSI-III PROPOSED PROJECT EFFECTIVENESS THROUGH A WELL-DESIGNED PROCESS AND OUTCOME EVALUATION. VOASELA RESPECTFULLY REQUESTS SAMHSA FUNDING FOR $2,000,000 TO IMPLEMENT THE FIVE-YEAR PROPOSED NCTSI-III PROJECT TO IMPROVE ACCESS FOR MARGINALIZED CHILDREN, ADOLESCENTS, AND THEIR FAMILIES TO EB TRAUMA-FOCUSED TREATMENT/SERVICES.",1600000,1600000,1104181.61,495818.3899999999,2026-01-14,TAGGS,2026-01-15,N/A,2022-12-31,2026-12-31,Center for Mental Health Services,93.243,SUBSTANCE ABUSE AND MENTAL HEALTH SERVICES PROJECTS OF REGIONAL AND NATIONAL SIGNIFICANCE,SM-21-010,"National Child Traumatic Stress Initiative – Category III, Community Treatment and Service (CTS) C…",https://www.samhsa.gov/grants/grant-announcements/sm-21-010,"VOLUNTEERS OF AMERICA SOUTHEAST LOUISIANA, INC",LA,NEW ORLEANS,LA-02,Other Social Services Organization,https://taggs.hhs.gov/Detail/AwardDetail?arg_AwardNum=H79SM084849&arg_ProgOfficeCode=80,https://www.usaspending.gov/award/ASST_NON_H79SM084849_075/
SM084851,Restored,Reinstated (confirmed),"Addressing Childhood Trauma through Intervention, Outreach, and Networking III (ACTION III)","ADDRESSING CHILDHOOD TRAUMA THROUGH INTERVENTION, OUTREACH, AND NETWORKING III (ACTION III) - THE UNIVERSITY OF NEW MEXICO'S ADDRESSING CHILDHOOD TRAUMA THROUGH INTERVENTION, OUTREACH, AND NETWORKING III PROGRAM (ACTION III) AIMS TO PROVIDE AND INCREASE ACCESS TO CULTURALLY RESPONSIVE, TRAUMA-FOCUSED TREATMENT AND SERVICES FOR NEW MEXICO YOUTH AND THEIR FAMILIES WHO EXPERIENCE TRAUMATIC EVENTS. SPECIFICALLY, THE ACTION III GOALS INCLUDE: 1) INITIATE OUTREACH TO INCREASE PARTICIPATION AND ACCESS TO YOUTH TRAUMA TREATMENT AND SERVICES, WITH AN ADDITIONAL FOCUS ON YOUTH AND FAMILIES WHO HAVE EXPERIENCED OPPRESSION-BASED TRAUMA OR COME FROM HISTORICALLY UNDERSERVED CULTURAL GROUPS. 2) PROVIDE SCREENING, ASSESSMENT, THERAPY, AND PREVENTION FOR DIVERSE AND AT-RISK YOUTH, USING EVIDENCE-BASED PRACTICES FOR TREATING TRAUMATIC STRESS AND EVIDENCE-INFORMED STRATEGIES TO ADDRESS SECONDARY TRAUMATIC STRESS (STS) FOR CLINICAL PROVIDERS. 3) EDUCATE YOUTH-SERVING SERVICE SYSTEMS IN NEW MEXICO ABOUT TRAUMA-INFORMED CARE (TIC) AND CULTURALLY RESPONSIVE CARE, INCLUDING NEW MEXICO CHILD WELFARE AND UNM HOSPITAL. 4) COLLABORATE WITH THE SECONDARY TRAUMATIC STRESS INNOVATION AND SOLUTION CENTER TO PILOT TIC/STS INTERVENTIONS FOR UNM CHILDREN'S PSYCHIATRIC CENTER. 5) IMPLEMENT A PROJECT EVALUATION, INCLUDING PROCESS AND OUTCOMES, TO DETERMINE THE ACCESSIBILITY AND EFFECTIVENESS OF ACTION III SERVICES. ACTION III'S POPULATION FOCUS IS YOUTH AGES 6-21 YEARS OLD, LIVING IN THE ALBUQUERQUE METRO AREA, WHO EXPERIENCE TRAUMATIC EVENTS. WE AIM TO SERVE 40-55 YOUTH ANNUALLY AND PROVIDE TRAUMA-FOCUSED SERVICES TO 250 YOUTH AND THEIR FAMILIES OVER THE LIFETIME OF THE PROJECT.",2000000,1600000,1103267.96,896732.04,2026-01-14,TAGGS,2026-01-15,N/A,2022-09-30,2027-09-29,Center for Mental Health Services,93.243,SUBSTANCE ABUSE AND MENTAL HEALTH SERVICES PROJECTS OF REGIONAL AND NATIONAL SIGNIFICANCE,SM-21-010,"National Child Traumatic Stress Initiative – Category III, Community Treatment and Service (CTS) C…",https://www.samhsa.gov/grants/grant-announcements/sm-21-010,UNIVERSITY OF NEW MEXICO,NM,ALBUQUERQUE,NM-01,"Junior College, College & University",https://taggs.hhs.gov/Detail/AwardDetail?arg_AwardNum=H79SM084851&arg_ProgOfficeCode=80,https://www.usaspending.gov/award/ASST_NON_H79SM084851_075/
SM084853,Restored,Reinstated (confirmed),"Engaging Adversity, Surviving Trauma in Oklahoma City (EAST OKC)","ENGAGING ADVERSITY, SURVIVING TRAUMA IN OKLAHOMA CITY (EAST OKC) - THE OKLAHOMA DEPARTMENT OF MENTAL HEALTH AND SUBSTANCE ABUSE SERVICES’ PROJECT ENGAGING ADVERSITY, SURVIVING TRAUMA IN OKLAHOMA CITY (EAST OKC) WILL REDUCE THE IMPACT OF TRAUMA IN 10 OF OKLAHOMA’S MOST TRAUMA-EXPOSED ZIP CODES, WHERE TRAUMA IS COMMON ENOUGH TO BE A NORMATIVE LIFE EXPERIENCE. EAST OKC WILL PROVIDE TRAUMA TREATMENTS TO 1290 CHILDREN, PRENATALLY-18 YEARS OLD, AND REACH 2625 INDIVIDUALS THROUGH OUTREACH FOR A TOTAL OF 3915 SERVED.  EAST OKC TARGETS AN AREA WITH A MAJORITY (59%) AFRICAN AMERICAN POPULATION THAT HAS AN AVERAGE ACE SCORE OF 5.25, AND IF POST-TRAUMATIC STRESS DISORDER (PTSD) WERE A RACE, IT WOULD BE THE SECOND-LARGEST AMONG CHILDREN SERVED. THE AVERAGE LIFE EXPECTANCY IN THIS AREA IS FIVE YEARS LESS THAN THE REST OF THE COUNTY, AND THE AVERAGE YEARS OF POTENTIAL LIFE LOST IS 43.6 PER 100,000 FOR AFRICAN AMERICAN RESIDENTS, MORE THAN DOUBLE THE YEARS FOR WHITE RESIDENTS (21.3). EAST OKC WILL DISSEMINATE AND IMPLEMENT A CULTURALLY-RESPONSIVE, GROUP ADAPTATION OF TRAUMA-FOCUSED COGNITIVE BEHAVIORAL THERAPY (TF-CBT) AND CHILD-PARENT PSYCHOTHERAPY (CPP) THROUGH TWO CERTIFIED COMMUNITY BEHAVIORAL HEALTH CLINICS, RED ROCK AND NORTHCARE, HOPE COMMUNITY SERVICES, A COMMUNITY MENTAL HEALTH CENTER, AND SUNBEAM FAMILY SERVICES. THE GOALS AND OBJECTIVES OF EAST OKC ARE (1) PROVIDE OUTREACH AND ENGAGEMENT SERVICES TO FAMILIES AND NATURAL SUPPORTS IN THE GEOGRAPHIC CATCHMENT: A) EACH YEAR OF FUNDING, COMPLETE FIVE DIGITAL OUTREACH ACTIVITIES TARGETING FAMILIES AND CAREGIVERS; B) EACH YEAR, REACH 500 INDIVIDUALS THROUGH CULTURALLY RESPONSIVE OUTREACH ACTIVITIES; C) EACH YEAR, HOST THREE OUTREACH ACTIVITIES TARGETING THE FAMILIES’ COMMON SPHERES, SUCH AS DAYCARES, FAITH-BASED ORGANIZATIONS, AND PEDIATRICIAN OFFICES. (2) REDUCE THE IMPACT OF TRAUMA IN THE TARGET POPULATION BY INCREASING ACCESS TO AND CAPACITY FOR CULTURALLY-RESPONSIVE, EVIDENCE-BASED PRACTICES (EBPS) WITHIN THE GEOGRAPHIC CATCHMENT: A) EACH YEAR, TRAIN 25 PROVIDERS IN CULTURALLY-RESPONSIVE GROUP TF-CBT; B) TRAIN 25 CLINICIANS IN CPP THROUGHOUT THE LIFE OF FUNDING; C) IN YEAR 1, WILL SERVE 150 CHILDREN AND CAREGIVERS WITH IDENTIFIED EBPS INCREASING YEARLY TO 300 CHILDREN AND CAREGIVERS SERVED IN YEAR 5; D) 80% OF CHILDREN WHO COMPLETE CPP WILL DEMONSTRATE IMPROVEMENT THROUGH ASSESSMENT; E) 80% OF CHILDREN WILL NO LONGER MEET CRITERIA FOR PTSD UPON COMPLETION OF TF-CBT. (3) INCREASE AWARENESS, COMPETENCY, AND CAPACITY OF COMMUNITY-BASED SUPPORTS AND CHILD-SERVICE SYSTEMS TO IDENTIFY AND SUPPORT CHILDREN EXPOSED TO TRAUMA WITH A COMPREHENSIVE RANGE OF SERVICES AND SUPPORTS AVAILABLE TO MEET NEEDS: A) EACH YEAR, OFFER THREE TRAININGS IN THE ROAD TO RECOVERY TO EDUCATE CHILD-SERVING SERVICE SYSTEMS ABOUT THE INTERSECTION OF TRAUMA AND INTELLECTUAL DEVELOPMENTAL DISABILITIES; B) STRATEGICALLY ENGAGE CHILD-SERVING SERVICE SYSTEMS WITH TRAININGS IN RELEVANT EBPS; C) PROVIDE INFANT MENTAL HEALTH CONSULTATION TO 25 COMMUNITY PARTNERS ANNUALLY. (4) COLLABORATE WITH NCTSI CATEGORY II, TREATMENT AND SERVICE ADAPTATION CENTERS (TSA) TO ADVANCE GOALS OF THE PROJECT: A) WORK WITH TSA TO ENHANCE AND ADAPT CPP IMPLEMENTATION; B) WORK WITH TSA TO ENHANCE AND ADAPT IDENTIFIED EBPS FOR USE WITH ILL OR INJURED CHILDREN AND FURTHER THE IMPACT OF ROAD TO RECOVERY; C) WORK WITH A TSA TO OBTAIN TRAINING FOR EAST OKC PROVIDERS IN HISTORICAL TRAUMA AND RESPONDING TO SYSTEM-BASED TRAUMA EXPOSURE.",2000000,2000000,1524633.0299999998,475366.9700000002,2026-01-14,TAGGS,2026-01-15,N/A,2021-09-30,2026-09-29,Center for Mental Health Services,93.243,SUBSTANCE ABUSE AND MENTAL HEALTH SERVICES PROJECTS OF REGIONAL AND NATIONAL SIGNIFICANCE,SM-21-010,"National Child Traumatic Stress Initiative – Category III, Community Treatment and Service (CTS) C…",https://www.samhsa.gov/grants/grant-announcements/sm-21-010,OKLAHOMA DEPARTMENT OF MENTAL HEALTH AND SUBSTANCE ABUSE SERVICES,OK,OKLAHOMA CITY,OK-03,Health Department,https://taggs.hhs.gov/Detail/AwardDetail?arg_AwardNum=H79SM084853&arg_ProgOfficeCode=80,https://www.usaspending.gov/award/ASST_NON_H79SM084853_075/
SM084854,Restored,Reinstated (confirmed),Philadelphia Alliance for Child Trauma Services I (PACTS) III,"PHILADELPHIA ALLIANCE FOR CHILD TRAUMA SERVICES I (PACTS) III - PHILADELPHIA ALLIANCE FOR CHILD TRAUMA SERVICES: FORTIFYING THE FUTURE THE INTENT OF THIS APPLICATION IS TO CHANGE THE TRAJECTORY FOR TRAUMA IMPACTED YOUTH AND FAMILIES BY BUILDING AN EXPANDED, MORE RESPONSIVE, AND MORE NIMBLE CITYWIDE TRAUMA SERVICES INFRASTRUCTURE. WE WILL ACCOMPLISH THIS BY BUILDING INFRASTRUCTURE SUPPORT TO EXPAND AND ENHANCE THE TRAUMA PROVIDERS’ NETWORKS AND BY ENSURING ACCESS TO UNIVERSAL TRAUMA SCREENING AND TREATMENT FOR YOUTH AND FAMILIES. OUR FOCUS IS ON THE MOST VULNERABLE YOUTH, AGES 3-21, WHO EXPERIENCE TRAUMA AND INTERPERSONAL OR COMMUNITY VIOLENCE, COMMERCIAL SEXUAL EXPLOITATION, AND TRAUMATIZING RACISM AND DISCRIMINATION. WE WILL ASSESS 500 YOUTH/YEAR FOR TRAUMA, TOTALING 2,500 IN 5 YEARS; AND PROVIDE EBP TRAUMA SERVICES TO 500 YOUTH/YEAR, WITH A TOTAL OF REACHING 2,500 YOUTH OVER 5 YEARS. WE WILL IMPLEMENT THREE EBPS. 1) UNIVERSAL SCREENING USING THE TRAUMA HISTORY QUESTIONNAIRE THROUGHOUT ALL PHILADELPHIA YOUTH SERVING PROVIDERS. 2) TRAUMA-FOCUSED COGNITIVE BEHAVIORAL THERAPY, AN INTERVENTION USED WITH YOUTH AND PARENTS/CAREGIVERS TO DECREASE THE NEGATIVE BEHAVIOR PATTERNS AND EMOTIONAL RESPONSES THAT OCCUR AS A RESULT OF SEXUAL ABUSE, PHYSICAL ABUSE AND OTHER TRAUMAS. 3)STRESS-LESS, AN EVIDENCE-INFORMED TRAUMA INTERVENTION FOR CLINICIANS WHO PROVIDE YOUTH TRAUMA SERVICES. FOUR MAJOR GOALS WILL GUIDE OUR WORK. 1) EXPAND AND BUILD SUSTAINABILITY IN THE PUBLIC MENTAL HEALTH SYSTEM’S CAPACITY TO PROVIDE EVIDENCE-BASED TRAUMA TREATMENT TO UNDERSERVED YOUTH AND FAMILIES. 2) INCREASE PARITY OF ACCESS AND QUALITY OF SERVICES FOR LGBTQ+ IDENTIFYING INDIVIDUALS AND BLACK, INDIGENOUS AND PEOPLE OF COLOR, YOUTH AND FAMILIES IMPACTED BY TRAUMA. INCORPORATING AN ANTI-RACISM LENS INTO OUR TRAUMA-INFORMED APPROACH AND SPECIFICALLY TRAINING CLINICIANS TO ENGAGE IN CULTURALLY RESPONSIVE AND ANTI-RACIST EVIDENCE-BASED TRAUMA CARE. 3) DEVELOP YOUTH AND COMMUNITY TRAUMA LEADERSHIP THROUGH BUILDING ON THE POWER OF SOCIAL CAPITAL AND THE ROLE THAT TRUSTED INDIVIDUAL COMMUNITY MEMBERS AND GRASSROOTS ORGANIZATIONS PLAY IN BUILDING TRUST AND REPUTATION. WE WILL BUILD A NETWORK OF GRASSROOTS PARTNERS AND YOUTH ADVOCATES TO HELP RE-SHAPE THE MENTAL HEALTH SYSTEM, WHILE RAISING AWARENESS AND UTILIZATION OF TRAUMA SCREENING, TF-CBT, STRESS-LESS AND OTHER EBPS. 4) INCREASE LOCAL AND NATIONAL PARTNERSHIPS BY INCREASING OUR PARTNERSHIPS BY 30%. THE EXPANSION WILL INCLUDE YOUTH SERVING AGENCIES, SUCH AS THE CHILDREN’S HOSPITAL OF PHILADELPHIA AND PHILADELPHIA CHILD WELFARE, TO REFINE, STRENGTHEN AND SUPPORT THE DEVELOPMENT OF AN EFFECTIVE REFERRAL PROCESS FOR TRAUMA SERVICES AND TO PROVIDE TRAUMA EDUCATION OPPORTUNITIES. WE WILL EXPAND AND DEVELOP NEW PARTNERSHIPS WITH NCTSN CENTERS IN ORDER TO CONTRIBUTE TO PRODUCT DEVELOPMENT AND MODEL ADAPTATIONS.",1600000,1600000,1188627,411373,2026-01-14,TAGGS,2026-01-15,N/A,2022-12-31,2026-12-30,Center for Mental Health Services,93.243,SUBSTANCE ABUSE AND MENTAL HEALTH SERVICES PROJECTS OF REGIONAL AND NATIONAL SIGNIFICANCE,SM-21-010,"National Child Traumatic Stress Initiative – Category III, Community Treatment and Service (CTS) C…",https://www.samhsa.gov/grants/grant-announcements/sm-21-010,CITY OF PHILADELPHIA,PA,PHILADELPHIA,PA-03,Hospital,https://taggs.hhs.gov/Detail/AwardDetail?arg_AwardNum=H79SM084854&arg_ProgOfficeCode=80,https://www.usaspending.gov/award/ASST_NON_H79SM084854_075/
SM084855,Restored,Reinstated (confirmed),Expanding Access to Trauma-Informed Parent-Child Mental Health Care in NYC Family Justice Centers,"EXPANDING ACCESS TO TRAUMA-INFORMED PARENT-CHILD MENTAL HEALTH CARE IN NYC FAMILY JUSTICE CENTERS - “EXPANDING ACCESS TO TRAUMA-INFORMED PARENT-CHILD MENTAL HEALTH CARE IN NYC FAMILY JUSTICE CENTERS” IS A MODEL FOR LARGE URBAN CROSS-SYSTEM COLLABORATION TO INCREASE ACCESS TO MENTAL HEALTH SCREENING AND EVIDENCE-BASED, TRAUMA-INFORMED, MULTI-GENERATIONAL, MENTAL HEALTH CARE FOR INTIMATE PARTNER VIOLENCE (IPV) EXPOSED CHILDREN AGES BIRTH TO FIVE WHO HAVE AN IPV SURVIVOR CAREGIVER WITH AN IDENTIFIED MENTAL HEALTH DISORDER. THE PROJECT IS A COLLABORATION BETWEEN THE DEPARTMENT OF CHILD AND ADOLESCENT PSYCHIATRY AT NEW YORK UNIVERSITY (NYU) LANGONE HEALTH, THE NEW YORK CITY (NYC) FAMILY JUSTICE CENTERS (FJC) UNDER THE AUSPICES OF THE NYC MAYOR’S OFFICE TO END DOMESTIC AND GENDER-BASED VIOLENCE, NYC HEALTH + HOSPITALS, AND STEPS TO END FAMILY VIOLENCE/RISING GROUND, THAT ENHANCES AND INTEGRATES EXISTING SILOED PROGRAMS TO CREATE A STREAMLINED REFERRAL PATHWAY AND DIRECT SERVICE PROVISION FOR VERY HIGH RISK, VERY YOUNG CHILDREN. THE NYC HEALTH + HOSPITALS-FJC-MENTAL HEALTH COLLABORATION (MHC) PROGRAM IS CO-LOCATED AT EACH NYC FJC SITE AND PROVIDES PSYCHIATRIC ASSESSMENT AND TREATMENT FOR ADULT SURVIVORS OF IPV. NEARLY 60% OF MHC CLIENTS ARE PARENTS OF CHILDREN 0-18, WITH 30% HAVING CHILDREN UNDER AGE 5. MHC FAMILIES ARE 27% AFRICAN AMERICAN, 64% LATINX, AND 9% CAUCASIAN, WITH 92% LIVING BELOW THE FEDERAL POVERTY LINE, 73% HAVING A HISTORY OF HOUSING INSECURITY, 82% HAVING IMMIGRANT STATUS, AND APPROXIMATELY 30% SPEAKING A PRIMARY LANGUAGE OTHER THAN ENGLISH.  TO INCREASE SCREENING, MHC PROVIDERS WILL ADMINISTER EARLY CHILDHOOD PARENT-REPORT BEHAVIORAL AND TRAUMA SYMPTOM SCREENING MEASURES. TO INCREASE ACCESS TO MENTAL HEALTH CARE, A FACILITATED REFERRAL PATHWAY, WITH ONGOING LEADERSHIP AND OVERSIGHT BY NYU, WILL BE ESTABLISHED BETWEEN MHC PROVIDERS AND COMMUNITY CHILD-PARENT PSYCHOTHERAPY (CPP) PROVIDERS. WHERE INDICATED, DYADS WILL BE REFERRED TO CPP PROVIDERS AT NYC H+H SITES IN THE APPROPRIATE BOROUGH. AT THE STATEN ISLAND FJC, IDENTIFIED DYADS WILL BE REFERRED TO THE CO-LOCATED CPP PROVIDERS AT STEPS TO END FAMILY VIOLENCE. WHERE CHILD SCREENING MEASURES DO NOT INDICATE THE NEED FOR CPP, BUT PARENTS WOULD SIGNIFICANTLY BENEFIT FROM SUPPORT IN PARENTING THEIR YOUNG CHILDREN AFTER TRAUMA, PARENTS WILL BE REFERRED TO CIRCLE OF SECURITY (COS) GROUPS AT EACH FJC SITE CONDUCTED BY THE GRANT-FUNDED CLINICIAN.  OVER THE LIFE OF THE PROJECT, A TOTAL OF 710 CHILDREN BIRTH TO AGE FIVE AND THEIR 710 CAREGIVERS WILL BE SCREENED VIA CAREGIVER REPORT; A TOTAL OF 475 CHILDREN AND 475 PARENTS WILL BE REFERRED FOR CPP AT PARTNER SITES; A TOTAL OF 350 CHILDREN AND 350 PARENTS WILL ENGAGE IN AND RECEIVE CPP TREATMENT; AND A TOTAL OF 240 PARENTS WILL RECEIVE THE COS GROUP INTERVENTION. OVER THE PROJECT PERIOD, 350 FJC PROVIDERS WILL RECEIVE TRAINING ON THE IMPACT OF IPV IN EARLY CHILDHOOD; 14 MHC PROVIDERS WILL BE TRAINED IN EARLY CHILDHOOD MENTAL HEALTH SCREENING; AND 45 CPP PROVIDERS WILL RECEIVE ONGOING CONSULTATION AND SUPERVISION. THE TOTAL NUMBER OF UNDUPLICATED INDIVIDUALS TO BE SERVED BY THE PROJECT IS 1,829.",2000000,2000000,1649987.7000000002,350012.2999999998,2026-01-14,TAGGS,2026-01-15,N/A,2021-09-30,2026-09-29,Center for Mental Health Services,93.243,SUBSTANCE ABUSE AND MENTAL HEALTH SERVICES PROJECTS OF REGIONAL AND NATIONAL SIGNIFICANCE,SM-21-010,"National Child Traumatic Stress Initiative – Category III, Community Treatment and Service (CTS) C…",https://www.samhsa.gov/grants/grant-announcements/sm-21-010,NEW YORK UNIVERSITY,NY,NEW YORK,NY-12,"Junior College, College & University",https://taggs.hhs.gov/Detail/AwardDetail?arg_AwardNum=H79SM084855&arg_ProgOfficeCode=80,https://www.usaspending.gov/award/ASST_NON_H79SM084855_075/
SM084857,Restored,Reinstated (confirmed),La Rabida Chicago Child Trauma Center Program Expansion to Address Community Violence and Complex Trauma,"LA RABIDA CHICAGO CHILD TRAUMA CENTER PROGRAM EXPANSION TO ADDRESS COMMUNITY VIOLENCE AND COMPLEX TRAUMA - LA RABIDA CHILDREN’S HOSPITAL’S CHICAGO CHILD TRAUMA CENTER (CCTC) SERVES TRAUMATIZED CHILDREN AND FAMILIES LIVING IN LOW-INCOME BLACK COMMUNITIES ON CHICAGO’S SOUTH SIDE AND SOUTHERN SUBURBS WITH TRAUMA ASSESSMENT AND THERAPY, CASE MANAGEMENT, AND TRAUMA SCREENINGS AND CONSULTATION. CCTC’S CLINICAL EXPERTISE, STAFF DEVELOPMENT, COMMITMENT TO EXCELLENCE IN CARE, AND INSTITUTIONAL KNOWLEDGE MAKE IT AN ESSENTIAL RESOURCE FOR CHILDREN ON CHICAGO’S SOUTH SIDE. CCTC’S GOALS INCLUDE SERVING 300 CLIENTS EACH YEAR, 225 OF WHICH WILL ENGAGE IN LONG-TERM PSYCHOTHERAPY ESSENTIAL TO TREATING COMPLEX TRAUMA YET RARELY OFFERED. GIVEN THE MULTI-YEAR TREATMENT PLAN NECESSARY FOR MOST CLIENTS, WE HOPE TO SERVE AT LEAST 700 UNIQUE CLIENTS OVER THE COURSE OF THE ENTIRE PROJECT.  CCTC IS ONE OF THE ONLY AGENCIES IN CHICAGO THAT SPECIALIZES IN TRAUMA-FOCUSED ASSESSMENT AND THERAPY FOR THE FULL RANGE OF POTENTIALLY TRAUMATIC EVENTS EXPERIENCED BY CHILDREN. IN THE PAST 3 YEARS OF SERVICE, 79% OF CLIENTS SERVED IDENTIFIED AS AFRICAN AMERICAN, 11% AS MULTI-RACIAL, AND 9% AS CAUCASIAN. CCTC HAS MAINTAINED AFFILIATE STATUS WITH THE NATIONAL CHILD TRAUMATIC STRESS NETWORK (NCTSN) AFTER BEING FUNDED AS A COMMUNITY TREATMENT AND SERVICES SITE (CTS). OUR EMPHASIS ON RESILIENCY AND EXPERTISE IN CHILD TRAUMA PLACE CCTC IN A UNIQUE POSITION TO INCREASE AND ENHANCE THE SERVICES AVAILABLE TO TRAUMATIZED CHILDREN IN THE CHICAGO AREA AND TO CONTINUE TO MAKE VALUABLE CONTRIBUTIONS TO THE NCTSN.   GRANT FUNDING WILL ENABLE CCTC TO INCREASE DELIVERY OF TRAUMA-RELATED SERVICES TO COMMUNITY REFERRALS—CHILDREN NOT INVOLVED IN THE CHILD WELFARE SYSTEM—WHO HAVE HIGH LEVELS OF EXPOSURE TO COMMUNITY VIOLENCE, COMPLEX TRAUMA, AND COVID-19 RELATED TRAUMATIC SEPARATION AND GRIEF. IT WILL ALSO ASSIST THE CENTER IN ATTAINING CONSULTATION AND SUPPORT TO BETTER SERVE OUR CLIENTS AND INTEGRATE INTO OUR COMMUNITY TO ASSURE WE ARE MEETING THEIR NEEDS. CCTC’S GOALS INCLUDE (1) INCREASING OUR CAPACITY TO PROVIDE DIRECT EVIDENCE-BASED TRAUMA-FOCUSED TREATMENT AND CASE MANAGEMENT SERVICES TO HIGH-NEEDS CHILDREN IN THE COMMUNITY WHO ARE NOT INVOLVED IN THE CHILD WELFARE SYSTEM; (2) MAINTAINING EDUCATION AND CONSULTATION IN EBPS FOR COMPLEX TRAUMA, PARTICULARLY FOR THOSE EXPOSED TO COMMUNITY VIOLENCE; (3) DEVELOPING STRUCTURED APPROACHES TO INCREASE CULTURAL RESPONSIVITY IN TREATMENT AND SYSTEMS PROCESSES, WORKING TO EMBED A MORE ROBUST ANTI-RACIST AND RACIAL EQUITY LENS; (4) BETTER INTEGRATING CCTC INTO THE COMMUNITY, BUILDING STAKEHOLDER TRUST, GAINING AND INTEGRATING COMMUNITY FEEDBACK, AND IMPROVING CLIENT ENGAGEMENT; AND (5) EXPANDING COLLABORATION AND KNOWLEDGE SHARING WITH LOCAL AND NATIONAL NETWORKS IN ORDER TO IMPROVE THE ASSESSMENT AND TREATMENT OF COMPLEX TRAUMA IN CHILDREN.",2000000,2000000,1461188.66,538811.3400000001,2026-01-14,TAGGS,2026-01-15,N/A,2021-09-30,2026-09-29,Center for Mental Health Services,93.243,SUBSTANCE ABUSE AND MENTAL HEALTH SERVICES PROJECTS OF REGIONAL AND NATIONAL SIGNIFICANCE,SM-21-010,"National Child Traumatic Stress Initiative – Category III, Community Treatment and Service (CTS) C…",https://www.samhsa.gov/grants/grant-announcements/sm-21-010,LA RABIDA CHILDRENS HOSPITAL,IL,CHICAGO,IL-01,Hospital,https://taggs.hhs.gov/Detail/AwardDetail?arg_AwardNum=H79SM084857&arg_ProgOfficeCode=80,https://www.usaspending.gov/award/ASST_NON_H79SM084857_075/
SM084858,Restored,Reinstated (confirmed),"Program in Youth Trauma, Health and Wellbeing","PROGRAM IN YOUTH TRAUMA, HEALTH AND WELLBEING - THE PROGRAM IN YOUTH TRAUMA, HEALTH AND WELLBEING (PYTHW) COMBINES THE CONTENT AND CLINICAL EXPERTISE OF MULTIPLE BOSTON CHILDREN’S HOSPITAL CENTERS IN BOSTON, MA: THE BOSTON CHILDREN'S HOSPITAL PRIMARY CARE CENTER (CHPCC), ITS SATELLITE COMMUNITY PRIMARY CARE CLINIC MARTHA ELLIOT HEALTH CENTER (MEHC), AND THE TRAUMA AND COMMUNITY RESILIENCE CENTER (TCRC). MORE SPECIFICALLY, PYTHW RECOGNIZES PRIMARY CARE PEDIATRIC CLINICS AS AN ADVANTAGEOUS PLACE FOR DELIVERING MENTAL HEALTH SERVICES FOR CHILDREN, ESPECIALLY ETHNOCULTURAL MINORITY YOUTH AND IS EMBEDDED WITHIN CHPCC AND MEHC’S BEHAVIORAL HEALTH INTEGRATION TEAMS. PYTHW AIMS TO INCREASE ACCESS AND ENGAGEMENT OF YOUTH AND THEIR FAMILIES WHO HAVE EXPERIENCED TRAUMA, WITH A SPECIFIC FOCUS ON RACIAL/ETHNIC MINORITY YOUTH AND REFUGEE/IMMIGRANT YOUTH. TO ACHIEVE OUR AIM, PYTHW IMPLEMENTS TRAUMA SYSTEMS THERAPY (TST) AND COMPONENTS OF ITS ADAPTATION FOR REFUGEES (TST-R). TST-R IS A MULTITIER MODEL DESIGNED TO ADDRESS BARRIERS TO TREATMENT ACCESS AND ENGAGEMENT. TST-R PARTNERS CULTURAL BROKERS WITH CLINICIANS FOR SERVICE DELIVERY. CULTURAL BROKERS ARE COMMUNITY MEMBERS WHO REPRESENT THE CULTURAL GROUP INTENDED TO BE ENGAGED AND ENSURE THAT THE CULTURE, LANGUAGE, AND WORLDVIEW OF THE CLIENT ARE INTEGRATED INTO CLINICAL PRACTICE. PYTHW LEVERAGES CULTURAL KNOWLEDGE THROUGH THE USE OF CULTURAL BROKERS AND BI- OR MULTI-CULTURAL CLINICAL STAFF. IMPORTANTLY, PYTHW PARTNERS WITH OTHER MASSACHUSETTS ORGANIZATIONS TO ACHIEVE OUR MISSION NAMELY THE REFUGEE AND IMMIGRANT ASSISTANCE CENTER (RIAC) AND THE HOME FOR LITTLE WANDERERS (HFLW). WE EXPECT TO SERVE OVER 2, 600 YOUTH AND FAMILIES THROUGHOUT THE LIFETIME OF THE PROJECT BY OUTREACH (TIER 1) TO 2,000 COMMUNITY MEMBERS, AND ENGAGEMENT OF 270 YOUTH IN SKILL-BASED GROUPS (TIER 2), 330 YOUTH IN OUTPATIENT TREATMENT (TIER 3) AND 78 YOUTH AND THEIR FAMILIES IN HOME-BASED THERAPY (TIER 4).",1990673,1990673,1555544.42,435128.5800000001,2026-01-14,TAGGS,2026-01-15,N/A,2021-09-30,2026-09-29,Center for Mental Health Services,93.243,SUBSTANCE ABUSE AND MENTAL HEALTH SERVICES PROJECTS OF REGIONAL AND NATIONAL SIGNIFICANCE,SM-21-010,"National Child Traumatic Stress Initiative – Category III, Community Treatment and Service (CTS) C…",https://www.samhsa.gov/grants/grant-announcements/sm-21-010,"CHILDREN'S HOSPITAL CORPORATION, THE",MA,BOSTON,MA-07,Hospital,https://taggs.hhs.gov/Detail/AwardDetail?arg_AwardNum=H79SM084858&arg_ProgOfficeCode=80,https://www.usaspending.gov/award/ASST_NON_H79SM084858_075/
SM084860,Restored,Reinstated (confirmed),"Expanding Evidence-Based Practices for Children Who Have Experienced Trauma in Delaware County, Pennsylvania","EXPANDING EVIDENCE-BASED PRACTICES FOR CHILDREN WHO HAVE EXPERIENCED TRAUMA IN DELAWARE COUNTY, PENNSYLVANIA - EXPANDING EVIDENCE-BASED PRACTICES FOR CHILDREN WHO HAVE EXPERIENCED TRAUMA WILL PROVIDE ENHANCED RESOURCES FOR CHILDREN AGES 6-18 WHO HAVE EXPERIENCED TRAUMA IN DELAWARE COUNTY, PA THROUGH A COLLABORATION BETWEEN JOSEPH J. PETERS INSTITUTE (JJPI); PENNSYLVANIA’S PUBLIC HEALTH INSTITUTE, THE PUBLIC HEALTH MANAGEMENT CORPORATION (PHMC); AND FAMILY SUPPORT LINE (FSL). THE PROJECT WILL MEET THE CLEARLY DOCUMENTED NEEDS OF CHILDREN WHO ARE UNDERSERVED AND AT-RISK, INCLUDING THOSE LIVING IN POVERTY, AND WHO HAVE EXPERIENCED SEXUAL ABUSE. THE PROJECT WILL EXPAND THE AVAILABILITY OF INDIVIDUAL AND FAMILY PSYCHOTHERAPY FOR CHILDREN AND FAMILIES DEALING WITH THE EFFECTS OF SEXUAL ABUSE AND OTHER TRAUMAS AS WELL AS CHILDREN WHO ARE EXHIBITING PROBLEMATIC SEXUAL BEHAVIORS. EXPANDING EVIDENCE-BASED PRACTICES FOR CHILDREN WHO HAVE EXPERIENCED TRAUMA WILL EXPAND EVIDENCE-BASED PRACTICES FOR THE TARGET POPULATION INCLUDING TRAUMA FOCUSED COGNITIVE BEHAVIOR THERAPY (TF-CBT) AND COGNITIVE BEHAVIORAL INTERVENTION FOR TRAUMA IN SCHOOLS (CBITS). PROJECT GOALS ARE TO 1) EXPAND THE AVAILABILITY OF INDIVIDUAL AND FAMILY PSYCHOTHERAPY FOR CHILDREN AND FAMILIES DEALING WITH THE EFFECTS OF SEXUAL ABUSE AND OTHER TRAUMAS; 2) EXPAND THE AVAILABILITY OF INTERVENTIONS AVAILABLE FOR CHILDREN AND ADOLESCENTS RESIDING OR ATTENDING SCHOOL IN DELAWARE COUNTY WHO ARE EXHIBITING PROBLEMATIC SEXUAL BEHAVIOR; 3) PROVIDE NEEDED CASE MANAGEMENT AND FAMILY SUPPORT SERVICES FOR CHILDREN AND FAMILIES DEALING WITH THE EFFECTS OF TRAUMA; AND 4) IMPROVE ACCESS TO NEEDED SERVICES BY ADDRESSING CURRENT BARRIERS TO ACCESSING THERAPY. THE PROJECT WILL SERVE 895 CHILDREN ,ADOLESCENTS, PARENTS, AND EDUCATORS OVER A FIVE-YEAR PROJECT PERIOD. PHMC’S RESEARCH AND EVALUATION GROUP WILL CONDUCT AN EVALUATION OF THE PROJECT INCLUDING BOTH QUALITATIVE AND QUANTITATIVE MEASURES THAT INCLUDE 1) THE NUMBER OF IN-SCHOOL ASSESSMENTS PROVIDED TO CHILDREN WHO EXHIBIT PROBLEMATIC SEXUAL BEHAVIORS IN SCHOOL, 2) THE SUCCESSFUL CONNECTION OF CHILDREN TO EVIDENCE-BASED TRAUMA TREATMENT WHEN WARRANTED BY THE RESULTS OF THE ASSESSMENT, AND 3) PROVISION OF TECHNICAL SUPPORT AND CONSULTATION SERVICES TO PARENTS, TEACHERS, AND SCHOOL STAFF REGARDING CHILD SEX ABUSE (CSA) AND MANAGING SEXUALLY REACTIVE BEHAVIORS.",1976625,1976625,1427419.59,549205.4099999999,2026-01-14,TAGGS,2026-01-15,N/A,2021-09-30,2027-02-28,Center for Mental Health Services,93.243,SUBSTANCE ABUSE AND MENTAL HEALTH SERVICES PROJECTS OF REGIONAL AND NATIONAL SIGNIFICANCE,SM-21-010,"National Child Traumatic Stress Initiative – Category III, Community Treatment and Service (CTS) C…",https://www.samhsa.gov/grants/grant-announcements/sm-21-010,JOSEPH J. PETERS INSTITUTE,PA,PHILADELPHIA,PA-03,Vocational & Training School,https://taggs.hhs.gov/Detail/AwardDetail?arg_AwardNum=H79SM084860&arg_ProgOfficeCode=80,https://www.usaspending.gov/award/ASST_NON_H79SM084860_075/
SM084863,Restored,Reinstated (confirmed),Philadelphia ReCAST Program,"PHILADELPHIA RECAST PROGRAM - IN 2020 PHILADELPHIA EXPERIENCED SIGNIFICANT CIVIL UNREST, PARTICULARLY IN THE WAKE OF THE POLICE INVOLVED SHOOTING OF WEST PHILADELPHIA RESIDENT, WALTER WALLACE JR. WEST AND NORTH PHILADELPHIA ARE CONFRONTED WITH THE HIGHEST RATES OF POVERTY, VIOLENT CRIME, HOMICIDES, AND ADVERSE HEALTH OUTCOMES, IN THE CITY. THEREFORE, PHILADELPHIA RECAST WILL TARGET NEIGHBORHOODS IN WEST PHILADELPHIA (COBBS CREEK, MILL CREEK-PARKSIDE, PASCHALL-KINGSESSING) AND NORTH PHILADELPHIA (NICETOWN-TIOGA, SHARSWOOD-STANTON, AND STRAWBERRY MANSION). PHILADELPHIA’S DEPARTMENT OF BEHAVIORAL HEALTH AND INTELLECTUAL DISABILITY SERVICES (DBHIDS) OVERSEES A COMPREHENSIVE BEHAVIORAL HEALTH SYSTEM, WHERE STAFF ARE CO-LOCATED IN THE SCHOOLS, FAMILY COURT, CHILD WELFARE AND HEALTH CENTERS. EXTENSIVE CO-LOCATION CREATES OPPORTUNITIES TO CONNECT WITH AT-RISK YOUTH AND FAMILIES, LEVERAGING THESE PARTNERSHIPS TO ADDRESS THEIR NEEDS.  THE GOALS OF PHILADELPHIA RECAST INCLUDE: 1) EMPOWER THESE TWO COMMUNITIES TO WORK TOGETHER TO PROMOTE RESILIENCE AND EQUITY, IMPROVE BEHAVIORAL HEALTH, AND REDUCE TRAUMA THROUGH A SUSTAINED COMMUNITY CHANGE PROCESS; AND 2) REDUCE TRAUMA AMONG HIGH-RISK YOUTH AND FAMILIES IN THE SIX TARGETED NEIGHBORHOODS THROUGH IMPLEMENTATION OF EVIDENCE-BASED VIOLENCE PREVENTION PROGRAMS, COMMUNITY AND POSITIVE YOUTH DEVELOPMENT PROGRAMS, AND LINKAGES TO TRAUMA-INFORMED BEHAVIORAL HEALTH SERVICES. STEPS TO ACCOMPLISH THESE GOALS BEGAN DURING PROPOSAL DEVELOPMENT, DONE IN PARTNERSHIP WITH BEHAVIORAL HEALTH TREATMENT PROVIDERS, FAITH LEADERS, YOUTH LEADERS, AND COMMUNITY ORGANIZATIONS PREDOMINANTLY FROM THE AFRICAN-AMERICAN COMMUNITY. THE STRATEGIC PLAN WILL BE DRIVEN BY THE STAKEHOLDERS FROM THESE COMMUNITIES AND USED AS A ROAD MAP FOR THE LIFE OF THE GRANT. WE WILL USE A PARTICIPATORY BUDGETING PROCESS TO ENSURE OUR EFFORTS MEET COMMUNITY IDENTIFIED NEEDS. THE PHILADELPHIA RECAST PROJECT WILL EXPAND EVIDENCED-BASED VIOLENCE PREVENTION APPROACHES AND LINKAGES TO TRAUMA INFORMED BEHAVIORAL HEALTH SERVICES, AND CREATE OPPORTUNITIES FOR OUR FAITH LEADERS AND TREATMENT PROVIDERS OF COLOR TO INFUSE OUR TREATMENT SYSTEM WITH PRACTICE BASED, CULTURALLY COMPETENT EVIDENCE. PHILADELPHIA RECAST WILL ALSO EXPAND CULTURALLY COMPETENT TRAUMA INFORMED BEHAVIORAL HEALTH PRACTICES IN SCHOOLS AND COMMUNITY YOUTH PROGRAMS THROUGH TRAINING IN EVIDENCE-BASED PRACTICES DESIGNED FOR COMMUNITIES OF COLOR, SUCH AS PLAAY (PREVENTING LONG TERM ANGER AND AGGRESSION IN YOUTH). CREATING TRUE RESILIENCE IN THESE COMMUNITIES ALSO REQUIRES SIGNIFICANT ATTENTION TO YOUTH SUPPORT AND LEADERSHIP DEVELOPMENT. THE YOUTH ADVOCACY INSTITUTE WILL CREATE A MECHANISM FOR PHILADELPHIA RECAST TO BUILD AN EMERGING LEADERS COMMUNITY THAT CAN BE SUSTAINED BEYOND THIS FUNDING. OUR EVALUATION WILL ENSURE THAT COMMUNITY LEADERS AND YOUNG ADULTS HAVE THE TOOLS THEY NEED TO CONDUCT EVALUATIONS WITHOUT RESEARCHERS DRIVING THE PROCESS. PHILADELPHIA RECAST WILL BUILD THE COALITION THROUGH TRUE GOVERNMENT/COMMUNITY PARTNERSHIP BY LEVERAGING FUNDING AND SKILL DEVELOPMENT OPPORTUNITIES IN ORDER TO SUPPORT INCREASED COMMUNITY RESILIENCE AND IMPROVED OUTCOMES FOR YOUTH AND FAMILIES.",5000000,5000000,3376041.98,1623958.02,2026-01-14,TAGGS,2026-01-15,N/A,2021-09-30,2027-01-29,Center for Mental Health Services,93.243,SUBSTANCE ABUSE AND MENTAL HEALTH SERVICES PROJECTS OF REGIONAL AND NATIONAL SIGNIFICANCE,SM-21-012,Resiliency In Communities After Stress and Trauma,https://www.samhsa.gov/grants/grant-announcements/SM-21-012,CITY OF PHILADELPHIA,PA,PHILADELPHIA,PA-03,Hospital,https://taggs.hhs.gov/Detail/AwardDetail?arg_AwardNum=H79SM084863&arg_ProgOfficeCode=80,https://www.usaspending.gov/award/ASST_NON_H79SM084863_075/
SM084864,Restored,Reinstated (confirmed),Ma’lak na Ha’åni / Bright Futures,"MA’LAK NA HA’ÅNI / BRIGHT FUTURES - WESTCARE PACIFIC ISLANDS’ (WPI) PROPOSED “MA’LAK NA HA’ÅNI” (CHAMORU FOR BRIGHT FUTURES) PROGRAM WILL PROVIDE CULTURALLY RESPONSIVE TREATMENT FOR TRAUMA-RELATED MENTAL HEALTH ISSUES FOR MALE AND FEMALE YOUTH AGES 11-17 LIVING ON THE U.S. TERRITORY OF GUAM, SPECIFICALLY FOCUSING ON THE ISLAND’S CHAMORU, FILIPINO, ASIAN, AND OTHER PACIFIC ISLAND SUBPOPULATIONS. THE CURRENT AVAILABILITY OF MENTAL HEALTH TREATMENT ON GUAM COMES NOWHERE NEAR TO MEETING THE NEED FOR SERVICES. ACCORDING TO THE 2019 YOUTH RISK BEHAVIOR SURVEY FOR ALL HIGH SCHOOL YOUTH IN GUAM’S PUBLIC SCHOOL SYSTEM, 46.9% OF RESPONDENTS REPORTED FEELING PROLONGED SADNESS AND HOPELESSNESS; 11.3% REPORTED EXPERIENCING SEXUAL VIOLENCE; AND 11.1% REPORTED FEELING UNSAFE AT OR ON THEIR WAY TO AND FROM SCHOOL. MORE ALARMING ARE THE RESPONDENTS’ REPORTS ON SUICIDE WITH 23.8% HAVING SERIOUSLY CONSIDERED ATTEMPTING SUICIDE; 24.4% MADE A PLAN ABOUT HOW THEY WOULD ATTEMPT SUICIDE; 16.5% HAD ATTEMPTED SUICIDE; AND 3.7% MADE A SUICIDE ATTEMPT THAT RESULTED IN THE NEED FOR MEDICAL INTERVENTION. THESE STATISTICS ILLUSTRATE A DIRE NEED TO ADDRESS THE EFFECTS OF TRAUMATIC STRESS FOR GUAM’S YOUTH. WESTCARE PACIFIC ISLANDS (WPI), IN COLLABORATION WITH CROSS-SECTOR COMMUNITY PARTNERS, PROPOSES TO STEP INTO THIS UNMET NEED AND PROVIDE CRITICAL, CULTURALLY RELEVANT MENTAL HEALTH SUPPORT AND TREATMENT SERVICES FOR CHILDREN AND FAMILIES IMPACTED BY TRAUMA. WPI PROPOSES TO PROVIDE EVIDENCE-BASED, DEVELOPMENTALLY APPROPRIATE, TRAUMA-INFORMED MENTAL HEALTH SERVICES AND COORDINATED LINKAGES TO OTHER NEEDED SUPPORTED SERVICES IN THE COMMUNITY. THE PROJECT WILL ALSO DELIVER A SERIES OF COMMUNITY EVENTS AND TRAININGS TO INCREASE AWARENESS AND UNDERSTANDING OF TRAUMA-RELATED MENTAL HEALTH ISSUES AMONG PARENTS, COMMUNITY MEMBERS, YOUTH-SERVING AGENCIES, AND OTHERS WHO INTERACT WITH CHILDREN, DEEPENING AND EXPANDING COMMUNITY RELATIONSHIPS TO BETTER SERVE THE CHILDREN AND FAMILIES OF GUAM. WPI’S MA’LAK NA HA’ÅNI PROGRAM PROPOSES TO SERVE 75 UNDUPLICATED PARTICIPANTS PER YEAR FOR A TOTAL OF 375 UNDUPLICATED PARTICIPANTS SERVED OVER THE FIVE-YEAR GRANT TERM. THE PROGRAM’S PROPOSED GOALS, EACH WITH MEASURABLE OBJECTIVES, ARE TO 1) INCREASE THE SCREENING, DIAGNOSIS, TREATMENT AND REFERRAL OF MENTAL HEALTH ISSUES FOR MALE AND FEMALE YOUTH AGES 11-17 YEARS AND THEIR FAMILIES ON THE PACIFIC ISLAND OF GUAM IN ORDER TO IMPROVE THE WELL-BEING OF YOUTH WHO HAVE EXPERIENCED TRAUMA; AND 2) INCREASE THE AWARENESS AND CAPACITY ON THE PACIFIC ISLAND OF GUAM TO PROVIDE TRAUMA-INFORMED MENTAL HEALTH CLINICAL SERVICES TO MALE AND FEMALE YOUTH AGES 11-17 YEARS, PARENTS/GUARDIANS, AND COMMUNITY MEMBERS TO BETTER DETECT AND RESPOND TO MENTAL HEALTH ISSUES. IN PURSUING THESE GOALS, WPI WILL APPLY EVIDENCE-BASED PRACTICES INCLUDING COGNITIVE BEHAVIORAL THERAPY (CBT), TRAUMA-FOCUSED COGNITIVE BEHAVIORAL THERAPY (TF-CBT), SEEKING SAFETY, AND MOTIVATIONAL INTERVIEWING (MI).",2000000,2000000,1603094.6,396905.3999999999,2026-01-14,TAGGS,2026-01-15,N/A,2021-09-30,2026-12-31,Center for Mental Health Services,93.243,SUBSTANCE ABUSE AND MENTAL HEALTH SERVICES PROJECTS OF REGIONAL AND NATIONAL SIGNIFICANCE,SM-21-010,"National Child Traumatic Stress Initiative – Category III, Community Treatment and Service (CTS) C…",https://www.samhsa.gov/grants/grant-announcements/sm-21-010,"WESTCARE PACIFIC ISLANDS, INC.",GU,HAGATNA,GU-98,Other Social Services Organization,https://taggs.hhs.gov/Detail/AwardDetail?arg_AwardNum=H79SM084864&arg_ProgOfficeCode=80,https://www.usaspending.gov/award/ASST_NON_H79SM084864_075/
SM084869,Restored,Reinstated (confirmed),Project CONTACT (Community Operations Network for Treatment After Childhood Trauma),"PROJECT CONTACT (COMMUNITY OPERATIONS NETWORK FOR TREATMENT AFTER CHILDHOOD TRAUMA) - PROJECT CONTACT (COMMUNITY OPERATIONS NETWORK FOR TREATMENT AFTER CHILDHOOD TRAUMA) BRINGS TOGETHER A GROUP OF KEY COMMUNITY STAKEHOLDERS IN THE ST. LOUIS, MISSOURI METROPOLITAN AREA TO INCREASE ACCESS, COORDINATE CARE, AND ENHANCE ENGAGEMENT FOR CHILDREN WHO HAVE RECENTLY EXPERIENCED A TRAUMATIC EVENT BUT HAVE NOT ENGAGED IN CLINICAL SERVICES. PROJECT CONTACT ANSWERS OUR COMMUNITY'S CALL TO ACTION TO RECOGNIZE AND RESPOND TO THE FACT THAT FEWER THAN HALF OF CHILDREN WHO ARE EXPOSED TO TRAUMA HAVE THE OPPORTUNITY TO BENEFIT FROM EVIDENCE-BASED TRAUMA-FOCUSED TREATMENT. THE GOALS OF THE PROJECT ARE: 1) TO INCREASE THE NUMBER OF CHILDREN WHO ARE REFERRED TO, INITIATE, AND COMPLETE EVIDENCE-BASED TRAUMA-FOCUSED TREATMENT (CHILD AND FAMILY TRAUMATIC STRESS INTERVENTION; CFTSI), AND 2) TO IMPROVE THE MENTAL HEALTH FUNCTIONING OF THE PARTICIPATING CHILDREN AND ADOLESCENTS. OVER THE COURSE OF THE FIVE-YEAR PROJECT, WE ANTICIPATE SERVING OVER 640 FAMILIES.                                                                                                                                                                                                                   THE CHILDREN'S ADVOCACY SERVICES OF GREATER ST. LOUIS (CASGSL) AT THE UNIVERSITY OF MISSOURI - ST. LOUIS WILL LEAD THE PROJECT AND HAS RECRUITED COMMUNITY PARTNERS FROM A BROAD ARRAY OF SERVICE SECTORS INCLUDING LAW ENFORCEMENT, JUVENILE COURTS, SCHOOLS, AND HOSPITALS. PROJECT CONTACT AIMS TO SERVE CHILDREN AND FAMILIES WHO OTHERWISE MIGHT  FALL THROUGH THE CRACKS  WITHOUT SUFFICIENT ENGAGEMENT IN TRAUMA-FOCUSED TREATMENT. THESE FAMILIES, OFTEN MARGINALIZED DUE TO THEIR SOCIOECONOMIC STATUS AND/OR RACE, FACE SIGNIFICANT BARRIERS TO TREATMENT PARTICIPATION. BY CONVENING COMMUNITY PARTNERS AND BUILDING A STRONG REFERRAL, CONSULTATION, AND FOLLOW-UP INFRASTRUCTURE TO COORDINATE THEIR EFFORTS, PROJECT CONTACT WILL PROMOTE TIMELY ACCESS TO TREATMENT AND RECOVERY FOR 100+ CHILDREN AND ADOLESCENTS EACH YEAR. OUTREACH EFFORTS WILL INCLUDE HOSTING TRAUMA-INFORMED INTERDISCIPLINARY MEETINGS THAT WILL FACILITATE COMMUNICATIONS AND COLLABORATION BETWEEN AND AMONG SERVICE PROVIDERS SO THEY CAN TRACK REFERRALS AND SHARE RESOURCES.     AFTER REFERRAL INTO PROJECT CONTACT, CHILDREN AND FAMILIES WILL BE ASSISTED BY CASGSL'S FAMILY ENGAGEMENT SPECIALISTS WHO WILL HELP CAREGIVERS IDENTIFY AND ADDRESS BARRIERS TO PARTICIPATION IN TREATMENT, AND EDUCATE FAMILIES ABOUT CFTSI. PROVIDED BY CASGSL'S EXPERIENCED CLINICAL STAFF, THIS EVIDENCE-BASED SHORT-TERM THERAPY IS IMPLEMENTED IN THE FIRST FEW WEEKS FOLLOWING A TRAUMATIC EXPERIENCE. THE MODEL AIMS TO PREVENT THE ONSET OF PTSD BY ENHANCING THE CAREGIVER'S EMOTIONAL SUPPORT OF THEIR CHILD AND BY TEACHING SPECIFIC BEHAVIORAL SKILLS TO REDUCE TRAUMA-RELATED SYMPTOMS. WE WILL COMPLETE BOTH PROCESS AND OUTCOMES EVALUATIONS TO MONITOR PROGRAM OUTPUTS AND ASSESS OUR ABILITY TO HELP PARTICIPANTS MAKE GAINS IN MENTAL HEALTH FUNCTIONING THAT LAST THROUGHOUT A SIX-MONTH FOLLOW-UP.",1963909,1567761,1505349.17,458559.8300000001,2026-01-14,TAGGS,2026-01-15,N/A,2021-09-30,2026-09-29,Center for Mental Health Services,93.243,SUBSTANCE ABUSE AND MENTAL HEALTH SERVICES PROJECTS OF REGIONAL AND NATIONAL SIGNIFICANCE,SM-21-010,"National Child Traumatic Stress Initiative – Category III, Community Treatment and Service (CTS) C…",https://www.samhsa.gov/grants/grant-announcements/sm-21-010,UNIVERSITY OF MISSOURI SYSTEM,MO,SAINT LOUIS,MO-01,"Junior College, College & University",https://taggs.hhs.gov/Detail/AwardDetail?arg_AwardNum=H79SM084869&arg_ProgOfficeCode=80,https://www.usaspending.gov/award/ASST_NON_H79SM084869_075/
SM084872,Restored,Reinstated (confirmed),IDCC Child and Adolescent Trauma (CATS),"IDCC CHILD AND ADOLESCENT TRAUMA (CATS) - THE INTERBOROUGH DEVELOPMENTAL & CONSULTATION CENTER, INC. IDCC CHILD AND ADOLESCENT TRAUMA CATS PROJECT WILL PROVIDE EVIDENCE-BASED, TRAUMA FOCUSED DIRECT SERVICES THROUGH A STRENGTHENED ORGANIZATIONAL AND CLINICAL INFRASTRUCTURE TO 1800 UNDUPLICATED DIVERSE CHILDREN AND ADOLESCENTS AGES 0 -21, WHO HAVE EXPERIENCED TRAUMA, IN BROOKLYN, NEW YORK MOST POPULOUS BOROUGH 200 UNDUPLICATED IN YEAR 1; 400 UNDUPLICATED PER YEAR AFTER. AT IDCC, 48% OF THE 2,796 DIVERSE CHILDREN, AGES 0-21 AND LIVING IN BROOKLYN, WHO RECEIVED MENTAL HEALTH TREATMENT IN 2020 THROUGHOUT ITS NETWORK OF MENTAL HEALTH, SUBSTANCE ABUSE, AND SCHOOL-BASED CLINICS REPORTED AT LEAST ONE ADVERSE CHILDHOOD EVENT OR TRAUMA EXPERIENCE. ALMOST 2/3 OF CHILDREN SELF-IDENTIFY AS BLACK, LATINX, OR ASIAN AND NEARLY HALF LIVE IN FAMILIES WITH INCOME BELOW THE POVERTY LEVEL.  TO IMMEDIATELY IMPACT DIRECT TRAUMA-FOCUSED EVIDENCE-BASED TREATMENT SERVICES, IDCC WILL BUILD ON ITS PRACTICE OF IMPLEMENTATION-BASED SCIENCE-TO-SERVICE TRAINING AND ROBUST CONTINUUM OF CLINICAL SUPPORT SERVICES TO ADDRESS COMPLEX TRAUMA IN A CULTURALLY APPROPRIATE MANNER. TWO SENIOR CLINICAL LEADS WILL SUPPORT A NEWLY DEVELOPED, AGENCY-WIDE TRAUMA TEAM (TT) WHOSE MEMBERS HAVE ADVANCED CLINICAL EXPERTISE, REFLECT THE CHILDREN'S CULTURAL AND LINGUISTIC DIVERSITY, AND PROVIDE DIRECT TECHNICAL ASSISTANCE TO STAFF AS THEY IMPLEMENT EBPS. CATS WILL PROVIDE AGENCY-WIDE TRAINING ON EBPS RECOGNIZED AS EFFECTIVE FOR CHILDREN WITH TRAUMA AND WILL UTILIZE THE TT AND ITS WELL-DEVELOPED SUPERVISORY STRUCTURE TO IMMEDIATELY INTEGRATE THESE EBPS WITH FIDELITY INTO PRACTICE SO CHILDREN RECEIVE IMMEDIATE AND CULTURALLY APPROPRIATE TREATMENT. THE PROJECT DIRECTOR AND SCLS WILL ORGANIZE AND CO-LEAD EBP TRAINING FOR 548 MASTER LEVEL CLINICIANS, 18 PHD LEVEL CLINICIANS, 11 CARE MANAGEMENT STAFF, AND 14 POST-GRADUATE DEGREE-SEEKING INTERNS PROVIDING SERVICES THROUGHOUT ITS NETWORK OF 8 MENTAL HEALTH CLINICS (3 FOCUSED ON SUBSTANCE USE DISORDERS) AND 40 SCHOOL-BASED CLINICS. SAMHSA AND THE NCTSN HAVE NOTED THAT ORGANIZATIONAL-WIDE TRAUMA-INFORMED TRANSFORMATION REQUIRES CORE STAFF COMPETENCIES. THROUGH CATS, IDCC WILL BUILD THOSE COMPETENCIES AND ENHANCE TRAUMA PRACTICE SKILLS. GOAL 1: IDCC WILL TRAIN 95% OF ITS STAFF IN CLINIC, SCHOOL, CARE MANAGEMENT AND POST-GRADUATE INTERNSHIP POSITIONS IN THESE EBPS: TRAUMA-FOCUSED COGNITIVE BEHAVIORAL THERAPY (TF-CBT), DIALECTICAL BEHAVIORAL THERAPY (DBT), ATTACHMENT, SELF-REGULATION, AND COMPETENCY (ARC), COGNITIVE BEHAVIORAL INTERVENTION FOR TRAUMA IN SCHOOLS (CBITS); GOAL 2: 100% OF CHILDREN SERVED BY IDCC RECEIVE IMMEDIATE AND EFFECTIVE SCREENING, TREATMENT, CARE MANAGEMENT BY STAFF WHO UNDERSTAND TRAUMA, INCORPORATE EBPS AND IMPLEMENT CULTURALLY APPROPRIATE CARE INTO THEIR TREATMENT PRACTICE; GOAL 3: INCREASE AWARENESS, KNOWLEDGE AND SENSITIVITY ABOUT THE IMPACT AND SIGNS OF TRAUMA BY SHARING INFORMATION WITH SCHOOL STAFF, COMMUNITY PARTNERS, PARENTS/CAREGIVERS AND CHILDREN THROUGH PRESENTATIONS AND WORKSHOPS. CATS WILL ENSURE AGENCY-WIDE STAFF PROVIDES IMMEDIATE, CULTURALLY CONGRUENT AND APPROPRIATE TRAUMA-INFORMED TREATMENT THROUGHOUT OUR EXTENSIVE NETWORK OF DIRECT SERVICES FROM OUTREACH THROUGH TREATMENT.",2000000,1600000,1320000,680000,2026-01-14,TAGGS,2026-01-15,N/A,2022-09-30,2027-09-29,Center for Mental Health Services,93.243,SUBSTANCE ABUSE AND MENTAL HEALTH SERVICES PROJECTS OF REGIONAL AND NATIONAL SIGNIFICANCE,SM-21-010,"National Child Traumatic Stress Initiative – Category III, Community Treatment and Service (CTS) C…",https://www.samhsa.gov/grants/grant-announcements/sm-21-010,INTERBOROUGH DEVELOPMENTAL & CONSULTATION CENTER,NY,BROOKLYN,NY-08,Other Social Services Organization,https://taggs.hhs.gov/Detail/AwardDetail?arg_AwardNum=H79SM084872&arg_ProgOfficeCode=80,https://www.usaspending.gov/award/ASST_NON_H79SM084872_075/
SM084873,Restored,Reinstated (confirmed),"Volunteers of America, Dakotas Youth and Family Trauma Center","VOLUNTEERS OF AMERICA, DAKOTAS YOUTH AND FAMILY TRAUMA CENTER - SUMMARY OF PROJECT: VOLUNTEERS OF AMERICA, DAKOTAS (VOAD) WILL PROVIDE AND INCREASE ACCESS TO EFFECTIVE TRAUMA-FOCUSED TREATMENT AND SERVICES FOR CHILDREN AND ADOLESCENTS AGES 4-17 AND THEIR FAMILIES WHO HAVE BEEN IMPACTED BY TRAUMATIC EVENTS, WITH A FOCUS ON THOSE WHO HAVE EXPERIENCED MULTIPLE ADVERSE CHILDHOOD EXPERIENCES AND/OR COVID-RELATED TRAUMA. THE PROJECT WITH SERVE THE SIOUX FALLS METRO AREA AND SURROUNDING COUNTIES. PROJECT NAME: VOLUNTEERS OF AMERICA, DAKOTAS YOUTH AND FAMILY TRAUMA CENTER. POPULATION TO BE SERVED: THIS PROJECT WILL SERVE CHILDREN AND ADOLESCENTS AGES 4-17 AND THEIR FAMILIES WHO HAVE BEEN IMPACTED BY TRAUMATIC EVENTS, WITH A FOCUS ON SERVING THOSE WHO HAVE EXPERIENCED MULTIPLE ADVERSE CHILDHOOD EXPERIENCES AND/OR COVID-RELATED TRAUMA, INCLUDING AMERICAN INDIAN AND OTHER POPULATIONS IMPACTED BY HEALTH DISPARITIES. STRATEGIES/INTERVENTIONS: VOAD WILL PROVIDE AND INCREASE ACCESS TO EFFECTIVE TRAUMA-FOCUSED TREATMENT AND SERVICES BY: TRAINING THERAPISTS IN EVIDENCE-BASED, TRAUMA-FOCUSED, CULTURALLY RESPONSIVE INTERVENTIONS; WORKING WITH REFERRAL SOURCES TO ENSURE CHILDREN, ADOLESCENTS AND THEIR FAMILIES WHO HAVE EXPERIENCED TRAUMA ARE CONNECTED WITH SERVICES; PROVIDING FREE, LOW-BARRIER INITIAL TRAUMA SCREENINGS; SCREENING AND ASSESSING CHILDREN AND ADOLESCENTS FOR TRAUMA USING ADVERSE CHILDHOOD EXPERIENCES QUESTIONNAIRE, THE PTSD CHECKLIST-CIVILIAN VERSION, THE PEDIATRIC SYMPTOMS CHECKLIST AND THE CHILD AND ADOLESCENT TRAUMA SCREEN; PROVIDING EVIDENCE-BASED TRAUMA TREATMENT AND SERVICES USING EYE MOVEMENT DESENSITIZATION AND REPROCESSING, TRAUMA-FOCUSED COGNITIVE BEHAVIOR THERAPY, AND HONORING CHILDREN MENDING THE CIRCLE; AND COLLABORATING WITH CHILD AND FAMILY-SERVING AGENCIES TO PROVIDE TRAUMA-FOCUSED TRAINING. SERVICES WILL BE DELIVERED IN OUTPATIENT AND RESIDENTIAL SETTINGS AND VIA TELEHEALTH. PROJECT GOALS AND OBJECTIVES: GOAL: ENSURE CHILDREN AND ADOLESCENTS AND THEIR FAMILIES WHO HAVE EXPERIENCED MULTIPLE ACES ARE ABLE TO ACCESS EFFECTIVE, EVIDENCE-BASED TRAUMA-FOCUSED TREATMENT AND SERVICES THAT WILL HELP THEM TO LIVE HEALTHY, FULFILLING LIVES. OBJECTIVE 1: ENHANCE THE ABILITY TO EFFECTIVELY PROVIDE TRAUMA-INFORMED SERVICES BY TRAINING 8 VOAD STAFF IN TRAUMA-INFORMED, EVIDENCE-BASED, CULTURALLY RESPONSIVE PRACTICES. OBJECTIVE 2: ESTABLISH A REFERRAL PROTOCOL WITH STAKEHOLDERS TO ENSURE CHILDREN, ADOLESCENTS AND THEIR FAMILIES ARE CONNECTED WITH A TRAUMA-TRAINED THERAPIST. OBJECTIVE 3: DEVELOP MEDIA TARGETED FOR POPULATIONS AFFECTED BY BEHAVIORAL HEALTH DISPARITIES. OBJECTIVE 4: SCREEN AND ASSESS 100 CHILDREN AND ADOLESCENTS IN YEAR 1 AND 125 ANNUALLY IN YEARS 2-5. OBJECTIVE 5: PROVIDE EVIDENCE-BASED, TRAUMA-INFORMED, CULTURALLY RESPONSIVE TREATMENT AND SERVICES TO 75 CHILDREN AND/OR ADOLESCENTS AND THEIR FAMILIES IN YEAR 1 AND 100 ANNUALLY IN YEARS 2-5. OBJECTIVE 6: COLLABORATE WITH CHILD AND FAMILY-SERVING AGENCIES AND STAKEHOLDERS TO PROVIDE TRAUMA-FOCUSED TRAINING TO 50 INDIVIDUALS ANNUALLY TO INCREASE THE COMMUNITY’S CAPACITY TO IDENTIFY AND TREAT CHILD TRAUMA. OBJECTIVE 7: IMPLEMENT PROGRAM EVALUATION AND QUALITY IMPROVEMENT NUMBER OF INDIVIDUALS SERVED: 75 IN YEAR 1, 100 ANNUALLY IN YEARS 2-5 FOR A PROJECT LIFETIME TOTAL OF 475.",1745500,1745500,1015225.01,730274.99,2026-01-14,TAGGS,2026-01-15,N/A,2021-09-30,2026-09-29,Center for Mental Health Services,93.243,SUBSTANCE ABUSE AND MENTAL HEALTH SERVICES PROJECTS OF REGIONAL AND NATIONAL SIGNIFICANCE,SM-21-010,"National Child Traumatic Stress Initiative – Category III, Community Treatment and Service (CTS) C…",https://www.samhsa.gov/grants/grant-announcements/sm-21-010,"VOLUNTEERS OF AMERICA, DAKOTAS",SD,SIOUX FALLS,SD-00,Rehabilitation Organization ( Other Than Criminal ),https://taggs.hhs.gov/Detail/AwardDetail?arg_AwardNum=H79SM084873&arg_ProgOfficeCode=80,https://www.usaspending.gov/award/ASST_NON_H79SM084873_075/
SM084874,Restored,Reinstated (confirmed),A Tiered-Approach to Trauma- and Grief-Focused Evidence-Based Practice Delivery in Residential and Intensive Programs,"A TIERED-APPROACH TO TRAUMA- AND GRIEF-FOCUSED EVIDENCE-BASED PRACTICE DELIVERY IN RESIDENTIAL AND INTENSIVE PROGRAMS - THE PROPOSED PROJECT, ENTITLED “A TIERED APPROACH TO TRAUMA- AND GRIEF-FOCUSED EVIDENCE- BASED PRACTICE DELIVERY IN RESIDENTIAL AND INTENSIVE PROGRAMS,” IS FOCUSED ON INCREASING AND IMPROVING IDENTIFICATION AND DIRECT SERVICE DELIVERY TO THE DISPROPORTIONATE NUMBER OF TRAUMA-EXPOSED AND BEREAVED YOUTH HATHAWAY-SYCAMORES CHILD AND FAMILY SERVICES (HSCFS) SERVES IN OUR RESIDENTIAL AND COMMUNITY-BASED INTENSIVE PROGRAMS (CBIPS) ACROSS SIX OF THE EIGHT SERVICE AREAS IN LOS ANGELES COUNTY (LAC). YOUTH IN THESE PROGRAMS HAVE HAD LIMITED ACCESS TO TRAUMA-AND GRIEF-FOCUSED EVIDENCE-BASED ASSESSMENTS (EBAS) AND EVIDENCE-BASED PRACTICES (EBPS) LARGELY DUE TO FUNDING AND POLICY BARRIERS, DESPITE REPRESENTING THE MOST VULNERABLE YOUTH ACROSS OUR GEOGRAPHIC CATCHMENT AREA (I.E., DISPROPORTIONATELY BLACK [10-79%] AND HISPANIC [33-68%] POPULATIONS, LOW SOCIOECONOMIC STATUS [18-40% BELOW POVERTY LINE], UNDERSERVED COMMUNITIES IN TERMS OF ACCESS TO CARE). HSCFS IS A LARGE, NON-PROFIT COMMUNITY MENTAL HEALTH CENTER LOCATED IN LOS ANGELES COUNTY (LAC), CALIFORNIA. HSCFS SERVES A HIGHLY DIVERSE YOUTH POPULATION, WITH 9 LOCATIONS SPANNING SIX OF THE EIGHT SERVICE AREAS ACROSS LAC. OUR RESIDENTIAL AND CBIPS SERVE MANY YOUTH WHO ARE INVOLVED IN CHILD WELFARE AND/OR JUVENILE JUSTICE SYSTEMS, AND THE DEGREE OF TRAUMA EXPOSURE AND GRIEF/LOSS EXPERIENCES IN THIS POPULATION IS SUBSTANTIAL AND REPRESENTS A SIGNIFICANT SERVICE GAP. THE PROPOSED PROJECT INCLUDES A SUSTAINABLE, TIERED PLAN FOR INCREASING AND IMPROVING IDENTIFICATION, ASSESSMENT, AND TREATMENT OF YOUTH IN OUR POPULATION OF NEED BY IMPLEMENTING (A) TRAUMA- AND GRIEF-FOCUSED SCREENING INSTRUMENTS, (B) COMPREHENSIVE ASSESSMENT MEASURES, (C) TWO TRAUMA- AND GRIEF-FOCUSED EBPS (TRAUMA AND GRIEF COMPONENT THERAPY FOR ADOLESCENTS [TGCT-A]; TRAUMA-FOCUSED COGNITIVE BEHAVIORAL THERAPY [TF-CBT]), (D) TRAINING FOR ALL STAFF ROLES ACROSS OUR RESIDENTIAL AND CBIPS IN TRAUMA-INFORMED CARE (TIC) FOUNDATIONAL MODELS TO DEVELOP SHARED, TRAUMA-INFORMED LANGUAGE, AWARENESS, AND CASE CONCEPTUALIZATION FOR DIRECT SERVICE. IN ADDITION, TECHNOLOGY-BASED TOOLS WILL ALSO BE DEVELOPED AND IMPLEMENTED TO ENHANCE IDENTIFICATION AND TRACKING EFFORTS OF YOUTH RECEIVING OUR SERVICES. PREDICTED MEASURABLE OUTCOMES INCLUDE (A) INCREASED IDENTIFICATION AND LINKAGES OF YOUTH WHO SCREEN POSITIVE FOR TRAUMA AND GRIEF/LOSS REACTIONS WITH COMPREHENSIVE TRAUMA AND GRIEF ASSESSMENTS, (B) INCREASED YOUTH ENROLLMENT IN TRAUMA- AND GRIEF-FOCUSED EBPS, (C) REDUCTION IN TRAUMATIC STRESS AND BEREAVEMENT SYMPTOMS AS MEASURED BY CLINICAL OUTCOME MEASURES, AND (D) IMPROVED ATTITUDES AND PRACTICES RELATED TO TIC ORGANIZATIONAL PRINCIPLES. APPROXIMATELY 755 UNDUPLICATED YOUTH WILL BE SERVED BY THE CONSTELLATION OF SERVICES INCLUDED IN THE PROPOSED PROJECT ACROSS THE LIFE OF THE GRANT.",1914133,1914133,1578323,335810,2026-01-14,TAGGS,2026-01-15,N/A,2021-09-30,2026-09-29,Center for Mental Health Services,93.243,SUBSTANCE ABUSE AND MENTAL HEALTH SERVICES PROJECTS OF REGIONAL AND NATIONAL SIGNIFICANCE,SM-21-010,"National Child Traumatic Stress Initiative – Category III, Community Treatment and Service (CTS) C…",https://www.samhsa.gov/grants/grant-announcements/sm-21-010,HATHAWAY-SYCAMORES CHILD & FAMILY SERVICES,CA,LOS ANGELES,CA-34,Other Social Services Organization,https://taggs.hhs.gov/Detail/AwardDetail?arg_AwardNum=H79SM084874&arg_ProgOfficeCode=80,https://www.usaspending.gov/award/ASST_NON_H79SM084874_075/
SM084875,Restored,Reinstated (confirmed),Trauma-Focused Cognitive Behavioral Therapy for Children and Adolescents of Puerto Rico,"TRAUMA-FOCUSED COGNITIVE BEHAVIORAL THERAPY FOR CHILDREN AND ADOLESCENTS OF PUERTO RICO - THIS PROJECT TITLED TRAUMA-FOCUSED COGNITIVE BEHAVIORAL THERAPY (TF-CBT) FOR CHILDREN AND ADOLESCENTS OF PUERTO RICO TO BE CONDUCTED AT THE INSTITUTE FOR PSYCHOLOGICAL RESEARCH OF THE UNIVERSITY OF PUERTO RICO IS INTENDED TO OFFER TF-CBT FOR CHILDREN AND ADOLESCENTS 6 TO 17 YEARS OLD AND PSYCHOEDUCATION TO PARENTS AND PERSONNEL FROM ORGANIZATIONS THAT SERVE THEM IN THE MUNICIPALITIES OF SAN JUAN, BAYAMON, CAROLINA, GUAYNABO, TRUJILLO ALTO, CATANO, AND CAGUAS. THE PROJECT AIMS ARE TO 1) OFFER PSYCHOEDUCATION WORKSHOPS ON CHILDHOOD TRAUMA TO PARENTS AND ORGANIZATIONS PERSONNEL, 2) IDENTIFY YOUTH WHO HAVE BEEN EXPOSED TO TRAUMATIC EVENTS AND PRESENT SYMPTOMS OF PTSD, DEPRESSION, ANXIETY, OR BEHAVIOR PROBLEMS, 3) PROVIDE TF-CBT TO YOUTH WITH TRAUMA-RELATED SYMPTOMS, 4) ASSESS SYMPTOMS CHANGE THROUGH THE THERAPEUTIC PROCESS, AND 5) TRAIN QUALIFIED PSYCHOTHERAPISTS ON TF-CBT. PARTICIPANTS WILL BE RECRUITED FROM ORGANIZATIONS THAT SERVE THEM AND WILL COMPLETE A SCREENING AND PRE-TREATMENT EVALUATION TO DETERMINE THEIR ELIGIBILITY FOR TF-CBT. DURING-TREATMENT EVALUATIONS WILL BE CARRIED OUT TO ASSESS SYMPTOMS CHANGE. WE EXPECT TO OFFER TF-CBT TO 240 CHILD-PARENT DYADS IN THE PROJECT LIFETIME (48 DYADS PER YEAR) AND TRAUMA PSYCHOEDUCATION TO 1,125 CHILD SERVICE PROVIDERS AND CAREGIVERS (225 PER YEAR). AT LEAST 24 PSYCHOTHERAPISTS WILL BE TRAINED IN TF-CBT IN TWO COHORTS AT YEARS 1 AND 3 BY A CERTIFIED TRAINER FROM THE CHILD ABUSE AND RESEARCH EDUCATION AND SERVICE INSTITUTE AT ROWAN UNIVERSITY",1940837,1940837,1521673.26,419163.74,2026-01-14,TAGGS,2026-01-15,N/A,2021-09-30,2027-03-29,Center for Mental Health Services,93.243,SUBSTANCE ABUSE AND MENTAL HEALTH SERVICES PROJECTS OF REGIONAL AND NATIONAL SIGNIFICANCE,SM-21-010,"National Child Traumatic Stress Initiative – Category III, Community Treatment and Service (CTS) C…",https://www.samhsa.gov/grants/grant-announcements/sm-21-010,UNIVERSITY OF PUERTO RICO,PR,SAN JUAN,PR-98,"Junior College, College & University",https://taggs.hhs.gov/Detail/AwardDetail?arg_AwardNum=H79SM084875&arg_ProgOfficeCode=80,https://www.usaspending.gov/award/ASST_NON_H79SM084875_075/
SM084876,Restored,Reinstated (confirmed),Success After Trauma,"SUCCESS AFTER TRAUMA - DEPELCHIN’S SUCCESS AFTER TRAUMA PROGRAM AIMS TO SERVE CLIENTS IN HOUSTON TEXAS AND SURROUNDING COUNTIES. DEPELCHIN WILL PROVIDE TRAUMA FOCUSED COUNSELING TO SCHOOL AGE CHILDREN; PROVIDE MENTAL HEALTH AWARENESS TRAINING TO COMMUNITY MEMBERS; SUPPORT COMMUNITY PARTNERS IN DEVELOPMENT OF TRAUMA INFORMED CARE APPROACHES; AND PROVIDE MENTAL HEALTH RESPONSE IN THE EVENT OF COMMUNITY LEVEL TRAGIC EVENTS. DEPELCHIN WILL PROVIDE TRAUMA INFORMED SERVICES TO YOUTH, FAMILIES, SCHOOLS AND OTHER ORGANIZATIONS IN THE TEXAS DEPARTMENT OF FAMILY AND PROTECTIVE SERVICES REGION 6, WHICH INCLUDES AUSTIN, BRAZORIA, CHAMBERS, COLORADO, FORT BEND, GALVESTON, HARRIS, LIBERTY, MATAGORDA, MONTGOMERY, WALKER, WALLER AND WHARTON COUNTIES. IN THEIR 2017 ASSESSMENT OF MENTAL HEALTH SERVICES FOR CHILDREN IN HARRIS COUNTY, THE MEADOWS MENTAL HEALTH POLICY INSTITUTE ESTIMATED THAT IN 2015, 250,000 CHILDREN AGES 6 TO 17 HAD ONE OR MORE DIAGNOSABLE SED AND FURTHER ESTIMATED THAT 15,000 CHILDREN AGES 12 TO 17 HAD PTSD. IT IS DEPELCHIN’S GOAL TO PROVIDE SCHOOL-BASED, TRAUMA FOCUSED COUNSELING SERVICES IN MULTIPLE CAMPUSES THROUGH COLLABORATION WITH COMMUNITIES IN THE SCHOOLS, A NON-PROFIT AGENCY THAT PAIRS UNDERSERVED STUDENTS WITH NEEDED RESOURCES SUCH AS MENTAL HEALTH SERVICES. DEPELCHIN WILL ALSO PROVIDE SERVICES AT LAS AMERICAS NEWCOMER SCHOOL, WHICH FOCUSES ON SERVING STUDENTS WHO HAVE JUST ARRIVED IN THE COUNTRY. COMMUNITY BASED COUNSELING SERVICES WILL BE OFFERED THROUGHOUT THE REGION. WHILE COUNSELING SERVICES WILL FOCUS ON HARRIS COUNTY, DEPELCHIN PLANS TO PROVIDE SUPPORT REGION 6 THROUGH MENTAL HEALTH AWARENESS TRAINING AND EMERGENCY RESPONSE TO TRAUMATIC EVENTS. IN RECENT YEARS, REGION 6 HAS EXPERIENCED MULTIPLE TRAUMATIC EVENTS INCLUDING SEVERE FLOODING FROM HURRICANE HARVEY AND THE TRAGIC SCHOOL SHOOTING IN SANTA FE, TEXAS. DEPELCHIN WILL DEDICATE STAFF TIME TO WORKING WITH CHILDREN IN THE AFTERMATH OF TRAUMATIC EVENTS, SHOULD SIMILAR EXPERIENCES OCCUR.  TO ACHIEVE THIS, DEPELCHIN WILL FIRST PROVIDE DIRECT COUNSELING SERVICES TO 400 YOUTH THROUGH INDIVIDUAL AND GROUP COUNSELING ACROSS FIVE YEARS OF THE GRANT. SECOND, DEPELCHIN WILL PROVIDE MENTAL HEALTH AWARENESS AND PREVENTION TRAINING IN THE COMMUNITY TO 450 PROFESSIONALS AND NON-PROFESSIONALS. THIRD, DEPELCHIN WILL OFFER EMERGENCY SUPPORT IN THE EVENT OF A CRISIS SUCH AS SCHOOL VIOLENCE, NATURAL DISASTERS OR OTHER TRAUMATIC EVENT OCCURRING AT THE COMMUNITY LEVEL. FINALLY, DEPELCHIN WILL GUIDE PARTNER AGENCIES AND SCHOOLS IN UNDERSTANDING TRAUMA-INFORMED APPROACHES TO SERVICES.  DEPELCHIN HOLDS MULTIPLE CONTRACTS WITH THE STATE OF TEXAS HEALTH AND HUMAN SERVICES AND THE DEPARTMENT OF FAMILY AND PROTECTIVE SERVICES TO PROVIDE COUNSELING AND PARENTING SERVICES. THROUGH THIS COLLABORATION, DEPELCHIN WILL PROVIDE APPROPRIATE SERVICES TO CLIENTS WHO CANNOT BE SERVED BY THE NCTSI PROJECT. DEPELCHIN WILL COLLABORATE WITH LOCAL MENTAL HEALTH AUTHORITIES IN THE COUNTIES SERVED TO ENSURE THAT CLIENTS AND THEIR FAMILIES ARE WELL SUPPORTED.",1960932,1960932,1514059.25,446872.75,2026-01-14,TAGGS,2026-01-15,N/A,2021-09-30,2026-09-29,Center for Mental Health Services,93.243,SUBSTANCE ABUSE AND MENTAL HEALTH SERVICES PROJECTS OF REGIONAL AND NATIONAL SIGNIFICANCE,SM-21-010,"National Child Traumatic Stress Initiative – Category III, Community Treatment and Service (CTS) C…",https://www.samhsa.gov/grants/grant-announcements/sm-21-010,DEPELCHIN CHILDREN'S CENTER,TX,HOUSTON,TX-07,Other Social Services Organization,https://taggs.hhs.gov/Detail/AwardDetail?arg_AwardNum=H79SM084876&arg_ProgOfficeCode=80,https://www.usaspending.gov/award/ASST_NON_H79SM084876_075/
SM084879,Restored,Reinstated (confirmed),Family Driven Trauma Informed Program (FDTIP),"FAMILY DRIVEN TRAUMA INFORMED PROGRAM (FDTIP) - FAMILY INVOLVEMENT CENTER (FIC), A FAMILY-RUN, COMMUNITY SERVICE AGENCY (CSA) AND LICENSED BEHAVIORAL HEALTH OUTPATIENT CLINIC, PROVIDING SERVICES IN ARIZONA FOR OVER 18 YEARS ACKNOWLEDGES TRAUMA IS NOT SIMPLY A “NOW” ISSUE, IT IS LONGSTANDING. SAMHSA FUNDING WILL SERVE 2,100 CHILDREN WHO HAVE EXPERIENCED TRAUMA AND PROVIDE 400 HOURS OF INNOVATIVE TRAUMA INFORMED TRAINING. BEING FAMILY-RUN IS OUR FOUNDATION TO EXPAND TRAUMA INFORMED, HOLISTIC HEALTH SERVICES STATEWIDE. OUR FAMILY DRIVEN TRAUMA INFORMED PROGRAM (FDTIP) WILL SERVE CHILDREN AGE 0-17 WHO HAVE EXPERIENCED TRAUMATIC EVENTS. A SURVEY BY AMERICA'S HEALTH RANKINGS DETERMINED OVER 30% OF ARIZONA’S CHILDREN, AGES 0-17, HAVE TWO OR MORE ADVERSE CHILDHOOD EXPERIENCES (OVERCOMING ADVERSE CHILDHOOD EVENTS, ARIZONA ADVERSE CHILDHOOD EXPERIENCES-ACE CONSORTIUM), WHICH LEAD TO TOXIC STRESS AFFECTING THEIR LONG-TERM HEALTH AND WELL-BEING. THE EFFECTS OF NOT RECEIVING TREATMENT ARE EVIDENCED BY ROUGHLY 100 PERCENT OF CHILDREN ENTERING FOSTER CARE REQUIRE MENTAL HEALTH SUPPORT DUE TO TRAUMA. (ARIZONA DEPARTMENT OF CORRECTIONS, 2019). FIC WILL ADDRESS THESE CHALLENGES INCORPORATING THREE KEY PROGRAMS ALL OF WHICH UTILIZE A FAMILY-CENTERED APPROACH, TO INCLUDE: INDIVIDUAL AND GROUP COUNSELING, PARENT PEER SUPPORT AND YOUTH SERVICES.  AS BIOLOGICAL, ADOPTIVE, FOSTER, KINSHIP, MULTICULTURAL, MULTIGENERATIONAL, AND OTHER DIVERSE FAMILIES COME TO TRUST US TO HELP NAVIGATE THEIR PATH TO UNITY, TRAUMA PAST AND PRESENT ARE OFTEN BARRIERS. TRAUMA INFORMED CARE (TIC) INVOLVES RECOGNIZING, UNDERSTANDING, AND RESPONDING TO THE EFFECTS OF TRAUMA ON ALL FAMILY MEMBERS THROUGHOUT THEIR LIFESPAN.  “TO HELP THE CHILD, YOU OFTEN NEED TO HELP THE PARENT FIRST.” – JANE KALLAL, FIC FOUNDING MOTHER WE WILL OUTREACH, ENGAGE, AND ASSESS CHILDREN WHO HAVE EXPERIENCED TRAUMATIC EVENTS TO OFFER SERVICES, CONNECT TO RESOURCES AND EDUCATE ON THE EFFECTS OF TRAUMA AND THE HEALING PATHWAYS AVAILABLE. WE WILL ASSIST WITH ACCESS, ELIGIBILITY, AND SERVICE REFERRALS, AS WELL AS PROVIDE SERVICES BASED ON TRAUMA BASED RELATIONAL INTERVENTIONS (TBRI), NEUROSEQUENTIAL MODEL OF CAREGIVING (NMC), AND OTHER APPROPRIATE EVIDENCE BASED PRACTICE (EBP) AS IDENTIFIED BY THE NEEDS OF THE CHILD AND PARENT/PRIMARY CAREGIVER. OUR TRAINING DEPARTMENT HAS A LONG HISTORY OF TRAINING EBP’S PARENTING WISELY AND TRIPLE P.  THESE EBPS ARE FOUNDATIONAL TO OUR FAMILY DRIVEN APPROACH PROMOTING A SAFE, STIGMA- FREE ENVIRONMENT FOR CHILDREN AND FAMILIES WHO EXPERIENCED TRAUMA AND MAY NOT OTHERWISE HAVE OPPORTUNITIES LIKE THESE FOR HEALING. FIC WILL BUILD TRAUMA INFORMED RESOURCES THROUGH TRAINING USING CERTIFIED ACE, NMC, AND TRBI TRAINERS AS WELL AS PARTNERING WITH ARIZONA TRAUMA INSTITUTE TO EXPAND CAPACITY FOR FUTURE TRAUMA SERVICE PROVISION.",1999029,1999029,1631108.66,367920.3400000001,2026-01-14,TAGGS,2026-01-15,N/A,2021-09-30,2026-09-29,Center for Mental Health Services,93.243,SUBSTANCE ABUSE AND MENTAL HEALTH SERVICES PROJECTS OF REGIONAL AND NATIONAL SIGNIFICANCE,SM-21-010,"National Child Traumatic Stress Initiative – Category III, Community Treatment and Service (CTS) C…",https://www.samhsa.gov/grants/grant-announcements/sm-21-010,"FAMILY INVOLVEMENT CENTER, INC",AZ,PHOENIX,AZ-03,Other Special Interest Organization,https://taggs.hhs.gov/Detail/AwardDetail?arg_AwardNum=H79SM084879&arg_ProgOfficeCode=80,https://www.usaspending.gov/award/ASST_NON_H79SM084879_075/
SM084880,Restored,Reinstated (confirmed),Spurwink ShifaME Trauma Systems Therapy for Refugees,"SPURWINK SHIFAME TRAUMA SYSTEMS THERAPY FOR REFUGEES - ABSTRACT: SPURWINK SHIFAME TRAUMA SYSTEMS THERAPY FOR REFUGEES USES TRAUMA SYSTEMS THERAPY ADAPTED FOR REFUGEES (TST-R), AN EVIDENCE-BASED PRACTICE, TO PROVIDE CULTURALLY APPROPRIATE MENTAL HEALTH SERVICES TO REFUGEE CHILDREN, ADOLESCENTS, AND THEIR FAMILIES IN SIX COMMUNITIES IN SOUTHERN MAINE WHO HAVE OR AT AT RISK FOR MENTAL HEALTH ISSUES DUE TO TRAUMA. TST-R ADDRESSES A CHILD'S TRAUMA SYSTEM FROM A SOCIAL ECOLOGICAL PERSPECTIVE, WORKING WITHIN THE UNIQUE ECOLOGY OF EACH CHILD AND FAMILY, AND BUILDING SYSTEMS OF PREVENTION AND COMMUNITY RESILIENCE BUILDING, TARGETED SKILL-BUILDING, AND STRESS REDUCTION INTERVENTIONS FOR AT-RISK YOUTH, AND INTENSIVE THERAPEUTIC INTERVENTION FOR REFUGEE YOUTH WITH SIGNIFICANT PSYCHOLOGICAL DISTRESS. THE SHIFAME MODEL INCLUDES COMMUNITY ENGAGEMENT, SCHOOL-BASED GROUPS, AND HOME-BASED FAMILY TREATMENT INTERVENTIONS. ALL TIERS ARE DELIVERED BY MENTAL HEALTH CLINICIANS IN PARTNERSHIP WITH CULTURAL BROKERS WHO ARE MEMBERS OF THE REFUGEE COMMUNITY THEY ARE SERVING AND TRAINED IN TST-R, AND WHO ASSIST THE CLINICAL TEAM AND THE COMMUNITY IN CREATING CROSS-CULTURAL UNDERSTANDING AND CHANGE. THE PROGRAM WILL SERVE UP TO 250 INDIVIDUALS THROUGH COMMUNITY AND PARENT OUTREACH AND 297 INDIVIDUALS IN YEAR 1; 387 PEOPLE IN YEAR 2; 477 IN YEAR 3; AND 567 IN YEAR 5; FOR A TOTAL AND 2,175 OVER FIVE YEARS, WITH 514 IN DIRECT CARE, 678 IN BEHAVIORAL HEALTH HOMES, AND 736 IN SCHOOL GROUPS. PROJECT GOALS INCLUDE INCREASING ACCESS TO EFFECTIVE TRAUMA-FOCUSED TREATMENT AND SERVICES BY REFUGEE YOUTH AND FAMILIES BY PROVIDING TST-R TREATMENT AND DECREASING BARRIERS TO MENTAL HEALTH SERVICES; IMPROVING SCHOOL FUNCTIONING FOR REFUGEE YOUTH; AND IMPROVING MENTAL HEALTH AND OVERALL FUNCTIONING FOR REFUGEE YOUTH WITH SIGNIFICANT TRAUMA-RELATED MENTAL HEALTH SYMPTOMS. SHIFAME WILL MAXIMIZE COMMUNITY IMPACT BY EXPANDING ITS BREADTH OF SERVICES, CULTURAL COMPETENCY, AND SUSTAINABILITY, AND ESTABLISH THE PROGRAM AS A REGIONAL HUB FOR TST-R EXPERTISE BY DEVELOPING A TRAIN-THE-TRAINER MODEL AND CURRICULUM FOR TST-R TRAINING. SHIFAME WILL INCREASE AWARENESS OF THE NEED FOR MENTAL HEALTH SERVICES AND ACCEPTANCE OF SERVICES BY PROVIDING LINGUISTICALLY AND CULTURALLY RESPONSIVE CARE FACILITATED BY CULTURAL BROKERS, IMPROVING MENTAL HEALTH AND SCHOOL FUNCTIONING.",1599992,1599992,1205135.04,394856.95999999996,2026-01-14,TAGGS,2026-01-15,N/A,2022-12-31,2026-12-30,Center for Mental Health Services,93.243,SUBSTANCE ABUSE AND MENTAL HEALTH SERVICES PROJECTS OF REGIONAL AND NATIONAL SIGNIFICANCE,SM-21-010,"National Child Traumatic Stress Initiative – Category III, Community Treatment and Service (CTS) C…",https://www.samhsa.gov/grants/grant-announcements/sm-21-010,SPURWINK SERVICES INCORPORATED,ME,PORTLAND,ME-01,Other Special Interest Organization,https://taggs.hhs.gov/Detail/AwardDetail?arg_AwardNum=H79SM084880&arg_ProgOfficeCode=80,https://www.usaspending.gov/award/ASST_NON_H79SM084880_075/
SM084882,Restored,Reinstated (confirmed),YMCA's Finding Youth Resilience Project,"YMCA'S FINDING YOUTH RESILIENCE PROJECT - THE YMCA OF SAN DIEGO COUNTY (YMCA) WILL EXPAND TRAUMA-FOCUSED TREATMENT FOR YOUTH (AGES 3-18) AND THEIR PARENTS/CAREGIVERS THROUGH  FINDING YOUTH RESILIENCE  (FYR) THAT WILL PROVIDE TRAUMA-FOCUSED COGNITIVE BEHAVIORAL THERAPY (TF-CBT) AND EYE MOVEMENT DESENSITIZATION AND REPROCESSING (EMDR) TO YOUTH THROUGHOUT SAN DIEGO COUNTY WHO HAVE EXPERIENCED AND EXHIBIT SYMPTOMS OF TRAUMA. FYR WILL ALSO OFFER TRAUMA TRAINING TO YOUTH-SERVING PERSONNEL TO INCREASE THEIR KNOWLEDGE AND AWARENESS OF THE EFFECTS AND SYMPTOMS OF TRAUMA ON YOUTH. SAN DIEGO COUNTY HAS OVER 714,000 YOUTH UNDER THE AGE OF 18; 43.3% REPORT HAVING EXPERIENCED AT LEAST ONE ADVERSE CHILDHOOD EXPERIENCE (ACE), WHILE 14.4% REPORT EXPERIENCING TWO OR MORE ACES THAT CAN LEAD TO TRAUMA. IN SAN DIEGO COUNTY, ONE IN 13 CHILDREN HAS AN EMOTIONAL DISTURBANCE THAT LIMITS PARTICIPATION IN DAILY ACTIVITIES, AND ONLY 25-35% OF AFFECTED YOUTH ACCESS TREATMENT DUE TO THE LACK OF MENTAL HEALTH PROVIDERS RELATIVE TO DEMAND FOR TREATMENT (1:270). THERE IS ALSO AN ELEVATED INCIDENCE OF MENTAL HEALTH DISTRESS AMONG THE NEARLY 25% OF INDIVIDUALS WHO ARE FOREIGN-BORN.  SPECIFIC FYR PROGRAM GOALS AND MEASURABLE OBJECTIVES INCLUDE: 1. GOAL: INCREASE ACCESS TO EFFECTIVE TRAUMA-FOCUSED TREATMENT AND SERVICES TO UNDER-RESOURCED YOUTH AND FAMILIES. OBJECTIVE: 1A. SCREEN 200 YOUTH ANNUALLY (100 IN YEAR 1) FOR HISTORY OF EXPOSURE TO TRAUMA AND/OR ACES AND DISTRESS LEVELS. 1B. 100% OF THOSE WHO MEET ELIGIBILITY CRITERIA WILL BE REFERRED TO PROJECT SERVICES OR LINKED TO OTHER APPROPRIATE SERVICES. 1C. ENROLL A MINIMUM OF 75 (50 IN YEAR 1) IN TF-CBT OR EMDR. 2. GOAL: DECREASE TRAUMA SYMPTOMS IN YOUTH. OBJECTIVE: A MINIMUM OF 75% OF ENROLLED YOUTH WILL COMPLETE AT LEAST FIVE SESSIONS OF TF-CBT OR EMDR, AND 75% OF THOSE COMPLETING AT LEAST 8 SESSIONS WILL DEMONSTRATE DECREASES IN TRAUMA SYMPTOMS. 3. GOAL: INCREASE COPING AND SELF-REGULATION SKILLS IN YOUTH. OBJECTIVE: 75% OF YOUTH COMPLETING AT LEAST SIX SESSIONS WILL DEMONSTRATE INCREASED COPING SKILLS. 4. GOAL: INCREASE PARENT/CAREGIVER KNOWLEDGE OF TRAUMA AND APPROPRIATE CO-REGULATION SKILLS. OBJECTIVE: 100% OF PARENTS/CAREGIVERS WHO ATTEND A TREATMENT SESSION WILL RECEIVE EVIDENCE-INFORMED PSYCHO-EDUCATION ON CHILDHOOD TRAUMA SYMPTOMS AND CO-REGULATION, AND 75% OF PARENTS/CAREGIVERS ATTENDING AT LEAST ONE PARENT PSYCHO-EDUCATION GROUP SESSION WILL REPORT AN INCREASE IN KNOWLEDGE OF CHILDHOOD TRAUMA AND ITS SYMPTOMS. 5. GOAL: INCREASE UNDERSTANDING OF TRAUMA FOR YOUTH-SERVING SYSTEMS. OBJECTIVE: 100% OF KING-CHAVEZ NEIGHBORHOOD OF SCHOOLS PERSONNEL AND GIRL SCOUTS SAN DIEGO STAFF AND VOLUNTEERS WHO RECEIVE TRAUMA TRAINING WILL HAVE A GREATER UNDERSTANDING AND INCREASED KNOWLEDGE OF TRAUMA AND ITS EFFECTS ON CHILDREN.  FYR WILL UTILIZE TF-CBT AND EMDR TO INCREASE KNOWLEDGE OF TRAUMA AND TRAUMA SYMPTOMATOLOGY IN YOUTH AND THEIR PARENTS/CAREGIVERS, AND WILL INCREASE APPROPRIATE PARENTING PRACTICES AND TRAUMA-RELATED EMOTIONAL DISTRESS THROUGH PSYCHO-EDUCATION. 75 YOUTH AND THEIR PARENTS/CAREGIVERS WILL RECEIVE TF-CBT OR EMDR TREATMENT ANNUALLY (50 IN YEAR 1), TOTALING 350 YOUTH AND THEIR PARENTS/CAREGIVERS THROUGHOUT THE FIVE-YEAR PROJECT TERM. FYR WILL ALSO PROVIDE TRAUMA TRAINING TO APPROXIMATELY 150 SCHOOL-BASED PERSONNEL, 80 GIRL SCOUTS STAFF AND VOLUNTEERS, AND 45 YMCA ELP STAFF ANNUALLY, FOR A TOTAL OF APPROXIMATELY 1,375 ADULTS TRAINED OVER FIVE YEARS.",2000000,2000000,1577575.0999999999,422424.90000000014,2026-01-14,TAGGS,2026-01-15,N/A,2021-09-30,2026-09-29,Center for Mental Health Services,93.243,SUBSTANCE ABUSE AND MENTAL HEALTH SERVICES PROJECTS OF REGIONAL AND NATIONAL SIGNIFICANCE,SM-21-010,"National Child Traumatic Stress Initiative – Category III, Community Treatment and Service (CTS) C…",https://www.samhsa.gov/grants/grant-announcements/sm-21-010,YMCA OF SAN DIEGO COUNTY,CA,SAN DIEGO,CA-51,Other Social Services Organization,https://taggs.hhs.gov/Detail/AwardDetail?arg_AwardNum=H79SM084882&arg_ProgOfficeCode=80,https://www.usaspending.gov/award/ASST_NON_H79SM084882_075/
SM084884,Restored,Reinstated (confirmed),NW Iowa Family Support Center Services,"NW IOWA FAMILY SUPPORT CENTER SERVICES - PROJECT ABSTRACT SUMMARY PROJECT NAME: NW IOWA FAMILY SUPPORT CENTER SERVICES APPLICANT: NORTHWEST IOWA MENTAL HEALTH CENTER DBA SEASONS CENTER FOR BEHAVIORAL HEALTH  PROJECT SUMMARY: THE PROJECT IS DESIGNED TO ENHANCE PARTNERSHIPS IN RURAL NORTHWEST IOWA WITH LOCAL CHILD-SERVING AGENCIES TO INCREASE ACCESS TO SPECIALIZED, TRAUMA-INFORMED, AND EVIDENCE-BASED MENTAL HEALTH SERVICES FOR FOSTER AND ADOPTIVE CHILDREN AND THEIR FAMILIES.  TARGET POPULATION TO BE SERVED: CHILDREN AND FAMILIES WITH CHILDREN FROM A VARIETY OF PLACEMENT SETTINGS, INCLUDING RETURN TO BIOLOGICAL FAMILY, RELATIVE PLACEMENT, FICTIVE KIN PLACEMENT, FOSTER CARE, AND ADOPTIVE CHILDREN, WITH A FOCUS ON INFANTS AND YOUNG CHILDREN.  DEMOGRAPHIC AND CLINICAL CHARACTERISTICS OF TARGET POPULATION: THE GEOGRAPHIC SERVICE AREA FOR THE PROPOSED PROJECT INCLUDES NINE COUNTIES IN RURAL NORTHWEST IOWA: BUENA VISTA, CLAY, DICKINSON, EMMET, LYON, O’BRIEN, OSCEOLA, PALO ALTO, AND SIOUX. THE AREA SUPPORTS A TOTAL POPULATION OF 137,309 RESIDENTS (US CENSUS 2019 ESTIMATES).  STRATEGIES AND INTERVENTIONS: OUTPATIENT BEHAVIORAL HEALTH THERAPY, CARE COORDINATION, CLINICAL CARE TEAM MODEL, FAMILY SUPPORT SERVICES, AND TRAINING AND EDUCATION.  EVIDENCE-BASED STRATEGIES AND INTERVENTIONS: MOTIVATIONAL INTERVIEWING, PARENT CHILD INTERACTION THERAPY, TRAUMA-FOCUSED COGNITIVE BEHAVIORAL THERAPY, EYE MOVEMENT DESENSITIZATION REPROCESSING, THERAPLAY, SEEKING SAFETY, DIALECTICAL BEHAVIORAL THERAPY, WISE-UP!, NATIONAL ADOPTION COMPETENCY TRAINING, AND MENTAL HEALTH FIRST AID.  PROJECT GOALS:  GOAL I: TO CREATE THE ORGANIZATIONAL CAPACITY TO IMPLEMENT GRANT ACTIVITIES, ENSURING THE REQUIRED ELEMENTS OF THE GRANT ARE DELIVERED ON TIME AND AS INTENDED, AND DEVELOP AND ADVANCE INTERVENTIONS THROUGH COLLABORATION WITH THE NATIONAL CHILD TRAUMATIC STRESS NETWORK (NCTSI).   GOAL II: TO EQUIP MENTAL HEALTH PROFESSIONALS WITH SKILLS, KNOWLEDGE, AND RESOURCES TO PROVIDE HIGH QUALITY, EVIDENCE-BASED, TRAUMA-INFORMED, AND CULTURALLY RESPONSIVE SERVICES FOR FOSTER AND ADOPTIVE YOUTH/FAMILIES.   GOAL III: TO ENSURE FAMILIES ARE ABLE TO EASILY ACCESS TRAUMA-INFORMED BEHAVIORAL HEALTH SERVICES, RESOURCES, AND SUPPORTS ALONG A CONTINUUM OF PREVENTION, EARLY INTERVENTION, AND TREATMENT.   GOAL IV: TO COLLABORATE WITH OTHER CHILD/FAMILY SERVING SYSTEMS, SUCH AS CHILD WELFARE, LAW ENFORCEMENT, JUVENILE JUSTICE, AND OTHER COMMUNITY AGENCIES TO RAISE AWARENESS ON TRAUMA-INFORMED PRACTICES AND PROGRAM SERVICES, ENROLL AND SERVE CHILDREN, AND ENHANCE PROGRAM SERVICES.  NUMBER TO BE SERVED ANNUALLY AND OVER FIVE YEAR PROJECT: YEAR 1-342, YEAR 2-141, YEAR 3-174, YEAR 4-164, YEAR 5-184, TOTAL-1,005. (UNDUPLICATED COUNT)",2000000,1600000,857609.9699999999,1142390.0300000003,2026-01-14,TAGGS,2026-01-15,N/A,2022-09-30,2027-09-29,Center for Mental Health Services,93.243,SUBSTANCE ABUSE AND MENTAL HEALTH SERVICES PROJECTS OF REGIONAL AND NATIONAL SIGNIFICANCE,SM-21-010,"National Child Traumatic Stress Initiative – Category III, Community Treatment and Service (CTS) C…",https://www.samhsa.gov/grants/grant-announcements/sm-21-010,NORTHWEST IOWA MENTAL HEALTH CENTER,IA,SPENCER,IA-04,Hospital,https://taggs.hhs.gov/Detail/AwardDetail?arg_AwardNum=H79SM084884&arg_ProgOfficeCode=80,https://www.usaspending.gov/award/ASST_NON_H79SM084884_075/
SM084887,Restored,Reinstated (confirmed),Collaborative for Resilient Kids and Families in Minnesota,"COLLABORATIVE FOR RESILIENT KIDS AND FAMILIES IN MINNESOTA - THE COLLABORATIVE FOR RESILIENT KIDS AND FAMILIES IN MINNESOTA IS A PARTNERSHIP BETWEEN THE UNIVERSITY OF MINNESOTA SCHOOL OF SOCIAL WORK, WATERCOURSE COUNSELING CENTER, SOMALI AMERICAN PARENTS ASSOCIATION (SAPA), COMUNIDADES LATINAS UNIDAS EN SERVICIO (CLUES), MINNEAPOLIS PUBLIC SCHOOLS (MPS), AND BOSTON CHILDRENS HOSPITAL'S TRAUMA AND COMMUNITY RESILIENCE CENTER.  THIS COLLABORATION AIMS TO PROVIDE TRAUMA-RESPONSIVE, CULTURALLY, AND LINGUISTICALLY RELEVANT MENTAL HEALTH SUPPORT TO EAST AFRICAN AND LATINX CHILDREN, YOUTH, AND THEIR FAMILIES IN MINNEAPOLIS. REFUGEE AND IMMIGRANT CHILDREN IN THE US OFTEN PRESENT WITH TRAUMA. HOWEVER, THEY RARELY RECEIVE SERVICES DUE TO SYSTEMIC BARRIERS INCLUDING A LACK OF LINGUISTICALLY AND CULTURALLY AVAILABLE SERVICES, AFFORDABILITY, MISTRUST OF CARE PROVISION, AND STIGMA.  THIS PROJECT WILL USE TRAUMA SYSTEMS THERAPY FOR REFUGEES (TST-R), AN ADAPTATION OF TRAUMA SYSTEMS THERAPY (TST). TST IS AN EVIDENCE-BASED WIDELY EFFECTIVE MODEL OF CARE FOR TREATING CHILDREN AND FAMILIES WITH TRAUMA HISTORIES. TST-R WAS DESIGNED TO MEET THE SPECIFIC CULTURAL NEEDS OF REFUGEE CHILDREN AND FAMILIES, PARTICULARLY ATTENDING TO THE CONTEXT IN WHICH SERVICES ARE PROVIDED, IMPACTING UTILIZATION AND ACCESS. TST-R USES A MULTI-TIER FRAMEWORK FOCUSING ON (1) COMMUNITY EDUCATION; (2) PROMOTION OF PSYCHOLOGICAL WELLNESS; (3) PREVENTION THROUGH TRAUMA-RESPONSIVE SOCIAL ENVIRONMENTS; AND (4) TIMELY INTERVENTIONS (SOCIAL SKILL BUILDING AND INCREASING PERCEIVED BELONGINGNESS AND CONNECTION). TIER 4 INCLUDES CLINICAL INTERVENTIONS THAT OCCUR AT GROUP, INDIVIDUAL, AND FAMILY-LEVELS FOR YOUTH WHO NEED A HIGHER LEVEL OF CARE.   THE COLLABORATIVE WILL USE AN IMPLEMENTATION SCIENCE FRAMEWORK TO ASSESS THE TST-R INTERVENTION WITHIN THE SERVICE CONTEXT, SPECIFICALLY ATTENDING TO HOW THE LOCAL ECOLOGY, SOCIAL NORMS, AND COMMUNITY CULTURE IMPACTS THE EFFICACY OF THE INTERVENTION WITH YOUTH PARTICIPANTS. IT WILL ALSO ASSESS THE IMPLEMENTATION OF THE INTERVENTION WITHIN NEW CONTEXTS.THE COLLABORATIVE WILL PROVIDE TRAUMA-RESPONSIVE OUTREACH AND EDUCATION TO APPROXIMATELY 2000 COMMUNITY MEMBERS, PREDOMINATELY IN YEARS 1 AND 2. AT LEAST 660 YOUTH WILL RECEIVE SKILLS-BASED GROUP SERVICES AND 422 WILL RECEIVE BOTH INDIVIDUAL AND HOME-BASED SERVICES. THE POPULATION SERVED WILL BE APPROXIMATELY EQUAL NUMBERS OF MALES AND FEMALES FROM BOTH EAST AFRICAN LATINX COMMUNITIES.  THE PROJECT OBJECTIVES INCLUDE (1) ENGAGING LATINX AND EAST AFRICAN COMMUNITIES IN TRAUMA-RESPONSIVE MENTAL HEALTH SERVICES AT ALL SERVICES LEVELS; (2) IMPROVING PSYCHOSOCIAL OUTCOMES FOR EAST AFRICAN AND LATINX CHILDREN ATTENDING MPS; (3) INCREASING CAPACITY IN MINNESOTA TO ADDRESS REFUGEE AND IMMIGRANT TRAUMA THAT REFLECTS CULTURAL NEEDS; AND (4) UTILIZING OUTCOME EVALUATION DATA TO INCREASE SUPPORT AND SUSTAINABILITY FOR THE MODEL STATEWIDE.",1997092,1997092,1642988.9700000002,354103.0299999998,2026-01-14,TAGGS,2026-01-15,N/A,2021-09-30,2026-09-29,Center for Mental Health Services,93.243,SUBSTANCE ABUSE AND MENTAL HEALTH SERVICES PROJECTS OF REGIONAL AND NATIONAL SIGNIFICANCE,SM-21-010,"National Child Traumatic Stress Initiative – Category III, Community Treatment and Service (CTS) C…",https://www.samhsa.gov/grants/grant-announcements/sm-21-010,REGENTS OF THE UNIVERSITY OF MINNESOTA,MN,MINNEAPOLIS,MN-05,"Junior College, College & University",https://taggs.hhs.gov/Detail/AwardDetail?arg_AwardNum=H79SM084887&arg_ProgOfficeCode=80,https://www.usaspending.gov/award/ASST_NON_H79SM084887_075/
SM084888,Restored,Reinstated (confirmed),Family Health Centers at NYU Langone Center for Child Trauma Treatment (FHC-N-CT),"FAMILY HEALTH CENTERS AT NYU LANGONE CENTER FOR CHILD TRAUMA TREATMENT (FHC-N-CT) - SUNSET PARK HEALTH COUNCIL, INC., DBA FAMILY HEALTH CENTERS AT NYU LANGONE (FHC) SERVES BROOKLYN RESIDENTS ACROSS A VAST NETWORK OF COMMUNITY-BASED CLINICS AND PROGRAMS, AND THROUGH ITS EXPANSIVE BEHAVIORAL HEALTH PROGRAM. THE FHC AT NYU LANGONE CENTER FOR CHILD TRAUMA TREATMENT (FHC-N-CT), IN COLLABORATION WITH FHC COMMUNITY-BASED PROGRAMS, THE SCHOOL HEALTH PROGRAM, AND THE NYU CCTS IN CHILD WELFARE AND MENTAL HEALTH, WILL SERVE CHILDREN, ADOLESCENTS, AND THEIR FAMILIES EXPERIENCING TRAUMA.  • GOAL 1. CONDUCT OUTREACH, ENGAGEMENT, AND PREVENTION SERVICES FOR THE TARGET POPULATION. OBJ. 1.1. THE FHC-N-CT WILL MEET WITH STAFF AND GRANT COLLABORATORS (BY MONTH 4). OBJ. 1.2. CONDUCT OUTREACH AND ENGAGEMENT TO 600 INDIVIDUALS (YEAR 1) AND 800 INDIVIDUALS PER YEAR (YEARS 2-5). OBJ. 1.3. PROVIDE PREVENTION, EDUCATION, AND TREATMENT SERVICES TO 100% OF THE TARGET POPULATION IDENTIFIED AS AT RISK FOR PSYCHOLOGICAL CONDITIONS DUE TO TRAUMATIC EPISODES (YEARS 1-5). • GOAL 2. PROVIDE DIRECT EVIDENCE-BASED MENTAL DISORDER TREATMENT AND SERVICES INCLUDING SCREENING, ASSESSMENT, CARE MANAGEMENT, THERAPY, AND PREVENTION THROUGH INDIVIDUAL AND GROUP OUTPATIENT AND INTENSIVE OUTPATIENT CLINICAL PROGRAMS. OBJ. 2.1. SCREEN 300 CHILDREN AND ADULT PRIMARY CAREGIVERS (YEAR 1) AND 400 CHILDREN AND ADULT PRIMARY CAREGIVERS ANNUALLY (YEARS 2-5) TO IDENTIFY THOSE THAT HAVE EXPERIENCED TRAUMA. OBJ. 2.2. OF THE INDIVIDUALS IDENTIFIED AND REFERRED, ENGAGE THEM IN EVALUATION FOR THE TREATMENT PROGRAM (75 IN YEAR 1 AND 100 ANNUALLY IN YEARS 2-5). OBJ. 2.3. PROVIDE CARE MANAGEMENT WITH REFERRALS TO SUPPORT AND PREVENTION SERVICES, AS NEEDED TO 100% OF INDIVIDUALS IDENTIFIED (YEARS 1-5). OBJ. 2.4. PROVIDE INDIVIDUAL AND GROUP TELE-MENTAL HEALTH AS AN OPTIONAL TREATMENT MODALITY AND OPTIONAL IN-HOME SERVICES TO INCREASE RETENTION IN CARE FOR 80% OF INDIVIDUALS RECEIVING THERAPY AND TREATMENT (YEARS 1-5). OBJ. 2.5. THREE STAFF WILL RECEIVE ANNUAL TRAINING IN TRAUMA-FOCUSED COGNITIVE BEHAVIORAL THERAPY TO SUPPORT PROGRAM GOALS AND OBJECTIVES (YEARS 1-5). • GOAL 3. UTILIZE EXPERTISE IN TRAUMA-INFORMED PRACTICES TO POSITIVELY IMPACT CHILD-SERVING SERVICE SYSTEMS IN BROOKLYN AND NYC. OBJ. 3.1. SHARE BEST PRACTICES WITH AND INCREASE KNOWLEDGE OF THE SERVICE NEEDS OF THE TARGET POPULATION AMONG CHILD-SERVING AGENCIES TO FURTHER TRAUMA-INFORMED PRACTICES (YEARS 1-5). • GOAL 4. COLLABORATE WITH THE NYU CCTS IN CHILD WELFARE AND MENTAL HEALTH (NCTSI-CATEGORY II, TSA) AND OTHER NCTSI-II TSAS TO ADAPT INTERVENTIONS THAT IMPROVE ENGAGEMENT AND OUTCOMES FOR THE TARGET POPULATION. OBJ. 4.1. RECEIVE EXPERT CONSULTATION ON THE IMPLEMENTATION OF TRAUMA SYSTEMS THERAPY AT A MINIMUM OF 130 HOURS ANNUALLY (YEARS 1-5). OBJ. 4.2. RECEIVE FACILITATED INTEGRATION WITHIN THE NCTSN AND WITH NCTSI-II TSA PARTNERS. • GOAL 5. IMPLEMENT A COMPREHENSIVE PROCESS AND OUTCOME EVALUATION TO ASSESS PROGRESS ON PROGRAM GOALS AND OBJECTIVES. OBJ. 5.1. THE PROGRAM EVALUATOR WILL MONITOR DATA COLLECTION, CONDUCT PERFORMANCE ASSESSMENT, AND IMPLEMENT PROGRAM EVALUATION AT A MINIMUM OF 780 HOURS ANNUALLY (YEARS 1-5). • PROGRAM STAFF WILL CONDUCT OUTREACH AND ENGAGEMENT TO 3,800 INDIVIDUALS; SCREEN 1,900 INDIVIDUALS; AND OF THOSE SCREENED, IDENTIFY 475 UNDUPLICATED INDIVIDUALS OVER THE 5-YEAR PERIOD FOR TREATMENT AND SERVICES.",2000000,1600000,1271310.29,728689.71,2026-01-14,TAGGS,2026-01-15,N/A,2022-09-30,2027-09-29,Center for Mental Health Services,93.243,SUBSTANCE ABUSE AND MENTAL HEALTH SERVICES PROJECTS OF REGIONAL AND NATIONAL SIGNIFICANCE,SM-21-010,"National Child Traumatic Stress Initiative – Category III, Community Treatment and Service (CTS) C…",https://www.samhsa.gov/grants/grant-announcements/sm-21-010,"SUNSET PARK HEALTH COUNCIL, INC.",NY,BROOKLYN,NY-10,Other Social Services Organization,https://taggs.hhs.gov/Detail/AwardDetail?arg_AwardNum=H79SM084888&arg_ProgOfficeCode=80,https://www.usaspending.gov/award/ASST_NON_H79SM084888_075/
SM084890,Restored,Reinstated (confirmed),TST-R for Refugee and Immigrant Youth in Vermont,"TST-R FOR REFUGEE AND IMMIGRANT YOUTH IN VERMONT - THE PROPOSED NCTSI III PROJECT WILL TARGET RESETTLED REFUGEE AND OTHER TRAUMATIZED IMMIGRANT YOUTH AGE 10 TO 17, AND THEIR FAMILIES, WHO HAVE EXPERIENCED TRAUMATIC EVENTS. THE PROJECT WILL TARGET THIS POPULATION WITHIN THE FOLLOWING GEOGRAPHIC CATCHMENT AREA: GREATER BURLINGTON, VERMONT. THE BURLINGTON AREA IS VERMONT’S ONLY REFUGEE RESETTLEMENT COMMUNITY, HAVING RESETTLED NEARLY SEVERAL THOUSAND REFUGEES DURING THE PAST FIVE YEARS. REFUGEE AND OTHER VULNERABLE IMMIGRANT YOUTH IN VERMONT FREQUENTLY EXPERIENCE FLASHBACKS TO TRAUMAS EXPERIENCED BEFORE, DURING, AND AFTER FORCED MIGRATION. THE ASSOCIATION OF AFRICANS LIVING IN VERMONT – THIS PROJECT’S PRIMARY APPLICANT – IS KEENLY AWARE OF THE INTERPLAY BETWEEN (1) THE YOUTH WHO EXPERIENCED AND CONTINUE TO EXPRESS TRAUMA AND (2) THE YOUTH’S SOCIAL ENVIRONMENT AS FUNDAMENTAL TO INTERVENING AND HELPING A YOUTH RECOVER FROM TRAUMA.   THE PROPOSED, FIVE-YEAR PROJECT WILL IMPLEMENT THE EVIDENCE-BASED TRAUMA SYSTEMS THERAPY FOR REFUGEES BY IMBEDDING MULTILINGUAL CLINICIAN AND CULTURAL BROKER TEAMS IN AREA MIDDLE AND HIGH SCHOOLS WITH HIGH NUMBERS OF REFUGEE AND VULNERABLE IMMIGRANTS. AALV AND ITS MENTAL HEALTH CLINIC PARTNER, VERMONT PSYCHOLOGICAL SERVICES, WILL PARTNER WITH BOSTON CHILDREN’S HOSPITAL, TRAUMA AND COMMUNITY RESILIENCY CENTER, THE DEVELOPER OF TST-R, TO PROVIDE TST-R TRAINING AND TECHNICAL ASSISTANCE. THE UNIVERSITY OF MINNESOTA, DEPARTMENT OF SOCIAL WORK WILL PROVIDE DATA MANAGEMENT TECHNICAL ASSISTANCE AND THE PROJECT EVALUATION.  THE TST-R APPROACH INCLUDES THREE PREVENTION AND INTERVENTION COMPONENTS: (1) COMMUNITY ENGAGEMENT, (2) PREVENTION AND EARLY INTERVENTION, AND (3) INTENSIVE INTERVENTION, WITH SERVICES DELIVERED AT SCHOOLS, OUTPATIENT CLINICS, AT FAMILIES’ HOMES, AND IN THE COMMUNITY. THE PROJECT OPERATES ALONG FOUR TREATMENT TIERS OF THE SOCIAL ECOLOGICAL MODEL AND APPLIES A PHASE-BASED METHOD OF TREATMENT. THE PROJECT WILL OPERATE THIS MODEL IN BURLINGTON AND WINOOSKI SCHOOLS.   THE PROPOSED PROJECT CONTEMPLATES ASSISTING 350 REFUGEE AND OTHER VULNERABLE IMMIGRANT YOUTH DURING THE FIVE-YEAR PROJECT PERIOD.",1905700,1905700,1602284.8599999999,303415.14000000013,2026-01-14,TAGGS,2026-01-15,N/A,2021-09-30,2026-09-29,Center for Mental Health Services,93.243,SUBSTANCE ABUSE AND MENTAL HEALTH SERVICES PROJECTS OF REGIONAL AND NATIONAL SIGNIFICANCE,SM-21-010,"National Child Traumatic Stress Initiative – Category III, Community Treatment and Service (CTS) C…",https://www.samhsa.gov/grants/grant-announcements/sm-21-010,ASSOCIATION OF AFRICANS LIVING IN VERMONT INC,VT,BURLINGTON,VT-00,Other Social Services Organization,https://taggs.hhs.gov/Detail/AwardDetail?arg_AwardNum=H79SM084890&arg_ProgOfficeCode=80,https://www.usaspending.gov/award/ASST_NON_H79SM084890_075/
SM084891,Restored,Reinstated (confirmed),Trauma Recovery through Evidence based Access and Treatment,"TRAUMA RECOVERY THROUGH EVIDENCE BASED ACCESS AND TREATMENT - THE MENTAL HEALTH CENTER OF GREATER MANCHESTER (MHCGM)’S TRAUMA RECOVERY THOUGH EVIDENCE-BASED ACCESS AND TREATMENT (TREAT) PROJECT WILL IMPROVE ACCESS AND TREATMENT FOR YOUTH RESIDING IN CENTER AND WEST MANCHESTER COMMUNITIES (55% OF MANCHESTER YOUTH).  TO ACHIEVE THE DESIRED RESULTS, TREAT HAS A THREE PRONGED APPROACH: EDUCATE THE COMMUNITY, PROVIDE ACCESS TO SERVICES, AND HAVE THE CAPACITY AND ABILITY TO DELIVER EVIDENCE BASED TREATMENT.   TREAT’S FIRST PRONG WILL CREATE A TRAUMA INFORMED SUPPORTIVE COMMUNITY THROUGH TRAINING COMMUNITY MEMBERS, CHILD-SERVING SYSTEM WORKERS, AND POLICE OFFICERS IN THESE COMMUNITIES.   BY THE END OF THIS FUNDING OVER 375 CHILD-SERVING SYSTEM STAFF, 150 COMMUNITY MEMBERS, AND 100 POLICE OFFICERS WILL BE TRAUMA INFORMED TRAINED AND AMBASSADORS TO REFER YOUTH TO SUPPORT AND TREATMENT.  THROUGH THIS PROPOSAL TREAT WILL IMPROVE ACCESS BY PROVIDING THERAPIST TIME IN ALL THE SCHOOLS IN THE CENTER AND WEST COMMUNITIES AS WELL AS TIME AT CHILD-SERVING SYSTEMS LOCATIONS IN THE COMMUNITY.  BEYOND THESE ON THE GROUND ACCESS POINTS WE WILL ALSO TRAIN 1 SCHOOLS A YEAR IN THE EVIDENCE BASED PRACTICE OF BOUNCE BACK (BB) AND COGNITIVE BEHAVIORAL INTERVENTION FOR TRAUMA IN SCHOOL (CBITS).  THROUGH THIS ACCESS MATRIX 490+ YOUTH WILL BE REFERRED FOR SERVICES AND 407+ OF THESE YOUTH WILL BE ASSESSED OVER THE PROJECT PERIOD.  WITH A TRAUMA INFORMED COMMUNITY AND AN INCREASE IN REFERRALS THE NEED FOR TREATMENT PROVIDERS WILL BE HIGH.  SO TO ADDRESS THE 290+ YOUTH THAT WILL RECEIVE TREATMENT THIS PROJECT WILL ADD TWO TREATMENT PROVIDING CLINICIANS, 1 INTAKE CLINICIAN, AND 5 FAMILY COMMUNITY SUPPORT STAFF  OVER THE GRANT LIFE CYCLE. MADE UP OF 12 DIFFERENT SCHOOLS THE YOUTH POPULATION (ABOUT 7,775 YOUTH) OF THE PROJECT IMPACT AREA FACES A NUMBER OF CHALLENGES.    SIXTY-FIVE PERCENT OF THE YOUTH POPULATION QUALIFIES FOR FREE OR REDUCED LUNCH. FORTY PERCENT OF HOUSEHOLDS FALL IN THE HIGH OR EXTREMELY HIGH POVERTY RATE. THE VIOLENT CRIME RATE IS 10 TIMES THE AVERAGE RATE OF THE 500 BIGGEST CITIES IN THE US.  THE COMMUNITIES ARE CONSIDERED A MEDICALLY UNDERSERVED AREA.  A YOUTH RESIDING IN THIS COMMUNITY HAS AN OPPORTUNITY ATLAS FORECAST OF CONTINUED GENERATIONAL POVERTY.  ADD TO THIS THAT EACH OF THESE FACTORS INCREASE THE LIKELIHOOD OF EXPERIENCING AN ADVERSE CHILDHOOD EXPERIENCE FROM WHICH TRAUMA AND TRAUMA BEHAVIORS CAN ARISE AND THE NEED FOR THIS PROJECT IS PARAMOUNT TO THE HEALTH AND WELL-BEING OF THESE YOUTH.     TO ADDRESS THE TRAUMA THESE YOUTH HAVE EXPERIENCED THE CLINICIANS WILL IMPLEMENT ONE OF THREE EVIDENCE BASED TREATMENTS: CHILD PARENT PSYCHOTHERAPY (CPP), TRAUMA FOCUSED COGNITIVE BEHAVIORAL THERAPY (TF-CBT), BOUNCE BACK (BB), COGNITIVE BEHAVIORAL INTERVENTION FOR TRAUMA IN SCHOOL (CBITS), OR MODULAR APPROACH TO THERAPY FOR CHILDREN WITH ANXIETY, DEPRESSION, TRAUMA, OR CONDUCT PROBLEMS (MATCH-ADTC).  DETERMINING WHICH TREATMENT IS THE BEST FIT FOR THE CLIENT WILL BE DONE THROUGH INTAKE AND THE USE OF THE CHILD AND ADOLESCENT NEEDS AND STRENGTHS (CANS) COMPREHENSIVE MULTI-SYSTEM ASSESSMENT AND THE UCLA PTSD SCREENER.  AS A NON-PROFIT THAT HAS RECEIVED OTHER SAMHSA FUNDING WE WILL ENSURE TO IMPLEMENT WHAT WE HAVE LEARNED AND TRACKING PROGRESS AND OUTCOMES WILL BE STRICTLY FOLLOWED AND REPORTED SO THAT OTHERS CAN LEARN FROM THIS PROJECT AND MORE YOUTH CAN GET THE SERVICE AND CARE THEY NEED FOR THE TRAUMA THEY HAVE EXPERIENCED.",1999996,1999996,1640529.2199999997,359466.78000000026,2026-01-14,TAGGS,2026-01-15,N/A,2021-09-30,2026-09-29,Center for Mental Health Services,93.243,SUBSTANCE ABUSE AND MENTAL HEALTH SERVICES PROJECTS OF REGIONAL AND NATIONAL SIGNIFICANCE,SM-21-010,"National Child Traumatic Stress Initiative – Category III, Community Treatment and Service (CTS) C…",https://www.samhsa.gov/grants/grant-announcements/sm-21-010,"THE MENTAL HEALTH CENTER OF GREATER MANCHESTER, INC.",NH,MANCHESTER,NH-01,Hospital,https://taggs.hhs.gov/Detail/AwardDetail?arg_AwardNum=H79SM084891&arg_ProgOfficeCode=80,https://www.usaspending.gov/award/ASST_NON_H79SM084891_075/
SM084893,Restored,Reinstated (confirmed),Project Thrive:  A partnership between SaintA and Boys and Girls Club of Greater Milwaukee to provide increased access effective trauma-focused treatment for children and families.,"PROJECT THRIVE:  A PARTNERSHIP BETWEEN SAINTA AND BOYS AND GIRLS CLUB OF GREATER MILWAUKEE TO PROVIDE INCREASED ACCESS EFFECTIVE TRAUMA-FOCUSED TREATMENT FOR CHILDREN AND FAMILIES. - PROJECT THRIVE: A PARTNERSHIP BETWEEN SAINTA, INC. AND BOYS & GIRLS CLUB OF GREATER MILWAUKEE (BGCGM) WILL PROVIDE INCREASED ACCESS TO THE PROVISION OF EFFECTIVE TRAUMA-FOCUSED TREATMENT FOR CHILDREN, ADOLESCENTS (AGES 4-18) AND THEIR FAMILIES WHO HAVE EXPERIENCED THE TRAUMA OF ABUSE, NEGLECT, VIOLENCE, POVERTY, RACISM, AND FAMILY SEPARATION. SERVICES WILL BE PROVIDED AT THE BGCGM SITES TO PROVIDE EASE OF ACCESS IN A TRUSTED COMMUNITY SETTING IN THE CENTRAL CITY OF MILWAUKEE (MKE), ONE OF THE MOST RACIALLY SEGREGATED CITIES IN THE U.S., WHOSE RESIDENTS HAVE EXPERIENCED INEQUITIES IN ACCESS TO MENTAL HEALTH SERVICES AND CONDITIONS THAT PERPETUATE THE CYCLES OF TRAUMA AND POVERTY. THE MAJORITY OF THOSE SERVED WILL BE AFRICAN AMERICAN (64%) AND LATINX (23%), LIVE IN MKE'S CENTRAL CITY, AND ARE ECONOMICALLY DISADVANTAGED. A THREE-TIERED TREATMENT MODEL WILL INCLUDE (TIER 1) UNIVERSAL SCREENING OF MEMBERS WITH THE UNIVERSIT POST TRAUMATIC STRESS DISORDER REACTION INDEX FOR DSM 5 (UCLSA-PTSD), SCREENING OF FAMILY NEEDS AND PROVISION OF RESOURCES, EDUCATION, AND TRAINING ON YOUTH MENTAL HEALTH FIRST AID, TRAUMA INFORMED CARE, AND TRAUMA SENSITIVE SCHOOLS MODEL FOR STAFF AND COMMUNITY MEMBERS. TREATMENT MODELS PROVIDED (TIER 2) COGNITIVE BEHAVIORAL INTERVENTION FOR TRAUMA IN SCHOOLS, BOUNCE BACK, (TIER 3) TRAUMA-FOCUSED COGNITIVE BEHAVIOR THERAPY (TF-CBT) AND ATTACHMENT, REGULATION AND COMPETENCY: A COMPREHENSIVE FRAMEWORK FOR INTERVENTION WITH COMPLEXLY TRAUMATIZED YOUTH (ARC). OUTCOMES WILL BE MEASURED UTILIZING THE UCLA-PTSD, CHILD AND ADOLESCENT NEEDS AND STRENGTHS-TRAUMA, AND PEDIATRIC QUALITY OF LIFE ENJOYMENT AND SATISFACTION QUESTIONNAIRE. PROJECT GOALS INCLUDE: 1) CREATE AND SUSTAIN EFFECTIVE RELATIONSHIPS WITHIN THE COMMUNITY TO REDUCE STIGMA AROUND TRAUMA AND MENTAL HEALTH TREATMENT; 2) ENHANCE SCREENING AND ASSESSMENT PROCESS TO IDENTIFY YOUTH NEEDS FOR TREATMENT EARLIER AND WITH MORE EFFICACY; 3) INCREASE ACCESS TO EFFECTIVE TRAUMA-FOCUSED MENTAL HEALTH SERVICES FOR DIVERSE, ECONOMICALLY DISADVANTAGED CHILDREN AND FAMILIES IN MILWAUKEE; 4) PROVIDE TRAINING IN TRAUMA-INFORMED PRACTICES TO COMMUNITIES AND CHILD-SERVING SYSTEMS; AND 5) CREATE SUSTAINABILITY FOR CONTINUED MENTAL HEALTH TREATMENT AFTER COMPLETION OF SAMHSA FUNDING. PROJECT OBJECTIVES INCLUDE: 1) 70% OF CLIENTS COMPLETING TREATMENT WILL SHOW AN INCREASE IN QUALITY OF LIFE AND A DECREASE IN THE PRESENCE OF CLINICAL SYMPTOMS OF COMPLEX TRAUMA; 2) 25 CLIENTS WILL TIER 3 SERVICES (TF-CBT OR ARC) ANNUALLY WITH 70% COMPLETION RATE. BY THE END OF THE FIVE-YEAR FUNDING PERIOD, SAINTA WILL BE OPERATING EIGHT NEW MENTAL HEALTH BRANCH OFFICES AT BGCGM SITES THAT CURRENTLY OFFER NO TRAUMA TREATMENT OR MENTAL HEALTH SERVICES. THE PROJECT WILL ALSO BUILD CAPACITY FOR YOUTH-SERVING PROFESSIONALS AND ORGANIZATIONS TO IDENTIFY AND ADDRESS TRAUMA AND MENTAL HEALTH CHALLENGES IN COMMUNITY-BASED SETTINGS. THE PROJECT WILL SERVE 364 INDIVIDUALS IN YEAR ONE; 542 IN YEAR TWO; 490 IN YEAR THREE; 609 IN YEAR FOUR; AND 733 IN YEAR FIVE FOR A TOTAL OF 2,738.",1999046,1999046,1684544.1800000002,314501.81999999983,2026-01-14,TAGGS,2026-01-15,N/A,2021-09-30,2026-09-29,Center for Mental Health Services,93.243,SUBSTANCE ABUSE AND MENTAL HEALTH SERVICES PROJECTS OF REGIONAL AND NATIONAL SIGNIFICANCE,SM-21-010,"National Child Traumatic Stress Initiative – Category III, Community Treatment and Service (CTS) C…",https://www.samhsa.gov/grants/grant-announcements/sm-21-010,"WELLPOINT CARE NETWORK, INC.",WI,MILWAUKEE,WI-04,Other Social Services Organization,https://taggs.hhs.gov/Detail/AwardDetail?arg_AwardNum=H79SM084893&arg_ProgOfficeCode=80,https://www.usaspending.gov/award/ASST_NON_H79SM084893_075/
SM084897,Restored,Reinstated (confirmed),Building Resiliency in Young Children (BRYC),"BUILDING RESILIENCY IN YOUNG CHILDREN (BRYC) - THE BUILDING RESILIENCY IN YOUNG CHILDREN (BRYC) PROGRAM AT BAYSTATE MEDICAL CENTER HAS THE OVERARCHING GOAL OF IMPROVING ACCESS TO AND QUALITY OF TRAUMA-INFORMED SERVICES FOR ALL CHILDREN 0-5 YEARS OLD, PRIORITIZING LATINO CHILDREN, WHO SHOW EARLY SIGNS OF OR WHO HAVE BEEN DIAGNOSED WITH MENTAL ILLNESS DUE TO ADVERSE LIFE EXPERIENCE, INCLUDING NEGLECT SECONDARY TO PARENTAL SUBSTANCE MISUSE OR MULTIGENERATIONAL TRAUMA, AND THEIR CAREGIVERS. BRYC WILL ACHIEVE THIS GOAL IN THE FOLLOWING OVERLAPPING PHASES: 1. INCREASE COMMUNITY-LEVEL OUTREACH AND ENGAGEMENT IN ORDER TO RAISE AWARENESS OF EARLY CHILDHOOD TRAUMA AND IMPROVE IDENTIFICATION OF CHILDREN 0-5 Y/O EXHIBITING EARLY SIGNS OF MENTAL HEALTH NEEDS. THIS WILL BE DONE BY COLLABORATING WITH EXISTING INFANT AND EARLY CHILDHOOD SYSTEMS OF CARE ALREADY IN EXISTENCE TO PROVIDE EDUCATIONAL OPPORTUNITIES AND SHARING OF RESOURCES. 2. EXPAND ACCESS TO AND COORDINATION OF TRAUMA-INFORMED EARLY CHILDHOOD MENTAL HEALTH SERVICES FOR CHILDREN 0-5Y/O AND THEIR CAREGIVERS BY PROVIDING TRAUMA-INFORMED MENTAL HEALTH ASSESSMENTS (450 ASSESSMENTS OVER THE COURSE OF THE PROJECT), EVIDENCE-BASED TRAUMA-INFORMED THERAPY (400 CHILDREN AND FAMILIES SERVED OVER THE COURSE OF THE PROJECT), AND PSYCHOEDUCATION GROUPS FOR FOSTER PARENTS AND BIOLOGICAL CAREGIVERS, IN ORDER TO PROMOTE RESILIENCE WITHIN THE NATURAL SUPPORT SYSTEM. ADDITIONALLY, BRYC WILL ENSURE THAT ALL CHILDREN RECEIVING A NEEDS ASSESSMENT ARE REFERRED TO APPROPRIATE SERVICES (410 CHILDREN OVER THE COURSE OF THE PROJECT). 3. BUILD THE CAPACITY OF CHILD-SERVING SERVICE SYSTEMS TO IDENTIFY, RESPOND EFFECTIVELY TO, AND PREVENT TRAUMA IN CHILDREN 0-5Y/O WHO ARE AT RISK FOR OR HAVE EXPERIENCED TRAUMA AND THEIR CAREGIVERS. BRYC WILL USE NCTSN DEVELOPED TRAUMA-INFORMED CURRICULUM TO INCREASE THE TRAUMA-INFORMED PRACTICE WITHIN EARLY CHILDHOOD CHILD-SERVING SYSTEMS. ADDITIONALLY, CONSULTATION IN SPECIALTY TOPICS ENSURING CULTURAL COMPETENT CARE OF  LATINO CHILDREN AND FAMILIES AFTER TRAUMA, WORKING WITH CAREGIVERS RECOVERING FROM SUBSTANCE MISUSE, AND SUPPORTING RESILIENCE IN YOUNG CHILDREN WILL BE PROVIDED TO IMPROVE COMPETENCE OF PROFESSIONALS WORKING WITH THE TARGET POPULATION (800 TOTAL PROFESSIONALS WILL RECEIVE THIS SUPPORT). LASTLY, TO SUPPORT SUSTAINABILITY IN THE CHILD SERVING WORKFORCE, INTERVENTIONS WILL BE PROVIDED REGARDING SECONDARY TRAUMATIC STRESS AND VICARIOUS TRAUMA. DURING THE COURSE OF THIS PROJECT 1260 CHILDREN WILL BE SERVED WITH TRAUMA-INFORMED EVIDENCE-BASED PRACTICES.",2000000,2000000,1507906.4300000002,492093.56999999983,2026-01-14,TAGGS,2026-01-15,N/A,2021-09-30,2026-09-29,Center for Mental Health Services,93.243,SUBSTANCE ABUSE AND MENTAL HEALTH SERVICES PROJECTS OF REGIONAL AND NATIONAL SIGNIFICANCE,SM-21-010,"National Child Traumatic Stress Initiative – Category III, Community Treatment and Service (CTS) C…",https://www.samhsa.gov/grants/grant-announcements/sm-21-010,"BAYSTATE MEDICAL CENTER, INC.",MA,SPRINGFIELD,MA-01,Hospital,https://taggs.hhs.gov/Detail/AwardDetail?arg_AwardNum=H79SM084897&arg_ProgOfficeCode=80,https://www.usaspending.gov/award/ASST_NON_H79SM084897_075/
SM084900,Restored,Reinstated (confirmed),"Screening, Treatment and Trauma Training in Primary Care (STATT- PC)","SCREENING, TREATMENT AND TRAUMA TRAINING IN PRIMARY CARE (STATT- PC) - LA CLÍNICA DE LA RAZA, INC. (LA CLÍNICA) IS A FEDERALLY QUALIFIED HEALTH CENTER THAT STRIVES TO IMPROVE THE QUALITY OF LIFE OF THE DIVERSE COMMUNITIES IT SERVES BY PROVIDING CULTURALLY APPROPRIATE, HIGH QUALITY, AND ACCESSIBLE HEALTH CARE FOR ALL. IN RESPONSE TO THE SIGNIFICANT NEED FOR TRAUMA SERVICES AMONG LOW INCOME, MINORITY, AND IMMIGRANT YOUTH IN ALAMEDA COUNTY, CALIFORNIA, LA CLÍNICA PROPOSES TO IMPLEMENT THE SCREENING, TREATMENT AND TRAUMA TRAINING IN PRIMARY CARE (STATT- PC) PROGRAM ACROSS ITS EIGHT SCHOOL-BASED HEALTH CENTERS. STATT-PC AIMS TO EXPAND ACCESS TO TRAUMA-FOCUSED SERVICES FOR YOUTH (AGES 11-21) WHO HAVE BEEN EXPOSED TO COMMUNITY VIOLENCE, PHYSICAL ABUSES, DOMESTIC VIOLENCE AND/OR OTHER TRAUMATIC EVENTS.  SPECIFICALLY, STATT-PC HAS FIVE PRIMARY GOALS THAT FRAME KEY ACTIVITIES: 1) TRAINING - IMPROVE TRAUMA-INFORMED PRACTICES IN CHILD-SERVING SCHOOL AND MEDICAL SYSTEMS THROUGH TRAININGS ON CHILD TRAUMA AND VICARIOUS TRAUMA.  2) OUTREACH, ENGAGEMENT, AND SCREENING - INTEGRATE EFFECTIVE OUTREACH AND ENGAGEMENT PRACTICES AND TRAUMA IDENTIFICATION TOOLS AND SYSTEMS INTO PRIMARY CARE AND SCHOOL SETTINGS. 3) ACCESS - IMPROVE STUDENT ACCESS TO TRAUMA-INFORMED STAFF, SPACES, AND SERVICES. 4) DIRECT TRAUMA SERVICES - PROVIDE TIER II AND III TRAUMA TREATMENT TO YOUTH EXPERIENCING TRAUMA SYMPTOMS THROUGH GROUP AND 1:1 TRAUMA TREATMENT INTERVENTIONS INCLUDING:  SUPPORTING TRANSITION RESILIENCE OF NEWCOMER GROUPS, ADAPTED COGNITIVE BEHAVIORAL INTERVENTION FOR TRAUMA IN SCHOOLS, ADAPTED SEEKING SAFETY, AND TRAUMA-FOCUSED COGNITIVE BEHAVIORAL THERAPY. LA CLÍNICA WILL IMPLEMENT AT LEAST 7 GROUPS/YEAR AND GROUP INTERVENTION TYPE MAY SHIFT DEPENDING ON CLINICAL FIT FOR YOUTH POPULATION 5) NETWORK COLLABORATION - COLLABORATE WITH MEMBERS OF THE NATIONAL CHILD TRAUMATIC STRESS NETWORK, INCLUDING CAT I, CAT II AND CAT III AGENCIES IN ORDER TO DEVELOP, ADVANCE AND ADAPT INTERVENTIONS TO IMPROVE ENGAGEMENT AND OUTCOMES FOR TRAUMATIZED YOUTH.  LA CLINICA WILL SERVE 106 YOUTH IN THE FIRST YEAR OF THE PROJECT AND 131 THEREAFTER WITH A TOTAL OF 630 YOUTH SERVED IN FIVE YEARS.",2000000,1600000,1196904.0099999998,803095.9900000002,2026-01-14,TAGGS,2026-01-15,N/A,2022-09-30,2027-09-29,Center for Mental Health Services,93.243,SUBSTANCE ABUSE AND MENTAL HEALTH SERVICES PROJECTS OF REGIONAL AND NATIONAL SIGNIFICANCE,SM-21-010,"National Child Traumatic Stress Initiative – Category III, Community Treatment and Service (CTS) C…",https://www.samhsa.gov/grants/grant-announcements/sm-21-010,"LA CLINICA DE LA RAZA, INC.",CA,OAKLAND,CA-12,Other Health Organization,https://taggs.hhs.gov/Detail/AwardDetail?arg_AwardNum=H79SM084900&arg_ProgOfficeCode=80,https://www.usaspending.gov/award/ASST_NON_H79SM084900_075/
SM084901,Restored,Reinstated (confirmed),Project Intersect: Trauma-focused Treatment and Services for Youth and Families who have Experienced Commercial Sexual Exploitation and Trafficking,"PROJECT INTERSECT: TRAUMA-FOCUSED TREATMENT AND SERVICES FOR YOUTH AND FAMILIES WHO HAVE EXPERIENCED COMMERCIAL SEXUAL EXPLOITATION AND TRAFFICKING - PROJECT INTERSECT: TRAUMA-FOCUSED TREATMENT AND SERVICES FOR YOUTH AND FAMILIES WHO HAVE EXPERIENCED COMMERCIAL SEXUAL EXPLOITATION AND TRAFFICKING, WILL INCREASE ACCESS TO EFFECTIVE TRAUMA-FOCUSED EVIDENCE-BASED TREATMENT AND SERVICES SYSTEMS FOR YOUTH AND THEIR FAMILIES WHO HAVE EXPERIENCED COMMERCIAL SEXUAL EXPLOITATION AND TRAFFICKING (CSET) AND WHO ARE AT HIGH RISK OF CSET IN GEORGIA.  YOUTH WHO HAVE EXPERIENCED CSET (Y-CSET) HAVE VERY RATES OF TRAUMA EXPOSURE AND IMPACTS, WITH ESPECIALLY HIGH RATES OF POST-TRAUMATIC STRESS DISORDER AND SYMPTOMS AS WELL AS ANXIETY, DEPRESSION, AND SUBSTANCE USE PROBLEMS. THERE ARE A NUMBER OF HEALTH DISPARITIES ASSOCIATED WITH CSET. YOUTH OF COLOR, YOUTH FROM LOW-RESOURCE FAMILIES AND COMMUNITIES AND LGBTQ YOUTH ARE SIGNIFICANTLY OVER-REPRESENTED AMONG Y-CSET. THERE IS LIMITED AVAILABILITY OF SERVICES ADAPTED TO MEET THE NEEDS OF Y-CSET IN GA.  SERVICES ARE NEEDED THAT SPECIFICALLY TARGET KEY GAPS AND CLINICAL NEEDS: ACCESS TO TRAUMA-FOCUSED EVIDENCE-BASED TREATMENT, ESPECIALLY IN RURAL AREAS; TREATMENT TO ADDRESS INTERSECTING TRAUMA IMPACTS AND SUBSTANCE USE PROBLEMS; TREATMENT ADAPTED TO ADDRESS RACIAL TRAUMA; Y-CSET CAREGIVER (FOSTER CAREGIVER/ PARENT) TRAINING AND SUPPORT; TRAUMA-INFORMED CSET-AWARE CONGREGATE CARE/RESIDENTIAL TREATMENT (CC), AND SERVICES FOR YOUTH AT HIGH RISK OF  CSET (YHR), WHO OFTEN HAVE COMPARABLE TRAUMA HISTORIES AND SERVICE NEEDS. TO ADDRESS THESE GAPS. PROJECT GOALS/OBJECTIVES ARE AS FOLLOWS: (1) INCREASE ACCESS TO TRAUMA-FOCUSED EVIDENCE-BASED TREATMENT ADAPTED TO MEET THE NEEDS OF Y-CSET AND THEIR FAMILIES (2) INCREASE ACCESS TO EVIDENCE-BASED TREATMENT THAT TARGETS BOTH TRAUMA AND SUBSTANCE USE PROBLEMS, TAILORED AND ADAPTED TO MEET THE NEEDS OF Y-CSET; (3) INCREASE ACCESS TO TRAUMA-FOCUSED EVIDENCE-BASED TREATMENTS ADAPTED FOR YOUTH WHO HAVE EXPERIENCED RACIAL TRAUMA (RT) (4) IMPROVE FOSTER CARE KNOWLEDGE OF TRAUMATIC STRESS, TRAUMA-INFORMED CARE, TRAUMA-FOCUSED TREATMENT, CSET TO BETTER IDENTIFY AND ACHIEVE SAFE, SUPPORTIVE, AND SUSTAINED PLACEMENTS FOR Y-CSET (5) IMPROVE SYSTEMS PROFESSIONAL WORKFORCE KNOWLEDGE AND SKILLS REGARDING TRAUMATIC STRESS, TRAUMA-INFORMED CARE, TRAUMA-FOCUSED TREATMENT, AND CSET TO BETTER RESPOND TO THE NEEDS OF Y-CSET IN CC, PARTICULARLY YOUTH IN CSET-SPECIFIC PROGRAMS (6) INCREASE ACCESS TO TRAUMA-FOCUSED EVIDENCE-BASED TREATMENTS AND INTERVENTIONS FOR YHR. TO ACCOMPLISH THESE GOALS, COMMUNITY OUTREACH, AWARENESS AND SERVICE DELIVERY WILL BE CONDUCTED THROUGHOUT THE STATE (13 DFCS REGIONS, 900 INDIVIDUALS), INCLUDING TRAUMA-FOCUSED COGNITIVE BEHAVIORAL THERAPY (TF-CBT) ADAPTED FOR Y-CSET (225 YOUTH), TF-CBT ADAPTED FOR YOUTH WHO HAVE EXPERIENCED RT (40 YOUTH), RISK REDUCTION THROUGH FAMILY THERAPY ADAPTED FOR Y-CSET (150 YOUTH),TF-CBT WITH YHR (225 YOUTH) IN ADDITION, NCTSN RESOURCE PARENT CURRICULUM ADAPTED FOR CSET WILL BE DELIVERED TO 220 CAREGIVERS IN ALL 13 REGIONS, AND THINK TRAUMA ADAPTED FOR Y-CSET AND CC WILL BE DELIVERED TO 105 STAFF OF OF 3 CSET SPECIALIZED CC SETTINGS. IN ALL, 1825 YOUTH AND SERVICE SYSTEMS PROFESSIONALS WILL BE SERVED (170 Y1, 350 Y2, 435 Y3-5).",2000000,2000000,1620857.33,379142.6699999999,2026-01-14,TAGGS,2026-01-15,N/A,2021-09-30,2026-09-29,Center for Mental Health Services,93.243,SUBSTANCE ABUSE AND MENTAL HEALTH SERVICES PROJECTS OF REGIONAL AND NATIONAL SIGNIFICANCE,SM-21-010,"National Child Traumatic Stress Initiative – Category III, Community Treatment and Service (CTS) C…",https://www.samhsa.gov/grants/grant-announcements/sm-21-010,"GEORGIA CENTER FOR CHILD ADVOCACY, INC",GA,ATLANTA,GA-05,Other Social Services Organization,https://taggs.hhs.gov/Detail/AwardDetail?arg_AwardNum=H79SM084901&arg_ProgOfficeCode=80,https://www.usaspending.gov/award/ASST_NON_H79SM084901_075/
SM084904,Restored,Reinstated (confirmed),Supporting Stable Reunification for Children in Foster Care,"SUPPORTING STABLE REUNIFICATION FOR CHILDREN IN FOSTER CARE - ABSTRACT: THE PURPOSE OF THIS PROJECT IS TO PROVIDE SYSTEMATIC TRAUMA SCREENING AND AN ADAPTATION OF A 7-WEEK EVIDENCE-BASED PARENTING INTERVENTION TO BIOLOGICAL PARENTS AND THEIR YOUNG CHILDREN (AGED 1-10 YEARS) IN THE PROCESS OF REUNIFICATION AFTER AN OUT OF HOME PLACEMENT, HELPING PARENTS AND CHILDREN ADJUST TO THIS DISRUPTION, AND GIVING RESOURCE PARENTS TOOLS TO SUPPORT THIS PROCESS. POPULATION TO BE SERVED: YOUNG CHILDREN (1 – 10 YEARS OF AGE) IN FOSTER CARE ARE CONSIDERED AT RISK FOR ADVERSE OUTCOMES BECAUSE OF MALTREATMENT, PRENATAL EXPOSURE TO DRUGS AND ALCOHOL, AND POVERTY. THE EXPERIENCE OF MALTREATMENT IS WIDELY CONSIDERED TO PUT CHILDREN AT GREATER RISK FOR MALADAPTIVE SOCIAL, PSYCHOLOGICAL, AND PSYCHOBIOLOGICAL FUNCTIONING. RESEARCH HAS SHOWN THAT CHILDREN WITH EXTERNALIZING BEHAVIORS ARE SIGNIFICANTLY LESS LIKELY TO SUCCESSFULLY REUNIFY WITH THEIR PARENTS AND AT GREATER RISK FOR FUTURE PLACEMENT INSTABILITY AND PSYCHOPATHOLOGY. STRATEGIES: CHILDREN 1-10 YEARS OF AGE BEGINNING SUPERVISED VISITS WITH BIOLOGICAL PARENTS WILL BE INVITED TO PARTICIPATE IN PC-CARE, A BRIEF EVIDENCE-BASED PARENTING INTERVENTION THAT CAN BE DELIVERED IN A VISITATION CENTER IN 7 SESSIONS. IN ADDITION TO ADAPTATING PC-CARE FOR BIOLOGICAL PARENTS DURING SUPERVISED VISITS, WE WILL PROVIDE CONSULTATION TO RESOURCE PARENTS ON SUPPORTING THE CHILD AND FAMILY DURING THESE VISITS AND CREATE AN ONLINE PC-CARE RESOURCE TO PROMOTE CAREGIVERS’ LEARNING AND GENERALIZATION OF SKILLS. PROJECT GOALS: THE OVERALL GOALS OF THIS PROJECT WILL BE TO IMPROVE 1) PUBLIC AWARENESS OF ISSUES RELATED TO CHILD TRAUMA, 2) TRAUMA SCREENING FOR 1-10-YEAR-OLD CHILDREN IN SUPERVISED VISITS, 3) SUCCESSFUL REUNIFICATIONS; CHILDREN’S BEHAVIORS PROBLEMS BY IMPLEMENTING PC-CARE DURING SUPERVISED VISITS AND EVALUATING ITS EFFECTIVENESS, 4) CREATE AN ONLINE PC-CARE RESOURCE FOR CAREGIVERS AND THE CHILD-SERVING WORKFORCE. MEASURABLE OBJECTIVES: THE SPECIFIC OBJECTIVES OF THIS PROJECT BY OCTOBER 2026 INCLUDE: GOAL 1A) CONDUCT AT LEAST FOUR OUTREACH PRESENTATIONS PER YEAR; GOAL 2A) CONDUCT TRAUMA SCREENING OF 625 1-10-YEAR-OLD CHILDREN; GOAL 3A) PROVIDE PC-CARE TO 625 CHILDREN DURING SUPERVISED VISITS AND AS A RESULT OF PARTICIPATION IN PC-CARE: B) DECREASE THE LIKELIHOOD OF FOSTER CARE RE-ENTRY, C) IMPROVE BIOLOGICAL PARENTS’ PERCEPTIONS OF THE CHILDREN’S BEHAVIORAL STRENGTHS, D) REDUCE CHILDREN’S TRAUMA SYMPTOMS, E) DECREASE BIOLOGICAL PARENTS’ PARENTING STRESS, F) INCREASE BIOLOGICAL PARENTS USE OF PC-CARE SKILLS, G) INCREASE CAREGIVERS’ PERCEPTIONS OF CHILDREN’S BEHAVIORAL STRENGTHS; GOAL 4) A) LAUNCH AN ONLINE PC-CARE RESOURCE, PILOT TEST IT, AND B) INTEGRATE INTO TREATMENT PROCESS BY JANUARY 2023, C) PROVIDE SUPPORT TO 485 CAREGIVERS, WITH INCREASES IN USERS’ KNOWLEDGE AND SATISFACTION, D) 150 MEMBERS OF THE CHILD-SERVING WORKFORCE WILL USE THE ONLINE PC-CARE RESOURCE, DEMONSTRATING INCREASES IN KNOWLEDGE AND SATISFACTION.",2000000,2000000,1631714.19,368285.81000000006,2026-01-14,TAGGS,2026-01-15,N/A,2021-09-30,2026-12-29,Center for Mental Health Services,93.243,SUBSTANCE ABUSE AND MENTAL HEALTH SERVICES PROJECTS OF REGIONAL AND NATIONAL SIGNIFICANCE,SM-21-010,"National Child Traumatic Stress Initiative – Category III, Community Treatment and Service (CTS) C…",https://www.samhsa.gov/grants/grant-announcements/sm-21-010,"UNIVERSITY OF CALIFORNIA, DAVIS",CA,DAVIS,CA-04,"Junior College, College & University",https://taggs.hhs.gov/Detail/AwardDetail?arg_AwardNum=H79SM084904&arg_ProgOfficeCode=80,https://www.usaspending.gov/award/ASST_NON_H79SM084904_075/
SM084906,Restored,Reinstated (confirmed),Improving Care for Children and Youth in NH with Trauma and Intellectual and Developmental Disabilities (Project TIDD),"IMPROVING CARE FOR CHILDREN AND YOUTH IN NH WITH TRAUMA AND INTELLECTUAL AND DEVELOPMENTAL DISABILITIES (PROJECT TIDD) - IMPROVING CARE FOR CHILDREN AND YOUTH IN NH WITH TRAUMA AND INTELLECTUAL AND DEVELOPMENTAL DISABILITIES (PROJECT TIDD)      POPULATION TO BE SERVED AND NEED: OUR GOAL IS TO IMPROVE OUTCOMES FOR CHILDREN AND YOUTH AGES 0-21 WITH INTELLECTUAL AND DEVELOPMENTAL DISABILITIES, INCLUDING AUTISM (IDD) WHO ARE AFFECTED BY TRAUMA, ACROSS THE STATE OF NEW HAMPSHIRE (NH).  WE AIM TO BOLSTER THE KNOWLEDGE AND SKILLS OF MULTIDISCIPLINARY PROVIDERS TO IDENTIFY, ENGAGE, SCREEN AND TREAT TRAUMA-AFFECTED CHILDREN AND YOUTH WITH IDD. THE SMALL SIZE OF NH AND THE EXPERTISE AND LEADERSHIP OF THE PROPOSED TEAM WITHIN THE TRAUMA AND IDD SYSTEMS WILL ALLOW OUR PROJECT TO HAVE A MAJOR IMPACT ON STATE-WIDE PRACTICES AND POLICIES. OUR CATCHMENT AREA ENCOMPASSES THE ENTIRE STATE OF NH, WHICH INCLUDES OVER 10,000 CHILDREN AND YOUTH WITH IDD. WE WILL ALSO HAVE A SPECIAL FOCUS ON CHILDREN AND YOUTH EXPERIENCING THE TRIPLE INTERSECTION OF TRAUMA, IDD, AND TRANSGENDER IDENTITY, A COMMON CO-OCCURRING SCENARIO FOR THE TRANSGENDER POPULATION. CHILDREN WITH IDD, AND WITH IDD AND TRANSGENDER IDENTITY, ARE AT HIGHER RISK FOR TRAUMA (E.G., VIOLENCE, ABUSE, BULLYING), HAVE FEWER RESOURCES AVAILABLE FOR IDENTIFICATION AND TREATMENT, AND REQUIRE PROPERLY MODIFIED AND ADAPTED INTERVENTIONS DUE TO THE COMPLEXITY OF THEIR SYMPTOMS THAN DO THOSE WITHOUT IDD. COMMUNITY-BASED MENTAL HEALTH (MH) PROVIDERS ARE NOT ADEQUATELY PREPARED TO DIAGNOSE AND TREAT THESE POPULATIONS, AND THE MULTI-DISCIPLINARY IDD AND TRANSGENDER WORKFORCE ARE NOT SUFFICIENTLY KNOWLEDGEABLE ABOUT TRAUMA AND ITS EFFECTS.     STRATEGIES/EVIDENCE-BASED PRACTICES: OUR PROJECT WILL FOCUS ACTIVITIES IN FIVE “BUCKETS”: 1) TRAUMA-INFORMED TRAINING AND CONSULTATION TO A MULTI-DISCIPLINARY WORKFORCE (E.G., PEDIATRICIANS, IDD PROVIDERS, RESIDENTIAL STAFF, TRANSGENDER PROVIDERS) USING THE NCTSN PRODUCED ROAD TO RECOVERY AS WELL AS NEWLY DEVELOPED CURRICULUM TARGETING DIFFERENTIAL DIAGNOSES AND ASSESSMENT AND TREATMENT AROUND THE TRIPLE INTERSECTION OF TRAUMA, IDD, AND TRANSGENDER/NON-BINARY IDENTITY; 2) SCREENING AND ASSESSMENT FOR TRAUMA IN IDD AND TRANSGENDER SETTINGS AND A FOCUS ON INTEGRATING RESULTS INTO CARE PLANS; 3) IMPLEMENTATION OF TRAUMA-FOCUSED CBT; 4) TRAINING IN ADVANCED CBT FOR TRAUMA AND IDD AND FOR TRAUMA AND LGBTQ TO PROVIDERS ALREADY TRAINED IN CBT; 5) IMPLEMENTATION OF ADAPTED CHILD-ADULT RELATIONSHIP ENHANCEMENT (CARE CONNECTIONS) FOR CAREGIVERS AND OTHER PROFESSIONALS.     GOALS AND MEASURABLE OBJECTIVES: OUR GOAL IS TO IMPROVE OUTCOMES FOR CHILDREN AND YOUTH AGES 0-21 WITH IDD WHO ARE AFFECTED BY TRAUMA ACROSS THE STATE OF NH. BY THE END OF THE PROJECT, OUR OBJECTIVES ARE TO: 1) PROVIDE TRAUMA-INFORMED TRAINING AND ONGOING CONSULTATION TO 395 PROFESSIONALS AND STAFF FROM MULTIDISCIPLINARY SECTORS; 2) INSTALL SCREENING/ASSESSMENT AND EXPERT CARE PLANNING WITHIN 6 IDD AND TRANSGENDER SERVICE SETTINGS; 3) DELIVER TF-CBT TRAINING AND CONSULTATION TO 30 MH PROVIDERS; 4) DELIVER ADVANCED CBT FOR IDD AND MODIFIED TF-CBT FOR LGBTQ TRAINING AND CONSULTATION TO 130 MH PROVIDERS; 5) DELIVER CARE CONNECTIONS TO 125 CAREGIVERS AND OTHER PROFESSIONALS; AND 6) CONVENE A MULTIDISCIPLINARY AND PARENT ADVISORY BOARD TO GUIDE THE PROJECT.",1987803,1987803,1578452.6400000001,409350.35999999987,2026-01-14,TAGGS,2026-01-15,N/A,2021-09-30,2026-12-31,Center for Mental Health Services,93.243,SUBSTANCE ABUSE AND MENTAL HEALTH SERVICES PROJECTS OF REGIONAL AND NATIONAL SIGNIFICANCE,SM-21-010,"National Child Traumatic Stress Initiative – Category III, Community Treatment and Service (CTS) C…",https://www.samhsa.gov/grants/grant-announcements/sm-21-010,MARY HITCHCOCK MEMORIAL HOSPITAL,NH,LEBANON,NH-02,Hospital,https://taggs.hhs.gov/Detail/AwardDetail?arg_AwardNum=H79SM084906&arg_ProgOfficeCode=80,https://www.usaspending.gov/award/ASST_NON_H79SM084906_075/
SM084907,Restored,Reinstated (confirmed),Early Connections/Conexiones Tempranas II (EC/CT II),"EARLY CONNECTIONS/CONEXIONES TEMPRANAS II (EC/CT II) - EARLY CONNECTIONS/CONEXIONES TEMPRANAS II (EC/CT II) WILL FOSTER RESILIENCE AND AMELIORATE THE SYMPTOMS AND CONSEQUENCES OF TRAUMA AMONG MARGINALIZED CHILDREN AGE 0-5 IN WALTHAM, MA AND SURROUNDING COMMUNITIES. WHILE SERVING A DIVERSE POPULATION, EC/CT II WILL SPECIALIZE IN REDUCING DISPARITIES IN ACCESS, UTILIZATION, AND OUTCOMES AFFECTING LATINO IMMIGRANT FAMILIES, ADDRESSING NEEDS AT THE CHILD, FAMILY, AND COMMUNITY LEVEL.  TRAUMA VULNERABILITY IS PARTICULARLY HIGH AMONG EC/CT II'S POPULATION OF FOCUS. THE HIGHEST RATES OF POVERTY IN MASSACHUSETTS ARE AMONG FAMILIES WITH CHILDREN 0-5, AND YOUNG CHILDREN ARE THE MOST VULNERABLE POPULATION TO TRAUMA-EXPOSURE RELATED TO ABUSE AND NEGLECT. FOR LATINO CHILDREN, THE RISK IS EVEN GREATER: WHILE LATINO CHILDREN COMPRISE ONLY 18% OF THE CHILD POPULATION IN THE STATE, THEY REPRESENT 31% OF CHILDREN IN OUT-OF-HOME PLACEMENTS. IN WALTHAM ALONE, 53% OF THE CITY'S 3,240 CHILDREN UNDER AGE 6 ARE LIVING WITH FOREIGN-BORN PARENTS AND EXPERIENCE MULTIPLE BARRIERS TO MENTAL HEALTH TREATMENT, INCLUDING A LACK OF MENTAL HEALTH SERVICES FOR CHILDREN UNDER 5 AND A SCARCITY OF BILINGUAL/BICULTURAL CLINICIANS. EC/CT II ADDRESSES THESE MANY GAPS AND BARRIERS WITH EVIDENCE-BASED TRAUMA TREATMENTS AND WRAP-AROUND SUPPORT SERVICES. THE PROJECT ALSO WORKS TO REDUCE THE TOLL ON YOUNG CHILDREN AND THEIR FAMILIES FROM RECENT ENVIRONMENTAL STRESSES RELATED TO COVID-19, IMMIGRATION POLICY, AND RACIAL INEQUITIES, GUIDED BY THE DIVERSITY-INFORMED TENETS FOR WORK WITH INFANTS, CHILDREN, AND FAMILIES. AT THE HEART OF EC/CT II'S MULTI-LEVEL APPROACH ARE TWO EVIDENCE-BASED PRACTICES (EBPS) ENDORSED BY NCTSN: CHILD PARENT PSYCHOTHERAPY AND TRAUMA-FOCUSED COGNITIVE BEHAVIORAL THERAPY. THESE EBPS ARE COMPLEMENTED BY OTHER RESEARCH-SUPPORTED SERVICES DESIGNED TO ADVANCE PROGRAM GOALS, INCLUDING CIRCLE OF SECURITY-PARENTING GROUPS, FAMILY SUPPORT PARTNERS (PEER COACHES), AND CARE MANAGEMENT THAT ADDRESSES ENVIRONMENTAL STRESSES. TO INCREASE THE CAPACITY OF LOCAL CHILD-SERVING SYSTEMS TO PROVIDE TRAUMA-INFORMED CARE, EC/CT ALSO PROVIDES CONSULTATION, TRAINING, AND NETWORKING OPPORTUNITIES. EC/CT II'S GOALS ARE: TO INCREASE ACCESS TO AND ENGAGEMENT IN TRAUMA-FOCUSED MENTAL TREATMENT OF UNDERSERVED CHILDREN AGE 0-5; TO FOSTER THEIR RESILIENCE AND AMELIORATE THE SYMPTOMS AND CONSEQUENCES OF TRAUMA; AND TO INCREASE THE CAPACITY OF WALTHAM-AREA SERVICE ORGANIZATIONS TO PROMOTE THE RECOVERY AND RESILIENCE OF TRAUMA-EXPOSED YOUNG CHILDREN AND THEIR FAMILIES. EC/CT II WILL DIRECTLY SERVE 24-42 CHILDREN AND THEIR FAMILIES PER YEAR FOR A TOTAL OF 180 CHILDREN AND FAMILIES OVER FIVE YEARS. AT LEAST 10 CHILD-SERVING SYSTEMS WILL ENGAGE IN EC/CT II CONSULTATION AND TRAINING, AND WILL ALSO PARTICIPATE IN BI-MONTHLY MEETINGS OF THE FAMILY RESILIENCE NETWORK OF WALTHAM, CONVENED BY THE EC/CT II PROJECT DIRECTOR. THE RESEARCH TEAM AT THE BOSTON UNIVERSITY SCHOOL OF SOCIAL WORK WILL EVALUATE ALL ASPECTS OF EC/CT II, INCLUDING OUTREACH, ENGAGEMENT, ASSESSMENT, TREATMENT, WRAP-AROUND SERVICES, AND TRAINING OUTPUTS AND OUTCOMES.",2000000,1600000,1081290.8199999998,918709.1800000002,2026-01-14,TAGGS,2026-01-15,N/A,2022-09-30,2027-09-29,Center for Mental Health Services,93.243,SUBSTANCE ABUSE AND MENTAL HEALTH SERVICES PROJECTS OF REGIONAL AND NATIONAL SIGNIFICANCE,SM-21-010,"National Child Traumatic Stress Initiative – Category III, Community Treatment and Service (CTS) C…",https://www.samhsa.gov/grants/grant-announcements/sm-21-010,JEWISH FAMILY & CHILDRENS SERVICE INC,MA,WALTHAM,MA-05,Other Special Interest Organization,https://taggs.hhs.gov/Detail/AwardDetail?arg_AwardNum=H79SM084907&arg_ProgOfficeCode=80,https://www.usaspending.gov/award/ASST_NON_H79SM084907_075/
SM084908,Restored,Reinstated (confirmed),"FASTT - Family Attachment-focused Services, Treatment & Training","FASTT - FAMILY ATTACHMENT-FOCUSED SERVICES, TREATMENT & TRAINING - FAMILY ATTACHMENT-FOCUSED SERVICES, TREATMENT, & TRAINING (FASTT): AN ATTACHMENT-CENTERED, TRAUMA-INFORMED, EQUITY-ADVANCING, AND TEAM-BASED CARE COORDINATION AND WORKFORCE DEVELOPMENT MODEL TO SUPPORT CHILDREN BIRTH TO 12 WITH SIGNIFICANT MENTAL HEALTH COMPLICATIONS AND THEIR CAREGIVERS. FASTT IS A PARTNERSHIP OF THE REGINALD S. LOURIE CENTER FOR INFANTS AND YOUNG CHILDREN (LC) AND THE PARENT, INFANT, EARLY CHILDHOOD (PIEC) PROGRAM OF THE INSTITUTE FOR INNOVATION AND IMPLEMENTATION AT THE UNIVERSITY OF MARYLAND (UM) SCHOOL OF SOCIAL WORK. FASTT WILL PROVIDE CARE COORDINATION VIA A HYBRID MODEL OF IN-PERSON AND TELE-SERVICES AS PART OF A LONGSTANDING ECMH COMMUNITY-BASED CLINIC (LCC) WITH A STRONG EVIDENCE BASE FOR IMPROVING DYADIC EMOTIONAL AVAILABILITY AND MATERNAL INSIGHTFULNESS (ZIV, KAPLAN, & VENZA, 2016). CHILDREN’S ECMH CHALLENGES INCLUDE TRAUMA, ANXIETY, DEPRESSION, ATTACHMENT PROBLEMS, ATTENTION DEFICIT, SOCIAL SKILL DEFICITS, AND DISRUPTIVE DISORDERS. THE IMPACT OF THE COVID-19 PANDEMIC, INCLUDING LACK OF IN-PERSON EDUCATION AND INCREASED SOCIAL ISOLATION, AND RACIAL INJUSTICE HAS EXACERBATED ALREADY CONCERNING STRESS LEVELS IN CHILDREN AND CAREGIVERS AND HEIGHTENED INEQUITIES FOR COMMUNITIES OF COLOR. AT LEAST EIGHTY PERCENT OF CHILDREN WILL BE MEDICAID-ELIGIBLE FROM MONTGOMERY COUNTY, MARYLAND AND NEARBY COUNTIES. THE MAJORITY OF FASTT PARTICIPANTS WILL BE FROM COMMUNITIES OF COLOR, WITH SPANISH LANGUAGE OFTEN SPOKEN AT HOME. FASTT SEEKS TO INCREASE ACCESS TO ECMH SERVICES THROUGH EFFECTIVE OUTREACH TO LINK FAMILIES TO ECMH SCREENINGS THAT INCLUDE, SUICIDALITY (SAFE-T), SUBSTANCE ABUSE (SBIRT), AND SERVICE INTENSITY (ECSII), AS PART OF A SPECIALIZED ATTACHMENT-CENTERED EVALUATION.  BASED ON THE EVALUATION AND TREATMENT PLANNING, CHILDREN AND FAMILIES WILL BE CONNECTED TO FITTING SERVICES, INCLUDING EVIDENCED BASED PRACTICES (EBPS), SUCH AS: PLAY THERAPY, CHILD PARENT PSYCHOTHERAPY (CPP), AND CIRCLE OF SECURITY–PARENTING (COS-P).  TWO ADDITIONAL AND PROMISING CARE MODELS, THERAPEUTIC NURSERY PROGRAM (TNP) - AN ECMH PREVENTION-INTERVENTION PROGRAM - AND ADAPTIVE MENTALIZATION-BASED INTEGRATIVE THERAPY (AMBIT) - A FAMILY ENGAGEMENT FRAMEWORK FROM THE ANNA FREUD NATIONAL CENTRE, WILL ALSO BE UTILIZED. FASTT WILL INTEGRATE “DIVERSITY-INFORMED TENETS FOR WORK WITH INFANTS, CHILDREN AND FAMILIES” (TENETS) TO GUIDE CARE. TO STRENGTHEN THE ECMH WORKFORCE, FASTT TRAININGS WILL INCLUDE LCC CLINICIANS, GRADUATE TRAINEES, AND COMMUNITY PARTNERS. LCC CLINICIANS AND TRAINEES WILL ALSO RECEIVE AT LEAST WEEKLY REFLECTIVE SUPERVISION.  FASTT WILL COLLABORATE WITH NCTSI–CATEGORY II AND III SITES, INCLUDING THE EARLY TRAUMA TREATMENT NETWORK (ETTN) AND UM SCHOOL OF MEDICINE RESPECTIVELY, TO ADVANCE AND ADAPT INTERVENTIONS TO IMPROVE ENGAGEMENT AND OUTCOMES FOR TRAUMATIZED YOUTH. FASTT ANTICIPATES SERVING 50 INFANTS/YOUNG CHILDREN, 75 PARENTS/CAREGIVERS, AND 50 PROFESSIONALS IN YEAR ONE RAMP UP; AND 100 INFANTS/YOUNG CHILDREN, 150 PARENTS/CAREGIVERS, AND 100 PROFESSIONALS ANNUALLY FOR A TOTAL OF 450 INFANTS/YOUNG CHILDREN, OVER 675 PARENTS/CAREGIVERS, AND 450 PROFESSIONALS FOR THE PROJECT LIFETIME.",2000000,2000000,1477396,522604,2026-01-14,TAGGS,2026-01-15,N/A,2021-09-30,2026-09-29,Center for Mental Health Services,93.243,SUBSTANCE ABUSE AND MENTAL HEALTH SERVICES PROJECTS OF REGIONAL AND NATIONAL SIGNIFICANCE,SM-21-010,"National Child Traumatic Stress Initiative – Category III, Community Treatment and Service (CTS) C…",https://www.samhsa.gov/grants/grant-announcements/sm-21-010,"REGINALD S. LOURIE CENTER FOR INFANTS AND YOUNG CHILDREN, INC.",MD,ROCKVILLE,MD-08,Other Health Organization,https://taggs.hhs.gov/Detail/AwardDetail?arg_AwardNum=H79SM084908&arg_ProgOfficeCode=80,https://www.usaspending.gov/award/ASST_NON_H79SM084908_075/
SM084909,Restored,Reinstated (confirmed),"National Child Traumatic Stress Initiative – Category III, Community Treatment and Service Centers(Hope Initiative)","NATIONAL CHILD TRAUMATIC STRESS INITIATIVE – CATEGORY III, COMMUNITY TREATMENT AND SERVICE CENTERS(HOPE INITIATIVE) - MOUNTAIN COMPREHENSIVE CARE CENTER (MCCC), A CURRENT NCTSI-III GRANTEE, WILL CONTINUE THE HOPE INITIATIVE TO INCREASE ACCESS TO AND PROVIDE EVIDENCE-BASED AND TRAUMA-FOCUSED TREATMENT AND SERVICES FOR CHILDREN/ADOLESCENTS BIRTH TO AGE 17 AND THEIR FAMILIES WHO EXPERIENCE TRAUMATIC EVENTS WITHIN THE 8 ADJACENT COUNTIES OF BREATHITT, FLOYD, JOHNSON, KNOTT, MAGOFFIN, MARTIN, PERRY AND PIKE COUNTIES LOCATED IN EASTERN KY AND CENTRAL APPALACHIA.      POPULATION: THE POPULATION OF FOCUS IS CHILDREN/ADOLESCENTS BIRTH TO AGE 17 AND THEIR FAMILIES WHO EXPERIENCE TRAUMATIC EVENTS WITHIN THE 8 TARGETED COUNTIES. THE POPULATION WILL BE RURAL AND INCLUDES AT-RISK POPULATIONS, LGBTQ AND THOSE WITH COMPLEX TRAUMA (E.G., EXPOSURE TO PARENTAL BEHAVIORAL HEALTH ISSUES, DOMESTIC VIOLENCE, CHILD ABUSE, PARENTAL DEPLOYMENT OR INCARCERATION), AND DEMOGRAPHICALLY WILL MIRROR THE GENERAL PUBLIC. BASED ON DATA FROM THE CURRENT PROJECT, IT IS ANTICIPATED THAT 35% OF YOUTH MAY BE MALE, 63% FEMALE, AND 2% TRANSGENDER OR GENDER FLUID. ALL COUNTIES ARE RURAL, “DISTRESSED,” AND AMONG THE NATION’S WORST 10% FOR ECONOMIC INEQUITIES.       INTERVENTIONS: MCCC WILL USE THE EVIDENCE-BASED PRACTICES OF TRAUMA-FOCUSED COGNITIVE BEHAVIORAL THERAPY, COGNITIVE BEHAVIORAL THERAPY, AND CHILD-PARENT PSYCHOTHERAPY AS WELL AS ENSURING A TRAUMA-INFORMED CARE APPROACH TO ALL SERVICES. MCCC WILL CONDUCT COMPREHENSIVE, CULTURALLY-APPROPRIATE OUTREACH AND TRAINING FOR CHILD-SERVING SYSTEMS AND COMMUNITY PARTNERS TO INCREASE ACCESS TO TRAUMA-FOCUSED CARE AS WELL AS PROVIDE DIRECT OUTPATIENT EVIDENCE-BASED AND TRAUMA-FOCUSED TREATMENT AND SERVICES INCLUDING THERAPY, CARE MANAGEMENT, PREVENTION, WRAPAROUND SERVICES AND FOLLOW-UP FOR UP TO 6 MONTHS POST DISCHARGE TO ENSURE ONGOING STABILITY.      GOALS/OBJECTIVES: THE PROJECT WILL SERVE 150 YOUTH IN YEAR 1 AND 200 ANNUALLY IN YEARS 2-5 FOR A TOTAL OF 950 OVER THE 5-YEAR PERIOD. GOALS ARE TO INCREASE ACCESS TO EFFECTIVE TRAUMA-FOCUSED TREATMENT AND SERVICES SYSTEMS FOR CHILDREN/ADOLESCENTS (0-17) AND THEIR FAMILIES WHO EXPERIENCE OR WITNESS TRAUMATIC EVENTS; IMPROVE PROVISION OF EFFECTIVE TRAUMA-FOCUSED TREATMENT AND SERVICES SYSTEMS; AND MAINTAIN EFFECTIVE PROJECT IMPLEMENTATION AND EVALUATION BY CONDUCTING CQI ACTIVITIES. OBJECTIVES INCLUDE: TRAINING 5 LOCAL, REGIONAL AND/OR STATE SERVICES SYSTEMS AND COMMUNITY PARTNERS ANNUALLY ABOUT TRAUMA, SERVICES, IDENTIFICATION, AND REFERRAL PROTOCOLS; COLLABORATE QUARTERLY WITH NCTSI CENTERS TO DEVELOP, ADVANCE AND ADAPT INTERVENTIONS TO IMPROVE ENGAGEMENT/OUTCOMES FOR TRAUMATIZED YOUTH; CONDUCT 150 SCREENINGS AND ASSESSMENTS IN YEAR 1, AND 200 ANNUALLY IN YEAR 2-5, TO IDENTIFY PARTICIPANTS IN NEED OF TREATMENT/SERVICES AND CONNECT TO THE APPROPRIATE CARE; PROVIDE DIRECT EVIDENCE-BASED OUTPATIENT MENTAL DISORDER TREATMENT, CARE MANAGEMENT, THERAPY, PREVENTION, ADVOCACY, WRAPAROUND SERVICES SO THAT 70% OF CLIENTS SERVED SHOW AN IMPROVEMENT IN THEIR SOCIAL AND/OR BEHAVIORAL FUNCTIONING; PROVIDE AND/OR COORDINATE TRAINING IN EVIDENCE-BASED PRACTICES FOR 10 PROJECT STAFF; AND CONDUCT QUARTERLY PROJECT MANAGEMENT TEAM MEETINGS TO MONITOR OUTCOMES, AND ENSURE CQI. MOREHEAD STATE UNIVERSITY WILL CONDUCT AN INDEPENDENT PROJECT EVALUATION INCLUDING PROCESS AND OUTCOMES EVALUATION.",2000000,2000000,1633732.7999999998,366267.2000000002,2026-01-14,TAGGS,2026-01-15,N/A,2021-09-30,2026-09-29,Center for Mental Health Services,93.243,SUBSTANCE ABUSE AND MENTAL HEALTH SERVICES PROJECTS OF REGIONAL AND NATIONAL SIGNIFICANCE,SM-21-010,"National Child Traumatic Stress Initiative – Category III, Community Treatment and Service (CTS) C…",https://www.samhsa.gov/grants/grant-announcements/sm-21-010,"MOUNTAIN COMPREHENSIVE CARE CENTER, INC.",KY,PRESTONSBURG,KY-05,Other Health Organization,https://taggs.hhs.gov/Detail/AwardDetail?arg_AwardNum=H79SM084909&arg_ProgOfficeCode=80,https://www.usaspending.gov/award/ASST_NON_H79SM084909_075/
SM084912,Restored,Reinstated (confirmed),"Implementing Trauma-Focused Behavioral Health Treatment for Underserved Children in Detroit, MI","IMPLEMENTING TRAUMA-FOCUSED BEHAVIORAL HEALTH TREATMENT FOR UNDERSERVED CHILDREN IN DETROIT, MI - HENRY FORD HEALTH SYSTEM (HFHS) AIMS TO INCREASE ITS CAPACITY AND SERVICE PROVISION OF TRAUMA-FOCUSED TREATMENT VIA THE DEVELOPMENT OF A CHILD TRAUMA SPECIALTY SERVICE. TO DO SO, WE WILL IMPLEMENT TWO TRAUMA-FOCUSED TREATMENTS, THE ATTACHMENT, REGULATION AND COMPETENCY FRAMEWORK (ARC) AND TRAUMA-FOCUSED COGNITIVE BEHAVIORAL THERAPY (TF-CBT), AND INCREASE IDENTIFICATION OF AND REFERRAL TO TREATMENT FOR CHILD TRAUMATIC STRESS WITHIN PEDIATRIC PRIMARY CARE. THIS PROJECT, IMPLEMENTING TRAUMA-FOCUSED TREATMENT FOR UNDERSERVED CHILDREN IN DETROIT, MI, SEEKS TO IMPLEMENT TRAUMA-FOCUSED, EVIDENCE-BASED TREATMENTS ACROSS 5 OUTPATIENT PEDIATRIC BEHAVIORAL HEALTH AND 10 INTEGRATED CARE CLINICS IN HFHS SERVING 3 COUNTIES IN SOUTHEAST MICHIGAN (WAYNE, OAKLAND AND MACOMB). THIS CATCHMENT AREA SERVICES A RACIAL AND ETHNICALLY DIVERSE, URBAN (DETROIT) AND SUBURBAN (METRO-DETROIT) POPULATION OF CHILDREN AND FAMILIES WITH LARGE PROPORTIONS (>36% OF DETROIT RESIDENTS) LIVING UNDER THE POVERTY LINE. CHILDREN AGES 4-17 YEARS WITH TRAUMATIC STRESS (INCLUDING DIAGNOSES OF PTSD, ACUTE STRESS DISORDER AND OTHER COMPLEX OR CHRONIC STRESS AND TRAUMA CONDITIONS WHICH CAUSES IMPAIRMENTS IN SOCIAL, EMOTIONAL AND BEHAVIORAL FUNCTIONING) WILL BE SERVED THROUGH THIS PROJECT AND WILL BE IDENTIFIED AND REFERRED FOR GRANT SERVICES THROUGH SCREENING AT BOTH WELL VISITS AND BEHAVIORAL HEALTH CARE APPOINTMENTS. AS OUR GOAL IS TO BECOME THE CENTRAL HUB FOR TREATMENT OF CHILD TRAUMA IN DETROIT, THE OUTLINED GOALS OF THIS PROJECT INCLUDE 1) ESTABLISHING A LEADERSHIP TEAM WITH EXPERTISE IN CLINICAL SERVICE PROVISION, TRAINING, AND IMPLEMENTATION OF SERVICES FOR TRAUMATIZED AND VULNERABLE YOUTH, 2) INCREASING AWARENESS, KNOWLEDGE, AND TRAINING ON CHILD TRAUMA ACROSS PEDIATRIC PRIMARY CARE, BEHAVIORAL HEALTH CLINICS, AND COMMUNITY PARTNERS, 3) IMPLEMENTING THE ATTACHMENT, REGULATION AND COMPETENCY FRAMEWORK THROUGH TRAINING, CONSULTATION, SUPERVISION, AND ESTABLISHING A TRAIN-THE-TRAINER MODEL, 4) EXPANDING THE NUMBER OF PEDIATRIC TREATMENT PROVIDERS TRAINED IN TF-CBT, AND 5) DEVELOPING A HIGH-FIDELITY AND SUSTAINABLE CHILD TRAUMA SPECIALTY SERVICE THROUGH ITERATIVE QUALITY IMPROVEMENT USING THE PLAN-DO-STUDY-ACT METHOD. THIS PROJECT WILL SERVE OVER 14,000 YOUTH (BEGINNING AT 1,000 ANNUALLY IN YEAR 1 OF THE GRANT AND EXPANDING TO 4,000 ANNUALLY BY YEAR 5) THROUGH ENHANCED SCREENING FOR TRAUMATIC STRESS AT PRIMARY CARE VISITS AS WELL AS THROUGH REFERRALS FROM OUR SCHOOL-AND COMMUNITY-BASED HEALTHCARE CLINICS. GIVEN THE HIGH PREVALENCE RATES OF TRAUMATIC STRESS IN THE SURROUNDING COMMUNITIES AND HIGH LEVELS OF UNMET TRAUMA-INFORMED TREATMENT NEEDS IN THE HEALTH SYSTEM, WE ANTICIPATE IDENTIFYING, REFERRING, AND ENGAGING IN TREATMENT MINIMUM OF 580 OF CHILDREN (BEGINNING AT 80 YOUTH ANNUALLY IN YEAR 1 OF THE GRANT AND EXPANDING TO 150 ANNUALLY BY YEAR 5) BY THE END OF THE 5-YEAR PERIOD OF THE GRANT.",1953352,1953352,1332898.9,620453.1000000001,2026-01-14,TAGGS,2026-01-15,N/A,2021-09-30,2026-09-29,Center for Mental Health Services,93.243,SUBSTANCE ABUSE AND MENTAL HEALTH SERVICES PROJECTS OF REGIONAL AND NATIONAL SIGNIFICANCE,SM-21-010,"National Child Traumatic Stress Initiative – Category III, Community Treatment and Service (CTS) C…",https://www.samhsa.gov/grants/grant-announcements/sm-21-010,HENRY FORD HEALTH SYSTEM,MI,DETROIT,MI-13,Welfare Department,https://taggs.hhs.gov/Detail/AwardDetail?arg_AwardNum=H79SM084912&arg_ProgOfficeCode=80,https://www.usaspending.gov/award/ASST_NON_H79SM084912_075/
SM084915,Restored,Reinstated (confirmed),Building a Resilient Jacksonville System of Care (BRJ-SOC),"BUILDING A RESILIENT JACKSONVILLE SYSTEM OF CARE (BRJ-SOC) - JACKSONVILLE HAS A HAS A LONG HISTORY OF SEGREGATION, OPPRESSION, RACISM, AND POLICE BRUTALITY--LEADING TO THE WEEKLONG ANTI-RACISM AND OPPRESSION DEMONSTRATIONS INVOLVING MORE THAN 3,000 PEOPLE IN MAY.  BUILDING A RESILIENT JACKSONVILLE SYSTEM OF CARE (BRJ-SOC) WILL UTILIZE A RIGHTS-BASED FRAMEWORK TO CREATE AN ECOSYSTEM OF CARE TO SOLIDIFY, SUSTAIN AND BUILD UPON COMMUNITY-BASED PARTICIPATORY EFFORTS; MEET THE NEEDS OF HIGH-RISK YOUTH AND THEIR FAMILIES; AND PROMOTE WELL-BEING, RESILIENCY, AND COMMUNITY HEALING. BRJ-SOC WILL SERVE MORE THAN 15,000 UNDUPLICATED INDIVIDUALS IN JACKSONVILLE'S URBAN CORE, HOME TO THE CITY'S LARGEST PERCENTAGE OF MINORITY RESIDENTS, HIGHEST POVERTY RATES AND HIGHEST DEATH RATES.   BY BUILDING ON THE CITY OF JACKSONVILLE'S EXISTING SAMHSA SYSTEM OF CARE (SOC), WE WILL INTEGRATE, RESTRUCTURE AND EXPAND THE FOUNDATIONAL SOC COMPONENTS (E.G. CULTURAL AND LINGUISTIC COMPETENCY, FAMILY-DRIVEN, YOUTH-GUIDED, AND EVIDENCE BASED) SUCCESSFULLY IMPLEMENTED THROUGH OUR PRIOR AND CURRENT SAMHSA SOC GRANTS TO ESTABLISH A TRAUMA INFORMED JACKSONVILLE THAT WILL FOCUS ON TRAINING FIRST RESPONDERS, COMMUNITY STAKEHOLDERS, PROVIDERS, EDUCATORS, AND CLERGY IN TRAUMA-INFORMED CARE ENGAGING AND SERVING MORE THAN 15,000 COMMUNITY STAKEHOLDERS, PROVIDERS, EDUCATORS, LAW-ENFORCEMENT, CLERGY AND HIGH-RISK YOUTH AND FAMILIES IN JACKSONVILLE'S URBAN CORE,  VIOLENCE PRONE COMMUNITIES THAT EXPERIENCE CIVIL UNREST.  BRJ-SOC WILL BE UNDER THE LEADERSHIP AND GUIDANCE OF THE SOC COMMUNITY ADVISORY BOARD, A DIVERSE LEADERSHIP CONSORTIUM OF COMMUNITY STAKEHOLDERS, PROVIDERS, AND FAMILIES AND YOUTH IN THE COMMUNITY THAT WILL ENSURE TRANSPARENCY IN SYSTEMIC AND PROGRAMMATIC INTERVENTION IMPLEMENTATION.  PROJECT GOALS INCLUDE: (1) BUILDING A FOUNDATION TO PROMOTE WELL-BEING, RESILIENCY, AND COMMUNITY HEALING THROUGH COMMUNITY-BASED, PARTICIPATORY APPROACHES; (2) CREATING MORE EQUITABLE ACCESS TO TRAUMA-INFORMED COMMUNITY BEHAVIORAL HEALTH RESOURCES; (3) STRENGTHENING THE INTEGRATION OF BEHAVIORAL HEALTH SERVICES AND OTHER COMMUNITY SYSTEMS TO ADDRESS THE SOCIAL DETERMINANTS OF HEALTH, RECOGNIZING THAT FACTORS, SUCH AS LAW ENFORCEMENT PRACTICES, TRANSPORTATION, EMPLOYMENT, AND HOUSING POLICIES, CAN CONTRIBUTE TO HEALTH OUTCOMES; (4) CREATING COMMUNITY CHANGE THROUGH COMMUNITY-BASED, PARTICIPATORY APPROACHES THAT PROMOTE COMMUNITY AND YOUTH ENGAGEMENT, LEADERSHIP DEVELOPMENT, IMPROVED GOVERNANCE, AND CAPACITY BUILDING; AND (5) ENSURING THAT PROGRAM SERVICES ARE CULTURALLY RESPONSIVE AND DEVELOPMENTALLY APPROPRIATE.",4991201,4991201,3638247.72,1352953.2799999998,2026-01-14,TAGGS,2026-01-15,N/A,2021-09-30,2027-06-29,Center for Mental Health Services,93.243,SUBSTANCE ABUSE AND MENTAL HEALTH SERVICES PROJECTS OF REGIONAL AND NATIONAL SIGNIFICANCE,SM-21-012,Resiliency In Communities After Stress and Trauma,https://www.samhsa.gov/grants/grant-announcements/SM-21-012,CITY OF JACKSONVILLE,FL,JACKSONVILLE,FL-04,Welfare Department,https://taggs.hhs.gov/Detail/AwardDetail?arg_AwardNum=H79SM084915&arg_ProgOfficeCode=80,https://www.usaspending.gov/award/ASST_NON_H79SM084915_075/
SM084918,Restored,Reinstated (unconfirmed),City of Flint Resiliency in Communities After Stress and Trauma (ReCAST) Project,"CITY OF FLINT RESILIENCY IN COMMUNITIES AFTER STRESS AND TRAUMA (RECAST) PROJECT - THE CITY OF FLINT (MICHIGAN) RESILIENCY IN COMMUNITIES AFTER STRESS AND TRAUMA (RECAST) PROJECT AIMS TO ASSIST HIGH-RISK YOUTH AND FAMILIES TO PROMOTE RESILIENCE AND EQUITY IN A COMMUNITY EXPERIENCING RELENTLESS TRAUMA AND RECENT CIVIL UNREST. INDIVIDUALS IN FLINT AND GENESEE COUNTY HAVE BEEN DEALING WITH THE TRAUMA OF THE FLINT WATER CRISIS (FWC) SINCE 2014. THE FWC IS A SLOW DISASTER WITH A SLOW RECOVERY. THE COMMUNITY RECENTLY ERUPTED IN CIVIL UNREST IN RESPONSE TO THE RECENT ANNOUNCEMENT OF A $600 MILLION FWC CIVIL SETTLEMENT AS IT IS LIKELY TO LEAVE OUT MANY RESIDENTS DUE TO STRUCTURAL COMPONENTS OF THE SETTLEMENT, AND THE BURDEN OF PROOF REQUIRED TO ACCESS FUNDS. UNPRECEDENTED CHARGES OF NINE MICHIGAN OFFICIALS IN CONNECTION TO THE FWC, INCLUDING FORMER GOVERNOR RICK SNYDER, WAS EXPECTED TO OFFER A SENSE OF VALIDATION FOR RESIDENTS. HOWEVER, THE DISGUSTED AND DISENFRANCHISED COMMUNITY HAD TO WITHSTAND ANOTHER CRUSHING BLOW, WHEN RESIDENTS LEARNED THAT DEFENDANTS WERE CHARGED WITH MISDEMEANOR CRIMES, WHICH EVEN AT MAXIMUM PENALTY WILL ONLY RESULT IN MINIMUM FINES FOR CITY-WIDE TRAUMA.  THE FLINT RECAST PROJECT WILL BE LED BY THE CITY OF FLINT. A CURRENT RECAST GRANTEE IN PARTNERSHIP WITH SAMHSA. THE SPECIFIC GOALS OF THE NEW FLINT RECAST PROJECT INCLUDE: (1) INCREASE THE CAPACITY OF TRAUMA-INFORMED PRACTICES AND STRENGTHEN THE INTEGRATION OF BEHAVIORAL HEALTH SERVICES TO IMPROVE EQUITABLE ACCESS; (2) ESTABLISH A CO-LEARNING AND EMPOWERING PROCESS TO ADDRESS RACIAL AND SOCIAL INEQUALITY IN THE CITY OF FLINT COMMUNITY INCLUSIVE OF PARTICIPATORY APPROACHES; (3) INCREASE CAPACITY AND IMPLEMENTATION OF EVIDENCE AND COMMUNITY-BASED YOUTH ENGAGEMENT PROGRAMS THROUGH COMMUNITY PARTNERSHIPS TO PROMOTE POSITIVE YOUTH DEVELOPMENT; AND (4) IMPROVE LAW ENFORCEMENT PRACTICES AND POLICIES BY ALIGNING AND EXPANDING INITIATIVES AIMED AT BUILDING RELATIONSHIPS IN THE COMMUNITY. TO REACH THESE GOALS, EVIDENCE-BASED VIOLENCE PREVENTION, COMMUNITY YOUTH ENGAGEMENT PROGRAMS, AS WELL AS LINKAGES TO TRAUMA-INFORMED BEHAVIORAL HEALTH SERVICES WILL BE IMPLEMENTED. KEY ACTIVITIES INCLUDE THE ENGAGEMENT OF THE MULTI-SECTOR FLINT RECAST COMMUNITY ADVISORY BOARD ORGANIZATIONS, THE FLINT COMMUNITY ADVISORY TASK FORCE ON PUBLIC SAFETY, AS WELL AS IMPLEMENTATION OF TRAUMA-INFORMED BEHAVIORAL HEALTH SERVICES AND YOUTH ENGAGEMENT PROGRAMS TO ADDRESS THE NEEDS OF HIGH-RISK YOUTH, FAMILIES, AND COMMUNITY MEMBERS. THE SUCCESSFUL IMPLEMENTATION OF THE FLINT RECAST PROJECT WILL LEAD TO INCREASE RESILIENCE AND EQUITY IN THE FLINT, MICHIGAN COMMUNITY.",4999853,4999853,3808937.1,1190915.9,2026-01-14,TAGGS,2026-01-15,N/A,2021-09-30,2026-09-29,Center for Mental Health Services,93.243,SUBSTANCE ABUSE AND MENTAL HEALTH SERVICES PROJECTS OF REGIONAL AND NATIONAL SIGNIFICANCE,SM-21-012,Resiliency In Communities After Stress and Trauma,https://www.samhsa.gov/grants/grant-announcements/SM-21-012,CITY OF FLINT,MI,FLINT,MI-08,Community Action Organization,https://taggs.hhs.gov/Detail/AwardDetail?arg_AwardNum=H79SM084918&arg_ProgOfficeCode=80,https://www.usaspending.gov/award/ASST_NON_H79SM084918_075/
SM084920,Restored,Reinstated (unconfirmed),Lawrenceville ReCAST,"LAWRENCEVILLE RECAST - LAWRENCEVILLE RECAST, LED BY THE CITY OF LAWRENCEVILLE, GEORGIA’S COMMUNITY RELATIONS DEPARTMENT, WILL BUILD RESILIENCY, AND PROMOTE EQUITY FOR HIGH-RISK YOUTH AND ADULTS MOST AFFECTED BY TRAUMA, VIOLENCE, AND CIVIL UNREST. A COALITION OF COMMUNITY STAKEHOLDERS WILL WORK TOGETHER TO INCREASE ACCESS TO MENTAL HEALTH SERVICES AND REDUCE TRAUMA AMONG HIGH-RISK YOUTH AND THEIR FAMILIES; INCREASE ACCESS TO SOCIAL SERVICES; STRENGTHEN COMMUNITY RELATIONS; AND INCREASE DIVERSE VOICES IN CITY GOVERNMENT.  THE GOALS OF THIS INITIATIVE ARE: (1) INCREASE WELL-BEING, RESILIENCY, AND COMMUNITY HEALING THROUGH COMMUNITY-BASED PARTICIPATORY APPROACHES; (2) INCREASE COMMUNITY AND YOUTH ENGAGEMENT, LEADERSHIP DEVELOPMENT, IMPROVED GOVERNANCE, AND CAPACITY BUILDING BY CREATING COMMUNITY CHANGE; (3) INCREASE ACCESS TO TRAUMA INFORMED COMMUNITY BEHAVIORAL HEALTH RESOURCES THROUGH MORE EQUITABLE ACCESS;(4) INCREASE THE LEVEL OF CULTURAL COMPETENCY OF THE CITY OF LAWRENCEVILLE’S EMPLOYEES AND CITIZENS TO PROMOTE UNDERSTANDING AND DEVELOPMENTALLY APPROPRIATE CITY-LED POLICIES AND PROGRAMS; AND (5) STRENGTHEN THE INTEGRATION OF COMMUNITY-BASED SERVICES ADDRESSING THE SOCIAL DETERMINANTS OF HEALTH FOR HIGH-RISK YOUTH AND THEIR FAMILIES.  LAWRENCEVILLE RECAST WILL EXPAND THE SUMMER OF IMPACT YOUTH INTERNSHIP PROGRAM AND LAUNCH A YOUTH COUNCIL THAT SERVE OUR CITIES MOST AT RISK YOUTH AS WELL AS FORMING A DIVERSITY AND INCLUSION COMMITTEE TO ENSURE CITY SERVICES AND POLICY ARE CULTURALLY SPECIFIC AND DEVELOPMENTALLY APPROPRIATE. LAWRENCEVILLE RECAST WILL BRING LOCAL COMMUNITY PARTNERS AND STAKEHOLDERS TOGETHER IN WAYS THAT INCREASE ACCESS TO BEHAVIORAL HEALTH, HOUSING AND WORKFORCE DEVELOPMENT, TO EMPOWER RESIDENTS, REDUCE INDIVIDUAL TRAUMA, AND HELP SUSTAIN COMMUNITY CHANGE. FOUR-HUNDRED INDIVIDUALS WILL BE REACHED ANNUALLY, PROVIDING DIRECT SUPPORT TO 1,700 CITIZENS BY THE END OF THE PROJECT. THE RESULTS OF INCREASED YOUTH ENGAGEMENT, EMPOWERMENT OF DIVERSE VOICES IN OUR CITY, AND INCREASED SOCIAL SERVICE ACCESS AND RESULTING TRAUMA REDUCTION IS EXPECTED TO HAVE EXPONENTIAL IMPACT THAT CAN IMPROVE THE QUALITY OF LIFE FOR NEARLY ALL OF LAWRENCEVILLE'S OVER 29,000 RESIDENTS.",4891977,4891977,2633224.93,2258752.07,2026-01-14,TAGGS,2026-01-15,N/A,2021-09-30,2026-09-29,Center for Mental Health Services,93.243,SUBSTANCE ABUSE AND MENTAL HEALTH SERVICES PROJECTS OF REGIONAL AND NATIONAL SIGNIFICANCE,SM-21-012,Resiliency In Communities After Stress and Trauma,https://www.samhsa.gov/grants/grant-announcements/SM-21-012,CITY OF LAWRENCEVILLE,GA,LAWRENCEVILLE,GA-13,Welfare Department,https://taggs.hhs.gov/Detail/AwardDetail?arg_AwardNum=H79SM084920&arg_ProgOfficeCode=80,https://www.usaspending.gov/award/ASST_NON_H79SM084920_075/
SM084928,Restored,Reinstated (confirmed),National Center for Child Traumatic Stress,"NATIONAL CENTER FOR CHILD TRAUMATIC STRESS - UCLA AND DUKE UNIVERSITY HAVE PARTNERED TO SERVE AS THE NATIONAL CENTER FOR CHILD TRAUMATIC STRESS (NCCTS) FOR THE PAST 19 YEARS, CREATING A NATIONAL INFRASTRUCTURE TO MEET THE INCREASINGLY COMPLEX NEEDS OF THE NATIONAL CHILD TRAUMATIC STRESS NETWORK (NCTSN), WHILE EXPANDING THE UNDERSTANDING OF AND RESPONSE TO CHILD TRAUMA. THE GOALS AND OBJECTIVES OF THE PROPOSED PROJECT BUILD ON OUR LESSONS LEARNED LEADING THE NCTSN SINCE 2001. GOALS FOR THE NEXT FIVE YEARS INCLUDE: RAISING THE STANDARD OF CHILD TRAUMA CARE BY SUPPORTING DEVELOPMENT, DISSEMINATION, AND MEASUREMENT OF EFFECTIVE CLINICAL AND SERVICE INTERVENTION APPROACHES; INCREASING THE QUALITY, QUANTITY, AND ACCESSIBILITY OF TRAINING ON CHILD TRAUMA DELIVERED TO THE FIELD BY THE NCCTS AND THE NETWORK; EXPANDING THE TRAUMA-INFORMED WORKFORCE AND INCREASING THE NUMBER OF TRAUMA-INFORMED, CHILD-SERVING ORGANIZATIONS AND SYSTEMS; LEADING, MOBILIZING AND HARNESSING THE CHILD TRAUMA EXPERTISE OF THE NETWORK AND KEY PARTNERS TO RESPOND TO EMERGING NATIONAL ISSUES AND CRISES; EXPANDING THE AVAILABILITY OF SCIENCE-BASED CHILD TRAUMA INFORMATION AND RESOURCES FOR THE PUBLIC AND CHILD-SERVING PROFESSIONALS; REDUCING DISPARITIES IN TERMS OF ACCESS, ENGAGEMENT, AND OUTCOMES FOR CHILD TRAUMA SERVICES; PROVIDING THE STRUCTURE FOR COLLABORATION AND KNOWLEDGE EXCHANGE THAT BUILDS CAPACITY OF NETWORK MEMBERS TO MEET GRANT GOALS AND CONTRIBUTE TO THE FIELD AT LOCAL, REGIONAL, AND NATIONAL LEVELS; AND ANALYZING AND REPORTING DATA ACROSS MULTIPLE DATASETS, TO DOCUMENT THE IMPACT OF THE NETWORK AND INFORM THE CHILD TRAUMA FIELD. AS THE ORGANIZATIONAL BACKBONE FOR THE NCTSN, THE UCLA-DUKE UNIVERSITY NCCTS HAS BUILT STRONG RELATIONSHIPS WITH SAMHSA AND THE NETWORK, AS WELL AS NUMEROUS PARTNERSHIPS AT THE LOCAL, STATE, AND NATIONAL LEVELS. OUR APPROACH INCLUDES RESOURCE DEVELOPMENT (E.G., POLICY BRIEFS, DATA REPORTS, AND MATERIALS FOR FAMILY AND YOUTH); TRAINING (RANGING FROM ANNUAL MINI-CONFERENCES AND TRAIN-THE-TRAINERS TO A MULTI-YEAR BREAKTHROUGH SERIES COLLABORATIVE); CONSULTATION AND CAPACITY BUILDING (E.G., TRAINING NETWORK MEMBERS AS COACHES ON THE NCTSN TRAUMA-INFORMED ORGANIZATIONAL ASSESSMENT OR AS FACILITATORS FOR THE CORE CURRICULUM ON CHILDHOOD TRAUMA); PROMOTING INTEGRATION AND COLLABORATION ACROSS THE NETWORK THROUGH COMMUNITIES OF PRACTICE, COLLABORATIVE GROUPS, AND ONBOARDING OF NEW GRANTEE COHORTS; COMMUNICATION AND RESOURCE DISSEMINATION; DATA COLLECTION AND REPORTING; AND INCREASING DIVERSITY, EQUITY, AND INCLUSION. THE NCCTS HAS THE VISION, EXPERTISE, EXPERIENCE AND CAPACITY TO ADDRESS THE MAJOR ISSUES THAT ARE KEY TO CREATING A COMPREHENSIVE AND EFFECTIVE NATIONAL APPROACH TO CHILD TRAUMA IN THE US, AS WELL AS THE ADDITIONAL CHALLENGES OF COVID-19, RACIAL EQUITY, YOUTH SUICIDE, SUBSTANCE ABUSE, NATURAL AND MANMADE DISASTERS, AND BEREAVEMENT. THE NCCTS PLAN FOR DATA COLLECTION AND PERFORMANCE MEASUREMENT WILL ENABLE US TO EFFECTIVELY MANAGE AND MONITOR NETWORK ACTIVITIES; ENHANCE THE DEVELOPMENT, DISSEMINATION, AND IMPLEMENTATION OF NETWORK PROGRAMS; AND ULTIMATELY IMPROVE OUTCOMES FOR TRAUMATIZED CHILDREN, ADOLESCENTS, AND THEIR FAMILIES.",39223824,39223824,27827069.51,11396754.489999998,2026-01-14,TAGGS,2026-01-15,N/A,2021-09-30,2027-09-29,Center for Mental Health Services,93.243,SUBSTANCE ABUSE AND MENTAL HEALTH SERVICES PROJECTS OF REGIONAL AND NATIONAL SIGNIFICANCE,SM-21-008,"National Child Traumatic Stress Initiative – Category I, National Center for Child Traumatic Stres…",https://www.samhsa.gov/grants/grant-announcements/sm-21-008,"UNIVERSITY OF CALIFORNIA, LOS ANGELES",CA,LOS ANGELES,CA-36,"Junior College, College & University",https://taggs.hhs.gov/Detail/AwardDetail?arg_AwardNum=H79SM084928&arg_ProgOfficeCode=80,https://www.usaspending.gov/award/ASST_NON_H79SM084928_075/
SM084946,Restored,Reinstated (confirmed),Serving Underserved Populations in Rural Setting: Targeting Treatment and Adolescent Resilience Together (SUPRSTART),"SERVING UNDERSERVED POPULATIONS IN RURAL SETTING: TARGETING TREATMENT AND ADOLESCENT RESILIENCE TOGETHER (SUPRSTART) - THE  SERVING UNDERSERVED POPULATIONS IN RURAL SETTINGS: TARGETING TREATMENT AND ADOLESCENT RESILIENCE TOGETHER  (SUPRSTART) PROJECT WILL BRING EVIDENCE-BASED MENTAL HEALTH SERVICES TO SEVEN RURAL, UNDERSERVED GEORGIA COUNTIES BY TRAINING THERAPISTS IN TRAUMA-FOCUSED COGNITIVE BEHAVIORAL THERAPY (TF-CBT) AND TELEHEALTH PROVISION. IT WILL EXPAND CHILD MALTREATMENT (CM) PREVENTION AWARENESS BY TRAINING 760 COMMUNITY LEADERS IN TWO EVIDENCE-INFORMED PROGRAMS. CM IS ASSOCIATED WITH AN INCREASED RISK OF DELETERIOUS OUTCOMES SUCH AS POST-TRAUMATIC STRESS, MAJOR DEPRESSION, SUBSTANCE USE, AND REVICTIMIZATION. IT IS CRITICALLY IMPORTANT THAT ABUSED CHILDREN HAVE ACCESS TO EVIDENCE-BASED TREATMENT. YET, FAMILIES IN THE SEVEN TARGET COUNTIES MUST TRAVEL IN EXCESS OF 27 MILES TO OBTAIN SERVICES. SUPRSTART WILL BRING TELEHEALTH TF-CBT SERVICES TO YOUTH VICTIMS AGES 3-18 YEARS IN BURKE COUNTY, AND THE TOOMBS CIRCUIT, CIRCUMVENTING MAJOR GEOGRAPHIC BARRIERS TO CARE. AMONG YOUTH SEEKING SERVICES IN THE REGION, MORE THAN 60% ARE UNDER 12 YEARS OF AGE, AND ALMOST 70% IDENTIFY AS FEMALE. FIFTY PERCENT OF YOUTH ARE AFRICAN AMERICAN. IMPORTANTLY, THE INCREASED RECOGNITION OF CM IMPACT ON HEALTH HAS LED TO STATE-LEVEL EFFORTS ENFORCING EVIDENCE-INFORMED PREVENTION TRAINING AMONG ADULTS IN CLOSE CONTACT WITH YOUTH TO IMPROVE RECOGNITION OF CM OCCURRENCES IN COMMUNITY SETTINGS. HOWEVER, LESS THAN 5% OF ADULTS IN THE RURAL GEORGIA COUNTIES ARE TRAINED TO DATE. SUPRSTART WILL ADDRESS CM SERVICE GAPS IN BURKE COUNTY AND THE TOOMBS CIRCUIT BY 1) EXPANDING THE NETWORK OF TRAINED THERAPISTS IN TELEHEALTH TF-CBT, TF-CBT FOR COMMERCIALLY SEXUALLY EXPLOITED YOUTH, AND TREATMENT FOR YOUTH VICTIMS STRUGGLING WITH SUICIDAL IDEATION; 2) CREATING A SUSTAINABLE TELEHEALTH DELIVERY MODEL USING LOCAL GEORGIA FAMILY CONNECTION PARTNERSHIP COUNTY OFFICES, AND 3) EXPANDING THE DISSEMINATION OF THE EVIDENCE-INFORMED STEWARDS OF CHILDREN AND CONNECTIONS MATTER CM PREVENTION CURRICULA TO PEDIATRIC RESIDENTS AT THE MEDICAL COLLEGE OF GEORGIA, AND COMMUNITY LEADERS ACROSS THE SEVEN COUNTIES. THESE GOALS WILL BE MET UNDER THE GUIDANCE OF AN ADVISORY COMMITTEE COMPRISED OF LOCAL AND NATIONAL EXPERTS. IN YEARS 1 AND 2, WE WILL TRAIN TWO COHORTS OF 15 COMMUNITY THERAPISTS EACH IN TF_CBT, AND TELEHEALTH DELIVERY. IN YEAR 3, THESE COHORTS WILL RECEIVE ADVANCED TRAINING, TF-CBT+, TO ADDRESS COMPLEX TRAUMA AMONG SEXUALLY EXPLOITED YOUTH. ADDITIONALLY, THERAPISTS WILL RECEIVE TRAINING IN A TRAUMA-INFORMED SELF-HARM RISK REDUCTION MODEL (SAFETY-A) IN YEARS' 2 AND 3. WE ANTICIPATE AN ANNUAL INCREASE IN YOUTH TO BE SERVED VIA SUPRSTART: YEAR 1 N=20, YEAR 2 N=30, YEAR 3 N=40, YEAR 4 N=50, YEAR 5 N=60, FOR A TOTAL OF 200 YOUTH. EACH YEAR, AT LEAST 12 PEDIATRIC RESIDENTS (TOTAL 60) AND 20 COMMUNITY LEADERS PER COUNTY (TOTAL 700) WILL RECEIVE PREVENTION TRAINING. THE ADVISORY COMMITTEE WILL PERFORM CONTINUOUS PROGRAM EVALUATION ACROSS IMPLEMENTATION AND SERVICE DELIVERY GOALS TO ENSURE SEAMLESS TELEHEALTH TREATMENT PROVISION IN THESE RURAL REGIONS, AND POSITIVE HEALTH OUTCOMES AMONG YOUTH.",1948288,1948288,1505530.9000000001,442757.09999999986,2026-01-14,TAGGS,2026-01-15,N/A,2021-09-30,2026-09-29,Center for Mental Health Services,93.243,SUBSTANCE ABUSE AND MENTAL HEALTH SERVICES PROJECTS OF REGIONAL AND NATIONAL SIGNIFICANCE,SM-21-010,"National Child Traumatic Stress Initiative – Category III, Community Treatment and Service (CTS) C…",https://www.samhsa.gov/grants/grant-announcements/sm-21-010,"AUGUSTA UNIVERSITY RESEARCH INSTITUTE, INC",GA,AUGUSTA,GA-12,"Research Institution, Foundation and Laboratory",https://taggs.hhs.gov/Detail/AwardDetail?arg_AwardNum=H79SM084946&arg_ProgOfficeCode=80,https://www.usaspending.gov/award/ASST_NON_H79SM084946_075/
SM084949,Restored,Reinstated (confirmed),AMIkids NCTSI - III Community Treatment and Service Center,"AMIKIDS NCTSI - III COMMUNITY TREATMENT AND SERVICE CENTER - THE AMIKIDS NCTSI – III COMMUNITY TREATMENT AND SERVICE CENTER PROJECT WILL EXPAND THE PROVISION OF HIGHLY EFFECTIVE TRAUMA SCREENING, ASSESSMENT, CARE MANAGEMENT, THERAPY AND PREVENTION FOR YOUTH AND FAMILIES BY DEVELOPING A NCTSN CATEGORY III CENTER. BY PROVIDING LICENSED CLINICAL PROFESSIONALS AT THREE JUVENILE JUSTICE RESIDENTIAL PROGRAMS, THIS PROJECT WILL INCREASE ACCESS TO EFFECTIVE TRAUMA-FOCUSED TREATMENT FOR YOUTH AND FAMILIES RECEIVING DELINQUENCY SERVICES THROUGH THE SOUTH CAROLINA DEPARTMENT OF JUVENILE JUSTICE (SCDJJ).   THE POPULATION OF FOCUS FOR THIS PROJECT IS JUVENILE JUSTICE INVOLVED YOUTH THROUGH AGE 21 AND THEIR FAMILIES WHO RESIDE THROUGHOUT THE STATE OF SOUTH CAROLINA. THE MAJORITY OF THESE YOUTH COME FROM LOW-INCOME FAMILIES, ARE YOUTH OF COLOR, AND HAVE BEHAVIORAL ISSUES IN SCHOOL AND IN THE HOME. THESE YOUTH HAVE TYPICALLY EXPERIENCED MULTIPLE ARRESTS, FAMILY DYSFUNCTION, VIOLENCE, SUBSTANCE ABUSE, AND TRAUMA. THIS PROJECT WILL EXPAND TRAUMA-FOCUSED TREATMENT SERVICES IN SOUTH CAROLINA BY ADDING LICENSED CLINICAL PROFESSIONALS IN AMIKIDS RESIDENTIAL PROGRAMS LOCATED IN THE FOLLOWING GEOGRAPHIC CATCHMENT AREAS: BENNETTSVILLE, COLUMBIA, AND JONESVILLE. THIS PROJECT WILL SERVE 100 INDIVIDUALS IN THE FIRST YEAR, AND 125 IN EACH OF YEARS 2 THROUGH 5, FOR A TOTAL OF 600 INDIVIDUALS SERVED.  BY LEVERAGING AND EXPANDING THE EXISTING COLLABORATION WITH A NCTSI – CATEGORY II, TREATMENT AND SERVICE ADAPTATION CENTER AND ITS PARTNERSHIP WITH THE SCDJJ AS THE ONLY NONSECURE RESIDENTIAL PROVIDER IN THE STATE, AMIKIDS INC. WILL ENGAGE AMIKIDS BEHAVIORAL HEALTH TO PROVIDE DIRECT TRAUMA TREATMENT AND SERVICES TO JUVENILE-JUSTICE INVOLVED YOUTH AND INCREASE PARTICIPATION OF FAMILIES IN TREATMENT AT THE LOCATIONS IDENTIFIED. SERVICES WILL INCLUDE THE USE OF VALIDATED TRAUMA SCREENING, ASSESSMENT, AND EVIDENCE-BASED TRAUMA TREATMENTS SUCH AS STRUCTURED PSYCHOTHERAPY FOR ADOLESCENTS RESPONDING TO CHRONIC STRESS, TRAUMA FOCUSED COGNITIVE BEHAVIORAL THERAPY, AND EYE MOVEMENT DESENSITIZATION AND REPROCESSING. MEASURABLE OBJECTIVES OF THE PROJECT INCLUDE: (1) WITHIN 7 DAYS OF ADMISSION, 100% OF YOUTH ENROLLED AT THREE AMIKIDS RESIDENTIAL PROGRAMS WILL RECEIVE ORIENTATION AND INFORMED CONSENT FOR TRAUMA SCREENING AND TREATMENT BY AN AMIKIDS BEHAVIORAL HEALTH LICENSED CLINICAL STAFF; (2) WITHIN 7 DAYS OF INFORMED CONSENT ACCEPTANCE, 100% OF YOUTH WILL RECEIVE TRAUMA SCREENING UTILIZING THE UCLA-PTSD-RI-5 ADMINISTERED BY LICENSED CLINICAL STAFF; (3) WITHIN 21 DAYS OF INFORMED CONSENT ACCEPTANCE, 100% OF YOUTH ENROLLED AT THREE AMIKIDS RESIDENTIAL PROGRAMS WHO HAVE RISK FACTORS FOR TRAUMA BASED ON INTAKE SCREENING INFORMATION INCLUDING THE UCLA-PTSD-RI-5 AND ACE SCALE WILL RECEIVE A COMPREHENSIVE MENTAL HEALTH ASSESSMENT ADMINISTERED BY LICENSED CLINICAL STAFF; (4) WITHIN 30 DAYS OF INFORMED CONSENT ACCEPTANCE, 100% OF YOUTH ASSESSED AS REQUIRING TRAUMA TREATMENT WILL RECEIVE AN INDIVIDUALIZED TREATMENT PLAN OUTLINING TRAUMA TREATMENT SERVICES TO BE DELIVERED; (5) 100% OF YOUTH RECEIVING TRAUMA TREATMENT SERVICES WILL BE OFFERED AN EVIDENCE-BASED INTERVENTION MATCHED TO THE ASSESSED NEED, AND 75% OF ADOLESCENTS AND YOUTH ENGAGED IN TRAUMA TREATMENT SERVICES WILL SUCCESSFULLY COMPLETE THE EVIDENCE-BASED INTERVENTION ASSIGNED; AND (6) 100% OF YOUTH RECEIVING TRAUMA TREATMENT SERVICES WILL BE OFFERED FAMILY THERAPY IF INDICATED AS A NEED BASED ON COMPREHENSIVE ASSESSMENT AND AGE, AND 75% OF ELIGIBLE FAMILIES WILL SUCCESSFULLY COMPLETE FAMILY THERAPY GOALS AS PRESCRIBED ON THE INDIVIDUALIZED TREATMENT PLAN AND MEASURED BY AT LEAST 60% DOSAGE COMPLETION.",1600000,1600000,682868.8,917131.2,2026-01-14,TAGGS,2026-01-15,N/A,2022-12-31,2026-12-30,Center for Mental Health Services,93.243,SUBSTANCE ABUSE AND MENTAL HEALTH SERVICES PROJECTS OF REGIONAL AND NATIONAL SIGNIFICANCE,SM-21-010,"National Child Traumatic Stress Initiative – Category III, Community Treatment and Service (CTS) C…",https://www.samhsa.gov/grants/grant-announcements/sm-21-010,"AMIKIDS, INC.",FL,TAMPA,FL-14,Other Health Organization,https://taggs.hhs.gov/Detail/AwardDetail?arg_AwardNum=H79SM084949&arg_ProgOfficeCode=80,https://www.usaspending.gov/award/ASST_NON_H79SM084949_075/
SM084951,Restored,Reinstated (confirmed),Brooklyn Action for Children's and Teen's Success 2,"BROOKLYN ACTION FOR CHILDREN'S AND TEEN'S SUCCESS 2 - BROOKLYNACTS2 WILL OFFER MULTIPLE EVIDENCE BASED PRACTICES (EBPS) TO TREAT TRAUMA IN LOW INCOME CHILREN AND YOUTH OF COLOR IN CENTRAL BROOKLYN. BUILDING ON THE FAMILY CENTER'S (TFC) NYS-LICENSED MENTAL HEALTH CLINIC, EXISTING TRAUMA PROGRAM AND 27-YEAR HISTORY OF SERVING NYC'S MOST VULNERABLE FAMILIES, BROOKLYNACTS2 ADDS NEW STAFF, EBPS, PSYCHOSOCIAL SUPPORT AND CULTURAL AND LANGUAGE CAPACITY TO MAXIMIZE IMPACT OF TRAUMA TREATMENT FOR DIVERSE YOUTH.   BROOKLYNACTS2 WILL SERVE CHILREN AGES 3-21 WITH TRAUMA SYMPTOMS AND/OR EXPOSURE WHO REQUIRE ADDITIONAL SUPPORTS AND MORE HIGHLY SKILLED INTERVENTION DUE TO COMPLICATING PERSONAL, FAMILIAL AND COMMUNITY CHARACTERISTICS.  BROOKLYNACTS2 WILL SERVE BEDFORD STUYVESANT AND SURROUNDING BROOKLYN NEIGHBORHOODS CHARACTERIZED BY HIGH RATES OF POVERTY, COMMUNITY AND FAMILY VIOLENCE, UNEMPLOYMENT, INCARCERATION, SUBSTANCE ABUSE AND MENTAL ILLNESS AND DESIGNATED BY HRSA AS A MEDICALLY UNDERSERVED AREA.  BROOKLYNACTS2 WILL SERVE AFRICAN AMERICIAN, AFRO-CARIBBEAN AND LATINX CHILDREN, WITH A SPECIAL FOCUS ON IMMIGRANT CHILREN AND YOUTH, INCLUDING UNACCOMPANIED MINORS.  THE PROJECT EXPANDS TFC'S CAPACITY TO SERVE CHIDLREN WHOSE ABILITY TO ENGAGE IN AND BENEFIT FROM TREATMENT IS COMPROMISED BY FACTORS SUCH AS ONGOING COMPLEX AND/OR ONGOING INTR-FAMILIAL TRAUMA; LACK OF PARENTAL INVOLVEMENT, INCLUDING DUE TO MENTAL ILLNESS, SUBSTANCE USE DISORDER AND PTSD; AND, PARTICULARLY AMONG IMMIGRANT FAMILIES, CULTURAL BELIEFS, PRACTICES AND EXPECTATIONS. BROOKLYNACTS2 ADDS TO EXISTING CAPACITY TO DELIVER TRAUMA FOCUSED-COGNITIVE BEHAVIORAL THERAPY (TF-CBT), THE MOST WELL-SUPPORTED OF CURRENT TREATMENTS FOR CHILD POST-TRAUMATIC STRESS DISORDER (PTSD) AND TRAUMA, BY ADDITION OF ADDITIONAL STAFF AND PROVIDING SKILLS ENHANCEMENT TRAINING TO ALL THERAPISTS, INCLUDING IN THE USE OF CULTURALLY MODIFIED TF-CBT WITH IMMIGRANT FAMILIES. BROOKLYNACTS2 ALSO ADDS TWO NEW GROUP EBPS, STRUCTURED PSYCHOTHERAPY FOR ADOLESCENTS RESPONDING TO CHRONIC STRESS (SPARCS) FOR TEENS 13-21 AND STRENGTHENING FAMILY COPING RESOURCES (SFCR) FOR FAMILIES IMPACTED BY TRAUMA.  NEW INTERVENTIONS CREATE MULTIPLE PATHWAYS FOR DIVERSE YOUTH AND FAMILIES TO CONNECT TO AND BENEFIT FROM TRAUMA TREATMENT. GOAL 1: ENGAGE 408 UNDUPLICATED CHILDREN AND YOUTH IN EVIDENCE-BASED TRAUMA TREATMENT OVER THE FIVE YEAR GRANT (56 IN YEAR 1 AND 88 EACH YEAR THEREAFTER). OBJECTIVES: 1) 138 TEENS WILL ENGAGE IN SPARCS, WITH 85% OF ENROLLEES COMPLETING; 2) 150 CHILDREN/TEENS WILL ENGAGE IN SFCR MULTI-FAMILY GROUPS, WITH 85% OF ENROLLEES COMPLETING AND 3) 208 CHILDREN INCLUDING 90 IMMIGRANT CHILDREN, WILL ENGAGE IN TF-CBT OR CM TF-CBT WITH 88% OF ENROLLEES COMPLETING. GOAL 2: ENHANCE RETENTION IN AND IMPACT OF EBPS BY ADDING PSYCHOSOCIAL SUPPORT FOR PARENTS AND ONGOING PROFESSIONAL DEVELOPMENT FOR STAFF. OBJECTIVES: 1) 190 FAMILIES WILL RECEIVE CARE MANAGEMENT SERVICES TO OVERCOME CONCRETE BARRIERS; 2) 98 PARENTS WILL BENEFIT FROM DROP-IN PEER-TO-PEER GROUPS, AN ADDITIONAL COMPONENT OF SFCR; 3) ACHIEVE 90% FIDELITY IN DELIVERY OF EBPS; AND 4) 80% OF ENROLLED CHILDREN WILL EXPERIENCE SIGNIFICANT SYMPTOM REDUCTION.",2000000,2000000,1677792,322208,2026-01-14,TAGGS,2026-01-15,N/A,2021-09-30,2026-09-29,Center for Mental Health Services,93.243,SUBSTANCE ABUSE AND MENTAL HEALTH SERVICES PROJECTS OF REGIONAL AND NATIONAL SIGNIFICANCE,SM-21-010,"National Child Traumatic Stress Initiative – Category III, Community Treatment and Service (CTS) C…",https://www.samhsa.gov/grants/grant-announcements/sm-21-010,"THE FAMILY CENTER, INC.",NY,BROOKLYN,NY-08,Hospital,https://taggs.hhs.gov/Detail/AwardDetail?arg_AwardNum=H79SM084951&arg_ProgOfficeCode=80,https://www.usaspending.gov/award/ASST_NON_H79SM084951_075/
SM084952,Restored,Reinstated (confirmed),Increasing Effectiveness of Early Childhood Evidence-Based Trauma Services in Communities of Color,"INCREASING EFFECTIVENESS OF EARLY CHILDHOOD EVIDENCE-BASED TRAUMA SERVICES IN COMMUNITIES OF COLOR - THE NEW YORK-PRESBYTERIAN HOSPITAL FAMILY PEACE TRAUMA TREATMENT CENTER (NYP FPTTC) IN COLLABORATION WITH THE NORTHERN MANHATTAN PERINATAL PARTNERSHIP (NMPP), AND NIDO DE ESPERANZA EARLY CHILDHOOD DEVELOPMENT CENTER WILL OPERATE AN NCTSN CATEGORY III PROGRAM IN THE TWO CONTIGUOUS NORTHERN MANHATTAN COMMUNITIES OF WASHINGTON HEIGHTS AND CENTRAL HARLEM.  THE POPULATION TO BE SERVED WILL BE 75% LATINO, 20% AFRICAN-AMERICAN, 90% LOW-INCOME, AND 60% SPANISH-SPEAKING.  OVER THE FIVE-YEAR CONTRACT PERIOD, THE PROJECT WILL PROVIDE CULTURALLY RESPONSIVE TRAUMA-FOCUSED EVIDENCE-BASED TREATMENT FOR 800 UNDUPLICATED PERSONS AND PROVIDE TRAINING FOR 2,000 LOCAL COMMUNITY ORGANIZATION STAFF, FAITH-BASED ORGANIZATION STAFF, AND PEDIATRIC RESIDENTS.  THE  INCREASING EFFECTIVENESS OF EARLY CHILDHOOD EVIDENCE-BASED TRAUMA SERVICES IN COMMUNITIES OF COLOR  PROJECT WILL SERVE FAMILIES WITH A CHILD AGE 0-5 EXPOSED TO A TRAUMATIC EVENT.  THE PRIMARY FORMS OF EXPOSURE TO TRAUMA IN THE EARLY CHILDHOOD POPULATION TO BE SERVED ARE DOMESTIC VIOLENCE, PHYSICAL ABUSE, SEXUAL ABUSE, CRIME VICTIMIZATION, IMMIGRANT-RELATED TRAUMA, AND TRAUMATIC SEPARATION OR LOSS.  BRIEF SCREENS FOR ADVERSE CHILD EXPERIENCES WILL BE ADMINISTERED AT NMPP AND NIDO DE ESPERANZA WITH A BILINGUAL PSYCHOLOGIST TO PROVIDE IN-DEPTH TRAUMA ASSESSMENT AT THESE SITES. ELIGIBLE FAMILIES WILL BE OFFERED EVIDENCE-BASED TRAUMA-FOCUSED TREATMENT AT FPTTC USING CHILD-PARENT PSYCHOTHERAPY (CPP) FOR THE CAREGIVER/YOUNG CHILD DYAD. THE PROJECT WILL SUPPORT INFRASTRUCTURE IMPROVEMENT BY PROVIDING AN EMBEDDED STRUCTURE FOR EARLIER IDENTIFICATION OF FAMILIES WITH CHILDREN AGE 0-5 WHO HAVE BEEN EXPOSED TO TRAUMA, AND EARLIER ACCESS TO CARE.   LATINX FAMILIES, PARTICULARLY SPANISH-SPEAKING FAMILIES, HAVE NOT PROPORTIONATELY BENEFITTED FROM INITIATIVES SEEKING TO PROVIDE IMPROVED ACCESS TO TRAUMA-INFORMED EVIDENCE-BASED TREATMENT FOR TRAUMA-EXPOSED CHILDREN.  WAITLISTS ARE LONGER FOR SERVICES IN SPANISH, AND THESE FAMILIES HAVE POORER TREATMENT RETENTION AND POORER CLINICAL OUTCOMES THAN OTHER POPULATIONS.  THE PROJECT WILL EXPAND COMMUNITY CAPACITY BY UTILIZING BILINGUAL THERAPISTS IN CPP, AND SEEK TO IMPROVE RETENTION AND CLINICAL OUTCOMES BY PROVIDING CULTURALLY RESPONSIVE GROUP HEALING SUPPORT SERVICES THAT ARE ALIGNED WITH LOCAL POPULATION NEEDS.  THESE SERVICES INCLUDE A SPIRITUALITY GROUP AND SEEK TO OVERCOME THE OPPRESSIVE EFFECTS OF RACISM AND COLONIALISM WITH A FOCUS ON THE DEVELOPMENT OF POSITIVE CULTURAL IDENTITIES AND THE USE OF A FRAMEWORK DEVELOPED FROM HISTORICAL TRAUMA, MULTIGENERATIONAL TRAUMA, AND LIBERATION PSYCHOLOGY.  THE PROJECT WILL BE A MODEL FOR IMPROVING URBAN COMMUNITY CAPACITY IN EVIDENCE-BASED PRACTICES (EBPS)THAT ARE DEVELOPMENTALLY APPROPRIATE, RESILIENCE-ORIENTED, AND SPIRITUALLY SENSITIVE, AND THEREFORE MORE EFFECTIVE IN SERVING THE SPECIFIC NEEDS OF BIPOC (BLACK INDIGENOUS PEOPLE OF COLOR) COMMUNITIES  AFFECTED BY TRAUMATIC EVENTS.THE PROJECT’S MEASURABLE OBJECTIVES ARE THAT, IN COMPARISON TO FPTTC CLIENTS PRIOR TO THE COVID CRISIS, PROJECT FAMILIES WILL HAVE 15% IMPROVED RETENTION, AND ADULT CAREGIVER OUTCOMES AND CHILD OUTCOMES ON STANDARDIZED INSTRUMENTS WILL IMPROVE.  PROJECT PRODUCTS WILL INCLUDE A SPIRITUALITY GROUP CURRICULUM, A LOCAL COMMUNITY ONLINE PLATFORM ON TRAUMA-INFORMED SERVICES, AND A TEMPLATE FOR CONDUCTING CLIENT FOCUS GROUPS TO INCREASE ORGANIZATION CULTURAL PROFICIENCY.  THE METHODS, CONTENT, AND PRODUCTS OF THE CULTURALLY RESPONSIVE GROUP HEALING MODEL WILL BE DISSEMINATED BY PRESENTATIONS THROUGH THE NCTSN GROUP STRUCTURE.",2000000,1600000,1073465.51,926534.49,2026-01-14,TAGGS,2026-01-15,N/A,2022-09-30,2027-09-29,Center for Mental Health Services,93.243,SUBSTANCE ABUSE AND MENTAL HEALTH SERVICES PROJECTS OF REGIONAL AND NATIONAL SIGNIFICANCE,SM-21-010,"National Child Traumatic Stress Initiative – Category III, Community Treatment and Service (CTS) C…",https://www.samhsa.gov/grants/grant-announcements/sm-21-010,THE NEW YORK AND PRESBYTERIAN HOSPITAL,NY,NEW YORK,NY-12,Hospital,https://taggs.hhs.gov/Detail/AwardDetail?arg_AwardNum=H79SM084952&arg_ProgOfficeCode=80,https://www.usaspending.gov/award/ASST_NON_H79SM084952_075/
SM084957,Restored,Reinstated (confirmed),Integrative Treatment for Complex Trauma (ITCT) Program at Metrocare,"INTEGRATIVE TREATMENT FOR COMPLEX TRAUMA (ITCT) PROGRAM AT METROCARE - METROCARE SERVICES' INTEGRATIVE TREATMENT OF COMPLEX TRAUMA PROGRAM (ITCT) IMPLEMENTS AN EVIDENCE-BASED, COMPONENT DRIVEN MODEL UTILIZING A VARIETY OF CLINICAL APPROACHES FOR THE TREATMENT OF COMPLEX TRAUMA IN CHILDREN, ADOLESCENTS AND THEIR FAMILIES. MEMBERS OF SOCIALLY AND ECONOMICALLY MARGINALIZED GROUPS, LIVING IN DALLAS COUNTY, WHO HAVE EXPERIENCED COMPLEX TRAUMA WILL BE THE FOCUS OF THIS PROGRAM. ITCT IS A UNIQUE MODEL BECAUSE IT DOES NOT PRESCRIBE A ONE-SIZE FITS ALL TREATMENT INTERVENTION. TREATMENT SERVICES CAN INCLUDE CASE MANAGEMENT/COORDINATION, PSYCHOEDUCATION, DISTRESS REDUCTION AND AFFECT REGULATION TRAINING, COGNITIVE AND EMOTIONAL PROCESSING, RELATIONAL/ATTACHMENT PROCESSING AND TRAUMA FOCUSED COGNITIVE BEHAVIORAL THERAPY.  ITCT WILL SERVE 120 YOUTH PER YEAR, WITH A TOTAL OF 600 UNIQUE SERVED DURING THE PROJECT.  THE GOALS AND OBJECTIVES OF ITCT ARE:   1. REDUCE SYMPTOMS OF DEPRESSION, ANXIETY AND POSTTRAUMATIC STRESS IN PROGRAM PARTICIPANTS BY 40%; 2. INCREASE ENVIRONMENTAL SAFETY FOR PROGRAM PARTICIPANTS BY 75%; 3.  65% OF PROGRAM PARTICIPANTS WILL LEARN SKILLS TO PROCESS, BOTH COGNITIVELY AND EMOTIONALLY, THEIR TRAUMA EXPERIENCES; AND   4.  75% OF PROGRAM PARTICIPANTS WILL ELIMINATE SELF-ENDANGERING BEHAVIORS.",1777049,1777049,1427179.1600000001,349869.83999999985,2026-01-14,TAGGS,2026-01-15,N/A,2021-09-30,2026-09-29,Center for Mental Health Services,93.243,SUBSTANCE ABUSE AND MENTAL HEALTH SERVICES PROJECTS OF REGIONAL AND NATIONAL SIGNIFICANCE,SM-21-010,"National Child Traumatic Stress Initiative – Category III, Community Treatment and Service (CTS) C…",https://www.samhsa.gov/grants/grant-announcements/sm-21-010,DALLAS COUNTY MENTAL HEALTH & MENTAL RETARDATION CENTER,TX,DALLAS,TX-33,Other Social Services Organization,https://taggs.hhs.gov/Detail/AwardDetail?arg_AwardNum=H79SM084957&arg_ProgOfficeCode=80,https://www.usaspending.gov/award/ASST_NON_H79SM084957_075/
SM084960,Restored,Reinstated (confirmed),Boston Services for Trauma And Resources for families (Boston STAR),"BOSTON SERVICES FOR TRAUMA AND RESOURCES FOR FAMILIES (BOSTON STAR) - THE POPULATION OF FOCUS FOR THE PROJECT, BOSTON SERVICES FOR TRAUMA AND RESOURCES FOR FAMILIES (BOSTON STAR), CONSISTS OF CHILDREN FROM BIRTH TO 17 YEARS OF AGE AND THEIR FAMILIES WHO HAVE EXPERIENCED TRAUMATIC EVENTS AND WHO ACCESS PRIMARY CARE AT BOSTON MEDICAL CENTER (BMC) OR ITS 12 AFFILIATED COMMUNITY HEALTH CENTERS (CHCS). OUR GEOGRAPHIC CATCHMENT AREA IS SUFFOLK COUNTY, MA, HOME TO BOSTON, WHERE BMC AND THE CHCS FORM THE BACKBONE OF BOSTON’S SAFETY NET HEALTH CARE SYSTEM. BMC AND BHN SERVE DISPROPORTIONATE NUMBERS OF LOW-INCOME AND RACIAL AND ETHNIC MINORITY RESIDENTS. HALF OF OUR PATIENTS HAVE INCOMES AT OR BELOW FEDERAL POVERTY, AND 70% ARE RACIAL AND ETHNIC MINORITIES. UP TO 56,692 CHILDREN IN SUFFOLK COUNTY HAVE TRAUMA EXPOSURES, AND AS MANY AS 5,953 SUFFER FROM POST-TRAUMATIC STRESS DISORDER (PTSD). THE CHILDREN WE SERVE WITHIN BMC AND THE CHCS ARE AT INCREASED RISK OF EXPERIENCING EXTREME POVERTY, CHILD ABUSE AND NEGLECT, DOMESTIC VIOLENCE, COMMUNITY VIOLENCE, AND OTHER FORMS OF TRAUMA; YET SERVICES TO THIS POPULATION ARE SEVERELY LIMITED BY THE LACK OF NCTSN LEVEL III PROVIDERS IN BOSTON (GAP 1). FURTHER, FEW PEDIATRICIANS POSSESS THE KNOWLEDGE OR SKILL TO SYSTEMATICALLY SCREEN FOR AND ADDRESS TRAUMA SYMPTOMS IN PRIMARY CARE (GAP 2), AND NO CAPACITY EXISTS TO REACH OUT TO AND ENGAGE TRAUMATIZED CHILDREN AND FAMILIES IN CARE ONCE THEY HAVE BEEN IDENTIFIED (GAP 3). TO FILL THESE GAPS, BOSTON STAR WILL PURSUE THREE GOALS. GOAL 1: INCREASE BY 35% FROM BASELINE (156 TO 210) THE NUMBER OF INFANTS, CHILDREN, AND ADOLESCENTS ACCESSING OUTPATIENT TRAUMA CARE AT BMC. OBJECTIVES: 1.1 BY 11/30/21, EDUCATE AND TRAIN PEDIATRIC PRIMARY CARE TEAMS WITHIN BMC AND OUR AFFILIATED COMMUNITY HEALTH CENTERS TO SCREEN FOR AND ADDRESS TRAUMA SYMPTOMS, REFERRING PATIENTS AS APPROPRIATE TO BOSTON STAR. 1.2 BY 12/31/21, HIRE AND TRAIN NEW STAFF (1.5 FTE LICSWS AND 1.0 FTE FAMILY NAVIGATOR). 1.3 BEGINNING 1/1/22, INITIATE OUTREACH, NAVIGATION, INTAKE ASSESSMENT, AND ENROLLMENT OF SIX NEW PATIENTS/FAMILIES PER MONTH UP TO ACHIEVE A CASELOAD OF 210 PATIENTS. 1.4 BEGINNING 1/1/22, PLAN AND CONDUCT QUARTERLY INFORMATIONAL WEBINARS TO ADVERTISE THE AVAILABILITY OF BOSTON STAR SERVICES. GOAL 2: INCREASE THE EXPERTISE OF PEDIATRIC PRIMARY CARE PROVIDERS IN MANAGING LESS COMPLEX TRAUMA EXPOSURES. OBJECTIVES: 2.1 BEGINNING 1/1/22, PROVIDE 10 CASE CONSULTATIONS PER MONTH TO PEDIATRIC PRIMARY CARE PROVIDERS THROUGHOUT BMC AND ITS AFFILIATED CHCS. 2.2 NO LATER THAN MARCH 31, 2021, INITIATE QUARTERLY, CASE-BASED TRAINING ON-LINE TRAININGS FOR PEDIATRIC PRIMARY CARE PROVIDERS. GOAL 3: MANAGE, EVALUATE, SUSTAIN AND DISSEMINATE BOSTON STAR. OBJECTIVES. 3.1 BEGINNING 1/1/22, INITIATE QUARTERLY AND ANNUAL EVALUATION OF PROJECT PROCESSES AND OUTCOMES. 3.2 BEGINNING 1/1/22, INITIATE QUARTERLY AND ANNUAL EVALUATION OF PROJECT PROCESSES AND OUTCOMES. OVER THE PROJECT PERIOD, WE WILL SERVE A TOTAL OF 342 PATIENTS (OVER BASELINE) ENROLLED IN BOSTON STAR. BOSTON STAR’S CORE SERVICES INCLUDE CHILD-PARENT PSYCHOTHERAPY, TRAUMA-FOCUSED COGNITIVE/BEHAVIORAL THERAPY, AND FAMILY NAVIGATION. THE PROJECT DIRECTOR IS KRISTIN PARENT, LMHC, FROM THE DEPARTMENT OF PSYCHIATRY AT BMC.",1852757,1852757,1413280.83,439476.1699999999,2026-01-14,TAGGS,2026-01-15,N/A,2021-09-30,2027-03-31,Center for Mental Health Services,93.243,SUBSTANCE ABUSE AND MENTAL HEALTH SERVICES PROJECTS OF REGIONAL AND NATIONAL SIGNIFICANCE,SM-21-010,"National Child Traumatic Stress Initiative – Category III, Community Treatment and Service (CTS) C…",https://www.samhsa.gov/grants/grant-announcements/sm-21-010,BOSTON MEDICAL CENTER CORPORATION,MA,BOSTON,MA-07,Other Health Organization,https://taggs.hhs.gov/Detail/AwardDetail?arg_AwardNum=H79SM084960&arg_ProgOfficeCode=80,https://www.usaspending.gov/award/ASST_NON_H79SM084960_075/
SM084961,Restored,Reinstated (unconfirmed),Resilient Communities: Building a Trauma-Responsive System of Care,"RESILIENT COMMUNITIES: BUILDING A TRAUMA-RESPONSIVE SYSTEM OF CARE - THE RESILIENT COMMUNITIES: BUILDING A TRAUMA-RESPONSIVE SYSTEM OF CARE PROJECT WILL SERVE CHILDREN AND FAMILIES FROM ALL BACKGROUNDS WHO HAVE BEEN IMPACTED BY ANY TYPE OF TRAUMA WITH THE AIMS OF INCREASING ACCESS TO EVIDENCE-BASED TREATMENTS, REDUCING HEALTH DISPARITIES, IMPROVING QUALITY OF LIFE, AND BUILDING COMMUNITY-WIDE RESILIENCE. TARGET SUBPOPULATIONS INCLUDE CHILDREN INVOLVED IN THE CHILD WELFARE SYSTEM OR IN FOSTER/KINSHIP CARE, AS WELL AS MARGINALIZED UNDERSERVED POPULATIONS (E.G., LOW-INCOME, LGBTQIA+, LATINX, LIMITED ENGLISH/MONOLINGUAL SPANISH SPEAKERS). THE GEOGRAPHIC CATCHMENT AREA INCLUDES BOULDER AND BROOMFIELD COUNTIES IN COLORADO. THE PROJECT AIMS TO SERVE A TOTAL OF 13,345 CHILDREN AND FAMILIES OVER THE 5-YEAR PROJECT PERIOD. KEY GOALS INCLUDE: (1) INCREASE PROTECTIVE FACTORS AND REDUCE RISK FACTORS FOR CHILDREN, YOUTH, AND FAMILIES EXPERIENCING TRAUMA OR ADVERSITY BY IMPLEMENTING SUSTAINABLE, EVIDENCE-BASED, CULTURALLY RESPONSIVE PREVENTION SERVICES; (2) IMPROVE BEHAVIORAL HEALTH OUTCOMES, INCLUDING TRAUMA SYMPTOMS, FOR CHILDREN, YOUTH, AND FAMILIES BY IMPLEMENTING AND SUSTAINING CULTURALLY RESPONSIVE TRAUMA-FOCUSED EVIDENCE-BASED PRACTICES (TF-EBPS); AND (3) IMPROVE ACCESS TO CARE AND MULTISYSTEM COORDINATION FOR CHILDREN, YOUTH, AND FAMILIES BY PROVIDING SERVICES TO SERVICE SYSTEMS, BUILDING EFFICIENT REFERRAL PATHWAYS, AND ENSURING CULTURALLY RESPONSIVE SYSTEMS.    THERE IS A CLEAR NEED TO INCREASE ACCESS FOR FAMILIES TO THE EVIDENCE-BASED TREATMENTS THAT DIRECTLY LINK TO POSITIVE YOUTH OUTCOMES, INCLUDING TARGETED PREVENTION AND OUTREACH EFFORTS FOR MARGINALIZED POPULATIONS. AND BECAUSE CLIENTS OFTEN PRESENT WITH MULTIPLE, CO-OCCURRING FORMS OF BEHAVIORAL HEALTH CHALLENGES, CLINICIANS MUST BE EQUIPPED WITH THE TRANSDIAGNOSTIC APPROACHES AND CORE SET OF COMPETENCIES PROPOSED IN THIS PROJECT THAT ARE EMPIRICALLY LINKED TO CLINICAL BENEFIT TO EFFECTIVELY HELP CLIENTS REDUCE RISK, MOBILIZE PROTECTIVE FACTORS, AND ACHIEVE POSITIVE OUTCOMES. THE TARGETED OUTREACH AND ENGAGEMENT STRATEGIES DESCRIBED IN THIS PROPOSAL WILL PROMOTE THE PROTECTIVE FACTORS (E.G., PARENTAL SUPPORT AND WARMTH, RESPONSIVITY, COPING SKILLS, SOCIAL SUPPORT), AND REDUCE THE RISK FACTORS THAT HAVE FAR-REACHING IMPACT, INCLUDING DOWNSTREAM PREVENTION. THIS PROJECT WILL ALSO TAKE ADVANTAGE OF THE RICH OPPORTUNITY TO BETTER MEET COMMUNITY NEED BY IMPROVING CROSS-SYSTEM EXPERTISE THROUGH LEARNING OPPORTUNITIES, COMMUNITY BUILDING, AND STRONG REFERRAL PATHWAY DEVELOPMENT FOR CHILDREN- AND FAMILY-SERVING PARTNERS. RESILIENT COMMUNITIES INCLUDES DEVELOPMENT OF AN INNOVATIVE TRAUMA-FOCUSED COMMUNITY HEALTH WORKER ROLE TO LEAD OUTREACH, ENGAGEMENT, AND STIGMA REDUCTION ACTIVITIES THAT WILL BUILD COMMUNITY AND BREAK DOWN ACCESS BARRIERS FOR MARGINALIZED POPULATIONS.",2000000,2000000,1661707.89,338292.1100000001,2026-01-14,TAGGS,2026-01-15,N/A,2021-09-30,2026-09-29,Center for Mental Health Services,93.243,SUBSTANCE ABUSE AND MENTAL HEALTH SERVICES PROJECTS OF REGIONAL AND NATIONAL SIGNIFICANCE,SM-21-010,"National Child Traumatic Stress Initiative – Category III, Community Treatment and Service (CTS) C…",https://www.samhsa.gov/grants/grant-announcements/sm-21-010,"MENTAL HEALTH CENTER OF BOULDER COUNTY, INC.",CO,LAFAYETTE,CO-02,Hospital,https://taggs.hhs.gov/Detail/AwardDetail?arg_AwardNum=H79SM084961&arg_ProgOfficeCode=80,https://www.usaspending.gov/award/ASST_NON_H79SM084961_075/
SM084965,Restored,Reinstated (confirmed),BestSelf Child and Family Trauma Treatment Expansion,"BESTSELF CHILD AND FAMILY TRAUMA TREATMENT EXPANSION - THE BESTSELF CHILD AND FAMILY TRAUMA TREATMENT EXPANSION PROJECT WILL EXPAND ACCESSIBILITY AND AVAILABILITY OF EVIDENCE-BASED TRAUMA-FOCUSED TREATMENT AND SUPPORT FOR CHILDREN, YOUTH, AND THEIR FAMILIES IN ERIE, CATTARAUGUS, AND CHAUTAUQUA COUNTIES. THE GOALS AND OBJECTIVES ARE AS FOLLOWS:  GOAL 1: INCREASE AVAILABILITY AND ACCESSIBILITY OF EVIDENCE-BASED TRAUMA TREATMENT AND SUPPORT FOR CLIENTS OF THE CHILD ADVOCACY CENTER AT BESTSELF AND/OR CHILDREN, YOUTH, AND FAMILIES WHO HAVE EXPERIENCED OTHER COMPLEX TRAUMA TO IMPROVE VIABILITY, ACCESSIBILITY, AND QUALITY OF SERVICES.     OBJECTIVE 1.A: BY SEPTEMBER 2022, BESTSELF WILL PROVIDE TRAUMA TREATMENT SERVICES TO 1,160 UNIQUE CLIENTS.     OBJECTIVE 1.B.: BY SEPTEMBER 2026, BESTSELF WILL PROVIDE TRAUMA TREATMENT SERVICES TO AN AVERAGE OF 1,500 CLIENTS ANNUALLY.     OBJECTIVE 1.C: BY SEPTEMBER 2026, BESTSELF WILL IDENTIFY A 5% REDUCTION IN SEVERITY OF SYMPTOMS ON THE UCLA PTSD INDEX FOR CLIENTS ENROLLED IN THE PROJECT.     OBJECTIVE 1.D.: BY SEPTEMBER 2026, BESTSELF WILL IDENTIFY A 5% IMPROVEMENT IN SOCIAL CONNECTEDNESS AS MEASURED BY STRENGTHS AND DIFFICULTIES QUESTIONNAIRE.  GOAL 2: BESTSELF WILL CREATE A MOBILE TRAUMA TEAM TO PROVIDE TREATMENT WITHIN ERIE, CATTARAUGUS, AND CHAUTAUQUA COUNTIES.     OBJECTIVE 2.A: BY SEPTEMBER 2022, BESTSELF WILL HAVE TRAINED A COMPLETE MOBILE TEAM TO PROVIDE EVIDENCE-BASED TRAUMA INFORMED PRACTICES TO CHILDREN, ADOLESCENTS, AND FAMILIES THROUGHOUT THE      CATCHMENT AREA.     OBJECTIVE 2.B: BY SEPTEMBER 2022, BBH MOBILE TEAM WILL COORDINATE WITH EXISTING SUD MOBILE UNITS TO PROVIDE SERVICES TO 50 CHILDREN AND FAMILIES IMPACTED BY THE OPIOID CRISIS.  GOAL 3: BESTSELF WILL TRAIN THERAPISTS AND STAFF IN TRAUMA INFORMED TREATMENT MODALITIES.      OBJECTIVE 3.A: BY SEPTEMBER 2022, 2 BESTSELF SUPERVISORS WILL RECEIVE TRAIN-THE-SUPERVISOR TRAINING FOR TF-CBT     OBJECTIVE 3.B.: BY SEPTEMBER 2026, 10 ADDITIONAL BESTSELF THERAPISTS WILL BE TRAINED IN TF-CBT     OBJECTIVE 3.C: BY SEPTEMBER 2026, 10 ADDITIONAL BESTSELF THERAPISTS WILL BE TRAINED IN EYE MOVEMENT DESENSITIZATION AND REPROCESSING (EMDR)",2000000,2000000,1538248,461752,2026-01-14,TAGGS,2026-01-15,N/A,2021-09-30,2026-09-29,Center for Mental Health Services,93.243,SUBSTANCE ABUSE AND MENTAL HEALTH SERVICES PROJECTS OF REGIONAL AND NATIONAL SIGNIFICANCE,SM-21-010,"National Child Traumatic Stress Initiative – Category III, Community Treatment and Service (CTS) C…",https://www.samhsa.gov/grants/grant-announcements/sm-21-010,"BESTSELF BEHAVIORAL HEALTH, INC.",NY,BUFFALO,NY-26,Other Special Interest Organization,https://taggs.hhs.gov/Detail/AwardDetail?arg_AwardNum=H79SM084965&arg_ProgOfficeCode=80,https://www.usaspending.gov/award/ASST_NON_H79SM084965_075/
SM084966,Restored,Reinstated (confirmed),The MetroWest Evidence-based Trauma-Informed Referral & Treatment Initiative for Children (METRIC),"THE METROWEST EVIDENCE-BASED TRAUMA-INFORMED REFERRAL & TREATMENT INITIATIVE FOR CHILDREN (METRIC) - THE METROWEST EVIDENCE-BASED TRAUMA-INFORMED REFERRAL & TREATMENT INITIATIVE FOR CHILDREN (METRIC) WILL INCREASE ACCESS TO TRAUMA-FOCUSED, EVIDENCE-BASED SERVICES FOR CHILDREN AND ADOLESCENTS AGES 2 TO 18, AND THEIR FAMILIES, IN SCHOOL AND COMMUNITY-BASED SETTINGS IN WALTHAM AND SURROUNDING METROWEST COMMUNITIES. BASED AT THE BAKER CENTER WALTHAM (BCW), A DIVISION OF THE JUDGE BAKER CHILDREN'S CENTER, THIS INITIATIVE WILL PROVIDE TRAUMA-FOCUSED SERVICES TO A PROJECTED 2,350 CHILDREN AND ADOLESCENTS AND THEIR FAMILIES DURING THE FIVE-YEAR GRANT-PERIOD.  THE METRIC INITIATIVE INCLUDES COLLABORATION AMONG BCW EXPERT STAFF, THE WALTHAM PUBLIC SCHOOLS AND NCTSI-II CENTERS, INCLUDING THE CHILD TRAUMA TRAINING CENTER AT UMASS MEDICAL CENTER. METRIC WILL INCLUDE COMPREHENSIVE SCREENING; ASSESSMENT, EVIDENCE-BASED TRAUMA-FOCUSED TREATMENT, TRAINING FOR SCHOOL AND OUTPATIENT CLINICIANS, AND REFERRAL SYSTEMS TO STRENGTHEN THE INFRASTRUCTURE SUPPORTING THE LONG-TERM NEEDS OF THE COMMUNITY. METRIC'S MULTILINGUAL CLINICAL STAFF WILL BE TRAINED IN FOUR EVIDENCE-BASED PRACTICES TO MEET THE NEEDS OF CHILDREN AND ADOLESCENTS IMPACTED BY TRAUMATIC STRESS. THROUGHOUT THE FIVE-YEAR PROJECT, WE WILL ENGAGE METROWEST STAKEHOLDERS INCLUDING SCHOOLS, EARLY CARE AND EDUCATION PROVIDERS, PEDIATRIC PROVIDERS, HOSPITALS, CHILD WELFARE STAFF, FAITH-BASED ORGANIZATIONS, AND OTHER CHILD-SERVING ORGANIZATIONS THROUGH EDUCATIONAL OUTREACH, DEVELOPMENT OF SCREENING AND REFERRAL MECHANISMS, AND CONSULTATION. METRIC WILL ALSO EMPLOY A NEW FAMILY SUPPORT COORDINATOR (FSC) AT THE BAKER CENTER WALTHAM TO ASSIST PARENTS AND CAREGIVERS IN NAVIGATING THE TREATMENT PROCESS AND REFER CAREGIVERS TO NEEDED COMMUNITY-BASED, CULTURALLY COMPETENT SERVICES. THE FSC WILL ALSO HELP FAMILIES ENROLL IN MASSHEALTH (MEDICAID) OR PRIVATE INSURANCE AS NEEDED IN ORDER TO ENSURE ACCESS TO CARE. METRIC WILL ADD TO THE KNOWLEDGE BASE OF BOTH THE NATIONAL CHILD TRAUMATIC STRESS INITIATIVE NETWORK AND ONGOING TRAUMA-FOCUSED INITIATIVES IN MASSACHUSETTS SUCH AS THE CHILDHOOD TRAUMA TASK FORCE.  WE WILL WORK COLLABORATIVELY WITH LOCAL AND STATE LEADERSHIP TO PROMOTE HIGH QUALITY TRAUMA-FOCUSED CARE FOR VULNERABLE CHILDREN AND FAMILIES AND DERIVE IMPORTANT LESSONS LEARNED FROM THIS INITIATIVE THAT CAN BE APPLIED ACROSS OUR COMMONWEALTH.  THE METRIC INITIATIVE WILL POSITIVELY IMPACT THOUSANDS OF UNDERSERVED CHILDREN AND ADOLESCENTS IN WALTHAM AND THE METROWEST REGION OF BOSTON. METRIC WILL IMPROVE THE QUALITY OF TRAUMA-FOCUSED CARE, FURTHER DEVELOP A TRAUMA-INFORMED SYSTEM OF CARE, AND INCREASE ACCESS FOR UNDERSERVED POPULATIONS INCLUDING ECONOMICALLY DISADVANTAGED, BLACK AND LATINX CHILDREN AND TEENS AND LGBTQ+ YOUTH. THIS FIVE-YEAR INITIATIVE WILL PROVIDE MUCH NEEDED SUPPORT TO VULNERABLE FAMILIES FOR MANY YEARS TO COME AND THROUGH METRIC WE WILL ESTABLISH THE NECESSARY INFRASTRUCTURE AND MECHANISMS TO SUSTAIN THIS WORK INTO THE FUTURE.",1599070,1599070,1287009.92,312060.0800000001,2026-01-14,TAGGS,2026-01-15,N/A,2022-12-31,2026-12-30,Center for Mental Health Services,93.243,SUBSTANCE ABUSE AND MENTAL HEALTH SERVICES PROJECTS OF REGIONAL AND NATIONAL SIGNIFICANCE,SM-21-010,"National Child Traumatic Stress Initiative – Category III, Community Treatment and Service (CTS) C…",https://www.samhsa.gov/grants/grant-announcements/sm-21-010,JUDGE BAKER CHILDRENS CENTER,MA,BOSTON,MA-07,Community Action Organization,https://taggs.hhs.gov/Detail/AwardDetail?arg_AwardNum=H79SM084966&arg_ProgOfficeCode=80,https://www.usaspending.gov/award/ASST_NON_H79SM084966_075/
SM084967,Restored,Reinstated (confirmed),The Championing Access to Trauma-informed-treatments to Achieve Lowcountry Youth Services Transformation (CATALYST) Project,"THE CHAMPIONING ACCESS TO TRAUMA-INFORMED-TREATMENTS TO ACHIEVE LOWCOUNTRY YOUTH SERVICES TRANSFORMATION (CATALYST) PROJECT - THE CHAMPIONING ACCESS TO TRAUMA-INFORMED-TREATMENTS TO ACHIEVE LOWCOUNTRY YOUTH SERVICES TRANSFORMATION (CATALYST) PROJECT AIMS TO REDUCE THE IMPACT OF TRAUMA ON CHILDREN’S LIVES BY PROVIDING AND INCREASING ACCESS TO EFFECTIVE TRAUMA TREATMENTS AND SERVICES FOR CHILDREN AND THEIR FAMILIES WHILE ALSO IMPROVING THE QUALITY OF SERVICES BY APPLYING THEM WITH IMPROVED CULTURAL AND RACIAL EQUITY. A TOTAL OF 6,644 UNIQUE INDIVIDUALS IN THE SOUTH CAROLINA LOWCOUNTRY WILL BE SERVED DURING THE PROPOSED PROJECT. THE PROPOSED PROJECT WILL ACHIEVE THESE AIMS BY 1) PROVIDING OUTREACH, ENGAGEMENT AND PREVENTION SERVICES WITH 500 CHILDREN AND 500 CAREGIVERS, 2) PROVIDING SCREENING WITH 5,589 CHILDREN AND EFFECTIVE TRAUMA TREATMENTS FOR 627 CHILD VICTIMS OF CHILD ABUSE, AND THEIR FAMILIES, IN OUR SERVICE AREA, AND 3) IMPROVING THE QUALITY OF TRAUMA TREATMENT AND SERVICES DELIVERED AND IMPROVE CHILD OUTCOMES BY LEARNING AND APPLYING EBPS FROM A CULTURAL AND RACIAL EQUITY LENS. THE CATALYST PROJECT WILL BE HEADQUARTERED AT THE DEE NORTON LOWCOUNTRY CHILDREN’S CENTER, INC. (“DEE NORTON”), THE ONLY ACCREDITED CHILDREN’S ADVOCACY CENTER (CAC) SERVING CHILD TRAUMA VICTIMS IN CHARLESTON COUNTY. DEE NORTON IS A SPECIALTY OUTPATIENT CHILD MALTREATMENT CENTER THAT SERVES OVER 1,500 CHILDREN EACH YEAR.  CHILD MALTREATMENT IS A PUBLIC HEALTH PROBLEM WITH CLEARLY DOCUMENTED NEGATIVE PHYSICAL AND MENTAL HEALTH EFFECTS FOR CHILD VICTIMS (E.G., FELITTI ET AL., 1998). UNTREATED CHILDHOOD POSTTRAUMATIC STRESS DISORDER IS ASSOCIATED WITH OTHER SERIOUS PSYCHIATRIC PROBLEMS IN ADOLESCENCE, INCLUDING MOOD DISORDERS, DELINQUENCY, ANGER MANAGEMENT AND IMPULSE CONTROL DIFFICULTIES, SUICIDAL IDEATION AND SELF-INJURY, AND DRUG AND ALCOHOL ABUSE. THESE CLINICAL CORRELATES CAN PERSIST AND BECOME EXACERBATED IN ADULTHOOD (DANIELSON ET AL., 2006). CHILDREN OF COLOR ARE DISPROPORTIONATELY REPRESENTED IN CHILD WELFARE, YET BECAUSE OF SYSTEMIC RACISM, FAMILIES OF COLOR MAY DISTRUST THE LEGAL, SOCIAL WELFARE, AND MENTAL HEALTH SYSTEMS (OFFICE OF THE SURGEON GENERAL, 2001). OTHER CULTURAL GROUPS, SUCH AS SEXUAL MINORITIES (E.G., LGBTQ) ARE AT HIGH RISK BUT SIMILARLY UNDERUTILIZE MENTAL HEALTH SERVICES (JEE & SIMMS, 2006). THERE IS A CLEAR NEED TO INCREASE ACCESS TO EVIDENCE-BASED TRAUMA SERVICES AND TO ENSURE SERVICES ARE CULTURALLY SENSITIVE. THE PROPOSED PROJECT WILL INCREASE ACCESS TO EVIDENCE-BASED TREATMENTS, WITH PARTICULAR ATTENTION TO IMPROVING THE QUALITY OF AND OUTCOMES FOR CHILDREN RECEIVING TREATMENT FROM DIVERSE BACKGROUNDS, INCLUDING RACIAL AND SEXUAL MINORITIES.  TO ACHIEVE SERVICE TRANSFORMATION, 55 CHILD-SERVING PROFESSIONALS WILL BE TRAINED ON QUALITY IMPROVEMENTS DURING THE PROJECT. FURTHER, THE PROPOSED PROJECT WILL DIRECTLY IMPACT CHILDREN AGES 2-17 BY 5,889 CHILDREN RECEIVING TRAUMA-INFORMED SCREENING AND REFERRAL SERVICES. WE FURTHER EXPECT THAT 627 CHILDREN WILL RECEIVE EVIDENCE-BASED, TRAUMA-INFORMED TREATMENT, OVER THE COURSE OF THE PROPOSED PROJECT.",1994368,1994368,1595288,399080,2026-01-14,TAGGS,2026-01-15,N/A,2021-09-30,2026-09-29,Center for Mental Health Services,93.243,SUBSTANCE ABUSE AND MENTAL HEALTH SERVICES PROJECTS OF REGIONAL AND NATIONAL SIGNIFICANCE,SM-21-010,"National Child Traumatic Stress Initiative – Category III, Community Treatment and Service (CTS) C…",https://www.samhsa.gov/grants/grant-announcements/sm-21-010,DEE NORTON LOWCOUNTRY CHILDRENS CENTER INC,SC,CHARLESTON,SC-06,Other Special Interest Organization,https://taggs.hhs.gov/Detail/AwardDetail?arg_AwardNum=H79SM084967&arg_ProgOfficeCode=80,https://www.usaspending.gov/award/ASST_NON_H79SM084967_075/
SM084968,Restored,Reinstated (confirmed),Expanding Access to Peritrauma and Trauma Treatment for Families in Central Ohio,"EXPANDING ACCESS TO PERITRAUMA AND TRAUMA TREATMENT FOR FAMILIES IN CENTRAL OHIO - NATIONWIDE CHILDREN’S HOSPITAL (NCH) “EXPANDING ACCESS TO PERITRAUMA AND TRAUMA TREATMENT FOR FAMILIES IN CENTRAL OHIO (APTT)” WILL INCREASE CAPACITY FOR AND ACCESS TO TRAUMA SERVICES IN FRANKLIN AD LICKING COUNTY. WE WILL SERVE 1170 (YR.1: 65, YR. 2-5 APPROXIMATELY 277 ON AVERAGE) CHILDREN AND ADOLESCENTS (AGES 0 -17). WE WILL PRIORITIZE SERVICES TO BLACK FAMILIES IN OUR URBAN POVERTY AREA WHO ARE OVERREPRESENTED IN PUBLIC CHILD SERVING SYSTEMS, AND RURAL FAMILIES IN A RAPIDLY URBANIZING COUNTY. APTT AIMS TO DECREASE RELIANCE ON MORE INTENSIVE OR COMPLEX TRAUMA TREATMENT BY RESPONDING TO CHILD TRAUMA EARLY, OR SOON AFTER A TRAUMATIC EVENT. WE WILL ENGAGE HOME VISITATION SERVICES, HOSPITAL EMERGENCY AND ACUTE SERVICES, AND COMMUNITY ORGANIZATIONS THAT REPRESENT THESE FAMILIES. GOAL ONE OF OUR PROJECT AIMS TO IMPROVE PARENT CHILD ATTACHMENT, REDUCE CHILD TRAUMA SYMPTOMS, AND INCREASE CHILD PROTECTIVE FACTORS BY TRAINING 36 CLINICIANS TO PROVIDE CHILD PARENT PSYCHOTHERAPY (CPP) AND/OR THE PERINATAL ADAPTATION (P-CPP) TO 755 EXPECTANT AND NEW MOTHERS. BOTH SERVICES WILL BE ALIGNED WITH OUR HOME VISITATION PROGRAM. GOAL TWO IS TO IMPROVE PARENT CHILD COMMUNICATION AND REDUCE POSTTRAUMATIC SYMPTOMS IN CHILDREN AFTER A RECENT TRAUMATIC EVENT BY TRAINING 25 CLINICIANS TO PROVIDE CHILD AND FAMILY TRAUMATIC STRESS INTERVENTION (CFTSI) TO 415 FAMILIES IN OUR HOSPITAL AND WITH PARTNERS IN A CONTINUOUS COUNTY. GOAL THREE IS TO IMPROVE FAMILY ENGAGEMENT AND SATISFACTION BY IMPROVING OUR ABILITY TO PROVIDE INTEGRATED, FAMILY DRIVEN SERVICES CONGRUENT WITH CULTURAL AND LINGUISTIC BACKGROUNDS AND PREFERENCES. APTT WILL PROVIDE CPP TO 90 FAMILIES IN COLLABORATION WITH ETHIOPIAN TEWAHEDO SOCIAL SERVICES, AS WELL AS CARE MANAGEMENT TO 125 FAMILIES RECEIVING SERVICES AT NCH TO ADDRESS SOCIAL DETERMINANTS OF HEALTH AND TANGIBLE SUPPORT NEEDS, AND PROVIDE ADVOCACY TO ASSIST FAMILIES TO REMAIN SAFELY IN SERVICES. A CHILD TRAUMA CONSULTANT WILL PROVIDE TRAINING AND CASE CONSULTATION TO REDUCE HEALTH INEQUITIES BY ADDRESSING SOCIAL AND RACIAL BARRIERS TO CARE, AND INCREASING PROVIDER CONFIDENCE TO PROVIDE CULTURALLY RELEVANT SERVICES. WE WILL ESTABLISH A TRAUMA SPECIFIC FAMILY ADVISORY COMMITTEE AND ALIGN WITH THEIR RECOMMENDATIONS. GOAL FOUR IS TO IMPROVE CHILD TRAUMA SERVICES BY DISSEMINATING KNOWLEDGE AND BUILDING CAPACITY TO SUSTAIN EFFORTS AT THE LOCAL AND REGIONAL LEVEL, AND CONTRIBUTE AT THE NATIONAL LEVEL TO THE KNOWLEDGE ABOUT EFFECTIVE TRAUMA TREATMENT WITH DIVERSE POPULATIONS. APTT WILL SUPPORT CPP TRAIN THE TRAINER CONSULTATION, INCREASING ACCESS TO TRAINING TO SUPPORT SERVICE SUSTAINABILITY. WE WILL PROVIDE TRAINING UTILIZING NCTSN MATERIAL TO AT LEAST 300 SERVICE PROVIDERS, WITH A PRIORITY ON COMMUNITY HEALTH WORKERS AND PREVENTION SERVICES PROVIDERS. THROUGHOUT THE GRANT, STAFF WILL SUPPORT EARLY TRAUMA TREATMENT NETWORK’S EFFECTIVENESS RESEARCH WITH OUR LOCAL, DIVERSE POPULATION BY PROVIDING DATA AND ANALYTIC SUPPORT, AND PARTICIPATE IN THE NCTSN INTIMATE PARTNER COLLABORATIVE TO DEVELOP AND DISSEMINATE ONE RESOURCE BY GRANT YEAR 5.",1936000,1936000,1530841.27,405158.73,2026-01-14,TAGGS,2026-01-15,N/A,2021-09-30,2026-09-29,Center for Mental Health Services,93.243,SUBSTANCE ABUSE AND MENTAL HEALTH SERVICES PROJECTS OF REGIONAL AND NATIONAL SIGNIFICANCE,SM-21-010,"National Child Traumatic Stress Initiative – Category III, Community Treatment and Service (CTS) C…",https://www.samhsa.gov/grants/grant-announcements/sm-21-010,RESEARCH INSTITUTE AT NATIONWIDE CHILDREN'S HOSPITAL,OH,COLUMBUS,OH-03,"Research Institution, Foundation and Laboratory",https://taggs.hhs.gov/Detail/AwardDetail?arg_AwardNum=H79SM084968&arg_ProgOfficeCode=80,https://www.usaspending.gov/award/ASST_NON_H79SM084968_075/
SM084973,Restored,Reinstated (confirmed),NAHC NCTSI-III,"NAHC NCTSI-III - THE NATIVE AMERICAN HEALTH CENTER’S (NAHC) NCTSI-III PROJECT WILL PROVIDE AN INTEGRATION OF BEHAVIORAL HEALTH EVIDENCE BASED AND COMMUNITY DEFINED BEST PRACTICES TO SERVE AMERICAN INDIAN/ ALASKA NATIVE, INDIGENOUS, AND UNDERSERVED YOUTH, AGES 12-18, WHO HAVE BEEN EXPOSED TO TRAUMA OR WHO ARE AT-RISK FOR TRAUMA EXPOSURE RESIDING IN AND AROUND NAHC’S CLINICS LOCATED IN EAST OAKLAND, CALIFORNIA WITHIN MULTIPLE SETTINGS: CLINICAL, SCHOOL AND COMMUNITY BASED.  THE PROPOSED PROJECT WILL SERVE 350 MEMBERS ANNUALLY AND 1,750 MEMBERS OVER THE 5 YEAR PROJECT PERIOD. GOALS AND MEASURABLE OBJECTIVES ARE AS FOLLOWS: GOAL 1. INCREASE PARTICIPATION IN, AND ACCESS TO, TRAUMA TREATMENT AND MENTAL HEALTH PREVENTION SERVICES FOR CHILDREN AND ADOLESCENTS AGES 12-18, AND THEIR FAMILIES WHO HAVE EXPERIENCED TRAUMATIC EVENTS THROUGH THE IMPLEMENTATION OF CULTURALLY-COMPETENT, TRAUMA-INFORMED, COMMUNITY DEFINED PRACTICES IN NAHC’S CLINIC NEIGHBORHOODS. OBJECTIVES: 1. STRENGTHEN NAHC’S TRADITIONAL HEALTH MODEL BY PROVIDING CULTURALLY BASED PREVENTION SERVICES TO 30 AIAN YOUTH PER PROJECT YEAR 2. PROVIDE SCHOOL-BASED PSYCHO-EDUCATIONAL WORKSHOPS TO 30 YOUTH PER PROJECT YEAR. 3. PROVIDE SCHOOL-BASED TRAUMA-FOCUSED SELF-DEFENSE TRAINING TO 30 YOUTH, AND/OR THEIR FAMILIES PER PROJECT YEAR. 4. IMPLEMENT A YOUTH LED TOBACCO/VAPING CESSATION SOCIAL MEDIA CAMPAIGN THAT WILL REACH 100 YOUTH PER PROJECT YEAR. GOAL 2. INCREASE ACCESS TO DIRECT EVIDENCE-BASED MENTAL DISORDER TREATMENT AND SERVICES (INCLUDING PREVENTION, SCREENING, ASSESSMENT, CARE MANAGEMENT, AND THERAPY) FOR DIVERSE AND AT-RISK CHILDREN AND ADOLESCENTS THROUGH CULTURALLY-COMPETENT SERVICES FOR CHILDREN AND ADOLESCENTS AGES 12-18 RESIDING IN NAHC’S CLINIC NEIGHBORHOODS. OBJECTIVES: 1. PROVIDE SUBSTANCE USE AND WELLNESS SCREENING AND ASSESSMENT TO 30 AIAN YOUTH PER PROJECT YEAR. 2. PROVIDE SCHOOL-BASED MENTAL HEALTH SCREENINGS TO 100 YOUTH PER PROJECT YEAR. 3. PROVIDE CULTURALLY MODIFIED OUTPATIENT MENTAL HEALTH TO 20 YOUTH AND THEIR FAMILIES PER PROJECT YEAR. 4. PROVIDE SCHOOL-BASED MENTAL HEALTH INTERVENTIONS TO 20 YOUTH AND THEIR FAMILIES PER PROJECT YEAR.  GOAL 3. INCREASE AWARENESS AND ADAPTION OF THE IMPORTANCE OF CULTURALLY APPROPRIATE AND TRAUMA-INFORMED PRACTICES BY PROVIDING LOCALLY DEVELOPED AIAN HISTORY OR OTHER NETWORK TRAINING SERVICES TO POPULATIONS OF CHILD-SERVING SERVICE SYSTEMS, SUCH AS CHILD WELFARE, CHILD PROTECTIVE SERVICES, LAW ENFORCEMENT AND COURTS, AND THE JUVENILE JUSTICE SYSTEM  OBJECTIVES: 1. PROVIDE LOCALLY DEVELOPED CULTURALLY RESPONSIVE TRAININGS ON AIAN HISTORY (ADDRESSING HISTORICAL TRAUMA) TO REPRESENTATIVES OF 4 CHILD SERVING SYSTEMS PER PROJECT YEAR. 2. COLLABORATE WITH SAN FRANCISCO UNIFIED SCHOOL DISTRICT TO DEVELOP A NEEDS ASSESSMENT THAT INCLUDES THE PILOT OF SCHOOL-BASED, TRAUMA-INFORMED PREVENTION GROUPS FOR AT-RISK YOUTH RESIDING IN SAN FRANCISCO BY THE END OF YEAR 2 OF THE PROPOSED PROJECT. 3. COLLABORATE WITH NCTSI - CATEGORY II TREATMENT AND SERVICE ADAPTATION (TSA) CENTERS TO DEVELOP, ADVANCE, OR ADAPT INTERVENTIONS TO IMPROVE ENGAGEMENT AND OUTCOMES FOR TRAUMATIZED YOUTH BY THE END OF YEAR 1. 4. IMPLEMENT A PROJECT EVALUATION TO BE SUBMITTED TO SAMHSA BY THE END YEAR 5.",2000000,2000000,1386564,613436,2026-01-14,TAGGS,2026-01-15,N/A,2021-09-30,2026-09-29,Center for Mental Health Services,93.243,SUBSTANCE ABUSE AND MENTAL HEALTH SERVICES PROJECTS OF REGIONAL AND NATIONAL SIGNIFICANCE,SM-21-010,"National Child Traumatic Stress Initiative – Category III, Community Treatment and Service (CTS) C…",https://www.samhsa.gov/grants/grant-announcements/sm-21-010,"NATIVE AMERICAN HEALTH CENTER, INC.",CA,OAKLAND,CA-12,Other Health Organization,https://taggs.hhs.gov/Detail/AwardDetail?arg_AwardNum=H79SM084973&arg_ProgOfficeCode=80,https://www.usaspending.gov/award/ASST_NON_H79SM084973_075/
SM084976,Restored,Reinstated (confirmed),Healing Hurt People (HHP): Integrating Peer Services with TF-CBT for violently injured youth.,"HEALING HURT PEOPLE (HHP): INTEGRATING PEER SERVICES WITH TF-CBT FOR VIOLENTLY INJURED YOUTH. - HEALING HURT PEOPLE (HHP): INTEGRATING PEER SERVICES (PS) WITH TRAUMA-FOCUSED COGNITIVE BEHAVIORAL THERAPY (TF-CBT) FOR VIOLENTLY INJURED (VI) RACIAL AND ETHNIC MINORITY YOUTH. HHP IS A HOSPITAL AND COMMUNITY-BASED VIOLENCE INTERVENTION PROGRAM PROVIDING PEER SUPPORT, TRAUMA THERAPY, AND CASE MANAGEMENT TO PHILADELPHIA CHILDREN (AGES 8 TO 18) WHO HAVE BEEN VIOLENTLY INJURED (SHOOTINGS, STABBINGS, ASSAULTS) OR WITNESSED SUCH VIOLENCE. FOUNDED IN 2007, HHP IS PART OF DREXEL UNIVERSITY'S CENTER FOR NONVIOLENCE AND SOCIAL JUSTICE (CNSJ) IN THE COLLEGE OF MEDICINE AND DORNSIFE SCHOOL OF PUBLIC HEALTH. IN 2020, 199 CHILDREN WERE SHOT IN PHILADELPHIA, AN INCREASE OF 83% FROM 2019. PHYSICAL ASSAULTS ARE ALSO HIGHLY PREVALENT. THE SCHOOL DISTRICT OF PHILADELPHIA REPORTED 774 ASSAULTS IN THE 2018-2019 ACADEMIC YEAR. MANY VIOLENTLY INJURED YOUTHS (VIY) ARE RELEASED FROM THE HOSPITAL HAVING RECEIVED PHYSICAL CARE, BUT NO SERVICES RELATED TO THEIR EMOTIONAL SUFFERING. OVER 60% OF VIY IN PHILADELPHIA EXPERIENCE PTSD SYMPTOMS. UNTREATED PTSD WILL POTENTIALLY DERAIL A CHILD'S HEALTHY DEVELOPMENT AND SIGNIFICANTLY INCREASE THE RISK FOR SUBSTANCE ABUSE, SUICIDALITY, POOR MENTAL HEALTH, AND IMPAIRING OVERALL FUNCTIONING AT HOME, SCHOOL, AND IN THE COMMUNITY. GOAL 1: INCREASE THE NUMBER OF VIOLENTLY INJURED CHILDREN WHO ACCESS TRAUMA-SPECIFIC SERVICES VIA FLEXIBLE/ASSERTIVE OUTREACH STRATEGIES. OBJECTIVE 1.1: STAFF WILL INTRODUCE SERVICES THROUGH BEDSIDE VISITS, PHONE OUTREACH, AND HOME-VISITS TO 200 UNDUPLICATED CHILDREN/FAMILIES IN YR1; 220 IN YR2; 220 IN TR3; 220 IN YR4, AND 220 IN YR5. OBJECTIVE 1.2: 60% OF THOSE OUTREACHED EACH YEAR WILL RECEIVE TRAUMA PSYCHOEDUCATION. OBJECTIVE 1.3: A BRIEF ACUTE NEEDS ASSESSMENT WILL BE COMPLETED WITH 60% OF PARTICIPANTS OUTREACHED. GOAL 2: DECREASE TRAUMATIC STRESS SYMPTOMS/INCREASE DAILY FUNCTIONING IN VIY BY DELIVERING PS WITH TF-CBT. OBJECTIVE 2.1: 70% OF CHILDREN WHO RECEIVE PS WITH TF-CBT WILL REPORT REDUCED TRAUMA SYMPTOMS AT DISCHARGE. OBJECTIVE 2.2: 70% OF CHILDREN WHO RECEIVE PS AND TF-CBT WILL REPORT IMPROVED DAILY FUNCTIONING AT DISCHARGE. GOAL 3: INCREASE COPING SKILLS/WELLBEING AMONG VIY THROUGH PARTICIPATION IN A CULTURALLY RELEVANT GROUP THERAPY. OBJECTIVE 3.1: 10 CHILDREN WILL ATTEND CYPHER GROUP SESSION IN YR1; 20 IN YR2; 30 IN YR3; 40 IN YR4; 50 IN YR5. OBJECTIVE 3.2: 80% OF THOSE ATTENDING CYPHER WILL IMPROVE WELLBEING AS MEASURED AT DISCHARGE. GOAL 4: INCREASE CHILD SERVING ORGANIZATIONS KNOWLEDGE OF TRAUMA/IMPACT ON VIY TO INCREASE REFERRALS TO HHP AND ACCESS TO TRAUMA SERVICES. OBJECTIVE 4.1: STAFF WILL PROVIDE IN-SERVICE OR  TRAUMA 101  PRESENTATIONS TO 60 DIRECT CARE PROFESSIONALS ACROSS CHILD SERVING SYSTEMS IN YR1; 80 IN YR2; 100 IN YR3; 120 IN YR4 AND 140 IN YR5. 65% OF ATTENDEES WILL EXHIBIT INCREASED KNOWLEDGE OF TRAUMA AND ABILITY TO USE TRAUMA-INFORMED PRACTICES THROUGH POST SESSION EVALUATION SURVEYS. OBJECTIVE 4.2: REFERRALS TO HHP FROM PARTNER CHILD SERVING ORGANIZATIONS WILL INCREASE 15% EACH YEAR. NUMBER OF UNDUPLICATED INDIVIDUALS TO BE SERVED: YR 1, 120; YR 2, 132; YR 3, 132; YR 4, 132; YR 5, 132; TOTAL, 648.",1927538,1927538,1505499.96,422038.04000000004,2026-01-14,TAGGS,2026-01-15,N/A,2021-09-30,2026-09-29,Center for Mental Health Services,93.243,SUBSTANCE ABUSE AND MENTAL HEALTH SERVICES PROJECTS OF REGIONAL AND NATIONAL SIGNIFICANCE,SM-21-010,"National Child Traumatic Stress Initiative – Category III, Community Treatment and Service (CTS) C…",https://www.samhsa.gov/grants/grant-announcements/sm-21-010,DREXEL UNIVERSITY,PA,PHILADELPHIA,PA-03,"Junior College, College & University",https://taggs.hhs.gov/Detail/AwardDetail?arg_AwardNum=H79SM084976&arg_ProgOfficeCode=80,https://www.usaspending.gov/award/ASST_NON_H79SM084976_075/
SM084978,Restored,Reinstated (confirmed),Oswego County Trauma-Focused Mental Health Services Expansion Project,"OSWEGO COUNTY TRAUMA-FOCUSED MENTAL HEALTH SERVICES EXPANSION PROJECT - THE PROJECT WITHIN THE CHILD ADVOCACY CENTER OF OSWEGO COUNTY (CAC) WILL INCREASE THE CAPACITY AND ACCESS TO TRAUMA-FOCUSED MENTAL HEALTH SERVICES TO INTEGRATE EVIDENCE-BASED, BEST PRACTICE TREATMENT AND SERVICES FOR CHILDREN(AGES 4-12), ADOLESCENTS (AGES 13-17), AND THEIR FAMILIES WHO EXPERIENCE OR WITNESS TRAUMATIC EVENTS IN RESPONSE TO CHILD SEXUAL ABUSE, PHYSICAL ABUSE, AND TRAUMA.  SINCE 2013, OSWEGO COUNTY, WHICH IS ONE OF SIXTY-TWO COUNTIES IN NEW YORK STATE AND IS A LARGE RURAL AREA BORDERED TO THE NORTH BY LAKE ONTARIO AND SPREAD OVER 951 SQUARE MILES, HAS BEEN TOWARDS THE TOP OF THE STATE RANKING IN THE NUMBER OF CHILD ABUSE DISCLOSURES PER CAPITA.  THE CAC THROUGH THIS PROJECT PROPOSES FOUR KEY ACTIVITIES TO INCREASE CAPACITY AND ACCESS TO MENTAL HEALTH SERVICES THAT WILL RESULT IN 730 CLIENTS RECEIVING APPROXIMATELY 17,500 SESSIONS OF TRAUMA-INFORMED MENTAL HEALTH SERVICES:  1. ENHANCING CAPACITY-BUILDING TRAINING AND PRACTICE IN EVIDENCE-BASED TREATMENT IN ADAPTING TRAUMA-FOCUSED COGNITIVE BEHAVIORAL THERAPY (TF-CBT) - TARGET: 430 CLIENTS; 2. IMPLEMENT PROBLEMATIC SEXUAL BEHAVIOR-COGNITIVE BEHAVIORAL THERAPY IN ADOLESCENTS TREATMENT PROGRAM INTO AN EVIDENCE-BASED PRACTICE IN ADDITION TO TF-CBT - TARGET: 200 CLIENTS; 3. RE-ESTABLISH AND ENHANCE  PROTECT  (PARENTS REACHING OUT TO ENGAGE, CONNECT, AND TALK) GROUP TREATMENT MODEL FOR NON-OFFENDING PARENTS AND CAREGIVERS TO FOCUS ON PSYCHOEDUCATION ABOUT KEEPING CHILDREN SAFE, MAKING HEALTHY CHOICES AS CAREGIVERS, PARENTING SKILLS AND STRATEGIES, AS WELL AS HOW TO HANDLE DISCLOSURES OF ABUSE FROM CHILDREN, AND REPAIRING RUPTURES IN THE PARENT-CHILD RELATIONSHIP - TARGET: 100 CLIENTS; AND 4. REFORM AND RE-ESTABLISH THE TRAUMA RESPONSE TEAM WITH SUSTAINABLE REDUNDANCY TO HELP BUILD TEAM READINESS TO RESPOND TO TRAUMATIC EVENTS WITHIN THE COMMUNITY.  THROUGH THE IMPLEMENTATION OF THIS PROJECT, CAC WILL INCREASE CAPACITY AND ACCESS TO MENTAL HEALTH SERVICES THROUGH EVIDENCE-BASED, BEST PRACTICES TO NOT ONLY HELP CHILDREN SURVIVE FROM TRAUMA BUT TO GO ON TO THRIVE.",1976924,1577334,1128429.3399999999,848494.6600000001,2026-01-14,TAGGS,2026-01-15,N/A,2022-09-30,2027-09-29,Center for Mental Health Services,93.243,SUBSTANCE ABUSE AND MENTAL HEALTH SERVICES PROJECTS OF REGIONAL AND NATIONAL SIGNIFICANCE,SM-21-010,"National Child Traumatic Stress Initiative – Category III, Community Treatment and Service (CTS) C…",https://www.samhsa.gov/grants/grant-announcements/sm-21-010,CAC FOUNDATION INC,NY,FULTON,NY-24,Other Social Services Organization,https://taggs.hhs.gov/Detail/AwardDetail?arg_AwardNum=H79SM084978&arg_ProgOfficeCode=80,https://www.usaspending.gov/award/ASST_NON_H79SM084978_075/
SM084979,Restored,Reinstated (confirmed),"To provide and increase access to effective trauma-focused treatment and services systems for children and adolescents, and their families who experience traumatic events.","TO PROVIDE AND INCREASE ACCESS TO EFFECTIVE TRAUMA-FOCUSED TREATMENT AND SERVICES SYSTEMS FOR CHILDREN AND ADOLESCENTS, AND THEIR FAMILIES WHO EXPERIENCE TRAUMATIC EVENTS. - THE PROPOSED NEW YORK CENTER FOR TRAUMA-INFORMED CHILD WELFARE PRACTICE (NYCTICWP) WILL IMPROVE OUTCOMES FOR CHILDREN WHO HAVE EXPERIENCED TRAUMA THROUGH THE DIRECT IMPLEMENTATION OF THE EVIDENCE-BASED TRAUMA SYSTEMS THERAPY (TST) MODEL, THE DISSEMINATION OF EVALUATION FINDINGS AND WIDER PARTNERSHIP WITH THE NCTSI NETWORK, TRAINING PROVIDED TO OUR PARTNERS THROUGHOUT THE CHILD WELFARE SYSTEM IN NEW YORK CITY, AND ULTIMATELY, POLICY AND PRACTICE INFLUENCE AT THE NATIONAL LEVEL. THE PROJECT WILL SERVE CHILDREN BETWEEN THE AGES OF 5 AND 21 RESIDING IN NEW YORK CITY WHO HAVE BEEN DIRECTLY IMPACTED BY TRAUMA, EITHER AS A VICTIM OR A WITNESS, WITH A FOCUS ON THOSE WHO ARE MOST AT RISK (FAMILIES LIVING IN POVERTY, RACIAL/ETHNIC MINORITIES, AND THOSE LIVING IN COMMUNITIES WITH A HIGH INCIDENCE OF VIOLENCE). IN TOTAL, WE EXPECT THAT THE NYCTICWP WILL SUPPORT THE FOUNDLING IN PROVIDING TST DIRECTLY TO 167 CHILDREN AND THEIR FAMILIES, AND REACHING 560 CHILDREN AND FAMILIES THROUGH TRAINING IN THE TST MODEL WHICH OUR TEAM WILL PROVIDE TO AN INCREASING NUMBER OF PARTNER AGENCIES OVER THE COURSE OF THE GRANT PERIOD. THE GOALS FOR THE CURRENT PROJECT INCLUDE (1) IMPROVING ACCESS TO EVIDENCE BASED COMMUNITY TREATMENT FOR CHILDREN WHO HAVE EXPERIENCED TRAUMA THROUGH DIRECT IMPLEMENTATION OF TST, (2) FURTHER EXPANDING ACCESS THROUGH TRAINING, CONSULTATION, AND TECHNICAL ASSISTANCE IN TST BY NYCTICWP TO PARTNER AGENCIES IN CHILD WELFARE; 3) DEVELOPMENT OF ADDITIONAL INTERVENTION PRODUCTS INCLUDING TELE-MENTAL HEALTH PROTOCOLS AND CUSTOMIZABLE ELECTRONIC MEDICAL RECORD (EMR) TEMPLATES FOR SERVICE DOCUMENTATION AND BILLING; AND 4) THE EVALUATION OF TST AND DISSEMINATION OF FINDINGS WITHIN THE BROADER PARTNERSHIP OF THE NCTSI NETWORK AND TO LOCAL, STATE AND FEDERAL POLICY MAKERS. WE EXPECT THAT 45-50% OF YOUTH WHO COMPLETE TST WITHIN THE SYSTEM OR COMMUNITY WILL SEE A DECREASE IN FUNCTIONAL IMPAIRMENT AS MEASURED BY AGES AND STAGES QUESTIONNAIRE SOCIAL EMOTIONAL, BEHAVIOR ASSESSMENT SYSTEM FOR CHILDREN – 3, TRAUMA SYMPTOMS CHECKLIST FOR YOUNG CHILDREN OR THE CHILD PTSD SYMPTOM SCALE. THE FOUNDLING HAS ENGAGED IN PARTNERSHIPS WITH THE NYU CENTER FOR CHILD WELFARE PRACTICE INNOVATION WHICH IS LED BY PI GLENN SAXE M.D. AND IS A NCTSN CATEGORY II SITE AS WELL AS THE HAVEN ACADEMY, A CHARTER SCHOOL IN THE BRONX THAT SERVES A MAJORITY POPULATION OF CHILD WELFARE INVOLVED YOUTH, AND GOOD SHEPHERD SERVICES, A CHILD WELFARE AGENCY. THE NYCTICWP ALSO PLANS TO DEVELOP ADDITIONAL PARTNERSHIPS DURING EACH YEAR OF THE GRANT, WHICH WILL GRADUALLY EXPAND OUR CAPACITY TO IMPACT THE COMMUNITY AS THE PROJECT CONTINUES.",2000000,2000000,1500684.98,499315.02,2026-01-14,TAGGS,2026-01-15,N/A,2021-09-30,2026-09-29,Center for Mental Health Services,93.243,SUBSTANCE ABUSE AND MENTAL HEALTH SERVICES PROJECTS OF REGIONAL AND NATIONAL SIGNIFICANCE,SM-21-010,"National Child Traumatic Stress Initiative – Category III, Community Treatment and Service (CTS) C…",https://www.samhsa.gov/grants/grant-announcements/sm-21-010,THE NEW YORK FOUNDLING,NY,NEW YORK,NY-10,Hospital,https://taggs.hhs.gov/Detail/AwardDetail?arg_AwardNum=H79SM084979&arg_ProgOfficeCode=80,https://www.usaspending.gov/award/ASST_NON_H79SM084979_075/
SM084985,Restored,Reinstated (confirmed),"Build Resiliency, Inspire Growth, & Heal Trauma (BRIGHT)","BUILD RESILIENCY, INSPIRE GROWTH, & HEAL TRAUMA (BRIGHT) - SPECIAL SERVICE FOR GROUPS, INC. (SSG) PROPOSES BRIGHT (BUILD RESILIENCY, INSPIRE GROWTH, & HEAL TRAUMA) TO ADDRESS THE UNMET NEED FOR TRAUMA-INFORMED MENTAL HEALTH SERVICES FOR YOUTH AND THEIR FAMILIES IN SOUTHERN REGIONS OF LOS ANGELES COUNTY. SSG PROPOSES TO PROVIDE AND EVALUATE EVIDENCE-BASED, TRAUMA-FOCUSED MENTAL HEALTH SERVICES FOR YOUTH AGES 13-25 AND TO BUILD LOCAL SYSTEM CAPACITY TO SUPPORT YOUTH IMPACTED BY TRAUMA. THE OCCUPATIONAL THERAPY TRAINING PROGRAM (OTTP) DIVISION OF SSG WILL CONDUCT OUTREACH, TREATMENT USING THE SEEKING SAFETY MODEL, CARE MANAGEMENT, AND PREVENTION SERVICES FOR YOUTH WHO EXPERIENCE A HIGH RATE OF RISK FOR TRAUMA-RELATED MENTAL HEALTH DISORDERS DUE TO POVERTY, HOMELESSNESS, SCHOOL DELINQUENCY, AND COMMUNITY VIOLENCE. SSG/OTTP WILL ALSO TRAIN PROFESSIONALS FROM YOUTH-SERVING SYSTEMS, AS WELL AS LOCAL PARENTS/CAREGIVERS, IN YOUTH MENTAL HEALTH FIRST AID (YMHFA) TO INCREASE THEIR CAPACITY TO SUPPORT YOUTH EXPERIENCING MENTAL HEALTH ISSUES. ADDITIONALLY, SSG/OTTP WILL CONDUCT ONGOING PERFORMANCE MEASUREMENT AND EVALUATION AND SHARE THE RESULTS WITH VARIOUS STAKEHOLDERS, INCLUDING BUT NOT LIMITED TO COLLABORATION WITH NCTSI - CATEGORY II SITES. THE BRIGHT PROJECT WILL SERVE 100 YOUTH IN YEAR 1 AND 125 YOUTH YEARS 2 TO 5, FOR A TOTAL OF 600 YOUTH SERVED, AS WELL AS WILL TRAIN 30 INDIVIDUALS EACH YEAR FOR A TOTAL OF 150 TRAINED. THE PROJECT ALSO SEEKS TO ACHIEVE THE FOLLOWING GOALS AND OBJECTIVES: GOAL 1: PROVIDE AND IMPROVE ACCESS TO EVIDENCE-BASED TREATMENT AND SERVICES FOR YOUTH IMPACTED BY TRAUMA. BY THE END OF YEAR FIVE, THE PROJECT: (A) WILL PROVIDE INFORMATION TO 1250 COMMUNITY MEMBERS TO INCREASE AWARENESS OF YOUTH TRAUMA; (B) WILL HAVE CONDUCTED TRAUMA SCREENINGS FOR 750 UNDUPLICATED YOUTH; (C) WILL HAVE PROVIDED 600 UNDUPLICATED YOUTH SEEKING SAFETY GROUPS; (D) WILL HAVE PROVIDED SUPPORT/ENRICHMENT GROUPS TO 300 UNDUPLICATED YOUTH; AND (E) WILL DEMONSTRATE A 40% DECREASE IN THE SEVERITY OF TRAUMATIC STRESS SYMPTOMS REPORTED BY SEEKING SAFETY PARTICIPANTS. GOAL 2: INCREASE THE CAPACITY OF PARENTS AND LOCAL YOUTH-SERVING SYSTEMS TO IMPLEMENT TRAUMA-INFORMED PRACTICES AND PROVIDE REFERRALS FOR TRAUMA-FOCUSED SERVICES. BY THE END OF YEAR FIVE, THE PROJECT: (A) WILL HAVE PROVIDED YMHFA TRAINING TO 75 PROFESSIONALS FROM YOUTH-SERVING SYSTEMS; (B) WILL HAVE PROVIDED YMHFA TO 75 PARENTS/GUARDIANS FROM THE COMMUNITY; (C) DEMONSTRATE AT LEAST 85% OF YMHFA TRAINING PARTICIPANTS WHO REPORT INCREASED CONFIDENCE IN PERFORMING ACTIONS TO SUPPORT YOUTH WITH MENTAL HEALTH CHALLENGES; (D) WILL HAVE SECURED NEW REFERRAL RELATIONSHIPS WITH AT LEAST FIVE NEW PARTNERS FROM YOUTH-SERVING SYSTEMS. GOAL 3: ENHANCE THE AVAILABLE DATA ON BEST PRACTICES FOR SERVING TRAUMA-IMPACTED YOUTH. BY THE END OF YEAR FIVE, PROJECT: (A) WILL HAVE DEVELOPED 5 PRESENTATIONS/ REPORTS TO DISSEMINATE FINDINGS; (B) WILL HAVE PUBLISHED FIVE ANNUAL PROGRAM UPDATES IN A PUBLICLY ACCESSIBLE FORMAT; (C) WILL HAVE HELD 10 MEETINGS TO COLLABORATE WITH NCTSI - CATEGORY II SITES.",1999981,1999981,1631350,368631,2026-01-14,TAGGS,2026-01-15,N/A,2021-09-30,2026-09-29,Center for Mental Health Services,93.243,SUBSTANCE ABUSE AND MENTAL HEALTH SERVICES PROJECTS OF REGIONAL AND NATIONAL SIGNIFICANCE,SM-21-010,"National Child Traumatic Stress Initiative – Category III, Community Treatment and Service (CTS) C…",https://www.samhsa.gov/grants/grant-announcements/sm-21-010,"SPECIAL SERVICE FOR GROUPS, INC.",CA,LOS ANGELES,CA-37,Other Social Services Organization,https://taggs.hhs.gov/Detail/AwardDetail?arg_AwardNum=H79SM084985&arg_ProgOfficeCode=80,https://www.usaspending.gov/award/ASST_NON_H79SM084985_075/
SM084986,Restored,Reinstated (confirmed),Juvenile Justice Trauma Informed Systems Program (Project JUSTIS),"JUVENILE JUSTICE TRAUMA INFORMED SYSTEMS PROGRAM (PROJECT JUSTIS) - THE PURPOSE OF THIS PROJECT IS TO CREATE THE JUVENILE JUSTICE TRAUMA INFORMED SYSTEMS PROGRAM (PROJECT JUSTIS) WITHIN THE CHILD TRAUMA AND RESILIENCE ASSESSMENT CENTER (CTRAC) AT COLORADO STATE UNIVERSITY (CSU). PROJECT JUSTIS WILL SERVE LARIMER AND DENVER COUNTY YOUTH (AGES 8-18) AND THEIR FAMILIES WHO HAVE EXPERIENCED TRAUMA AND DEMONSTRATE RISK FOR INVOLVEMENT IN THE JUVENILE JUSTICE (JJ) SYSTEM. CHILDHOOD TRAUMA IS ASSOCIATED WITH HIGHER LEVELS OF POST-TRAUMATIC STRESS, DEFICITS IN REGULATION, AND POORER EXPERIENCES IN SCHOOL, ALL OF WHICH CAN CONTRIBUTE TO HIGHER RISK OF DELINQUENT BEHAVIOR. UNSURPRISINGLY, YOUTH IN JJ HAVE HIGHER TRAUMA EXPOSURE THAN THEIR PEERS. PROJECT JUSTIS AIMS TO REDUCE ENTRY INTO THE JJ SYSTEM AND RECIDIVISM BY INCREASING ACCESS TO TRAUMA-INFORMED SCREENING, SERVICES, AND SYSTEMS. LARIMER COUNTY (8TH JUDICIAL DISTRICT) AND DENVER COUNTY (2ND JUDICIAL DISTRICT) ARE HOME TO A COMBINED 90,000 OF COLORADO’S YOUTH AND TOGETHER ADDRESSED CLOSE TO 5,000 JUVENILE CHARGES BETWEEN 2017-2019. WHEN A YOUTH’S INVOLVEMENT IN THE JJ SYSTEM ESCALATES, RISK FOR ADDITIONAL TRAUMA EXPOSURE, SEPARATION FROM SUPPORT SYSTEMS, AND OBSTACLES TO TREATMENT INCREASE, HIGHLIGHTING THE NEED FOR COORDINATION AND PROVISION OF TRAUMA-INFORMED SERVICES FOR YOUTH AT-RISK FOR JJ INVOLVEMENT. THESE RISKS ARE PARTICULARLY SALIENT FOR YOUTH OF COLOR WHO ARE OVERREPRESENTED IN STRICTER LEVELS OF SENTENCING AND DETAINMENT IN BOTH LARIMER AND DENVER COUNTIES. PROJECT JUSTIS AIMS TO INCREASE THE CAPACITY AND EXPAND DELIVERY OF TRAUMA SCREENING, ASSESSMENT, AND TREATMENT FOR YOUTH IN THE TARGET POPULATION, TRAIN LOCAL PROFESSIONALS IN TRAUMA-INFORMED CARE PRINCIPLES, AND IMPROVE YOUTH AND CAREGIVER WELL-BEING. TO ACHIEVE THESE PROJECT GOALS, PROJECT JUSTIS WILL DELIVER: (1) TRAUMA SCREENING; (2) COMPREHENSIVE TRAUMA ASSESSMENTS FOR YOUTH AND CAREGIVERS; (3) TRAUMA-INFORMED CONSULTATIONS; (4) EVIDENCE-BASED TREATMENT; AND (5) NO-COST COMMUNITY TRAINING FOR ORGANIZATIONS WHO ENGAGE WITH YOUTH AND FAMILIES. PROJECT JUSTIS WILL ALSO ENGAGE WITH NCTSN NETWORK MEMBERS TO STRENGTHEN GRANT ACTIVITIES. CLINICAL TEAMS WILL BE TRAINED IN TRAUMA FOCUSED COGNITIVE BEHAVIORAL THERAPY (TF-CBT) AND ALTERNATIVES FOR FAMILIES COGNITIVE BEHAVIORAL THERAPY (AF-CBT) IN COLLABORATION WITH THE NCTSI-II CENTER FOR RESILIENCE AND WELL-BEING IN SCHOOLS AT THE UNIVERSITY OF COLORADO BOULDER. PROJECT JUSTIS ALSO PLANS TO ENGAGE IN THE SYSTEM ENHANCEMENT ACADEMIES TO SUPPORT PROJECT IMPLEMENTATION BEING PROPOSED BY THE UNIVERSITY OF CONNECTICUT CENTER FOR TRAUMA RECOVERY AND JUVENILE JUSTICE IN THE UPCOMING NCTSI-II FUNDING CYCLE. ON A YEARLY BASIS, OUR TEAM WILL SCREEN BETWEEN 115-375 YOUTH AND CAREGIVERS (INCREASING YEAR OVER YEAR) AND TRAIN BETWEEN 300-360 PROFESSIONALS. BY THE END OF THE PROJECT, WE WILL HAVE SCREENED 1350 CHILDREN, ADOLESCENTS, AND CAREGIVERS FOR COMPLEX TRAUMA; AND PROVIDED 1005 YOUTH AND CAREGIVERS ASSESSMENTS, CONSULTATIONS, AND EVIDENCE-BASED TRAUMA TREATMENTS. ADDITIONALLY, OUR TEAM WILL TRAIN 1680 STAFF FROM CHILD-SERVING ORGANIZATIONS IN TRAUMA SCREENING AND TRAUMA-INFORMED PRACTICES AND TRAIN 50 GRADUATE-LEVEL INTERNS ON TRAUMA SCREENING AND ASSESSMENT PROTOCOLS.",1598181,1598181,1257130.81,341050.18999999994,2026-01-14,TAGGS,2026-01-15,N/A,2022-12-31,2026-12-30,Center for Mental Health Services,93.243,SUBSTANCE ABUSE AND MENTAL HEALTH SERVICES PROJECTS OF REGIONAL AND NATIONAL SIGNIFICANCE,SM-21-010,"National Child Traumatic Stress Initiative – Category III, Community Treatment and Service (CTS) C…",https://www.samhsa.gov/grants/grant-announcements/sm-21-010,COLORADO STATE UNIVERSITY,CO,FORT COLLINS,CO-02,"Junior College, College & University",https://taggs.hhs.gov/Detail/AwardDetail?arg_AwardNum=H79SM084986&arg_ProgOfficeCode=80,https://www.usaspending.gov/award/ASST_NON_H79SM084986_075/
SM084991,Restored,Reinstated (confirmed),Border Traumatic Stress Response Center,"BORDER TRAUMATIC STRESS RESPONSE CENTER - SERVING CHILDREN AND ADULTS IN NEED INC. (SCAN) IS PROPOSING TO IMPLEMENT ITS BORDER TRAUMATIC STRESS RESPONSE CENTER TO INCREASE ACCESS  AND THE QUALITY OF EFFECTIVE TRAUMA-FOCUSED TREATMENT AND SERVICE SYSTEM IN WEBB COUNTY  FOR CHILDREN AND ADOLESCENTS, AND THEIR FAMILIES WHO HAVE EXPERIENCED OR WITNESSED A TRAUMATIC EVENT. THE PROJECT WILL PROVIDE ACCESS TO ALL CHILDREN AND THEIR FAMILIES IN WEBB COUNTY, ESPECIALLY CHILDREN LIVING IN UNDERSERVED AREAS, ADOLESCENTS WITH CO-OCCURRING TRAUMA AND SUBSTANCE USE DISORDER AND CHILDREN OF PARENTS  WHO ARE RECEIVING SUBSTANCE USE DISORDER TREATMENT SERVICES. THE PROJECT WILL SERVE A TOTAL OF 750 CHILDREN AND THEIR FAMILIES (150 ANNUALLY) FOR THE DURATION OF THE PROJECT. SCAN WILL CONTINUE TO FOSTER THE DEVELOPMENT OF TRAUMA-INFORMED SYSTEMS OF CARE IN WEBB COUNTY THROUGH ONGOING COLLABORATIONS WITH COMMUNITY PARTNERS AND NCTSN CATEGORY II SITES. THE PROJECTS GOALS ARE TO: 1) PROVIDE OUTREACH AND ENGAGEMENT STRATEGIES TO INCREASE ACCESS TO AND PARTICIPATION IN TRAUMA TREATMENT AND PREVENTION SERVICES FOR CHILDREN, ADOLESCENTS, AND THEIR FAMILIES WHO HAVE EXPERIENCED A TRAUMATIC EVENT; 2) PROVIDE A FULL CONTINUUM OF EVIDENCE-BASED, TRAUMA-FOCUSED, MENTAL DISORDER TREATMENT AND SERVICES, INCLUDING SCREENING, ASSESSMENT, CARE MANAGEMENT, THERAPY, AND PREVENTION FOR DIVERSE AND AT-RISK CHILDREN AND ADOLESCENTS; 3) FOSTER TRAUMA-INFORMED SYSTEMS OF CARE AT LOCAL, REGIONAL, AND  STATE LEVELS THROUGH EDUCATION IN TRAUMA-INFORMED PRACTICES FOR STAFF IN CHILD PROTECTIVE SERVICES, THE FOSTER CARE SYSTEM, THE JUVENILE JUSTICE SYSTEM, AND USING SCAN'S EXPERTISE AND NETWORK RESOURCES; 4) COLLABORATE WITH NCTSI CATEGORY II TREATMENT AND SERVICE ADAPTATION (TSA) CENTERS TO DEVELOP, ADVANCE, OR ADAPT INTERVENTIONS TO IMPROVE ENGAGEMENT AND OUTCOMES FOR TRAUMATIZED YOUTH; 5) IMPLEMENT A PROJECT EVALUATION, INCLUDING PROCESS AND OUTCOMES EVALUATION, TO BE SUBMITTED TO SAMHSA BY THE END OF THE PROJECT PERIOD; AND 6) STAFF WILL DELIVER CULTURALLY AND LINGUISTICALLY COMPETENT EVIDENCE-BASED INTERVENTIONS WITH A HIGH DEGREE OF FIDELITY. THE PROJECT WILL COLLABORATE WITH NCTSN TSA AND CTS CENTERS ON THE DEVELOPMENT AND ENHANCEMENT OF INTERVENTIONS FOR TRAUMATIZED YOUTH TO MAKE THEM MORE CULTURALLY AND LINGUISTICALLY RELEVANT. THE PROJECT WILL UTILIZE THE FOLLOWING EVIDENCE-BASED PRACTICES:  TRAUMA-FOCUSED COGNITIVE BEHAVIORAL THERAPY (TF-CBT); TRAUMA SYSTEMS THERAPY FOR SUBSTANCE ABUSE (TST-SA); PARENT CHILD INTERACTION THERAPY (PCIT) AND CHILD-ADULT RELATIONSHIP ENHANCEMENT (CARE).",2000000,2000000,1604317.3399999999,395682.66000000015,2026-01-14,TAGGS,2026-01-15,N/A,2021-09-30,2026-09-29,Center for Mental Health Services,93.243,SUBSTANCE ABUSE AND MENTAL HEALTH SERVICES PROJECTS OF REGIONAL AND NATIONAL SIGNIFICANCE,SM-21-010,"National Child Traumatic Stress Initiative – Category III, Community Treatment and Service (CTS) C…",https://www.samhsa.gov/grants/grant-announcements/sm-21-010,"SERVING CHILDREN AND ADULTS IN NEED, INC.",TX,LAREDO,TX-28,Other Social Services Organization,https://taggs.hhs.gov/Detail/AwardDetail?arg_AwardNum=H79SM084991&arg_ProgOfficeCode=80,https://www.usaspending.gov/award/ASST_NON_H79SM084991_075/
SM084994,Restored,Reinstated (confirmed),The Trauma Resiliency Project for Families in Northern Utah and Southern Idaho,"THE TRAUMA RESILIENCY PROJECT FOR FAMILIES IN NORTHERN UTAH AND SOUTHERN IDAHO - THE TRAUMA RESILIENCY PROJECT FOR FAMILIES IN NORTHERN UTAH AND SOUTHERN IDAHO WILL CONTINUE TO PROVIDE EVIDENCE-BASED AND TRAUMA-INFORMED TREATMENT TO CHILDREN AND FAMILIES. PARTICIPANTS WILL INCLUDE CHILDREN, AGES 0-18, AND THEIR FAMILIES WHO HAVE SUFFERED TRAUMA. OUTREACH WILL BE SPECIFICALLY EXTENDED TO MILITARY, REFUGEE, IMMIGRANT, LBGTQ+, AND MINORITY FAMILIES BECAUSE THESE GROUPS ARE AT HIGHER RISK FOR EXPERIENCING A TRAUMATIC EVENT (CDC, VITAL SIGNS, 2019). A FOCUSED OUTREACH EFFORT WILL ALSO BE MADE IN THE RURAL PARTS OF OUR CATCHMENT AREA BECAUSE FEWER SERVICE PROVIDERS ARE AVAILABLE TO REACH THIS POPULATION. THE CHILD & FAMILY  SUPPORT CENTER OF CACHE COUNTY INC. (CFSC OR THE FAMILY PLACE, UTAH) HAS A MISSION TO STRENGTHEN FAMILIES AND PROTECT CHILDREN. THE GOAL FOR THIS PROJECT IS TO CONTINUE TO PROVIDE AND INCREASE ACCESS TO EFFECTIVE TRAUMA-FOCUSED TREATMENT AND SERVICE SYSTEMS FOR CHILDREN AND THEIR FAMILIES WHO EXPERIENCE TRAUMATIC EVENTS THROUGHOUT OUR COMMUNITY. WE WILL BUILD ON OUR PREVIOUSLY AWARDED SAMSHA COMMUNITY TREATMENT AND SERVICES  CATEGORY III GRANT BY EXTENDING OUR EVIDENCE-BASED TRAUMA TREATMENTS TO CHILDREN 0-18 (PREVIOUSLY 0-11), AND THEIR FAMILIES WHO HAVE SUFFERED TRAUMA, AND BY DIVERSIFYING THE TYPES OF THERAPY MODELS THAT CAN SERVE THEM. TO ACHIEVE THIS GOAL, WE WILL CONTINUE PROVIDING EVIDENCE-BASED AND EVIDENCE-INFORMED INTERVENTIONS IN THE FOLLOWING STRATEGIES: (1) A THERAPEUTIC CHILD CENTER (2) HOME VISITS, (3) GROUP THERAPY, (4) INDIVIDUAL THERAPY, AND (5) COMMUNITY TRAINING AND OUTREACH TO LOCAL LEADERS AND COMMUNITY MEMBERS. CFSC EMPLOYEES ARE TRAINED ANNUALLY IN THE ATTACHMENT, REGULATION, AND COMPETENCY (ARC) FRAMEWORK FOR TRAUMA INTERVENTION. AS WE HAVE WORKED CLOSELY WITH OUR COMMUNITY TO PREVENT TRAUMA AND PROVIDE SERVICES TO THOSE WHO HAVE EXPERIENCED TRAUMA, WE HAVE LEARNED FAMILIES NEED MORE THERAPY TREATMENT OPTIONS TO EFFECTIVELY ADDRESS THE TRAUMA THEY HAVE FACED. AS WE CONTINUE TO USE THE EXPERTISE WE HAVE LEARNED THROUGH ARC, WE WILL ADD THE PARENT MANAGEMENT TRAINING MODEL (ADAPT), THAT HAS BEEN MODIFIED FOR INDIVIDUALS WHO HAVE FACED TRAUMA, AND TRAUMA-FOCUSED COGNITIVE BEHAVIORAL THERAPY (TF-CBT) TELEHEALTH SERVICES PROVIDED IN SPANISH AND ENGLISH. THE EVIDENCE-BASED TRAUMA-FOCUSED EQUINE ASSISTED PSYCHOTHERAPY (TF-EAP) APPROACH, NATURAL LIFEMANSHIP, WILL ALSO BE PROVIDED TO CHILDREN AND FAMILIES WHO HAVE EXPERIENCED TRAUMA.  MEASURABLE OUTCOMES WILL INCLUDE REDUCED TRAUMA SYMPTOMS, AN INCREASE IN TRAUMA-INFORMED SERVICES, STRONGER FAMILY RELATIONSHIPS, AND A MORE TRAUMA-INFORMED COMMUNITY. WE ANTICIPATE SCREENING 500 PARTICIPANTS A  YEAR FOR TRAUMA, WITH 225 OF THEM RECEIVING TRAUMA-INFORMED MENTAL HEALTH ASSESSMENTS.  DURING THE 5-YEAR PROGRAM, APPROXIMATELY 2,500 INDIVIDUALS WILL BE SCREENED FOR TRAUMA, AND OF THOSE SCREENED 1,125 WILL RECEIVE TRAUMA-INFORMED MENTAL HEALTH ASSESSMENTS AND TREATMENT IN THEIR PREFERRED MODES, INCLUDING TRAUMA TREATMENT IN OUR THERAPEUTIC CHILD CENTER, PARENT-CHILD RELATIONSHIP TREATMENT IN HOME VISITS, GROUP AND INDIVIDUAL THERAPY WHERE PARENTS AND CHILDREN INCREASE THEIR COPING SKILLS, REGULATORY ABILITIES, AND RECOVERY AFTER TRAUMA.",1999965,1999965,1609427.58,390537.4199999999,2026-01-14,TAGGS,2026-01-15,N/A,2021-09-30,2026-09-29,Center for Mental Health Services,93.243,SUBSTANCE ABUSE AND MENTAL HEALTH SERVICES PROJECTS OF REGIONAL AND NATIONAL SIGNIFICANCE,SM-21-010,"National Child Traumatic Stress Initiative – Category III, Community Treatment and Service (CTS) C…",https://www.samhsa.gov/grants/grant-announcements/sm-21-010,THE FAMILY PLACE UTAH,UT,LOGAN,UT-01,Other Special Interest Organization,https://taggs.hhs.gov/Detail/AwardDetail?arg_AwardNum=H79SM084994&arg_ProgOfficeCode=80,https://www.usaspending.gov/award/ASST_NON_H79SM084994_075/
SM084996,Restored,Reinstated (confirmed),FY 2021 National Child Traumatic Stress Initiative - Category III,"FY 2021 NATIONAL CHILD TRAUMATIC STRESS INITIATIVE - CATEGORY III - THE COMMUNITY COUNSELING CENTER (CCC) AT AZUSA PACIFIC UNIVERSITY (APU) OFFERS COMMUNITY BASED MENTAL HEALTH AND PSYCHOLOGICAL ASSESSMENTS ACROSS THE SAN GABRIEL VALLEY (SGV) IN AZUSA, CALIFORNIA.  DATA FROM THE LOS ANGELES COUNTY DEPARTMENT OF PUBLIC HEALTH AND THE GREATER SAN GABRIEL VALLEY HOSPITAL COLLABORATIVE INDICATES THAT SGV FAMILIES EXPERIENCE HIGH RATES OF STRESS, POOR HEALTH, ECONOMIC BURDENS, DOMESTIC VIOLENCE, AND SOCIAL ISOLATION. APU WILL OFFER INTERDISCIPLINARY, TRAUMA-INFORMED THERAPEUTIC TRAININGS AND SERVICES, OUTREACH AND STIGMA REDUCTION CAMPAIGNS, COORDINATED RESOURCE SHARING, AND AFTERCARE.  APU WILL UTILIZE THE NATIONAL STANDARDS FOR CULTURALLY AND LINGUISTICALLY APPROPRIATE SERVICES (CLAS) TO ENSURE THE NEEDS OF VULNERABLE POPULATIONS ARE ADDRESSED THROUGHOUT PROJECT PLANNING AND IMPLEMENTATION.  A MINIMUM OF 500 INDIVIDUALS WILL BE SERVED ANNUALLY, LEADING UP TO A TOTAL OF 3000 THROUGHOUT THE LIFETIME OF THE PROJECT.   GOAL ONE IS TO ENHANCE THE QUALITY AND CAPACITY OF TRAUMA INFORMED MENTAL HEALTH SERVICES TO EFFECTIVELY PREVENT, ASSESS AND TREAT TRAUMATIC SYMPTOMS AND EXPERIENCES FOR AT-RISK CHILDREN, ADOLESCENTS, AND FAMILIES.  OBJECTIVE 1: TRAIN 80% OF CLINICIANS IN A TRAUMA-INFORMED EVIDENCE BASED PRACTICE BY SEPTEMBER 29, 2022, AND EVERY PROJECT YEAR THEREAFTER. OBJECTIVE 2: PROVIDE TRAUMA-INFORMED ASSESSMENTS, TREATMENT, CASE MANAGEMENT, CRISIS RESPONSE, OUTREACH AND AFTERCARE TO AT LEAST 500 YOUTH AND FAMILIES BY SEPTEMBER 29, 2022, AND EVERY PROJECT YEAR THEREAFTER.  OBJECTIVE 3: DEVELOP A DATA TRACKING SYSTEM TO CAPTURE AND EVALUATE TRAUMA-INFORMED SERVICE NUMBERS AND OUTCOMES BY SEPTEMBER 29, 2026.   GOAL TWO IS TO INCREASE ACCESS TO SERVICES AND RESOURCES BY ACTIVATING AND IMPLEMENTING COMMUNITY-INTEGRATED OUTREACH AND ENGAGEMENT IN COLLABORATION WITH REGIONAL CITIES AND CHILD AND FAMILY SERVICE AGENCIES IN THE SAN GABRIEL VALLEY.  OBJECTIVE 1: BY SEPTEMBER 29, 2022, PROJECT STAFF WILL PARTNER WITH THE CITIES OF AZUSA, GLENDORA AND DUARTE TO DEVELOP AND OFFER 2 ANNUAL COMMUNITY PRESENTATIONS OR WEBINARS ON IDENTIFYING, RESPONDING TO, AND COPING WITH TRAUMATIC EVENTS AND EXPERIENCES.  OBJECTIVE 2: BY SEPTEMBER 29, 2023, PROJECT STAFF, IN COLLABORATION WITH SAN GABRIEL VALLEY CHILD AND FAMILY SERVICE AGENCIES WILL PARTICIPATE IN 2 OUTREACH EVENTS ANNUALLY TO EXCHANGE INFORMATION WITH YOUTH, PARENTS AND PROVIDERS ON TRAUMA-INFORMED TREATMENT RESOURCES.  OBJECTIVE 2.3: DEVELOP A DIRECTORY OF TRAUMA-FOCUSED RESOURCES TO SHARE WITH CLIENTS AND STAKEHOLDERS FOR ENHANCED ACCESS TO CARE BY SEPTEMBER 29, 2025.",1936127,1936127,1233481.11,702645.8899999999,2026-01-14,TAGGS,2026-01-15,N/A,2021-09-30,2026-09-29,Center for Mental Health Services,93.243,SUBSTANCE ABUSE AND MENTAL HEALTH SERVICES PROJECTS OF REGIONAL AND NATIONAL SIGNIFICANCE,SM-21-010,"National Child Traumatic Stress Initiative – Category III, Community Treatment and Service (CTS) C…",https://www.samhsa.gov/grants/grant-announcements/sm-21-010,AZUSA PACIFIC UNIVERSITY,CA,AZUSA,CA-31,"Junior College, College & University",https://taggs.hhs.gov/Detail/AwardDetail?arg_AwardNum=H79SM084996&arg_ProgOfficeCode=80,https://www.usaspending.gov/award/ASST_NON_H79SM084996_075/
SM084997,Restored,Reinstated (confirmed),Trauma Resilience Youth Program (TRYP),"TRAUMA RESILIENCE YOUTH PROGRAM (TRYP) - PROJECT NAME AND SUMMARY: AURORA COMMUNITY MENTAL HEALTH CENTER, D/B/A AURORA MENTAL HEALTH CENTER (AUMHC) PROPOSES FUNDING THROUGH THE NATIONAL CHILD TRAUMATIC STRESS INITIATIVE - CATEGORY 3 TO EXPAND AND ENHANCE THE TRAUMA RESILIENCE YOUTH PROGRAM (TRYP) TO PROVIDE TREATMENT NEEDS SPECIFIC TO CULTURAL ADAPTATIONS AND IMPLEMENTATION IN A SERVICE SYSTEM THAT EFFECTIVELY ENGAGES AND RETAINS REFUGEE, IMMIGRANT, AND ASYLEE POPULATIONS IN COLORADO.   POPULATION TO BE SERVED: CHILDREN AND FAMILIES WHO ARE IMMIGRANTS, REFUGEES, AND ASYLEE WHO ARE IN NEED OF EFFECTIVE, CULTURALLY COMPETENT AND LINGUISTICALLY ACCESSIBLE THERAPEUTIC SERVICES TO RECOVER FROM TRAUMA AND RE-ENGAGE IN ACTIVITIES THAT SUPPORT HEALTH DEVELOPMENT.   STRATEGIES AND INTERVENTIONS: WE WILL INTEGRATE BEST PRACTICES FOR REFUGEE AND IMMIGRANT POPULATIONS TO ELEVATE OUR STANDARD OF CARE, BUILDING OUR STAFF EXPERIENCE, EVIDENCE-BASED TREATMENT MODALITIES, AND POPULATION HEALTH MANAGEMENT CAPACITY. KEY ACTIVITIES INCLUDE: PROVIDING OUTREACH AND ENGAGEMENT STRATEGIES TO INCREASE PARTICIPATION IN AND ACCESS TO TREATMENT AND PREVENTION SERVICES; PROVIDING DIRECT EVIDENCE-BASED MENTAL DISORDER TREATMENT AND SERVICES INCLUDING SCREENING, ASSESSMENT, CASE MANAGEMENT, THERAPY, AND PREVENTION; COLLABORATING WITH OTHER NCTSI CENTERS TO IMPROVE ENGAGEMENT AND OUTCOMES FOR YOUTH THAT HAVE EXPERIENCED TRAUMA; PROVIDE SERVICES TO POPULATIONS OF CHILD-SERVING SYSTEMS; AND CONDUCT A PROGRAM EVALUATION TO TRYP WHICH WILL BE SUBMITTED AND SHARED WITH SAMHSA BY THE END OF THE PROJECT PERIOD.   PROJECT GOALS AND MEASURABLE OBJECTIVES: GOAL 1 IS TO INCREASE TRYP CAPACITY TO DELIVER CULTURALLY AND LINGUISTICALLY APPROPRIATE THERAPEUTIC SERVICES TO IMPROVE THE MENTAL AND PHYSICAL HEALTH OF REFUGEES AND IMMIGRANTS IN THE AURORA COMMUNITY. TRYP WILL HIRE TWO NEW CLINICIANS, IDENTIFY ENHANCEMENTS FOR THE ELECTRONIC HEALTH RECORD TO IMPROVE DOCUMENTATION, MONITORING, AND CLIENT OUTCOMES, AND WILL DEVELOP A SUSTAINABLE FINANCIAL PLAN FOR HEALTH NAVIGATOR SERVICES. GOAL 2 IS TO INCREASE CAPACITY FOR AN IMPLEMENTATION OF THE TRAUMA SYSTEMS THERAPY FOR REFUGEES (TST-R) INCLUDING MEETING FIDELITY IN EACH OF THE FOUR TIERS. TRYP WILL COLLABORATE WITH BOSTON CHILDREN'S HOSPITAL TO TRAIN TRYP CLINICIANS IN TST-R, DEVELOP AND OFFER TST-R TRAININGS TO AUMHC STAFF AND PARTNERS, AND ESTABLISH FIDELITY OF EACH TST-R TIER. GOAL 3 IS TO DEVELOP AND PILOT A COLLABORATIVE TWO-GENERATION (2GEN) APPROACH TO ENHANCE FAMILY WELL-BEING BY INTENTIONALLY AND SIMULTANEOUSLY WORKING WITH REFUGEE AND IMMIGRANT CHILDREN AND THEIR CAREGIVERS. THIS WILL INCLUDE ASSESSING FEASIBILITY OF IMPLEMENTING A 2GEN MODEL, IDENTIFYING TREATMENT OPTIONS THROUGH A FAMILY SYSTEMS APPROACH, INTEGRATING AN ADULT REFUGEE-SERVING CLINICIAN TO THE TRYP TEAM, AND PILOTING THE MODEL WITH UP TO 10 FAMILIES, EVALUATING ITS EFFECTIVENESS AND CAPACITY.",1959933,1959933,1656262.68,303670.32000000007,2026-01-14,TAGGS,2026-01-15,N/A,2021-09-30,2026-09-29,Center for Mental Health Services,93.243,SUBSTANCE ABUSE AND MENTAL HEALTH SERVICES PROJECTS OF REGIONAL AND NATIONAL SIGNIFICANCE,SM-21-010,"National Child Traumatic Stress Initiative – Category III, Community Treatment and Service (CTS) C…",https://www.samhsa.gov/grants/grant-announcements/sm-21-010,"AURORA COMPREHENSIVE COMMUNITY MENTAL HEALTH CENTER, INC.",CO,AURORA,CO-06,Other Health Organization,https://taggs.hhs.gov/Detail/AwardDetail?arg_AwardNum=H79SM084997&arg_ProgOfficeCode=80,https://www.usaspending.gov/award/ASST_NON_H79SM084997_075/
SM084999,Restored,Reinstated (confirmed),Center for Family and Adolescent Trauma Treatment (CFATT),"CENTER FOR FAMILY AND ADOLESCENT TRAUMA TREATMENT (CFATT) - THE CENTER FOR FAMILY AND ADOLESCENT TRAUMA TREATMENT (CFATT) WILL PROVIDE A WIDE ARRAY OF COMMUNITY BASED, EVIDENCE BASED, TRAUMA FOCUSED, AND CULTURALLY INFORMED TREATMENTS AND SERVICES. SUPPORT PROVIDED VIA WRAP AROUND SERVICES AND CARE COORDINATORS WILL COMPLEMENT THE THREE EVIDENCE-BASED PRACTICES (TRAUMA FOCUSED CBT, CULTURALLY INFORMED AND FLEXIBLE FAMILY TREATMENT FOR ADOLESCENTS: CIFFTA, AND TRAUMA ASSESSMENT PATHWAY: TAP) THAT WILL BE OFFERED. THE POPULATION OF FOCUS WILL BE CHILDREN AND ADOLESCENTS (11-18 YEARS OF AGE) WHO HAVE EXPERIENCED A TRAUMATIC EVENT (E.G., SEXUAL ABUSE, DOMESTIC VIOLENCE, NEIGHBORHOOD OR COUNTRY OF ORIGIN VIOLENCE, NATURAL DISASTERS, IMMIGRATION-RELATED TRAUMA). ADOLESCENTS WILL BE IDENTIFIED/REFERRED BY COMMUNITY HEALTH WORKERS, BY OUR TREATMENT PARTNERS (CENTER FOR FAMILY AND CHILD ENRICHMENT AND CITRUS FAMILY CARE NETWORK), AND BY COMMUNITY PARTNERS (E.G., LOCAL CARE COORDINATOR/NATURAL HELPER TEAMS, FOSTER CARE, CHILD WELFARE, AND JUVENILE JUSTICE). THE DIVERSE SOUTH FLORIDA COMMUNITY REQUIRES TREATMENTS DESIGNED FOR COMPLEX PRESENTING PROBLEMS (E.G., CUTTING AND SELF-HARM, DEPRESSION, AND SUBSTANCE USE), DIVERSE POPULATIONS (E.G., RACE, ETHNICITY, SEXUAL ORIENTATION, AND GENDER IDENTITY), AND COMMUNITY CONTEXTS INCLUDE POWERFUL HIGH RISK FACTORS. FOUR SETS OF NEEDS/GAPS HAVE BEEN IDENTIFIED. THE FIRST IS THE HIGH RATE OF TRAUMA DOCUMENTED IN THE SOUTH FLORIDA AREA, PARTLY BECAUSE BLACK, LATINO, AND LGBTQ YOUTH EXPERIENCE HIGHER RATES OF VICTIMIZATION AND TRAUMA COMPARED TO THE GENERAL POPULATION. THE SECOND IS THAT DESPITE THE IMPORTANCE OF FAMILY INVOLVEMENT AND INTERVENTION, FAMILIES TEND TO UNDERUTILIZE SERVICES AND MEMBERS MAY BE DIFFICULT TO ENGAGE INTO SERVICES WITHOUT THE USE OF SPECIALIZED ENGAGEMENT STRATEGIES AND INTERVENTIONS. THE THIRD IS THAT IT IS DIFFICULT TO CHANGE THE PRACTICE IN THE YOUTH SERVING SYSTEMS WITHOUT HAVING AN ONGOING AND SUSTAINED PRACTICE IMPROVEMENT RELATIONSHIP. THE FOURTH IS THE DEVASTATING EFFECTS OF COVID19.   IN RESPONSE TO THESE NEEDS, THE CFATT PROPOSES A SET OF FIVE GOALS. 1) TO INCREASE ACCESS AND PARTICIPATION IN SERVICES BY YOUTH/FAMILIES EXPOSED TO TRAUMATIC EVENTS, THROUGH SPECIALIZED OUTREACH AND ENGAGEMENT STRATEGIES. 2) TO PROVIDE DIRECT EVIDENCE BASED MENTAL DISORDER TREATMENT AND COMPREHENSIVE SERVICES (TAP, TF-CBT, CIFFTA, CARE COORDINATION) TO 85 YOUTH/FAMILIES PER YEAR (375 OVER 5 YEARS) TO DECREASE TRAUMA-RELATED AND BEHAVIORAL AND MENTAL HEALTH SYMPTOMS. 3) TO PROVIDE TRAINING AND WORKSHOPS TO CHILD SERVING SYSTEMS SUCH AS CHILD WELFARE, JUVENILE JUSTICE, AND FOSTER CARE ON TRAUMA-INFORMED PRACTICES. 4) TO COLLABORATE WITH THE ALLEGHENY CAT II TSA AND DR. MANNARINO TO ENHANCE TF-CBT FAMILY ENGAGEMENT INTERVENTIONS AND TO ENHANCE CIFFTA’S TRAUMA INTERVENTION COMPONENTS. 5) TO IMPLEMENT A RIGOROUS PROJECT EVALUATION INCLUDING A PROCESS AND OUTCOME EVALUATION.",1594687,1594687,1086083.6800000002,508603.31999999983,2026-01-14,TAGGS,2026-01-15,N/A,2022-12-31,2026-12-30,Center for Mental Health Services,93.243,SUBSTANCE ABUSE AND MENTAL HEALTH SERVICES PROJECTS OF REGIONAL AND NATIONAL SIGNIFICANCE,SM-21-010,"National Child Traumatic Stress Initiative – Category III, Community Treatment and Service (CTS) C…",https://www.samhsa.gov/grants/grant-announcements/sm-21-010,UNIVERSITY OF MIAMI,FL,CORAL GABLES,FL-27,"Junior College, College & University",https://taggs.hhs.gov/Detail/AwardDetail?arg_AwardNum=H79SM084999&arg_ProgOfficeCode=80,https://www.usaspending.gov/award/ASST_NON_H79SM084999_075/
SM085001,Restored,Reinstated (confirmed),HEAL,"HEAL - IN LIGHT OF ALARMING RATES OF TRAUMA AMONG CHILDREN AND TEENS IN NORTHCENTRAL CONNECTICUT, PREDATING THE START OF THE PANDEMIC AND INTENSIFYING IN RECENT MONTHS, CHR WILL USE A GRANT FROM SAMHSA TO IMPLEMENT A THOUGHTFUL PLAN TO EXPAND ACCESS TO PERSONALIZED, EVIDENCE-BASED TRAUMA TREATMENTS FOR AT-RISK YOUTH.  THE GRANT, NAMED HEAL, STANDS FOR HOPE THROUGH EXPANDED ACCESS TO LOCAL TRAUMA TREATMENT.  IT WILL PROVIDE SCREENINGS AND TREATMENTS IN CHR'S FIVE OUTPATIENT CLINICS; 18 SCHOOL-BASED CLINICS; AND THREE PEDIATRIC PRACTICES WHERE CHR CLINICIANS SEE CLIENTS.  IN ADDITION, CARE COORDINATION WILL BE PROVIDED DIRECTLY IN EACH FAMILY'S HOME.  EVERY CHILD OR TEEN WILL BE MATCHED WITH ONE OF FIVE TREATMENT OPTIONS BASED ON THEIR UNIQUE NEEDS.  THIS PROPOSAL BUILDS UPON CHR'S DECADES OF EXPERIENCE AS A COMPREHENSIVE BEHAVIORAL HEALTH PROVIDER AND THE ONLY CT AGENCY TO MEET ALL CRITERIA AS A CERTIFIED COMMUNITY BEHAVIORAL HEALTH CLINIC (CCBHC).  THE POPULATION OF FOCUS IS YOUTH UNDER 18 WHO HAVE EXPERIENCED TRAUMA AND RESIDE IN A 50-TOWN CATCHMENT AREA IN NORTHCENTRAL CT.  THE AREA REPRESENT TOWNS SERVED BY CHR'S FIVE MENTAL HEALTH CLINICS, 18 SCHOOL-BASED MENTAL HEALTH CLINICS, AND THREE PEDIATRIC PRACTICES WITH EMBEDDED CHR CLINICIANS.  STATE AND FEDERAL INDICATORS SUGGEST THAT MORE THAN 65% OF CHILDREN IN THIS CATCHMENT AREA ARE FROM LOW-INCOME HOMES.  FURTHER, A VARIETY OF FACTORS, INCLUDING REPORTS FROM CHILD-SERVING STATE AGENCIES, LOCAL POLICE, CHR'S DATA, AND ALARMING NEW DATA FROM THE CDC ABOUT INCREASING MENTAL HEATH VISITS TO ERS FOR CT YOUTH, ILLUSTRATE THE CRITICAL NEED FOR TRAUMA-FOCUSED SERVICES FOR CHILDREN IN THE REGION. ALL 50 TOWNS HAVE BEEN TOUCHED PROFOUNDLY BY THE ONGOING OPIOID CRISIS, RISING SUICIDE RATES, AND ECONOMIC FALLOUT FROM THE PANDEMIC. HEAL WILL MEET THESE NEEDS BY IMPLEMENTING GOALS TO: IMPROVE ACCESS TO ONE OF FIVE PERSONALIZED EVIDENCE-BASED TRAUMA TREATMENTS; ENSURE TRAINING IN TRAUMA-FOCUSED, EVIDENCE-BASED MODELS FOR CHR STAFF; AND PROVIDE CARE COORDINATION FOR CHILDREN AND FAMILIES SERVED BY HEAL.  MEASURABLE OBJECTIVES INCLUDE: PERCENTAGES OF CHILDREN WHO RECEIVE TRAUMA TREATMENT AND EXPERIENCE IMPROVEMENT OF SYMPTOMS; NUMBER OF THERAPISTS WHO COMPLETE TRAINING AND ONGOING COACHING IN MODEL FIDELITY; NUMBER OF CHILDREN AND FAMILIES WHO RECEIVE CARE COORDINATION SERVICES; AND DOCUMENTATION OF CONSISTENT COLLECTION AND ANALYSIS OF RELEVANT DATA.  WE EXPECT TO SCREEN APPROXIMATELY 2,900 YOUTH EACH YEAR AND PROVIDE DIRECT, EVIDENCE-BASED TRAUMA TREATMENTS AND CARE COORDINATION TO AN ESTIMATED 250 YOUTH PER YEAR, EQUALING 1.250 CHILDREN AND TEENS OVER THE GRANT DURATION.",2000000,1600000,1163908,836092,2026-01-14,TAGGS,2026-01-15,N/A,2022-09-30,2027-09-29,Center for Mental Health Services,93.243,SUBSTANCE ABUSE AND MENTAL HEALTH SERVICES PROJECTS OF REGIONAL AND NATIONAL SIGNIFICANCE,SM-21-010,"National Child Traumatic Stress Initiative – Category III, Community Treatment and Service (CTS) C…",https://www.samhsa.gov/grants/grant-announcements/sm-21-010,COMMUNITY HEALTH RESOURCES INC,CT,WINDSOR,CT-01,Other Social Services Organization,https://taggs.hhs.gov/Detail/AwardDetail?arg_AwardNum=H79SM085001&arg_ProgOfficeCode=80,https://www.usaspending.gov/award/ASST_NON_H79SM085001_075/
SM085003,Restored,Reinstated (confirmed),The Indiana Interdisciplinary Trauma and Resilience Education Partnership for Implementation and Dissemination (INTREPID) Center,"THE INDIANA INTERDISCIPLINARY TRAUMA AND RESILIENCE EDUCATION PARTNERSHIP FOR IMPLEMENTATION AND DISSEMINATION (INTREPID) CENTER - THE OVERARCHING PURPOSE OF THE INDIANA INTREPID CENTER IS TO EXPAND THE STATEWIDE DELIVERY AND ACCESSIBILITY OF HIGH QUALITY, EVIDENCE-BASED, TRAUMA-FOCUSED SERVICES ACROSS SYSTEMS AND SETTINGS FOR YOUTH AND FAMILIES IN THE STATE OF INDIANA. WITH SUPPORT FROM THIS AWARD, PROJECT GOALS WILL BE ACCOMPLISHED IN CLOSE PARTNERSHIP WITH COMMUNITY MENTAL HEALTH CENTER (CMHC) PROVIDERS, RELEVANT STATE GOVERNMENT AGENCIES, NCTSI TREATMENT AND SERVICE ADAPTATION CENTERS, AND A STATEWIDE ADVISORY BOARD. THE CENTER'S ACTIVITIES FOCUS ON CHILDREN AND ADOLESCENTS AFFECTED BY TRAUMATIC EVENTS (E.G., MALTREATMENT, VIOLENCE, DISASTER), INCLUDING THOSE FROM HISTORICALLY UNDERSERVED COMMUNITIES, AND PERSONNEL IN YOUTH-SERVING SYSTEMS (E.G., HEALTHCARE, EDUCATION, CHILD WELFARE, JUVENILE JUSTICE). THIS GRANT WILL PROVIDE THE NECESSARY RESOURCES FOR THE INDIANA INTREPID CENTER TO ADDRESS THE SIGNIFICANT NEED FOR INCREASED COMMUNITY-BASED TRAUMA-FOCUSED SERVICES FOR CHILDREN AND FAMILIES ACROSS THE STATE. SPECIFIC GOALS INCLUDE: (1) INCREASE STATEWIDE WORKFORCE CAPACITY TO PROVIDE EVIDENCE-BASED ASSESSMENT AND TREATMENT SERVICES TO TRAUMA-EXPOSED YOUTH IN CLINIC- AND SCHOOL-BASED SETTINGS THROUGH A SERIES OF INTENSIVE TRAININGS (E.G., IN TRAUMA-FOCUSED COGNITIVE BEHAVIORAL THERAPY, COGNITIVE BEHAVIORAL INTERVENTION FOR TRAUMA IN SCHOOLS, BOUNCE BACK, SUPPORT FOR STUDENTS IN SCHOOLS) FOR CLINICIANS AND NON-CLINICIANS; (2) EXPAND ENGAGEMENT IN AND COMPLETION OF HIGH QUALITY, EVIDENCE-BASED ASSESSMENT AND TREATMENT SERVICES FOR TRAUMA-EXPOSED CHILDREN AND FAMILIES IN INDIANA; AND (3) PROVIDE COORDINATED EDUCATION (E.G., INTERDISCIPLINARY YOUTH TRAUMA AND RESILIENCE ECHO PROGRAM) AND OUTREACH ACROSS YOUTH-SERVING SYSTEMS TO ACCELERATE IMPLEMENTATION OF TRAUMA-INFORMED PRACTICES AND EVIDENCE-BASED STRATEGIES FOR PROMOTING RESILIENCE AMONG INDIANA CHILDREN AND FAMILIES. THE GEOGRAPHIC CATCHMENT AREA SPANS THE STATE OF INDIANA, WITH AN EMPHASIS ON COUNTIES SERVED DIRECTLY BY THE HUB SITE AND ITS IDENTIFIED CMHC PARTNERS, WHERE 28% OF THE STATE'S POPULATION RESIDES INCLUDING COUNTIES WITH THE HIGHEST RATE AND NUMBER OF ANNUAL MALTREATMENT CASES. OUTCOMES AND PERFORMANCE METRICS WILL BE CLOSELY AND REGULARLY MONITORED, INCLUDING NUMBER OF YOUTH AND FAMILIES WHO RECEIVE EVIDENCE-BASED TRAUMA SERVICES AND NUMBER OF PROVIDERS AND YOUTH-SERVING PROFESSIONALS WHO COMPLETE TRAININGS OFFERED THROUGH THE INDIANA INTREPID CENTER. OVER THE COURSE OF THE AWARD, THE CENTER AND ITS CLINICAL PARTNERS WILL PROVIDE DIRECT SERVICES TO 1,100 YOUTH AND CAREGIVERS (I.E., 550 YOUTH AND 550 CAREGIVERS) (AVG. 220 ANNUALLY), TRAIN AT LEAST 120 PROVIDERS IN TRAUMA-FOCUSED INTERVENTIONS (AVG. 24 ANNUALLY), TRAIN AT LEAST 300 PROVIDERS IN TRAUMA SCREENING AND ASSESSMENT (AVG. 60 ANNUALLY), AND PROVIDE CONTINUING EDUCATION ON TRAUMA-INFORMED PRACTICES TO 150 PROFESSIONALS WORKING IN YOUTH-SERVING SYSTEMS (AVG. 30 ANNUALLY). THEREFORE, WE ESTIMATE THE MINIMUM NUMBER OF PEOPLE TO BE SERVED AT 1,670.",2000000,1600000,1197439.04,802560.96,2026-01-14,TAGGS,2026-01-15,N/A,2022-09-30,2027-09-29,Center for Mental Health Services,93.243,SUBSTANCE ABUSE AND MENTAL HEALTH SERVICES PROJECTS OF REGIONAL AND NATIONAL SIGNIFICANCE,SM-21-010,"National Child Traumatic Stress Initiative – Category III, Community Treatment and Service (CTS) C…",https://www.samhsa.gov/grants/grant-announcements/sm-21-010,TRUSTEES OF INDIANA UNIVERSITY,IN,BLOOMINGTON,IN-09,"Junior College, College & University",https://taggs.hhs.gov/Detail/AwardDetail?arg_AwardNum=H79SM085003&arg_ProgOfficeCode=80,https://www.usaspending.gov/award/ASST_NON_H79SM085003_075/
SM085005,Restored,Reinstated (unconfirmed),Trauma Focused Traumatic Stress Evaluation and Management for Adolescents with Posttraumatic Stress Disorder,"TRAUMA FOCUSED TRAUMATIC STRESS EVALUATION AND MANAGEMENT FOR ADOLESCENTS WITH POSTTRAUMATIC STRESS DISORDER - OLIVE VIEW MEDICAL CENTER – LOS ANGELES COUNTY (OVMC-LAC) PROPOSES IMPLEMENTING A BROAD RANGE OF TRAUMATIC STRESS SERVICES TO INCREASE ACCESS AND QUALITY OF CARE. THIS INCLUDES THE IMPLEMENTATION OF A CARE PROCESS MODEL FOR TRAUMA (CPMT) OF EFFECTIVE EVIDENCE-BASED TRAUMA SCREENING AND TRAUMA AND TRAUMA-REMINDER FOCUSED INTERVENTIONS FOR ADOLESCENTS WITH POSTTRAUMATIC STRESS DISORDER (PTSD) AND THEIR FAMILIES IN NORTH LOS ANGELES COUNTY (LAC) AND WITHIN SCHOOLS, OTHER CHILD-SERVING SYSTEMS, PEDIATRIC AND PSYCHIATRY CLINICS, AND PSYCHIATRY EMERGENCY ROOMS. THIS PROJECT WILL EXPAND AND ENHANCE THE CAPACITY OF OVMC-LAC TO DELIVER MORE EFFECTIVE AND LINGUISTICALLY/CULTURALLY COMPETENT TRAUMA SCREENING AND TREATMENT TO UNDERSERVED ADOLESCENTS WITH PTSD AND THEIR FAMILIES, ESPECIALLY AMONG MINORITIES (E.G., HISPANIC, AND AFRICAN AMERICAN YOUTH, LGBTQ YOUTH, AND VETERAN FAMILIES.)      THIS PROPOSAL IS TO ADOPT CMPT, AND TRAUMA-REMINDER FOCUSED INTERVENTIONS, INCLUDING TRAUMA AND GRIEF COMPONENT THERAPY FOR ADOLESCENTS (TGCTA), A FAMILY INTERVENTION FOR SUICIDE PREVENTION (FISP), AND A REMINDER FOCUSED POSITIVE PSYCHIATRY INTERVENTION (RFPP) - IN COLLABORATION WITH NCTSN CATEGORY II CENTERS FOR ADOLESCENTS WITH PTSD AND THEIR FAMILIES. WE WILL PROVIDE DIRECT SERVICE AND SUPERVISORY CONSULTATION USING THE NCTSN CORE CURRICULUM TO PROVIDERS AT OVMC-LAC. CLINICIANS AND NURSES AT PEDIATRIC CLINICS, LOS ANGELES UNIFIED SCHOOL DISTRICT (LAUSD), AND BARRY J. NIDORF JUVENILE HALL MENTAL HEALTH CLINICS WILL ACHIEVE TRAUMA-INFORMED SKILLSET AND COMPETENCY TO IMPLEMENT. TRAUMA-INFORMED SCREENING: CMPT WILL BE PRIMARILY IMPLEMENTED IN PEDIATRIC AND MENTAL HEALTH CLINICS, SCREENING 1,500 AT-RISK ADOLESCENTS FOR PTSD PER YEAR FOR A TOTAL OF 7,500 ADOLESCENTS. ADOLESCENTS AT RISK FOR PTSD WILL BE EVALUATED USING THE PEDIATRIC TRAUMATIC STRESS SCREENING TOOL, AND BASED ON THE ADOLESCENT'S TRAUMA SYMPTOM SEVERITY AND THE PRESENCE OF FUNCTIONAL IMPAIRMENT IN THE ADOLESCENT'S LIFE, ADOLESCENTS WITH PTSD WILL BE ASSIGNED TO ONE OF THREE TREATMENT INTERVENTIONS, INCLUDING PROTECTIVE– FOR MILD SYMPTOMS, - RESILIENT – FOR MODERATE SYMPTOMS - OR RESTORATIVE – FOR SEVERE SYMPTOMS. TRAUMA REMINDER INTERVENTIONS: FISP, TGCTA, AND RFPP INTERVENTIONS WILL BE IMPLEMENTED AT OVMC-LAC, AS A HUB, WITH DIRECT SERVICE AND ONGOING CONSULTATION IN DESIGNATED PSYCHIATRY CLINICS. THE PROJECT WILL PROVIDE EVIDENCE-BASED INTERVENTIONS TO 210 YOUTH WITH PTSD AND THEIR FAMILIES PER YEAR FOR A TOTAL OF 1,050 YOUTH. THE POPULATION OF FOCUS IS TRAUMA-EXPOSED ADOLESCENTS 9 TO 18 YEARS OLD. THIS INCLUDES CHILDREN OF MILITARY FAMILIES, CHILDREN INVOLVED IN THE CHILD WELFARE SYSTEM, CHILDREN IN PEDIATRIC CLINICS, AND ADOLESCENTS WITH CO-MORBID SUBSTANCE USE DISORDERS ACROSS NORTH LAC, INCLUDING MINORITIES AND UNDERSERVED POPULATIONS. ENHANCING THE SKILLSET AND COMPETENCY OF STAFF WHO PROVIDE CPMT AND DELIVERING TRAUMA-FOCUSED TREATMENT (CORE CURRICULUM ON CHILDHOOD TRAUMA, TGCT-A, FISP, AND RFPP) AT OVMC-LAC WILL BE DONE IN COLLABORATION WITH NCTSN CATEGORY II CENTERS IN HOUSTON, LOS ANGELES, AND SALT LAKE CITY. REPORTS REGARDING DATA COLLECTION AND PROGRESS WILL BE PROVIDED TO SAMHSA.",1851736,1851736,1412604.52,439131.48,2026-01-14,TAGGS,2026-01-15,N/A,2021-09-30,2026-09-29,Center for Mental Health Services,93.243,SUBSTANCE ABUSE AND MENTAL HEALTH SERVICES PROJECTS OF REGIONAL AND NATIONAL SIGNIFICANCE,SM-21-010,"National Child Traumatic Stress Initiative – Category III, Community Treatment and Service (CTS) C…",https://www.samhsa.gov/grants/grant-announcements/sm-21-010,"OLIVE VIEW/UCLA EDUCATION AND RESEARCH INSTITUTE, INC.",CA,SYLMAR,CA-29,Other Health Organization,https://taggs.hhs.gov/Detail/AwardDetail?arg_AwardNum=H79SM085005&arg_ProgOfficeCode=80,https://www.usaspending.gov/award/ASST_NON_H79SM085005_075/
SM085006,Restored,Reinstated (confirmed),United Community and Family Services Expansion of Child Traumatic Stress Screening and Treatment Services,"UNITED COMMUNITY AND FAMILY SERVICES EXPANSION OF CHILD TRAUMATIC STRESS SCREENING AND TREATMENT SERVICES - UNITED COMMUNITY AND FAMILY SERVICES, INC. (UCFS) PROPOSES EXPANSION OF CHILD TRAUMATIC STRESS SCREENING AND TREATMENT SERVICES TO INCREASE THE AVAILABILITY OF SCREENING, REFERRAL AND TREATMENT OF CHILDHOOD TRAUMA FOR CHILDREN AGES 0-6 LIVING IN NEW LONDON AND WINDHAM COUNTIES OF CONNECTICUT (CT) WITH A PARTICULAR FOCUS ON THOSE LIVING IN WINDHAM COUNTY WHICH IS MORE RURAL, ECONOMICALLY DEPRESSED, AND LACKS ADEQUATE SOCIAL SERVICES. WITHIN THIS AGE GROUP, THE PROJECT AIMS TO IDENTIFY EVIDENCE OF ADVERSE CHILDHOOD EXPERIENCES (ACE)S, AND INFANTS AND CHILDREN WITH SOCIAL/EMOTIONAL DIFFICULTIES AND/OR DEVELOPMENTAL DELAYS. THE OVERARCHING GOAL OF THIS PROJECT IS TO INCREASE SCREENING, EVALUATION AND TREATMENT OF YOUNG CHILDREN WHO HAVE EXPERIENCED TRAUMA. THE WORK WILL FOCUS ON IDENTIFYING CHILDREN WHO HAVE EXPERIENCED ONE OR MORE ACES AND CONNECTING THOSE CHILDREN AND THEIR CAREGIVERS TO DIAGNOSTIC EVALUATION AND CLINICALLY APPROPRIATE TREATMENT. TO ACHIEVE THIS, OUR PROJECT PROPOSES TO TRAIN PRIMARY CARE (PC), DENTAL, AND BEHAVIORAL HEALTH (BH) PROVIDERS BOTH WITHIN OUR FQHC AS WELL AS OUTSIDE PROVIDERS ELSEWHERE IN THE CATCHMENT AREA TO UTILIZE SCREENING TOOLS TO IDENTIFY CHILDREN WITH BH NEEDS. A LYNCHPIN OF THE WORK WILL BE THE ROLE OF THE FAMILY ENGAGEMENT SPECIALIST WHO WILL RECEIVE DIRECT REFERRALS FROM PEDIATRIC PROVIDERS AND WILL ADDRESS THE CHALLENGES THAT PREVENT MANY LOCAL CHILDREN IN ACCESSING BH TREATMENT INCLUDING THE RURAL, ECONOMICALLY DEPRESSED COMMUNITIES IN NORTHEAST CT WHERE SOCIAL SERVICES DO NOT EXIST IN ADEQUATE PROPORTION TO THE NEED.  GOALS: • TRAIN PEDIATRIC PROVIDERS ON THE IMPACT OF TRAUMA AND TRAUMA INFORMED CARE. • INCREASE USE OF PEARLS SCREENING FOR TRAUMA IN CHILDREN AGES 0-6 • ENGAGE CHILDREN AND FAMILIES IN SCREENING AND REFERRAL TO TRAUMA TREATMENT • INCREASE ACCESS TO EVIDENCE BASED TRAUMA TREATMENT FOR CHILDREN 0-6 AND THEIR CAREGIVERS. OBJECTIVES: • PROVIDE TRAININGS FOR UCFS CLINICAL STAFF AND COMMUNITY PROVIDERS ON THE IMPACT OF TRAUMA AND THE KEY COMPONENTS OF TRAUMA INFORMED CARE. • TRAIN UCFS PROVIDERS ON USING  CHDI’S SCREENTIME TOOL TO ASSESS BH NEEDS AS WELL AS PEARLS SCREENING TOOL • SCREEN CHILDREN AGES 0-6 FOR ACES IN UCFS’ PEDIATRIC PC, DENTAL, AND BH DEPARTMENTS • REFER CHILDREN WITH A TRAUMA ENDORSED PEARLS TO UCFS’ BH DEPARTMENT FOR TREATMENT • PROVIDE ARC AND COS TREATMENT TO CHILDREN AND THEIR FAMILIES WHO ARE REFERRED TO TREATMENT. OVER THE LIFE OF THE PROJECT, UCFS PLANS TO INCREASE THE NUMBER OF CHILDREN AND FAMILIES SCREENED, REFERRED AND/OR TREATED FOR ACES BY 10% ANNUALLY FOR A TOTAL OF 375 OVER THE COURSE OF THE GRANT (YEAR 1: 53, YEAR 2:70, YEAR 3: 77, YEAR 4: 84, YEAR 5: 91) AND PLANS TO TRAIN A TOTAL OF 212 PROVIDERS IN ACES SCREENINGS (YEAR 1: 22, YEAR 2: 45, YEAR 3: 45, YEAR 4: 50, YEAR 5: 50).",2000000,1600000,1107650.28,892349.72,2026-01-14,TAGGS,2026-01-15,N/A,2022-09-30,2027-09-29,Center for Mental Health Services,93.243,SUBSTANCE ABUSE AND MENTAL HEALTH SERVICES PROJECTS OF REGIONAL AND NATIONAL SIGNIFICANCE,SM-21-010,"National Child Traumatic Stress Initiative – Category III, Community Treatment and Service (CTS) C…",https://www.samhsa.gov/grants/grant-announcements/sm-21-010,"UNITED COMMUNITY AND FAMILY SERVICES, INC.",CT,NORWICH,CT-02,Other Health Organization,https://taggs.hhs.gov/Detail/AwardDetail?arg_AwardNum=H79SM085006&arg_ProgOfficeCode=80,https://www.usaspending.gov/award/ASST_NON_H79SM085006_075/
SM085007,Restored,Reinstated (confirmed),Evidence Based Trauma Treatment and Prevention Services,"EVIDENCE BASED TRAUMA TREATMENT AND PREVENTION SERVICES - COMMUNITY ASSOCIATION OF PROGRESSIVE DOMINICANS' (ACDP) NATIONAL CHILD TRAUMATIC STRESS INITIATIVE -- CATEGORY III PROGRAM WILL PROVIDE EVIDENCE-BASED TRAUMA TREATMENT AND PREVENTION SERVICES TO 400 ADOLESCENTS AND THEIR FAMILIES LIVING IN WASHINGTON HEIGHTS AND SURROUNDING NEIGHBORHOODS IN UPPER MANHATTAN, NEW YORK CITY (NYC), WITH A FOCUS ON LATINO AND BLACK INDIVIDUALS, WHO MAKE UP 79% OF THE SERVICE AREA AND THE MAJORITY OF ACDP'S CLIENT POPULATION.   THROUGH THIS FUNDING, ACDP WILL ADD A FULL RANGE OF TRAUMA SCREENING, PREVENTION, AND TREATMENT SERVICES TO THEIR OUTPATIENT CLINIC USING EVIDENCE-BASED PROGRAMS (EBPS). SPECIFICALLY, ACDP WILL: 1) IMPLEMENT UNIVERSAL SCREENING TRAUMA AND SUICIDE RISK THOUGH VALIDATED SCREENING TOOLS, 2) IMPLEMENT COMPREHENSIVE ASSESSMENT INCLUSIVE OF SCREENING FOR ADVERSE CHILDHOOD EXPERIENCES (ACES) AND BEHAVIORAL HEALTH DISORDERS, AS INDICATED, 3) DEVELOP TAILORED SERVICE AND TREATMENT PLANS, AND 4) PROVIDE A RANGE OF EVIDENCE-BASED PREVENTION AND TREATMENT SERVICES THAT ADDRESS A COMBINATION OF IMMEDIATE (SAFETY PLANNING) AND LONG-TERM NEEDS. ACDP WILL PROVIDE DIRECT OUTPATIENT MENTAL HEALTH TREATMENT SERVICES AND WILL LEVERAGE ITS OWN SCHOOL-BASED AND AFTERSCHOOL PROGRAMS TO RECRUIT CLIENTS; AND WILL LEVERAGE PRIMARY CARE AND ADDITIONAL BEHAVIORAL HEALTH SERVICES PROVIDED BY LA CASA DE SALUD INC. (LCDS), AND OUTPATIENT AND RESIDENTIAL MENTAL HEALTH AND SUBSTANCE USE TREATMENT SERVICES PROVIDED BY PROMESA, BOTH OF WHICH ARE ACACIA NETWORK.  OVER THE FIVE-YEAR PROGRAM, ADCP WILL ACHIEVE THE FOLLOWING: OBJECTIVE 1: SERVE 400 AT-RISK INDIVIDUALS AND THEIR FAMILIES UTILIZING EVIDENCE-BASED PRACTICES AT ACDP'S WASHINGTON HEIGHTS MENTAL HEALTH CLINIC.  OBJECTIVE 2: AMONG CLIENTS PARTICIPATING IN THE SUPPORTING STUDENTS EXPOSED TO TRAUMA (SSET) INTERVENTION, IMPROVE SKILLS AND TECHNIQUES TO REDUCE TRAUMA-RELATED STRESS BY 75%. OBJECTIVE 3: REDUCE CURRENT TOBACCO USE BY 25% AMONG AT-RISK YOUTH ENROLLED IN THE TOBACCO CESSATION PROGRAM. OBJECTIVE 4:  INCREASE THE NUMBER OF INDIVIDUALS SCORING MEDIUM- OR HIGH-RISK FOR TOXIC STRESS RESPONSE OR AT RISK FOR SUICIDE ACCESSING MENTAL HEALTH TREATMENT BY 75%.  THE PROGRAM WILL ENROLL 40 CLIENTS IN EACH OF YEARS 1 AND 2, AND 100 CLIENTS PER YEAR IN YEARS 3, 4, AND 5. ACDP WILL ALSO IMPLEMENT THE SSET INTERVENTION WITH 60 YOUTH OVER THE LIFE OF THE PROGRAM (12 PER YEAR).",1371332,1371332,578744,792588,2026-01-14,TAGGS,2026-01-15,N/A,2021-09-30,2026-09-29,Center for Mental Health Services,93.243,SUBSTANCE ABUSE AND MENTAL HEALTH SERVICES PROJECTS OF REGIONAL AND NATIONAL SIGNIFICANCE,SM-21-010,"National Child Traumatic Stress Initiative – Category III, Community Treatment and Service (CTS) C…",https://www.samhsa.gov/grants/grant-announcements/sm-21-010,COMMUNITY ASSOCIATION OF PROGRESSIVE OF,NY,NEW YORK,NY-13,Other Social Services Organization,https://taggs.hhs.gov/Detail/AwardDetail?arg_AwardNum=H79SM085007&arg_ProgOfficeCode=80,https://www.usaspending.gov/award/ASST_NON_H79SM085007_075/
SM085008,Restored,Reinstated (confirmed),GSAPP Child Trauma Clinic,"GSAPP CHILD TRAUMA CLINIC - THE RUTGERS CHILD TRAUMA CLINIC (HEREAFTER REFERRED TO AS THE CTC) AT THE CENTER FOR PSYCHOLOGICAL SERVICES (CPS), WILL BE A SPECIALTY CLINIC THAT WILL SERVE YOUTH AGES 3-18 THAT ARE IMPACTED BY TRAUMA AND REPRESENT A LOWER SOCIOECONOMIC DEMOGRAPHIC GROUP OF FAMILIES IN NEED OF LOW OR NO COST SERVICES. YOUTH SERVED IN THE PROGRAM WILL BE THOSE DEMONSTRATING INCREASED RISK AS EVIDENCED BY THEIR FAMILY INVOLVEMENT WITH THE STATE CHILD WELFARE SYSTEM, SCHOOL DISCIPLINARY TEAM, OR IDENTIFIED BY A COMMUNITY ORGANIZATION OR FAMILY MEMBER AS HAVING SIGNIFICANT CHALLENGES THAT ARE LINKED TO SUSPECTED OR KNOWN TRAUMA. CPS IS THE TRAINING CLINIC FOR THE GRADUATE SCHOOL OF APPLIED AND PROFESSIONAL PSYCHOLOGY AT RUTGERS AND IS A TOP RANKED DOCTORAL PSYCHOLOGY PROGRAM IN THE NATION. IN 2019, NEW JERSEY (NJ) PUBLISHED A REPORT ABOUT ADVERSE CHILDHOOD EXPERIENCES IN THE STATE. THE REPORT, ENTITLED “ADVERSE CHILDHOOD EXPERIENCES: OPPORTUNITIES TO PREVENT, PROTECT AGAINST, AND HEAL FROM THE EFFECTS OF ACES IN NEW JERSEY,” SHARED THAT OVER 40% (APPROX.. 782,000) OF CHILDREN IN NEW JERSEY HAVE EXPERIENCED AT LEAST ONE ADVERSE CHILDHOOD EXPERIENCES(ACE) AND 18% HAVE EXPERIENCED MULTIPLE ACES. ALSO, 27% AND 22% OF AFRICAN-AMERICAN AND HISPANIC CHILDREN HAVE EXPERIENCED MULTIPLE ACES, RESPECTIVELY, COMPARED TO 18% OF THEIR WHITE COUNTERPARTS. AS A RESULT OF THESE FINDINGS, NJ IDENTIFIED FIVE AREAS OF OPPORTUNITY TO ADDRESS CHILDHOOD TRAUMA IN THE STATE. AMONG THESE INCLUDED SUPPORT FOR PARENTS AND CAREGIVERS IN RECEIVING TRAUMA-FOCUSED EDUCATION AND SUPPORT, AND PROVIDING EVIDENCE-BASED TREATMENT FOR TRAUMATIZED YOUTH. (NEW JERSEY FUNDERS ACES COLLABORATIVE, JULY 2019)  FURTHERMORE, MIDDLESEX COUNTY, NJ, WHERE THE CTC WILL BE LOCATED, CONTINUES TO RANK IN THE TOP THREE COUNTIES FOR NEW CASES AND DEATHS LINKED TO COVID-19, DISPROPORTIONATELY AFFECTING THE TRAUMATIC LOSS EXPOSURE OF ETHNIC MINORITY COMMUNITIES. THE CTC WILL OFFER SEVERAL TRAUMA-FOCUSED TREATMENTS TO ADDRESS THE IMPACT OF TRAUMA AND LOSS, BEHAVIOR MANAGEMENT, SEXUAL ABUSE AND STRESS MANAGEMENT FOR YOUTH AND THEIR CAREGIVERS. INDIVIDUAL, FAMILY AND/OR GROUP SESSIONS UTILIZING TRAUMA AND ATTACHMENT-INFORMED TREATMENT MODALITIES WILL INCLUDE TRAUMA FOCUSED- COGNITIVE BEHAVIOR THERAPY (TF-CBT), THE ATTACHMENT, REGULATION AND COMPETENCY (ARC) FRAMEWORK, AND GAME-BASED CBT. THE CTC WILL IMPLEMENT THE CORE CURRICULUM ON CHILD TRAUMA AS THE FOUNDATIONAL APPROACH FOR THE SELECTION AND PROCESS OF TREATMENT MODALITIES AND WILL ENSURE CTC PROVIDERS ARE ALSO TRAINED IN PSYCHOLOGICAL FIRST AID IN ORDER TO ASSIST AS COMMUNITY RESPONDERS IF AN EVENT OCCURS THAT HAS A SIGNIFICANT PSYCHOLOGICAL IMPACT ON THE COMMUNITY. THE SELECTED INTERVENTIONS HAVE BEEN DEMONSTRATED TO BE EFFECTIVE WITH THESE DIVERSE POPULATIONS, A CRITICAL FACTOR FOR SERVING YOUTH IN THE CTC CATCHMENT AREA OF MIDDLESEX COUNTY WHICH IS THE 2ND MOST POPULOUS AND MOST DIVERSE COUNTY IN NJ. IN YEAR 1, WE EXPECT TO START OFF SERVING 105 YOUTH AND CAREGIVERS AND SCALE UP TO 163 INDIVIDUALS EACH YEAR THEREAFTER, ULTIMATELY SERVING 757 CHILDREN AND CAREGIVERS IMPACTED BY TRAUMA BY THE END OF THE GRANT CYCLE.",1954905,1954905,1635030.7899999998,319874.2100000002,2026-01-14,TAGGS,2026-01-15,N/A,2021-09-30,2026-09-29,Center for Mental Health Services,93.243,SUBSTANCE ABUSE AND MENTAL HEALTH SERVICES PROJECTS OF REGIONAL AND NATIONAL SIGNIFICANCE,SM-21-010,"National Child Traumatic Stress Initiative – Category III, Community Treatment and Service (CTS) C…",https://www.samhsa.gov/grants/grant-announcements/sm-21-010,"RUTGERS, THE STATE UNIVERSITY",NJ,NEW BRUNSWICK,NJ-12,"Junior College, College & University",https://taggs.hhs.gov/Detail/AwardDetail?arg_AwardNum=H79SM085008&arg_ProgOfficeCode=80,https://www.usaspending.gov/award/ASST_NON_H79SM085008_075/
SM085010,Restored,Reinstated (confirmed),Reducing PTSD Symptoms and Maladaptive Grief Reactions in Youth Impacted by Community Violence in the Greater New Orleans area,"REDUCING PTSD SYMPTOMS AND MALADAPTIVE GRIEF REACTIONS IN YOUTH IMPACTED BY COMMUNITY VIOLENCE IN THE GREATER NEW ORLEANS AREA - PROJECT FLEUR-DE-LIS (PFDL), A PROGRAM OF MERCY FAMILY CENTER, BEGAN AS AN INTERMEDIATE AND LONG-TERM SCHOOL-BASED MENTAL HEALTH SERVICE MODEL FOR YOUTH EXPOSED TO TRAUMATIC EVENTS IN THE GREATER NEW ORLEANS AREA FOLLOWING HURRICANE KATRINA. PFDL HAS EVOLVED TO PROVIDE EVIDENCE-BASED TREATMENT TO YOUTH, FAMILIES, AND COMMUNITIES WHO HAVE BEEN IMPACTED BY COMMUNITY VIOLENCE, GRIEF, COMPLEX TRAUMA, AND SUICIDE TO ENHANCE PERSONAL AND COMMUNITY RESILIENCE. PFDL’S POPULATION OF FOCUS IS LOW-INCOME, URBAN, BLACK YOUTH AGES 5-21 WHO ARE UNDERSERVED IN THE GREATER NEW ORLEANS (GNO) AREA (ORLEANS, JEFFERSON, ST. TAMMANY, ST. BERNARD, AND PLAQUEMINES PARISHES (COUNTIES)) WHO HAVE BEEN ADVERSELY IMPACTED BY COMMUNITY VIOLENCE, COMPLEX TRAUMA, SUICIDE, AND GRIEF. PROJECT FLEUR-DE-LIS (PFDL) PROPOSES THE FOLLOWING GOALS AND OBJECTIVES: GOAL 1: INCREASE ACCESS FOR TRAUMA-EXPOSED, CULTURALLY DIVERSE YOUTH AND THEIR FAMILIES TO CULTURALLY RESPONSIVE, EVIDENCE-BASED TRAUMA TREATMENT. OBJECTIVE 1A: BY THE END OF THE FIVE-YEAR PROJECT, PFDL AND PARTNERING SCHOOL AND COMMUNITY MENTAL HEALTH PROFESSIONALS WILL PROVIDE CBITS, BOUNCE BACK, AND SPARCS TO A MINIMUM OF 375 YOUTH AND FAMILIES. OBJECTIVE 1B: UPON COMPLETION OF TREATMENT, YOUTH WILL REPORT A 30% DECREASE IN PTSD SYMPTOMS AS MEASURED BY THE CHILD PTSD SYMPTOM SCALE (CPSS). GOAL 2: INCREASE ACCESS FOR YOUTH AND THEIR FAMILIES TO CULTURALLY RESPONSIVE, EVIDENCE-BASED BEREAVEMENT AND TRAUMATIC BEREAVEMENT TREATMENT. OBJECTIVE 2A: BY THE END OF THE FIVE-YEAR PROJECT, PFDL AND PARTNERING SCHOOL AND COMMUNITY MENTAL HEALTH PROFESSIONALS WILL PROVIDE TGCT AND MGT TO A MINIMUM OF 200 YOUTH AND FAMILIES. OBJECTIVE 2B: YOUTH WILL REPORT A 30% DECREASE IN MALADAPTIVE GRIEF REACTIONS ON THE PERSISTENT COMPLEX BEREAVEMENT DISORDER (PCBD) CHECKLIST UPON COMPLETION OF TREATMENT. GOAL 3: ESTABLISH A TRAUMA-, BEREAVEMENT-, AND SUICIDE-INFORMED COMMUNITY FOR YOUTH BY BUILDING THE CAPACITY OF MENTAL HEALTH PROFESSIONALS, COMMUNITY MEMBERS, AND YOUTH WITH LIVED EXPERIENCE IN PFDL’S GEOGRAPHICAL CATCHMENT AREA. OBJECTIVE 3A: AFTER THE FIVE-YEAR GRANT CYCLE, PFDL, PARTNERING SCHOOL AND COMMUNITY MENTAL HEALTH PROFESSIONALS WILL HAVE USED SAFETY-ACUTE WITH A MINIMUM OF 250 YOUTH AT RISK OF SUICIDE AND REPORT A 25% INCREASE IN COLLABORATIVE SAFETY PLANS WITH YOUTH AND FAMILIES. OBJECTIVE 3B: A MINIMUM OF 250 YOUTH-SERVING PROFESSIONALS, SCHOOL STAFF, AND COMMUNITY MEMBERS WILL DEMONSTRATE AN INCREASE IN KNOWLEDGE OF CHILDHOOD TRAUMA AS EVIDENCED BY THE CCCT EVALUATION MEASURE. OBJECTIVE 3C: PFDL WILL PROVIDE EDUCATION ON BEREAVEMENT-INFORMED CARE AND SUICIDE PREVENTION TO A MINIMUM OF 500 YOUTH-SERVING PROFESSIONALS AND SCHOOL STAFF. OBJECTIVE 3D: A MINIMUM OF 100 YOUTH WITH LIVED EXPERIENCE WILL PARTICIPATE IN COMMUNITY-BUILDING CIRCLES TO INCREASE FEELINGS OF BELONGING, TO REDUCE STIGMA, AND TO ASSIST PFDL WITH INCORPORATING THEIR VOICES INTO OUR TRAININGS AND PROGRAMMING. PFDL WILL SERVE 450 INDIVIDUALS IN YEAR 1, 500 IN YEAR 2, 550 IN YEAR 3, 600 IN YEAR 4, AND 650 IN YEAR 5, SERVING A TOTAL OF 2,750 UNDUPLICATED INDIVIDUALS ACROSS THE FIVE-YEAR GRANT PERIOD.",2000000,2000000,1518371.23,481628.77,2026-01-14,TAGGS,2026-01-15,N/A,2021-09-30,2027-09-29,Center for Mental Health Services,93.243,SUBSTANCE ABUSE AND MENTAL HEALTH SERVICES PROJECTS OF REGIONAL AND NATIONAL SIGNIFICANCE,SM-21-010,"National Child Traumatic Stress Initiative – Category III, Community Treatment and Service (CTS) C…",https://www.samhsa.gov/grants/grant-announcements/sm-21-010,MERCY FAMILY CENTER,LA,METAIRIE,LA-01,Other Special Interest Organization,https://taggs.hhs.gov/Detail/AwardDetail?arg_AwardNum=H79SM085010&arg_ProgOfficeCode=80,https://www.usaspending.gov/award/ASST_NON_H79SM085010_075/
SM085012,Restored,Reinstated (unconfirmed),Scaling Up Access to Trauma-Focused CBT for Children in Rhode Island,"SCALING UP ACCESS TO TRAUMA-FOCUSED CBT FOR CHILDREN IN RHODE ISLAND - GATEWAY HEALTHCARE PROPOSES TO IMPLEMENT THE “SCALING UP ACCESS TO TRAUMA-FOCUSED CBT (TF-CBT) FOR CHILDREN IN RHODE ISLAND” PROJECT TO INCREASE ACCESS TO EFFECTIVE, HOME-BASED TRAUMA-FOCUSED TREATMENT FOR CHILDREN AND ADOLESCENTS, PARTICULARLY THOSE OF COLOR, AND EXPAND THE NETWORK OF TRAUMA-COMPETENT PROVIDERS IN THE STATE OF RHODE ISLAND. THE PROJECT ANTICIPATES SERVING 1,100 UNDUPLICATED CHILDREN AND TRAINING A MINIMUM OF 65 CLINICIANS IN TF-CBT.  THE POPULATION OF FOCUS IS CHILDREN AGES 5-18 IN RHODE ISLAND WHO HAVE EXPERIENCED SIGNIFICANT TRAUMA AND ARE EXHIBITING SYMPTOMS SUCH AS ANXIETY, DEPRESSION, SELF-HARM, FEAR AND AVOIDANCE, DISRUPTIONS IN EATING AND SLEEPING, PHYSICAL AILMENTS AND/OR CO-OCCURRING MENTAL AND SUBSTANCE USE DISORDERS. THE PROJECT HAS A PARTICULAR EMPHASIS FOR FAMILIES WHO ARE BLACK, INDIGENOUS, AND CHILDREN OF COLOR (BIPOC) WHO HAVE BEEN TRADITIONALLY UNDERSERVED WITH TRAUMA SERVICES.   THE PROJECT’S OVERARCHING GOAL IS TO INCREASE THE NUMBER OF CHILDREN IN RHODE ISLAND WHO HAVE ACCESS TO EVIDENCE-BASED TRAUMA TREATMENT, I.E., TRAUMA-FOCUSED COGNITIVE BEHAVIOR THERAPY (TF-CBT). THE PROJECT’S MEASURABLE OBJECTIVES ARE: 1) TO TRAIN AT LEAST 65 CLINICIANS IN TF-CBT, INCLUDING AT LEAST 10 CLINICIANS WHO ARE BIPOC BY THE END OF THE PROJECT PERIOD; 2) TO INCREASE ACCESS TO TF-CBT FOR 1,100 CHILDREN IN RI EXPERIENCING TRAUMA, 45% OF WHOM WILL BE BLACK, INDIGENOUS, OR PERSONS OF COLOR; AND, 3) IN YEARS 1-3,TO DOCUMENT SPECIFIC MODIFICATIONS TO THE TF-CBT PROTOCOL FOR USE IN INTENSIVE HOME-BASED SETTINGS, INCLUDING RELEVANT CULTURAL ADAPTATIONS, AND MAKE THEM AVAILABLE TO THE BROADER MENTAL HEALTH PROVIDER COMMUNITY IN PROJECT YEARS 4 AND 5.  STRATEGIES AND INTERVENTIONS TO MEET THESE GOALS AND OBJECTIVES INCLUDE: 1) PROVIDING EVIDENCE-BASED MENTAL HEALTH TRAUMA TREATMENTS AND SERVICES TO CHILDREN IN RI; 2) GROWING THE TRAUMA RESOURCE IN THE STATE BY BRINGING TOGETHER ORGANIZATIONS THAT SUPPORT SPECIFIC TARGET POPULATIONS, SUCH AS LATINX AND ASIAN CHILDREN OR IMMIGRANTS;  3) EXPANDING THE NUMBER OF CLINICIANS IN THE STATE WITH BOTH CHILD EXPERTISE AND TRAINING IN EVIDENCE-BASED TRAUMA TECHNIQUES; AND,  4) DOCUMENTING AND DISTRIBUTING ADAPTATIONS TO THE TF-CBT PROTOCOL THAT ARE EFFECTIVE WITH DIFFERENT POPULATION GROUPS.   OVER THE COURSE OF THE PROJECT, 1,100 CHILDREN WILL BE TREATED AND 65 CLINICIANS WILL RECEIVE TRAINING, AS FOLLOWS: YEAR 1: 150 CHILDREN AND 32 CLINICIANS; YEAR 2: 200 CHILDREN AND 15 CLINICIANS; YEAR 3: 250 CHILDREN AND 10 CLINICIANS; YEAR 4: 250 CHILDREN AND 8 CLINICIANS; AND YEAR 5: 250 CHILDREN AND 5 CLINICIANS.",1592793,1592793,889942.57,702850.43,2026-01-14,TAGGS,2026-01-15,N/A,2022-12-31,2026-12-30,Center for Mental Health Services,93.243,SUBSTANCE ABUSE AND MENTAL HEALTH SERVICES PROJECTS OF REGIONAL AND NATIONAL SIGNIFICANCE,SM-21-010,"National Child Traumatic Stress Initiative – Category III, Community Treatment and Service (CTS) C…",https://www.samhsa.gov/grants/grant-announcements/sm-21-010,GATEWAY HEALTHCARE INC,RI,PROVIDENCE,RI-01,Other Social Services Organization,https://taggs.hhs.gov/Detail/AwardDetail?arg_AwardNum=H79SM085012&arg_ProgOfficeCode=80,https://www.usaspending.gov/award/ASST_NON_H79SM085012_075/
SM085017,Restored,Reinstated (confirmed),Community Health & Resilience Initiative (CHRI),"COMMUNITY HEALTH & RESILIENCE INITIATIVE (CHRI) - THE COMMUNITY HEALTH & RESILIENCE INITIATIVE (CHRI) WILL INCREASE ACCESS TO EFFECTIVE TRAUMA-FOCUSED TREATMENT AND PREVENTION SERVICES FOR CHILDREN, ADOLESCENTS AND FAMILIES (AGES 3 TO 18) WHO HAVE EXPERIENCED TRAUMA IN GREENE COUNTY OHIO. OVER THE LIFE OF THE GRANT, THIS PROJECT WILL REACH 4,075 INDIVIDUALS THROUGH DIRECT TREATMENT, PREVENTION, PROMOTION AND OUTREACH STRATEGIES. CHRI WILL EMBED TRAUMA-FOCUSED MENTAL HEALTH SERVICES INTO THE CRISIS ORIENTED CHILD SERVING SYSTEMS OF CHILD WELFARE, JUVENILE JUSTICE AND LAW ENFORCEMENT, REACHING 1,875 YOUTH THROUGH DIRECT TREATMENT BY PROJECT END.  THE EXPANSION OF MENTAL HEALTH TREATMENT INTO THESE SERVICES SYSTEMS PUTS ACCESS TO CARE AT THE FRONT DOOR OF SYSTEM INVOLVEMENT FOR CHILDREN, ADOLESCENTS AND FAMILIES WHO HAVE EXPERIENCED TRAUMA. THE PRIMARY STRATEGIES ARE DIRECT TRAUMA TREATMENT AND TRAUMA PREVENTION AND PROMOTION. ONE GOAL OF THE PROJECT IS TO INCREASE THE USE OF EBPS IN DIRECT TRAUMA TREATMENT. EBPS SELECTED FOR THIS PROJECT INCLUDE: TRAUMA FOCUSED COGNITIVE BEHAVIORAL THERAPY, CHILD AND FAMILY TRAUMATIC STRESS INTERVENTION, AND THE ATTACHMENT, SELF-REGULATION, AND COMPETENCY INTERVENTION.  PREVENTION AND PROMOTION STRATEGIES WILL CHANGE OVER TIME THE DAILY PRACTICES OF KEY SYSTEMS THAT ARE OFTEN THE FIRST POINTS OF FORMAL CONTACT FOR CHILDREN AND FAMILIES IN TIMES OF CRISIS AND TRAUMA. ALL PARTNER SYSTEM STAFF WILL BE TRAINED TO ADMINISTER TRAUMA SCREENINGS AND THE PROJECT WILL PROVIDE TRAUMA INFORMED TRAININGS TO 200 OF THESE SYSTEM STAFF ANNUALLY. TO INCREASE HEALTHY COPING SKILLS AND IMPROVE FAMILY FUNCTIONING, PREVENTION AND PROMOTION SERVICES WILL BE PROVIDED DIRECTLY TO 200 CHILDREN AND FAMILIES EXPERIENCING TRAUMA PER YEAR, AND 1,000 OVER THE LIFE OF THE GRANT. THE FINAL GOAL OF THE PROJECT IS TO USE RESOURCES TO INCREASE UNDERSTANDING OF TRAUMA AND BUILD TRAUMA FOCUSED AND SENSITIVE POLICIES, PROCEDURES AND PRACTICES IN LOCAL CHILD SERVING SYSTEMS OF CHILD WELFARE, JUVENILE JUSTICE AND LAW ENFORCEMENT USING REAL-TIME CONSULTATION (1,000 OVER THE LIFE OF THE GRANT) AND TRAUMA-INFORMED ORGANIZATIONAL ASSESSMENT.",1925000,1925000,1421902.81,503097.18999999994,2026-01-14,TAGGS,2026-01-15,N/A,2021-09-30,2026-09-29,Center for Mental Health Services,93.243,SUBSTANCE ABUSE AND MENTAL HEALTH SERVICES PROJECTS OF REGIONAL AND NATIONAL SIGNIFICANCE,SM-21-010,"National Child Traumatic Stress Initiative – Category III, Community Treatment and Service (CTS) C…",https://www.samhsa.gov/grants/grant-announcements/sm-21-010,GREENE COUNTY EDUCATIONAL SERVICE CENTER,OH,YELLOW SPGS,OH-10,Other Educational Organization,https://taggs.hhs.gov/Detail/AwardDetail?arg_AwardNum=H79SM085017&arg_ProgOfficeCode=80,https://www.usaspending.gov/award/ASST_NON_H79SM085017_075/
SM085027,Restored,Reinstated (confirmed),Hope & Healing for Children Who Experience Family Violence,"HOPE & HEALING FOR CHILDREN WHO EXPERIENCE FAMILY VIOLENCE - THE PROPOSED PROJECT WILL IMPROVE THE FAMILY PEACE CENTER’S (FPC) RESPONSE TO CHILDREN WHO HAVE EXPERIENCED FAMILY VIOLENCE (FV) BY EXPANDING OUR CAPACITY TO IDENTIFY AND SERVE OUR POPULATION OF FOCUS OF CHILDREN AND FAMILIES EXPERIENCING FAMILY VIOLENCE SERVED AT THE FPC IN MILWAUKEE, WISCONSIN USING EVIDENCE-INFORMED INTERVENTIONS AND STRATEGIES. WE WILL ACCOMPLISH THIS USING THE FPC’S CENTRALIZED DATA SYSTEM (CDS) TO STANDARDIZE THE IDENTIFICATION AND REFERRALS FOR CHILDREN WHO HAVE EXPERIENCED FV AMONG THE 14 CO-LOCATED PARTNER AGENCIES COMPRISING THE FPC. WE WILL FURTHER ACCOMPLISH THIS BY INCREASING CAPACITY TO SERVICE THOSE REFERRALS WITH EVIDENCE-BASED INTERVENTIONS AND STRATEGIES THROUGH IMPLEMENTING CHILD WITNESS TO DOMESTIC VIOLENCE GROUPS FOR CHILDREN AND NON-ABUSIVE PARENTS, MOMS & TEENS FOR SAFE DATES GROUPS FOR ADOLESCENTS AND NON-ABUSIVE PARENTS, YOUTH TRAUMA SUPPORT SPECIALIST POSITIONS SERVING BOTH FAMILIES LIVING IN OUR EMERGENCY SHELTER AS WELL AS FAMILIES LIVING IN THE COMMUNITY, A CUSTODY EVALUATOR POSITION, & PROJECT COORDINATOR POSITION. GOAL 1 IS TO INCREASE CAPACITY OF FPC PARTNER AGENCIES TO IDENTIFY AND REFER TO SERVICE CHILDREN WHO HAVE EXPERIENCED FV. OBJECTIVE 1A. 10 OF 14 AGENCIES WILL USE THE CDS TO ASK ADULT VICTIMS ABOUT THEIR CHILDREN WHO HAVE EXPERIENCED FV. OBJECTIVE 1B. FPC STAFF WILL USE TOOLS WITHIN THE CDS TO FURTHER ASSESS INDIVIDUAL NEEDS OF 65% OF CHILDREN IDENTIFIED. OBJECTIVE 1C. AT LEAST 65% OF CHILDREN WILL HAVE RECEIVED A REFERRAL FOR SERVICE APPROPRIATE FOR THEIR NEEDS. GOAL 2 IS TO INCREASE CAPACITY AT THE FPC TO PROVIDE EVIDENCE-INFORMED SERVICES TO CHILDREN WHO HAVE EXPERIENCED FV THEREBY IMPROVING THEIR WELL-BEING INCLUDING INCREASED SAFETY, DECREASED PTSD, IMPROVED BEHAVIOR, AND INCREASED HOPE. OBJECTIVE 2A. EXPAND PROVISION OF THE “CHILD WITNESS TO DOMESTIC VIOLENCE” GROUP FROM TWICE YEARLY TO 4 TIMES YEARLY (UP TO 48 FAMILIES). OBJECTIVE 2B. PROVIDE GROUP SERVICES VIA “MOMS & TEENS FOR SAFE DATES” PROGRAM 4 TIMES YEARLY (UP TO 48 FAMILIES) TO ADOLESCENTS IN DATING RELATIONSHIPS OR WHO HAVE EXPERIENCED FV BETWEEN ADULTS. OBJECTIVE 2C. PROVIDE INDIVIDUAL SUPPORT & ADVOCACY FOR PARENTS IN OUR EMERGENCY SHELTER (~136 FAMILIES YEARLY) AND LIVING IN COMMUNITY (~136 FAMILIES YEARLY) VIA YOUTH TRAUMA SUPPORT SPECIALIST POSITIONS. OBJECTIVE 2D. PROVIDE CUSTODY EVALUATIONS 30 HOURS PER WEEK FOR FAMILIES (~211 FAMILIES YEARLY) EXPERIENCING FV AT FPC’S CHILDREN’S WI BEHAVIORAL HEALTH CLINIC. OBJECTIVE 2E. INSTITUTE FOR CHILD & FAMILY WELL-BEING WILL TRAIN 2 COHORTS OF UP TO 60 FPC STAFF YEARLY VIA “BUILDING BRAINS WITH CARE,” INCREASING FPC STAFF KNOWLEDGE OF EVIDENCE-BASED WAYS TO SUPPORT FOR CHILDREN WHO HAVE EXPERIENCED FV. PROPOSED ACTIVITIES WILL SERVE A TOTAL OF 6,864 INDIVIDUALS ANNUALLY AND 32,604 INDIVIDUALS OVER THE 5 YEAR LIFETIME OF THE PROJECT.",1918849,1522714,871899.7300000001,1046949.2699999999,2026-01-14,TAGGS,2026-01-15,N/A,2022-09-30,2027-09-29,Center for Mental Health Services,93.243,SUBSTANCE ABUSE AND MENTAL HEALTH SERVICES PROJECTS OF REGIONAL AND NATIONAL SIGNIFICANCE,SM-21-010,"National Child Traumatic Stress Initiative – Category III, Community Treatment and Service (CTS) C…",https://www.samhsa.gov/grants/grant-announcements/sm-21-010,SOJOURNER FAMILY PEACE CENTER INC,WI,MILWAUKEE,WI-04,Other Health Organization,https://taggs.hhs.gov/Detail/AwardDetail?arg_AwardNum=H79SM085027&arg_ProgOfficeCode=80,https://www.usaspending.gov/award/ASST_NON_H79SM085027_075/
SM085029,Restored,Reinstated (confirmed),Refugee and Immigrant Center for Healing (RICH)- Trauma Systems Therapy for Refugee Youth Program serving Buffalo and Western New York.,"REFUGEE AND IMMIGRANT CENTER FOR HEALING (RICH)- TRAUMA SYSTEMS THERAPY FOR REFUGEE YOUTH PROGRAM SERVING BUFFALO AND WESTERN NEW YORK. - REFUGEE AND IMMIGRANT CENTER FOR HEALING (RICH) - TRAUMA SYSTEMS THERAPY FOR REFUGEE YOUTH PROGRAM  JEWISH FAMILY SERVICES OF WESTERN NEW YORK WILL IMPLEMENT THE TRAUMA SYSTEMS THERAPY FOR REFUGEES (TST-R) EVIDENCE-BASED MODEL TO ASSIST LOCAL REFUGEE AND IMMIGRANT YOUTH (AGES 5-21) AND THEIR FAMILIES FROM THE BHUTANESE, SOMALI, CONGOLESE, IRAQI, AND SYRIAN COMMUNITIES. THE PROGRAM AIMS TO INCREASE ALIGNMENT AND ENHANCE COLLABORATION AMONG LOCAL RESETTLEMENT AGENCIES, PUBLIC SCHOOLS, ETHNIC AND COMMUNITY-BASED ORGANIZATIONS, AND BEHAVIORAL HEALTHCARE PROVIDERS TO SERVE 400 INDIVIDUALS ANNUALLY, VIA A WIDE RANGE OF COMMUNITY-BASED AND CLINICAL INTERVENTIONS.    THIS PROJECT WILL RESULT IN THE DEVELOPMENT OF A SYSTEM OF CARE THAT MORE EFFECTIVELY RESPONDS TO THE COMPLEX NEEDS OF REFUGEE AND IMMIGRANT YOUTH IMPACTED BY TRAUMA AND THEIR FAMILIES BY FOCUSING ON THREE (3) PRIMARY GOALS: 1) DEVELOPMENT OF A NETWORK OF CULTURALLY RESPONSIVE ENGAGEMENT AND COMMUNITY-LEVEL MENTAL HEALTH SERVICES; 2) INCREASED IDENTIFICATION OF MENTAL HEALTH CONCERNS AND ACCESS TO EFFECTIVE TREATMENT FOR REFUGEE AND IMMIGRANT YOUTH; AND 3) IMPROVED OVERALL MENTAL HEALTH AND QUALITY OF LIFE FOR REFUGEE AND IMMIGRANT YOUTH AND THEIR FAMILIES. TOWARD THIS END, TST-R WILL INCORPORATE USE OF CULTURAL BROKERS AND TRAIN CULTURALLY-RESPONSIVE CLINICIANS TO SUPPORT YOUTH AND PARENT SKILL-BUILDING; REDUCE BARRIERS TO TREATMENT THROUGH FORMAL PARTNERSHIPS, REFERRAL SYSTEMS, AND CULTURALLY-RESPONSIVE PROFESSIONAL DEVELOPMENT; AND PROVIDE APPROPRIATE CARE TO THOSE IN NEED.",2000000,2000000,1607006.17,392993.8300000001,2026-01-14,TAGGS,2026-01-15,N/A,2021-09-30,2026-09-29,Center for Mental Health Services,93.243,SUBSTANCE ABUSE AND MENTAL HEALTH SERVICES PROJECTS OF REGIONAL AND NATIONAL SIGNIFICANCE,SM-21-010,"National Child Traumatic Stress Initiative – Category III, Community Treatment and Service (CTS) C…",https://www.samhsa.gov/grants/grant-announcements/sm-21-010,JEWISH FAMILY SERVICES OF WESTERN NEW YORK,NY,BUFFALO,NY-26,Other Social Services Organization,https://taggs.hhs.gov/Detail/AwardDetail?arg_AwardNum=H79SM085029&arg_ProgOfficeCode=80,https://www.usaspending.gov/award/ASST_NON_H79SM085029_075/
SM085033,Restored,Reinstated (confirmed),GRowing Evidence-based Assessment and Treatment (GREAT) for Children,"GROWING EVIDENCE-BASED ASSESSMENT AND TREATMENT (GREAT) FOR CHILDREN - THE GROWING EVIDENCE-BASED ASSESSMENT AND TREATMENT (GREAT) FOR CHILDREN PROJECT AIMS TO INCREASE ACCESS TO AND PARTICIPATION IN EVIDENCE-BASED SCREENING, ASSESSMENT, TREATMENT, AND PREVENTION SERVICES FOR CHILDREN IN HAMPTON ROADS, VIRGINIA, WHO HAVE EXPERIENCED TRAUMATIC STRESS. PROVIDING THESE VITAL SERVICES FOR OUR DIVERSE COMMUNITY OF CHILDREN AGES 12 MONTHS - 18 YEARS WILL REDUCE HEALTH DISPARITIES AND INCREASE CHILD AND FAMILY RESILIENCE. THE POPULATION SERVED BY THIS PROJECT INCLUDES CHILDREN AGES 12 MONTHS - 18 YEARS FROM ACROSS THE EASTERN REGION OF VIRGINIA WHO ARE REFERRED TO THE CHILDREN'S HOSPITAL OF THE KING'S DAUGHTERS CHILD ADVOCACY CENTER (CAC) FOR AN ALLEGATION OF MALTREATMENT OR CONCERNS FOR TRAUMATIC STRESS, AND CHILDREN AGES 7-18 WHO PRESENT AT THE HOSPITAL'S EMERGENCY DEPARTMENT (ED) FOR MEDICAL NEEDS RELATED TO HAVING EXPERIENCED A TRAUMATIC EVENT. SPECIFICALLY, GREAT WILL SUPPORT THE CAC'S CLINICAL CAPACITY TO INCREASE ACCESS TO SERVICES AND SUPPORT FOR CHILDREN AGES 12-36 MONTHS, CHILDREN AGES 7-18 WITH PROBLEMATIC SEXUAL BEHAVIORS, AND SPANISH-SPEAKING CHILDREN, WHILE ALSO PROVIDING EVIDENCE-BASED PRACTICES (EBPS) FOR OUR DIVERSE POPULATION OF AT-RISK CHILDREN. GREAT AIMS TO INCREASE THE CAPACITY OF CLINICIANS TO DELIVER PARENT-CHILD INTERACTION THERAPY - TODDLER TO EXPAND ACCESS TO SERVICES FOR CHILDREN AGES 12-36 MONTHS OF AGE, A POPULATION CURRENTLY UNSERVED BY OUR MENTAL HEALTH SERVICES AND UNDERSERVED BY CLINICIANS IN OUR COMMUNITY. CLINICIANS WILL ALSO INCREASE CAPACITY TO PROVIDE ADVANCED TRAUMA-FOCUSED COGNITIVE BEHAVIORAL THERAPY (TF-CBT) FOR PROBLEMATIC SEXUAL BEHAVIORS (PSB) AND PSB-CBT, EBPS EFFECTIVE IN REDUCING PSBS IN CHILDREN AGES 7-18 WHO ARE ALSO CURRENTLY UNDERSERVED IN HAMPTON ROADS. BECAUSE THE NEED FOR EBPS IN OUR COMMUNITY FOR CHILD TRAUMATIC STRESS IS SO GREAT, CLINICIANS FROM CHKD MENTAL HEALTH SERVICE LINE WILL INCREASE CAPACITY TO PROVIDE CHILD AND FAMILY TRAUMATIC STRESS INTERVENTION (CFTSI) FOR CHILDREN PRESENTING AT CHKD'S EMERGENCY DEPARTMENT FOLLOWING A TRAUMATIC EXPERIENCE. THE PROJECT ALSO AIMS TO ENHANCE THE CAPACITY OF 1,000 KEY STAKEHOLDERS AND MULTIDISCIPLINARY PARTNERS (200 EACH PROJECT YEAR) TO IDENTIFY, REFER, AND SERVE CHILDREN WHO HAVE EXPERIENCED TRAUMATIC STRESS. WE WILL COLLABORATE WITH NCTSN CATEGORY I AND II CENTERS ON DEVELOPING AND IMPLEMENTING SCREENING AND ASSESSMENT PROCESSES, IMPLEMENTING CULTURALLY AND LINGUISTICALLY SENSITIVE EBPS, AND EVALUATING IMPACT AND CHILD OUTCOMES. GREAT PROJECT ACTIVITIES WILL RESULT IN 500-650 CHILDREN BEING SCREENED FOR TRAUMA RELATED SYMPTOMS AND 150 CHILDREN PARTICIPATING IN MENTAL HEALTH ASSESSMENTS EACH GRANT YEAR. WE ANTICIPATE SERVING 100 CHILDREN PER YEAR USING TF-CBT, PCIT, PCIT-T, ADVANCED TF-CBT FOR PSB, PSB-CBT, AND CFTSI. BY THE END OF THE PROJECT, 3,050 CHILDREN WILL BE SCREENED FOR THE NEED FOR MENTAL HEALTH ASSESSMENT, AND OF THOSE SCREENED, 500 WILL COMPLETE TRAUMA-FOCUSED MENTAL HEALTH ASSESSMENTS. OF THE CHILDREN RECOMMENDED FOR TRAUMA TREATMENT, 375 WILL PARTICIPATE WITH THEIR CAREGIVER(S) IN THE SELECTED EBPS, AND 225 CHILDREN WILL PARTICIPATE IN EVALUATION ACTIVITIES TO INFORM OUR UNDERSTANDING OF TRAUMATIC STRESS AND THE EFFICACY OF EBPS IN OUR COMMUNITY.",1998693,1998693,1598723,399970,2026-01-14,TAGGS,2026-01-15,N/A,2021-09-30,2026-09-29,Center for Mental Health Services,93.243,SUBSTANCE ABUSE AND MENTAL HEALTH SERVICES PROJECTS OF REGIONAL AND NATIONAL SIGNIFICANCE,SM-21-010,"National Child Traumatic Stress Initiative – Category III, Community Treatment and Service (CTS) C…",https://www.samhsa.gov/grants/grant-announcements/sm-21-010,"CHILDRENS HOSPITAL OF THE KINGS DAUGHTERS, INCORPORATED",VA,NORFOLK,VA-03,Hospital,https://taggs.hhs.gov/Detail/AwardDetail?arg_AwardNum=H79SM085033&arg_ProgOfficeCode=80,https://www.usaspending.gov/award/ASST_NON_H79SM085033_075/
SM085037,Restored,Reinstated (confirmed),COACHES Trauma-Focused High Fidelity Wraparound Project (“COACHES” Project),"COACHES TRAUMA-FOCUSED HIGH FIDELITY WRAPAROUND PROJECT (“COACHES” PROJECT) - THE POPULATION OF FOCUS FOR THE COACHES TRAUMA-FOCUSED HIGH FIDELITY WRAPAROUND PROJECT (“COACHES” PROJECT) IS CHILDREN AND TRANSITION-AGE YOUTH (AND THEIR FAMILIES) BETWEEN THE AGES OF 6 AND 21, WHO HAVE A SERIOUS EMOTIONAL DISTURBANCE (SED) AND THOSE AT RISK FOR OR WITH CO-OCCURRING SUBSTANCE USE DISORDERS (SUD) WHO HAVE EXPERIENCED ONE OR MORE ADVERSE CHILDHOOD EXPERIENCES (ACES). THE GEOGRAPHIC CATCHMENT AREA INCLUDES PUTNAM AND ST. JOHNS, TWO ADJACENT COUNTIES IN NORTHEAST FLORIDA WHERE THE PREVALENCE OF CHILDREN IN GRADES K-12 WITH AN EMOTIONAL/BEHAVIORAL DISABILITY HAS BEEN INCREASING SINCE 2018 DESPITE STABLE LEVELS AMONG THEIR PEERS IN FLORIDA. OVER THE 5-YEAR GRANT PERIOD, THE PROJECT WILL SERVE 230 UNDUPLICATED YOUTH AND FAMILIES AS FOLLOWS: 30 THE FIRST YEAR, AND 50 EACH YEAR THEREAFTER. THE POPULATION OF FOCUS INCLUDES CHILDREN WITH A HISTORY OF TRAUMA AND THOSE SERVED BY THE CHILD WELFARE SYSTEM WHO ARE AT HIGHER RISK FOR OUT-OF-HOME PLACEMENT AS DEMONSTRATED BY REPEATED FAILURES AT LESS INTENSIVE LEVELS OF CARE, A HISTORY OF TWO OR MORE PSYCHIATRIC HOSPITALIZATIONS, INVOLVEMENT WITH THE DEPARTMENT OF JUVENILE JUSTICE, AND/OR POOR ACADEMIC PERFORMANCE AND/OR SUSPENSIONS. THE GOAL OF THE PROGRAM IS TO INCREASE TIMELY ACCESS TO CULTURALLY COMPETENT, EVIDENCE-INFORMED AND EVIDENCE-BASED TRAUMA TREATMENT AND SERVICES TO PREVENT OUT OF HOME PLACEMENTS OR ADMISSION TO INPATIENT/RESIDENTIAL OR JUVENILE JUSTICE PROGRAMS. TWO MOBILE TEAMS, COMPRISED OF A TRAUMA-TRAINED CLINICIAN AND A WRAPAROUND CASE MANAGER, SUPPORTED BY A SHARED PEER SUPPORT SPECIALIST  POSITION WILL PROVIDE SERVICES IN-PERSON, IN-HOME/ON-SITE, AS WELL AS VIA TELEHEALTH AND DIGITAL COMMUNICATION TO ADDRESS TRANSPORTATION BARRIERS. OBJECTIVE 1: BY THE END OF THE GRANT PERIOD, 80% OF YOUTH WILL REMAIN IN THE COMMUNITY (DEFINED AS NO INVOLUNTARY PSYCHIATRIC HOSPITALIZATIONS, RESIDENTIAL PLACEMENT, FORMAL RESPITE PLACEMENT OR INCARCERATION) WHILE PARTICIPATING IN SERVICES. OBJECTIVE 2: BY THE END OF THE GRANT PERIOD, 80% OF YOUTH WILL DEMONSTRATE AN IMPROVEMENT IN THEIR SOCIAL, COGNITIVE, AND ROLE FUNCTIONING AS EVIDENCED BY CFAR/FARS OR RELATED ASSESSMENT SCORES. OBJECTIVE 3: BY THE END OF THE GRANT PERIOD, ELIGIBLE YOUTH WILL DEMONSTRATE 80% ATTENDANCE OF AVAILABLE SCHOOL DAYS WHILE RECEIVING SERVICES. OBJECTIVE 4: BY THE END OF THE GRANT PERIOD, 80% OF YOUTH WILL NOT MEET THE HUD DEFINITION OF HOMELESSNESS WHILE PARTICIPATING IN SERVICES. EVIDENCE-BASED PRACTICES WILL INCLUDE TRAUMA-FOCUSED COGNITIVE BEHAVIORAL THERAPY (TF-CBT), BRIEF STRATEGIC FAMILY THERAPY – SOLUTIONS FOCUSED (BSFT), AND HIGH-FIDELITY WRAPAROUND.  TO IMPLEMENT THE REQUIRED ACTIVITIES, LSF HEALTH SYSTEMS (LSF), A NOT-FOR-PROFIT, BEHAVIORAL HEALTH MANAGING ENTITY CONTRACTED BY THE STATE OF FLORIDA TO MANAGE THE STATE-FUNDED SYSTEM OF BEHAVIORAL HEALTHCARE IN NORTHEAST FLORIDA, WILL PARTNER WITH ST. AUGUSTINE YOUTH SERVICES (SAYS), A LEADING NOT-FOR-PROFIT BEHAVIORAL HEALTH PROVIDER WITH MORE THAN 30 YEARS OF EXPERIENCE SERVING VULNERABLE CHILDREN AND FAMILIES.",1600000,1600000,1211146.5799999998,388853.42000000016,2026-01-14,TAGGS,2026-01-15,N/A,2022-12-31,2026-12-30,Center for Mental Health Services,93.243,SUBSTANCE ABUSE AND MENTAL HEALTH SERVICES PROJECTS OF REGIONAL AND NATIONAL SIGNIFICANCE,SM-21-010,"National Child Traumatic Stress Initiative – Category III, Community Treatment and Service (CTS) C…",https://www.samhsa.gov/grants/grant-announcements/sm-21-010,"LUTHERAN SERVICES FLORIDA, INC.",FL,TAMPA,FL-14,Other Social Services Organization,https://taggs.hhs.gov/Detail/AwardDetail?arg_AwardNum=H79SM085037&arg_ProgOfficeCode=80,https://www.usaspending.gov/award/ASST_NON_H79SM085037_075/
SM085038,Restored,Reinstated (confirmed),Project CARES: Increasing Access to Effective Trauma-Focused Treatment Through Training and Self-Care,"PROJECT CARES: INCREASING ACCESS TO EFFECTIVE TRAUMA-FOCUSED TREATMENT THROUGH TRAINING AND SELF-CARE - PROJECT CARES: INCREASING ACCESS TO EFFECTIVE TRAUMA-FOCUSED TREATMENT THROUGH TRAINING AND SELF-CARE SEEKS TO INCREASE THE AVAILABILITY OF EVIDENCE-BASED THERAPY SERVICES FOR THE RACIALLY, ETHNICALLY, AND SOCIOECONOMICALLY DIVERSE YOUTH WHO HAVE EXPERIENCED TRAUMA IN THE URBAN, SUBURBAN, AND RURAL AREAS OF SOUTHERN NEW JERSEY (NJ) AS WELL AS OTHER REGIONS NATIONWIDE. THIS PROJECT WILL IMPLEMENT TWO PROGRAMS TO ACHIEVE THIS GOAL. FIRST, THE GRANT WILL SUPPORT A FELLOWSHIP PROGRAM THAT WILL RECRUIT AND TRAIN 16 POSTGRADUATE MENTAL HEALTH PROFESSIONALS (FOUR EACH YEAR IN YEARS TWO THROUGH FIVE) TO PARTICIPATE IN ONE-YEAR FULL-TIME PAID TRAINING EXPERIENCES. FELLOWS WILL PROVIDE DIRECT SERVICES AND ENGAGE IN PROFESSIONAL DEVELOPMENT ACTIVITIES, INCLUDING PARTICIPATION IN FOUR MULTIDISCIPLINARY TEAM MEETINGS, TWO TRAUMA-FOCUSED PRESENTATIONS TO CHILD PROTECTIVE SERVICES, AND MONTHLY DIVERSITY, EQUITY, AND INCLUSION MEETINGS. CARES WILL CREATE AND REFINE THE MATERIALS, RESOURCES, AND CURRICULUM FOR THE FELLOWSHIP PROGRAM AND MAKE THEM AVAILABLE TO OTHER ORGANIZATIONS THAT WANT TO CREATE SIMILAR PROGRAMS. THE FELLOWS AND THEIR SUPERVISORS WILL DIRECTLY SERVE 438 YOUTH (AGES 3 TO 18 YEARS) AND THEIR NONOFFENDING CAREGIVERS IN THE SEVEN SOUTHERN COUNTIES OF NJ DURING THE GRANT PERIOD (30 IN YEAR ONE, 102 EACH YEAR IN YEARS TWO THROUGH FIVE) THROUGH EVIDENCE-BASED ENGAGEMENT STRATEGIES AND THE PROVISION OF TF-CBT VIA TELEHEALTH AND IN-PERSON WITH A SUCCESSFUL COMPLETION RATE OF AT LEAST 75 PERCENT. YOUTH WHO COMPLETE TF-CBT WILL DEMONSTRATE REDUCTIONS IN POSTTRAUMATIC STRESS AND BEHAVIOR PROBLEMS. FELLOWS WILL DEMONSTRATE FIDELITY TO THE TF-CBT MODEL. SECOND, THE GRANT WILL FUND THE REFINEMENT AND DELIVERY OF AN EVIDENCE-BASED SELF-CARE INTERVENTION, REFERRED TO AS PRACTICE WHAT YOU PREACH, TO 160 (40 EACH YEAR IN YEARS ONE THROUGH FOUR) CLINICIANS, SUPERVISORS, AND SENIOR LEADERS IN NJ AND, IN CONJUNCTION WITH OUR NCTSI II PARTNERS, ACROSS THE NATION. PARTICIPANTS WILL DEMONSTRATE ENHANCED COPING SKILLS AND TF-CBT COMPETENCY AND FIDELITY, AND REDUCTIONS IN SECONDARY TRAUMATIC STRESS (STS) AND TURNOVER INTENTION, WHICH IS PARTICULARLY CRUCIAL AT THIS TIME GIVEN THAT THE PANDEMIC HAS ADDED SIGNIFICANT ADDITIONAL STRESS AND NECESSITATED A NEW SERVICE DELIVERY FORMAT (I.E., TELEHEALTH). RECENT RESEARCH FINDINGS SUGGEST THAT THE PROPOSED SELF-CARE INTERVENTION IS ASSOCIATED WITH INCREASES IN CLINICIANS’/SUPERVISORS’ USE OF THE EFFECTIVE COPING SKILLS AND REDUCTIONS IN STS. GIVEN THAT STS CAN IMPAIR CLINICAL EFFECTIVENESS AND LEAD TO HIGH STAFF TURNOVER RATES, THIS SELFCARE INTERVENTION HAS THE POTENTIAL TO GREATLY REDUCE TURNOVER AND ENHANCE THE EFFECTIVENESS OF TREATMENT SERVICES DELIVERED. IN SUM, BOTH THE FELLOWSHIP PROGRAM, THROUGH ITS CUTTING-EDGE TRAINING, ENGAGEMENT, AND DELIVERY OF DIRECT SERVICES AND THE SELF-CARE INTERVENTION, WHICH AIMS TO IMPROVE COPING, DECREASE STS, AND INCREASE RETENTION OF TRAUMA PROFESSIONALS IN THE FIELD, WILL ULTIMATELY ENHANCE THE QUALITY AND ACCESSIBILITY OF EVIDENCE-BASED SERVICES FOR DIVERSE POPULATIONS OF YOUTH AND CAREGIVERS IMPACTED BY TRAUMA IN NJ AS WELL AS OTHER PARTS OF THE NATION.",1993817,1594125,1233002.5399999998,760814.4600000002,2026-01-14,TAGGS,2026-01-15,N/A,2022-09-30,2027-09-29,Center for Mental Health Services,93.243,SUBSTANCE ABUSE AND MENTAL HEALTH SERVICES PROJECTS OF REGIONAL AND NATIONAL SIGNIFICANCE,SM-21-010,"National Child Traumatic Stress Initiative – Category III, Community Treatment and Service (CTS) C…",https://www.samhsa.gov/grants/grant-announcements/sm-21-010,RU SCHOOL OF OSTEOPATHIC MEDICINE,NJ,STRATFORD,NJ-01,Welfare Department,https://taggs.hhs.gov/Detail/AwardDetail?arg_AwardNum=H79SM085038&arg_ProgOfficeCode=80,https://www.usaspending.gov/award/ASST_NON_H79SM085038_075/
SM085041,Restored,Reinstated (confirmed),Center for Trauma-Informed Policing,"CENTER FOR TRAUMA-INFORMED POLICING - FAMILY SERVICE OF RHODE ISLAND, THE ROGER WILLIAMS UNIVERSITY JUSTICE SYSTEM TRAINING AND RESEARCH INSTITUTE AND THE INSTITUTE FOR INTERGOVERNMENTAL RESEARCH WILL CREATE A CENTER FOR TRAUMA-INFORMED POLICING TO IMPROVE OUTCOMES FOR TRAUMATIZED CHILDREN ENCOUNTERED ON CRIME SCENES.  A STATE-OF-THE-ART, VIRTUAL LAW ENFORCEMENT TRAINING PROGRAM WILL BE DEVELOPED AND THE FSRI GO TEAM POLICE/MENTAL HEALTH PARTNERSHIP PROGRAM WILL BE FORMALLY EVALUATED.  A PROJECT ADVISORY COMMITTEE INCLUDING CHILD TRAUMA EXPERTS, LAW ENFORCEMENT, CLINICIANS, AND FAMILY WITH LIVED EXPERIENCE WILL ADVISE ON ALL PROJECT ACTIVITIES.  FOLLOWING A NEW ENGLAND-BASED PILOT TO TEST THE INITIAL TRAINING AND TECHNICAL ASSISTANCE PROGRAM AND TWO LEARNING COMMUNITIES INVOLVING POLICE DEPARTMENTS ACROSS THE COUNTRY TO IMPROVE UPON AND REFINE THE PROGRAM AND RELATED INTERVENTION PRODUCTS, THE FINAL TRAUMA-INFORMED LAW ENFORCEMENT LEARNING MANAGEMENT SYSTEM (LMS) WILL BE LAUNCHED AND BROADLY DISSEMINATED.  PROJECT GOALS AND OBJECTIVES:  1. DEVELOP A BEST PRACTICE TRAUMA-INFORMED POLICING TRAINING CURRICULUM FOR LAW ENFORCEMENT TO RESPOND TO THE NEEDS OF CHILDREN IMPACTED BY TRAUMATIC STRESS (INFORMED BY A NATIONWIDE LAW ENFORCEMENT SURVEY, LMS DESIGN AND BUILD OUT, PILOT TESTING, AND TWO LEARNING COMMUNITIES.  2. EVALUATING FSRI'S GO TEAM PROGRAM TO ASSESS ITS EFFICACY IN REDUCING CHILD TRAUMA SYMPTOMOLOGY AS A PROMISING ADDITION TO THE INVENTORY OF EVIDENCE-BASED PRACTICES (INCLUDING A POINT-IN-TIME-SELF STUDY, STAKEHOLDER SURVEY, KEY INFORMANT INTERVIEWS, GO TEAM SERVICE RECIPIENT FOCUS GROUPS, SERVICE UTILIZATION DATA, AND MEASURES FOR POST INTERVENTION CHILD TRAUMA SYMPTOMOLOGY SYNTHESIZED INTO A COMPREHENSIVE EVALUATIVE REPORT FOR JOURNAL PUBLICATION. 3. EVALUATION OF OVERALL PROJECT IMPACT RESULTING IN A PROJECT EVALUATION REPORT. 4. DISSEMINATION OF THE TRAUMA-INFORMED POLICING TRAINING PROGRAM, LMS, INTERVENTION PRODUCTS, AND EVALUATIVE FINDINGS (AS PROMOTED THROUGH PROJECT PARTNER, SAMHSA, AND NCTSN NETWORKS AND PRESENTED AT REGIONAL AND NATIONAL LAW ENFORCEMENT AND CHILD MENTAL HEALTH CONFERENCES, REGIONAL MEETINGS, AND OTHER RELEVANT VENUES.  THE CENTER FOR TRAUMA-INFORMED POLICING OR  TIP CENTER  WILL SERVE AS AN ONGOING RESOURCE FOR LAW ENFORCEMENT INTERESTED IN BECOMING TRAUMA-INFORMED, IMPLEMENTING BEST PRACTICE RESPONSE APPROACHES, AND DEVELOPING OR ENHANCING PARTNERSHIPS WITH COMMUNITY-BASED MENTAL HEALTH ORGANIZATIONS TO MITIGATE THE SHORT- AND LONG-TERM EFFECTS OF CHILDHOOD TRAUMA EXPOSURE AND REDUCE THE RISK OF REVICTIMIZATION.  TEN DIVERSE POLICE DEPARTMENTS AT VARIOUS STAGES OF TRAUMA-INFORMED READINESS ARE EXPECTED TO PARTICIPATE IN THE YEAR TWO PILOT AND 20 ARE EXPECTED TO PARTICIPATE IN THE YEAR THREE AND FOUR LEARNING COMMUNITIES.  A TOTAL OF 3,000 LAW ENFORCEMENT PROFESSIONALS, COMMUNITY-BASED MENTAL HEALTH PROFESSIONALS, AND OTHER KEY STAKEHOLDERS ARE EXPECTED TO BENEFIT FROM TIP CENTER TRAINING, TECHNICAL ASSISTANCE, CONSULTATION, AND INTERVENTION PRODUCTS                       ACROSS THE FIVE YEAR PROJECT PERIOD.",2400000,2400000,1316407.55,1083592.45,2026-01-14,TAGGS,2026-01-15,N/A,2022-12-31,2026-12-30,Center for Mental Health Services,93.243,SUBSTANCE ABUSE AND MENTAL HEALTH SERVICES PROJECTS OF REGIONAL AND NATIONAL SIGNIFICANCE,SM-21-009,"National Child Traumatic Stress Initiative – Category II, Treatment and Service Adaptation (TSA) C…",https://www.samhsa.gov/grants/grant-announcements/sm-21-009,"FAMILY SERVICE OF RHODE ISLAND, INC",RI,PROVIDENCE,RI-01,Other Social Services Organization,https://taggs.hhs.gov/Detail/AwardDetail?arg_AwardNum=H79SM085041&arg_ProgOfficeCode=80,https://www.usaspending.gov/award/ASST_NON_H79SM085041_075/
SM085042,Restored,Reinstated (confirmed),Building Resilience through Residential Communities,"BUILDING RESILIENCE THROUGH RESIDENTIAL COMMUNITIES - BUILDING RESILIENCE THROUGH RESIDENTIAL COMMUNITITES (BRTRC) JUSTICE RESOURCE INSTITUTE  NATIONAL CHILD TRAUMATIC STRESS INITIATIVE CAT II TSA  THE BUILDING RESILIENCE THROUGH RESIDENTIAL COMMUNITIES (BRTRC) PROJECT, A CATEGORY II NCTSN TRAINING AND TECHNICAL ASSISTANCE CENTER, WILL DEVELOP, ADAPT, AND DISSEMINATE TRAUMA-INFORMED CARE (TIC) APPROACHES AND EVIDENCE-BASED PRACTICES (EBPS) FOR RESIDENTIAL TREATMENT CENTERS (RTCS) NATIONWIDE, SERVING HIGH RISK, TRAUMA-IMPACTED YOUTH (AGES FIVE TO 21) AND THEIR FAMILIES. THE BRTRC WILL ADDRESS KEY GAPS IN AVAILABLE STRATEGIES FOR IMPLEMENTATION OF TIC IN RTCS, INCREASE ACCESS TO EFFECTIVE EBPS FOR YOUTH IN RESIDENTIAL CARE (YRC), AND BOLSTER WORKFORCE DEVELOPMENT IN RTCS, IN ORDER TO RAISE THE STANDARD OF CARE, INCREASE RESILIENCY OF PROGRAMS, STAFF AND CLIENTS, AND IMPROVE CLIENT CLINICAL OUTCOMES. THE PRIMARY GOALS OF THE BRTRC PROJECT ARE: (1) WIDE SCALE DISSEMINATION, IMPLEMENTATION AND SUSTAINABILITY OF BUILDING COMMUNITIES OF CARE (BCC), A TRAUMA AND EVIDENCED INFORMED, STRENGTHS BASED MODEL DESIGNED TO ADDRESS THE UNIQUE NEEDS OF RTCS, THROUGH TRAINING AND TA WITH ALL STAFF (FRONT LINE, CLINICAL, EDUCATIONAL, MEDICAL, ADMINISTRATIVE); (2) TO INCREASE ACCESS TO EBPS FOR TRAUMA IN RTCS SERVING TRAUMA-IMPACTED YOUTH THROUGH INTENSIVE TRAINING AND TECHNICAL ASSISTANCE IN EBPS THAT HAVE DEMONSTRATED EFFECTIVENESS WITH YRC, INCLUDING ATTACHMENT, REGULATION, AND COMPETENCY (ARC), TRAUMA FOCUSED CBT (TF-CBT), AND STRUCTURED PSYCHOTHERAPY FOR ADOLESCENTS RESPONDING TO CHRONIC STRESS (SPARCS); AND (3) TO BUILD A TRAUMA-INFORMED WORKFORCE IN RTCS THROUGH EDUCATION, TRAINING AND TECHNICAL ASSISTANCE VIA BOTH INTENSIVE RTC PARTNERSHIPS AND NATIONAL DISSEMINATION ACTIVITIES. TO ACCOMPLISH THESE GOALS, THE BRTRC PROJECT WILL PROVIDE INTENSIVE TRAINING AND TECHNICAL ASSISTANCE (T/TA) TO 24 RTCS ACROSS AT LEAST10 STATES AND 1 US TERRITORY THAT COLLECTIVELY SPAN ALL 10 HHS/SAMHSA SERVICE REGIONS AND ENGAGE IN NATIONAL DISSEMINATION THROUGH A WEBINAR SERIES, TRAINING OVER 1,200 RTC PROVIDERS PER YEAR (AT LEAST 6,000 RTC PROVIDERS OVER THE PROJECT PERIOD). AN IMPLEMENTATION SCIENCE DRIVEN, PHASE BASED APPROACH WILL BE USED TO REALIZE PROJECT OBJECTIVES THROUGH INCREMENTALLY BUILDING CAPACITY FOR INTEGRATION AND DELIVERY OF TIC AND EBPS WITHIN RTC PARTNER PROGRAMS. WE WILL ENGAGE COHORTS OF SIX RTC PARTNER PROGRAMS PER YEAR THAT WILL BE RECRUITED THROUGH OUTREACH VIA OUR EXTENSIVE NATIONAL NETWORK OF PROVIDERS. WE WILL ENGAGE IN A MULTITIER PROJECT EVALUATION IN ORDER TO ASSESS IMPACT AT THE ORGANIZATIONAL, PROVIDER, AND CLIENT LEVELS AND INFORM PROJECT ACTIVITIES AND APPROACHES IN AN ONGOING WAY. THE BRTRC FACULTY ARE EXPERTS IN RESIDENTIAL CARE SYSTEMS, EBP DEVELOPERS AND TRAINERS, AND CLINICAL RESEARCHERS, INCLUDING HODGDON, KINNIBURGH, FORREST, CORENS, SAGOR, MARTIN, GRIFFIN, HABIB, BLAUSTEIN, HOPPER, AND BRYMER.",3000000,3000000,2258409.12,741590.8799999999,2026-01-14,TAGGS,2026-01-15,N/A,2021-09-30,2026-09-29,Center for Mental Health Services,93.243,SUBSTANCE ABUSE AND MENTAL HEALTH SERVICES PROJECTS OF REGIONAL AND NATIONAL SIGNIFICANCE,SM-21-009,"National Child Traumatic Stress Initiative – Category II, Treatment and Service Adaptation (TSA) C…",https://www.samhsa.gov/grants/grant-announcements/sm-21-009,"JUSTICE RESOURCE INSTITUTE, INC.",MA,NEEDHAM HEIGHTS,MA-04,"Supplier Organizations ( Service, Supplies, Material and Equipment )",https://taggs.hhs.gov/Detail/AwardDetail?arg_AwardNum=H79SM085042&arg_ProgOfficeCode=80,https://www.usaspending.gov/award/ASST_NON_H79SM085042_075/
SM085045,Restored,Reinstated (confirmed),Institute for Trauma Treatment in Schools,"INSTITUTE FOR TRAUMA TREATMENT IN SCHOOLS - THE INSTITUTE FOR TRAUMA TREATMENT IN SCHOOLS (ITTS) AIMS TO BRIDGE THE GAP IN MENTAL HEALTH DISPARITIES FOR CHILDREN IMPACTED BY TRAUMA THROUGH EXPANSION OF THE CAPACITY OF THE CURRENT AND FUTURE SCHOOL-BASED MENTAL HEALTH WORKFORCE VIA ONLINE TRAINING AND SUPPORT. FAR TOO MANY CHILDREN IN THE UNITED STATES ENDURE ONE OR MORE ADVERSE CHILDHOOD EXPERIENCES (ACES), WITH A SIGNIFICANT PORTION HAVING INADEQUATE ACCESS TO TREATMENT THAT CAN AMELIORATE THE EFFECTS OF TRAUMA. UNTREATED TRAUMA IN CHILDREN CAN RESULT IN BEHAVIORAL PROBLEMS, POOR ACADEMIC PERFORMANCE, AND GREATER RISK FOR DEPRESSION, ANXIETY, AND OTHER MENTAL HEALTH DIAGNOSES. FAILURE TO ADDRESS CHILDHOOD TRAUMA CAN LEAD TO LONG-TERM CONSEQUENCES INCLUDING PHYSICAL AND MENTAL HEALTH CHALLENGES AND DECREASED LIFE EXPECTANCY. ITTS WILL PROVIDE THE OPPORTUNITY FOR CHILDREN IN GRADES K-12 TO RECEIVE CARE IN THE PLACE WHERE THEY SPEND MOST OF THEIR TIME AWAY FROM HOME. QUALITY SCHOOL-BASED MENTAL HEALTH CARE IS ESPECIALLY IMPORTANT BECAUSE SERVICES ARE TYPICALLY PROVIDED AT NO-COST TO CHILDREN (AND THEIR FAMILIES), THUS REDUCING A MAJOR BARRIER TO ACCESSING TREATMENT. THE ITTS PROJECT STAFF EMBRACE SOCIAL JUSTICE AND ENGAGE IN PRACTICES WHICH SUPPORT DIVERSITY, EQUITY, AND INCLUSION. IN ORDER TO PROVIDE TRAINING TO THE WIDEST AUDIENCE POSSIBLE, ITTS WILL OFFER ONLINE EVIDENCE-INFORMED TRAINING TO MSW STUDENTS (PRE-SERVICE) AND CURRENT PRACTITIONERS (IN-SERVICE) NATIONWIDE. RECRUITMENT STRATEGIES WILL OUTREACH SCHOOL-BASED PRACTITIONERS IN RURAL AND UNDER-SERVED COMMUNITIES WITH THE GOAL OF PROVIDING TRAINING TO THOSE WHO SERVE CHILDREN WHO MAY NOT OTHERWISE RECEIVE ADEQUATE CARE. TRAINING WILL ENGAGE PARTICIPANTS IN THE EXPLORATION AND IMPLEMENTATION OF EVIDENCE-BASED PRACTICES INCLUDING COGNITIVE BEHAVIORAL INTERVENTION FOR TRAUMA IN SCHOOLS, BOUNCEBACK FOR CLASSROOMS, TRAUMA SYSTEMS THERAPY, CORE CONCEPTS OF CHILDHOOD TRAUMA, TRAUMA SENSITIVE YOGA, AND MINDFULNESS.  ITTS PLANS TO PROVIDE TRAINING TO 850 MSW STUDENTS AND 900 CURRENT SCHOOL-BASED PRACTITIONERS, WHO COULD POTENTIALLY HAVE A MEANINGFUL IMPACT ON THOUSANDS OF CHILDREN PER YEAR, GIVEN THE PREVALENCE OF ACES AND TRAUMA AMONG AMERICA'S SCHOOL-AGED CHILDREN.  TRAINING OF CURRENT SCHOOL-BASED PRACTITIONERS WILL BE REINFORCED THROUGH PROFESSIONAL SUPPORT NETWORKS. TO DETERMINE THE EFFECTIVENESS OF ITTS TRAINING, PARTICIPANTS WILL COMPLETE SKILL-BASED KNOWLEDGE TESTS, ASSESSMENTS OF SELF-EFFICACY, STANDARDIZED ASSESSMENTS, AND SATISFACTION SURVEYS. ITTS IS A FIVE- YEAR COLLABORATIVE PROJECT BETWEEN SIMMONS UNIVERSITY SCHOOL OF SOCIAL WORK'S CENTER FOR  INNOVATION IN BEHAVIORAL HEALTH EDUCATION AND RESEARCH AND THE ALLIANCE FOR INCLUSION AND PREVENTION - ORGANIZATIONS WITH A LONG HISTORY OF PROVIDING STATE-OF-THE-ART TRAUMA TRAINING IN SCHOOL-BASED INTERVENTIONS.",2843442,2843442,2058496.95,784945.05,2026-01-14,TAGGS,2026-01-15,N/A,2021-09-30,2027-09-29,Center for Mental Health Services,93.243,SUBSTANCE ABUSE AND MENTAL HEALTH SERVICES PROJECTS OF REGIONAL AND NATIONAL SIGNIFICANCE,SM-21-009,"National Child Traumatic Stress Initiative – Category II, Treatment and Service Adaptation (TSA) C…",https://www.samhsa.gov/grants/grant-announcements/sm-21-009,SIMMONS UNIVERSITY,MA,BOSTON,MA-07,"Junior College, College & University",https://taggs.hhs.gov/Detail/AwardDetail?arg_AwardNum=H79SM085045&arg_ProgOfficeCode=80,https://www.usaspending.gov/award/ASST_NON_H79SM085045_075/
SM085050,Restored,Reinstated (confirmed),"Project ASSIST (Access, Skills, and Support for Implementation Science in Trauma-informed training)","PROJECT ASSIST (ACCESS, SKILLS, AND SUPPORT FOR IMPLEMENTATION SCIENCE IN TRAUMA-INFORMED TRAINING) - PROJECT ASSIST WILL SERVE A POPULATION ESSENTIAL TO IMPROVING OUTCOMES FOR CHILDREN EXPOSED TO TRAUMATIC EVENTS: TRAINERS OF TRAUMA-INFORMED TREATMENT MODELS, PRACTICES, AND PRODUCTS. PROJECT ASSIST WILL IMPLEMENT A SERIES OF INNOVATIVE TRAINER-ENHANCEMENT LEARNING COHORTS, EQUIP TRAINERS WITH A SUITE OF BEST-PRACTICE GUIDELINES AND TRAINING MATERIALS, AND SUPPORT TRAINING PROFESSIONALS THROUGH ROBUST COMMUNITIES OF PRACTICE. WHILE EFFECTIVE TRAINING IS KEY TO INCREASING CAPACITY FOR TRAUMA-INFORMED INTERVENTIONS, AVAILABLE TRAINERS ARE INUNDATED WITH A VOLUME OF TRAINING REQUESTS THEY CANNOT ACCOMMODATE. RELATEDLY, TRAINERS, REGARDLESS OF THEIR AFFILIATION WITH A SPECIFIC EVIDENCE-BASED INTERVENTION, RARELY HAVE FORMAL EDUCATION IN TOPICS THAT WOULD INCREASE THE LIKELIHOOD THAT THEIR TRAINING EFFORTS WILL RESULT IN SUSTAINABLE CHANGES TO SERVICE DELIVERY: GENERAL PRINCIPLES RELATED TO ADULT LEARNING, ENGAGEMENT SKILLS, IMPLEMENTATION SCIENCE STRATEGIES, OR BEST PRACTICES FOR USING ONLINE/VIRTUAL TECHNOLOGY TOOLS. THE EDUCATIONAL AND PRACTICE COMPONENTS OF PROJECT ASSIST WILL BE APPLICABLE AND GENERALIZABLE TO ANY TRAUMA-INFORMED TREATMENT MODEL, PRACTICE, OR PRODUCT ENABLING PROJECT ASSIST TRAINERS TO TRAIN 39,000 CHILD-SERVING WORKFORCE MEMBERS ACROSS MULTIPLE SYSTEMS.  THE UNIVERSITY OF MISSOURI-ST. LOUIS WILL BUILD ON NUMEROUS SUCCESSES OF CROSS-SYSTEM, INNOVATIVE TRAUMA-INFORMED TRAINING AND DISSEMINATION EXPERIENCE IN BOTH FACE-TO-FACE AND VIRTUAL ENVIRONMENTS TO ACCOMPLISH THREE PRIMARY GOALS. THE FIRST: TO INCREASE CHILD-SERVING PROFESSIONALS' ACCESS TO COMPETENT TRAUMA-INFORMED TRAINERS. TO ACCOMPLISH THIS, WE WILL TRAIN 200 PARTICIPANTS IN TRAINER ENHANCEMENT LEARNING COHORTS AND PREPARE 80 FACILITATORS TO IMPLEMENT PROBLEM BASED LEARNING-SIMULATIONS WITH TARGETED EFFORTS TO RECRUIT 50 OF THOSE TRAINERS FROM UNDERREPRESENTED MINORITY GROUPS. WE WILL ALSO BUILD INFRASTRUCTURE TO CONNECT COMMUNITIES WITH TRAINERS, LEADING TRAINERS TO REPORT YEAR OVER YEAR INCREASES IN TRAININGS DELIVERED TO INDIVIDUALS AND ORGANIZATIONS THEREBY INCREASING OVERALL ACCESS TO TRAUMA-INFORMED INTERVENTIONS. OUR SECOND GOAL IS TO IMPROVE THE VIRTUAL AND FACE-TO-FACE TRAINING SKILLS FOR TRAUMA-INFORMED TRAINERS IN CHILD-SERVING SYSTEMS. COHORTS OF PROJECT ASSIST TRAINERS WILL INCREASE THEIR TRAINING SKILL, CONFIDENCE, AND QUALITY THROUGH MASTERY OF BEST PRACTICE TRAINING TOOLS AND RESOURCES. FINALLY, PROJECT ASSIST WILL SUPPORT TRAUMA-INFORMED TRAINERS THROUGH FOUR ROBUST COMMUNITIES OF PRACTICE. MEMBERS OF THESE NETWORKS WILL HAVE ACCESS TO PEER SUPPORT FOR TRAINING AND EVALUATION EFFORTS, A SPECIALIZED MENTORING PROGRAM FOR UNDERREPRESENTED MINORITY TRAINERS, FACILITATED LINKAGES WITH TRAINING REQUESTS AND A RESOURCE REPOSITORY THAT SUPPORTS THEIR TRAINING EFFORTS. IMPLEMENTATION SCIENCE PRINCIPLES WILL BE EMBEDDED AND EVALUATED THROUGHOUT THE PROJECT. FINALLY, AN ADVISORY BOARD OF CHILD TRAUMA EXPERTS, CONSUMERS WITH LIVED EXPERIENCE, AND MODEL DEVELOPERS WILL HELP DEVELOP CURRICULUM AND PROVIDE TRAINER FEEDBACK. WE WILL CONDUCT PROCESS AND OUTCOMES EVALUATIONS TO DEMONSTRATE SUCCESSFUL COMPLETION OF OUR OBJECTIVES.",2996646,2398166,2333781.18,662864.8199999998,2026-01-14,TAGGS,2026-01-15,N/A,2021-09-30,2027-09-29,Center for Mental Health Services,93.243,SUBSTANCE ABUSE AND MENTAL HEALTH SERVICES PROJECTS OF REGIONAL AND NATIONAL SIGNIFICANCE,SM-21-009,"National Child Traumatic Stress Initiative – Category II, Treatment and Service Adaptation (TSA) C…",https://www.samhsa.gov/grants/grant-announcements/sm-21-009,UNIVERSITY OF MISSOURI SYSTEM,MO,SAINT LOUIS,MO-01,"Junior College, College & University",https://taggs.hhs.gov/Detail/AwardDetail?arg_AwardNum=H79SM085050&arg_ProgOfficeCode=80,https://www.usaspending.gov/award/ASST_NON_H79SM085050_075/
SM085051,Restored,Reinstated (confirmed),Pediatric Integrated Post-Trauma Services (PIPS),"PEDIATRIC INTEGRATED POST-TRAUMA SERVICES (PIPS) - PEDIATRIC INTEGRATED POST-TRAUMA SERVICES (PIPS) DEVELOPED THE CARE PROCESS MODEL FOR PEDIATRIC TRAUMATIC STRESS (CPM-PTS), THE FIRST AND ONLY EMPIRICALLY-SUPPORTED MODEL FOR FRONTLINE PEDIATRIC SETTINGS TO DETECT AND RESPOND TO CHILD TRAUMATIC STRESS AND SUICIDE. PIPS PROPOSES TO DEVELOP IMPLEMENTATION STRATEGIES AND DISSEMINATE THE CPM-PTS NATIONALLY, AND NEWLY TO FOSTER CARE POPULATIONS AND RURAL SERVICE SYSTEMS. THE PURPOSE OF THE CPM-PTS IS TO REMEDIATE MENTAL HEALTH DISPARITIES BY GUIDING PROVIDERS IN PEDIATRIC SETTINGS TO UNIVERSALLY SCREEN FOR TRAUMA, IDENTIFY RISK FOR TRAUMATIC STRESS AND SUICIDALITY, AND PROVIDE A TRAUMA-INFORMED APPROACH THAT GUIDES REFERRALS FOR AT-RISK CHILDREN TO EVIDENCE-BASED TRAUMA TREATMENT AS WELL AS TARGETED, BRIEF IN-CLINIC INTERVENTIONS. AS OF JANUARY 2021, THE CPM-PTS HAS BEEN SUCCESSFULLY IMPLEMENTED IN >32 SEPARATE CLINICAL SETTINGS, MOSTLY IN PRIMARY CARE AND CHILDREN’S ADVOCACY CENTERS, IN 7 US STATES, REACHING TENS OF THOUSANDS OF YOUTH. HOWEVER, CURRENT TRAINING AND IMPLEMENTATION STRATEGIES FOR WIDE-SCALE DISSEMINATION, ADOPTION, AND SUSTAINABILITY OF THE CPM-PTS ARE INSUFFICIENT COMPARED TO THE NUMBER AND DIVERSITY OF PEDIATRIC SETTINGS AND SYSTEMS NATIONALLY THAT COULD BETTER DETECT CHILD TRAUMA AND PROVIDE A TRAUMA-INFORMED RESPONSE. FAILING TO SYSTEMATICALLY IDENTIFY AND RESPOND TO PEDIATRIC TRAUMATIC STRESS IS A FUNDAMENTAL BARRIER THAT DELAYS OR PREVENTS TRAUMATIZED CHILDREN FROM RECEIVING EVIDENCE-BASED CLINICAL CARE. THE GOAL OF THE CURRENT PROJECT IS TO DISSEMINATE THE CPM-PTS TO DIVERSE PEDIATRIC AND ADVOCACY CENTER SETTINGS THROUGH: 1. ESTABLISHMENT OF REGIONAL TECHNICAL ASSISTANCE CENTERS, 2. DEVELOPMENT OF ENHANCED IMPLEMENTATION STRATEGIES FOR RURAL AND NON-RURAL SERVICE SETTINGS, AND 3. ADAPTATION OF THE CPM-PTS FOR CHILDREN IN FOSTER CARE. PIPS PARTNERS WITH NATIONAL PROFESSIONAL ORGANIZATIONS, LARGE HEALTHCARE SYSTEMS, THE NATIONAL CENTER FOR CHILD TRAUMATIC STRESS (NCCTS), AND 18 CURRENT AND PROPOSED NATIONAL CHILD TRAUMATIC STRESS INITIATIVE (NCTSI) SITES IN 20 US STATES. IT IS ANTICIPATED THAT IN THE PROJECT LIFETIME, 30 TECHNICAL ASSISTANCE CENTERS WILL BE TRAINED TO SUPPORT IMPLEMENTATION OF THE CPM-PTS IN THEIR SYSTEM AND COMMUNITY, 300 SITES WILL IMPLEMENT THE CPM-PTS, AND BY THE LAST YEAR OF THE GRANT, 300,000 CHILDREN ANNUALLY WILL RECEIVE CARE IN SETTINGS USING THE CPM-PTS, WITH THE INTENTION OF REMEDIATING MENTAL HEALTH DISPARITIES AND PROVIDING BEST PRACTICE RESPONSE ON A NATIONAL SCALE FOR CHILDREN AT RISK FOR TRAUMATIC STRESS AND SUICIDE.",2999999,2399999,1769319.38,1230679.62,2026-01-14,TAGGS,2026-01-15,N/A,2022-09-30,2027-09-29,Center for Mental Health Services,93.243,SUBSTANCE ABUSE AND MENTAL HEALTH SERVICES PROJECTS OF REGIONAL AND NATIONAL SIGNIFICANCE,SM-21-009,"National Child Traumatic Stress Initiative – Category II, Treatment and Service Adaptation (TSA) C…",https://www.samhsa.gov/grants/grant-announcements/sm-21-009,UNIVERSITY OF UTAH,UT,SALT LAKE CITY,UT-01,"Junior College, College & University",https://taggs.hhs.gov/Detail/AwardDetail?arg_AwardNum=H79SM085051&arg_ProgOfficeCode=80,https://www.usaspending.gov/award/ASST_NON_H79SM085051_075/
SM085054,Restored,Reinstated (confirmed),Trauma-Informed Ministry Model (TIMM),"TRAUMA-INFORMED MINISTRY MODEL (TIMM) - CLERGY AND THEIR CONGREGATIONS HAVE A UNIQUE OPPORTUNITY TO AFFECT MENTAL HEALTH DISPARITIES BY BECOMING A TRAUMA-INFORMED FAITH COMMUNITY. WESTCARE FOUNDATION WILL DEVELOP AND DISSEMINATE AN EFFECTIVE, CULTURALLY RESPONSIVE TRAUMA-INFORMED MINISTRY MODEL (TIMM) TO 620 CONGREGATIONS NATIONALLY, AND ENABLE CLERGY TO USE THEIR PLATFORMS TO BUILD BRIDGES BETWEEN FORMAL AND INFORMAL CARE SYSTEMS AND PROMOTE INDIVIDUAL AND COMMUNAL TRAUMA RECOVERY. THE NEGATIVE IMPACT OF UNMITIGATED ADVERSE CHILDHOOD EXPERIENCES (ACE) AND ASSOCIATED TOXIC TRAUMATIC STRESS ON HEALTH, WELL-BEING, OPPORTUNITY, PROSPERITY, AND LONGEVITY HAS LONG BEEN RECOGNIZED, AND IT IS ESPECIALLY PRONOUNCED IN COMMUNITIES OF COLOR. DUE TO ONGOING STRUCTURAL AND SYSTEMIC RACISM, BLACK AND LATINX POPULATIONS ARE SIGNIFICANTLY MORE LIKELY TO EXPERIENCE ONE OR MORE ACES THAN WHITE AMERICANS. AT THE SAME TIME, THEY HAVE SIGNIFICANTLY LESS ACCESS TO PROFESSIONAL TRAUMA-INFORMED CARE; INSTEAD, MANY TURN TO THEIR MINISTERS AND FAITH COMMUNITIES FOR COMFORT AND HELP. CLERGY, HOWEVER, FEEL AND ARE ILL-EQUIPPED TO RESPOND TO CONGREGANTS’ NEEDS AND LACK KNOWLEDGE OF AND ACCESS TO LOCAL TREATMENT RESOURCES. WESTCARE FOUNDATION, INC. WILL BRING TOGETHER TRAUMA AND CAPACITY-BUILDING EXPERTS AS WELL AS FAITH-AND COMMUNITY-BASED ORGANIZATIONS TO ALLEVIATE THESE NEEDS VIA THREE GOALS: 1) PRODUCE AN EFFECTIVE ADAPTATION OF FOUNDATIONAL AND SKILLS-FOCUSED TIC CURRICULA (NCTSN 12 CORE CONCEPTS, PSYCHOLOGICAL FIRST AID, SKILLS FOR PSYCHOLOGICAL RECOVERY, NONVIOLENT CRISIS INTERVENTION) AS THE BASIS FOR TRAUMA-INFORMED MINISTRY IN FAITH-BASED SETTINGS IN COMMUNITIES OF COLOR; 2) DEVELOP, IMPLEMENT, AND TEST TIMM IN 20 FAITH COMMUNITIES IN THE SAN ANTONIO PROMISE ZONE IN TEXAS; AND 3) ROLL-OUT OF TIMM INTO 600 ADDITIONAL CONGREGATIONS SERVING COMMUNITIES OF COLOR NATIONWIDE. IN ADDITION TO SEEKING TO COLLABORATE WITH THE NATIONAL CHILDHOOD TRAUMATIC STRESS NETWORK, WE WILL WORK CLOSELY WITH LOCAL AND NATIONAL FAITH-BASED ALLIANCES AND MENTAL HEALTH ORGANIZATIONS, BOTH GRASS ROOT AND PROFESSIONAL, TO ENGAGE AND ENROLL CONGREGATIONS IN RELEVANT TRAINING, TECHNICAL ASSISTANCE, LEARNING COLLABORATIVE, AND SELF-CARE OPPORTUNITIES AND BUILD REFERRAL AND COLLABORATION BETWEEN HOUSES OF WORSHIP AND TREATMENT PROVIDER. WE WILL DEVELOP AND MAKE AVAILABLE A TIMM MANUAL AND TOOLKIT, AND USE RELEVANT CONFERENCES (E.G., THE PATHWAYS TO HOPE CONFERENCE) AND LEARNING PLATFORMS (E.G., THE NATIONAL FAITH-BASED PREVENTION ALLIANCE) TO BOTH PROMOTE THE PROJECT AND OFFER TIMM TRAINING AND RESOURCES. USING A PARTICIPATORY APPROACH, TIMM WILL INITIALLY BE DEVELOPED AND TESTED IN THE SAN ANTONIO PROMISE ZONE, A PREDOMINATELY BLACK AND LATINX NEIGHBORHOOD THAT IS AFFECTED BY GREAT SOCIAL DISADVANTAGES, BUT THAT ALSO IS HOME TO MANY VIBRANT FAITH COMMUNITIES THAT ARE READY TO PARTICIPATE. WORKING WITHIN THE PROMISE ZONE WILL ENABLE US TO ENSURE THAT TIMM WILL REFLECT THE CULTURAL AND SPIRITUAL CHARACTERISTICS AND PREFERENCES OF THE COMMUNITIES WE ARE LOOKING TO SERVE. AS WE PROGRESS THROUGH THE PROJECT AND ENCOUNTER POPULATIONS OF OTHER FAITHS, WE WILL CONTINUE TO ADAPT TIMM MATERIALS TO ENSURE CULTURAL RESPONSIVENESS.",2982000,2382000,1838671.6900000002,1143328.3099999998,2026-01-14,TAGGS,2026-01-15,N/A,2022-09-30,2027-09-29,Center for Mental Health Services,93.243,SUBSTANCE ABUSE AND MENTAL HEALTH SERVICES PROJECTS OF REGIONAL AND NATIONAL SIGNIFICANCE,SM-21-009,"National Child Traumatic Stress Initiative – Category II, Treatment and Service Adaptation (TSA) C…",https://www.samhsa.gov/grants/grant-announcements/sm-21-009,"WESTCARE FOUNDATION, INC.",NV,HENDERSON,NV-01,Other Social Services Organization,https://taggs.hhs.gov/Detail/AwardDetail?arg_AwardNum=H79SM085054&arg_ProgOfficeCode=80,https://www.usaspending.gov/award/ASST_NON_H79SM085054_075/
SM085055,Restored,Reinstated (confirmed),Creating Conditions for Change-Therapeutic Foster Care,"CREATING CONDITIONS FOR CHANGE-THERAPEUTIC FOSTER CARE - THE  CREATING CONDITIONS FOR CHANGE - THERAPEUTIC FOSTER CARE  (3C-TFC) PROJECT STRIVES TO IMPROVE THE QUALITY OF THERAPEUTIC FOSTER CARE (TFC), AN ESSENTIAL UNDERTAKING AS THE FAMILY FIRST PREVENTION SERVICES ACT RESTRICTIONS WILL INCREASE THE NUMBER AND ACUITY OF CHILDREN PLACED IN TFC.  A CADRE OF 240 3C-TFC TRAINERS WILL FACILITATE THE ADOPTION OF THIS NEW TRAUMA-INFORMED, RELATIONSHIP-FOCUSED PROGRAM IN AGENCIES NATIONWIDE. THE GOALS ARE: 1) INCREASE THERAPEUTIC FOSTER PARENTS (TFPS) ACCESS TO TRAINING THAT IMPROVES THEIR CAPACITY TO MEET THEIR CHILDREN'S TRAUMA-SPECIFIC NEEDS, 2) INCREASE THE CAPACITY OF AGENCY STAFF TO SUPPORT AND MENTOR TFPS AS THEY APPLY NEW SKILLS AND KNOWLEDGE REGARDING TRAUMA-INFORMED CARE, 3) INCREASE THE CAPACITY OF VOLUNTARY AND PUBLIC AGENCIES TO TRAIN, SUPPORT, AND RETAIN QUALIFIED TFPS IN THEIR TFC PROGRAMS, AND 4) PROVIDE LEADERSHIP AND EXPERTISE IN THE NCTSN.  TO ACCOMPLISH THESE GOALS TWO EXISTING PROGRAMS - THE THERAPEUTIC CRISIS INTERVENTION FOR FAMILIES (TCIF) AND CHILDREN AND RESIDENTIAL EXPERIENCES: CREATING CONDITIONS FOR CHANGE (CARE) - WILL BE ADAPTED, UPDATED AND INTEGRATED.  CARE, A TRAUMA-INFORMED, EVIDENCE-BASED PROGRAM MODEL PROVIDES A SET OF EVIDENCE-INFORMED PRINCIPLES THAT EMPHASIZE BUILDING DEVELOPMENTAL RELATIONSHIPS, MAINTAINING TRAUMA-SENSITIVE ENVIRONMENTS, AND WORKING EFFECTIVELY WITH BIOLOGICAL FAMILIES.  TCIF IS AN EVIDENCE-INFORMED CURRICULUM THAT PREPARES FOSTER PARENTS TO THERAPEUTICALLY PREVENT, DE-ESCALATE, OR MANAGE CHALLENGING BEHAVIORS. A TRAINING PROGRAM FOR TFPS AND ONE FOR THE STAFF THAT SUPPORT THEM WILL BE DEVELOPED BY UPDATING AND EXPANDING EXISTING TCIF AND CARE MATERIALS BASED ON A REVIEW OF CURRENT SCIENTIFIC LITERATURE AND STAKEHOLDER FOCUS GROUPS.  TO IMPROVE ACCESSIBILITY, BOTH TFP AND STAFF TRAININGS WILL INCLUDE MATERIALS TO FACILITATE LEARNING IN THREE MODALITIES: IN-PERSON TRAINING, LIVE VIRTUAL TRAINING, AND SELF-PACED E-LEARNING.  AFTER OBTAINING SYSTEMATIC FEEDBACK FROM BOTH TFP AND STAFF PARTICIPANTS IN FIELD TESTS OF PARTICULAR COMPONENTS AND THREE COMPLETE PILOT CYCLES OF EACH TRAINING PROGRAM, THESE CURRICULA WILL BE FINALIZED, AND A TRAIN-THE-TRAINER (TXT) PROGRAM AND CERTIFICATION PROCESS WILL BE DEVELOPED.  AN INITIAL CADRE OF 240 TRAINERS, WHO WILL RECEIVE ONGOING TECHNICAL ASSISTANCE AND CONSULTATION AS THEY TRAIN TFPS AND STAFF IN THEIR OWN PROGRAMS, WILL BE CERTIFIED BY CONDUCTING 12 TXT PROGRAMS ACROSS THE COUNTRY. ADDITIONAL FEEDBACK WILL BE COLLECTED FROM THE TRAINERS AS WELL AS THE STAFF AND TFPS THEY TRAIN.  TRAINERS WILL REPORT ON THE FIDELITY WITH WHICH THEY WERE ABLE TO COMPLETE THE TRAINING PROGRAMS.  STAFF AND TFPS WILL COMPLETE SPECIFICALLY DESIGNED FEEDBACK FORMS ABOUT EACH COMPONENT OF THE TRAINING.  SURVEYS OF STAFF AND TFPS AS WELL AS FOCUS GROUPS WITH STAFF AND INTERVIEWS WITH TFPS WILL ASSESS THE PERCEIVED FEASIBILITY, ACCEPTABILITY, AND USEFULNESS OF THE TRAINING, EXPLORE THE EXTENT TO WHICH TRAINEES WERE ABLE TO INCORPORATE THE KNOWLEDGE AND SKILLS INTO THEIR PRACTICE, AND IDENTIFY ADDITIONAL TOPICS THAT NEED TO BE INCLUDED IN FUTURE TRAINING UPDATE MODULES.  OVER THE COURSE OF THE PROJECT 200 TFPS, 200 STAFF, AND 276 TRAINERS WILL PARTICIPATE.",2039391,1562435,978800.1600000001,1060590.8399999999,2026-01-14,TAGGS,2026-01-15,N/A,2022-09-30,2027-09-29,Center for Mental Health Services,93.243,SUBSTANCE ABUSE AND MENTAL HEALTH SERVICES PROJECTS OF REGIONAL AND NATIONAL SIGNIFICANCE,SM-21-009,"National Child Traumatic Stress Initiative – Category II, Treatment and Service Adaptation (TSA) C…",https://www.samhsa.gov/grants/grant-announcements/sm-21-009,CORNELL UNIVERSITY,NY,ITHACA,NY-19,"Junior College, College & University",https://taggs.hhs.gov/Detail/AwardDetail?arg_AwardNum=H79SM085055&arg_ProgOfficeCode=80,https://www.usaspending.gov/award/ASST_NON_H79SM085055_075/
SM085056,Restored,Reinstated (confirmed),Collective for Antiracist Child and Family Systems,"COLLECTIVE FOR ANTIRACIST CHILD AND FAMILY SYSTEMS - THE CENTER FOR CHILD AND FAMILY TRAUMATIC STRESS AT KENNEDY KRIEGER INSTITUTE AND THE UNIVERSITY OF MARYLAND SCHOOL OF SOCIAL WORK WILL ESTABLISH AN NCTSI CATEGORY II TSA CENTER, THE COLLECTIVE FOR ANTIRACIST CHILD AND FAMILY SYSTEMS (CACFS), TO TRANSFORM CHILD AND FAMILY-SERVING SYSTEMS BY SUPPORTING ORGANIZATIONS AND PROVIDERS TO ADOPT ANTIRACIST, ANTI-OPPRESSIVE PRACTICES TO PREVENT TRAUMA EXPOSURE AND REPAIR TRAUMA EFFECTS AMONG BLACK AND LATINX CHILDREN, YOUTH, AND FAMILIES.   TARGET POPULATION: CACFS WILL TRAIN AND SUPPORT HUMAN SERVICES PROVIDERS, INCLUDING SOCIAL WORKERS AND MENTAL HEALTH CLINICIANS, SUPERVISORS, AND ADMINISTRATORS, FROM CHILD AND FAMILY SERVING ORGANIZATIONS AND SYSTEMS, INCLUDING CHILD WELFARE AGENCIES. STRATEGIES/ INTERVENTIONS: THE CACFS WILL DEVELOP, MODEL, AND EXPAND THE IMPLEMENTATION OF THREE CULTURALLY RESPONSIVE TRAUMA APPROACHES, SHARP, RADICAL HEALING, AND HEART. GOALS AND OBJECTIVES: CACFS WILL: (1) EXPAND THE KNOWLEDGE BASE FOR, AND INCREASE THE NUMBER OF ORGANIZATIONS WORKING TO REDUCE TRAUMA IN BLACK/AFRICAN AMERICAN AND LATINX CHILDREN BY EFFECTIVELY INSTITUTIONALIZING ANTIRACIST, ANTI-OPPRESSIVE PRACTICES; AND (2) ADDRESS BEHAVIORAL HEALTH DISPARITIES BY DEVELOPING AND PROMOTING ANTIRACIST, ANTI-OPPRESSIVE TRAUMA-INFORMED CARE APPROACHES, TO SUPPORT BLACK/AFRICAN AMERICAN AND LATINX CHILDREN AND FAMILIES TO HEAL FROM TRAUMA BY ENGAGING PROVIDERS TO INCREASE KNOWLEDGE AND SKILLS, AND ADOPT NEW PRACTICES; AND ORGANIZATIONS TO INCREASE READINESS FOR AND/OR COMMIT TO ADOPTING PRACTICES, POLICIES, AND STRATEGIC PLANS THAT CENTRALIZE RACIAL EQUITY AND HEALING. CACFS WILL ACHIEVE ITS GOALS BY: ESTABLISHING A 16-MEMBER CACFS ADVISORY BOARD TO ENGAGE PARENTS, FAMILY MEMBERS, AND YOUTH TO DEVELOP, AND OVERSEE CACFS PLANS; UTILIZE EXISTING ORGANIZATIONAL READINESS TOOLS TO ASSESS ORGANIZATIONS’ PREPAREDNESS TO IMPLEMENT ANTIRACIST TRAUMA-INFORMED PRACTICES; SERVING AS A CONTINUING RESOURCE FOR AT LEAST 40 CHILD AND FAMILY-SERVING ORGANIZATIONS TO LEARN AND ADOPT ANTIRACIST, ANTI-OPPRESSIVE PRACTICES AND POLICIES BY PROVIDING TRAINING, EDUCATION, AND TECHNICAL ASSISTANCE GROUNDED IN IMPLEMENTATION SCIENCE; PROMOTING CULTURALLY RESPONSIVE AND RACIALLY CONSCIOUS APPROACHES TO HEALING TRAUMA THROUGH A SERVICE SYSTEM AWARENESS CAMPAIGN VIA SOCIAL MEDIA, VIDEO MESSAGES, AND A WEBSITE REACHING AT LEAST 900 HUMAN SERVICE PROVIDERS; CONDUCTING FORMATIVE AND SUMMATIVE EVALUATION OF CACFS EFFORTS INCORPORATING A COMMUNITY-BASED PARTICIPATORY METHODOLOGY; DISSEMINATING BEST PRACTICES AND PRODUCTS TO EXPAND IMPLEMENTATION OF TRAUMA INTERVENTIONS WITHIN THE NCTSN, INCLUDING TO THE PEDIATRIC INTEGRATED CARE COLLABORATIVE; DEVELOPING, MODELING, AND EXPANDING THE IMPLEMENTATION OF THE SHARP AND RADICAL HEALING FRAMEWORKS AND HEART INTERVENTION, INCLUDING BY CREATING PRODUCTS SUCH AS FIDELITY MONITORING TOOLS, TRAIN-THE-TRAINER MODULES, HANDBOOKS AND GUIDANCE RESOURCES, AS WELL AS PARTNERING WITH IMPLEMENTING ORGANIZATIONS INCLUDING MARYLAND CHILD WELFARE AGENCIES, PROFESSIONAL ORGANIZATIONS, AND OTHERS TO IMPLEMENT AND TEST THE APPROACHES. CACFS EXPECTS TO SERVE AN AVERAGE OF 400 HUMAN SERVICES PROVIDERS ANNUALLY AND 2000 PROVIDERS OVER THE LIFE OF THE PROJECT.",2989668,2989668,2410818.28,578849.7200000002,2026-01-14,TAGGS,2026-01-15,N/A,2021-09-30,2026-09-29,Center for Mental Health Services,93.243,SUBSTANCE ABUSE AND MENTAL HEALTH SERVICES PROJECTS OF REGIONAL AND NATIONAL SIGNIFICANCE,SM-21-009,"National Child Traumatic Stress Initiative – Category II, Treatment and Service Adaptation (TSA) C…",https://www.samhsa.gov/grants/grant-announcements/sm-21-009,"KENNEDY KRIEGER CHILDREN'S HOSPTIAL, INC.",MD,BALTIMORE,MD-07,Other Social Services Organization,https://taggs.hhs.gov/Detail/AwardDetail?arg_AwardNum=H79SM085056&arg_ProgOfficeCode=80,https://www.usaspending.gov/award/ASST_NON_H79SM085056_075/
SM085058,Restored,Reinstated (confirmed),Child Advocacy Training and Support Center (CATS),"CHILD ADVOCACY TRAINING AND SUPPORT CENTER (CATS) - THE CHILD ADVOCACY TRAINING AND SUPPORT CENTER (CATS) AT BAYSTATE MEDICAL CENTER WILL COORDINATE AND CONSOLIDATE THE VAST RESOURCES AND EXPERTISE OF THE NATIONAL CHILD TRAUMATIC STRESS NETWORK (NCTSN) TO SUPPORT CHILD ADVOCACY CENTERS (CACS) IN MEETING THEIR MISSION AND THE NATIONAL CHILDREN’S ALLIANCE’S (NCA) STANDARDS FOR ACCREDITED MEMBERS WITH THE PRIMARY GOAL OF INCREASING ACCESS TO TRAUMA INFORMED SERVICES FOR CHILDREN AND THEIR FAMILIES. THE CATS CENTER TEAM, IN PARTNERSHIP WITH NATIONAL EXPERTS ON CAC SERVICE DELIVERY, EVIDENCE-BASED TREATMENT (EBT) TRAUMA CURRICULUM DEVELOPERS, AND STAKEHOLDERS REPRESENTING EACH MULTIDISCIPLINARY TEAM (MDT) DISCIPLINE WILL IMPLEMENT COMPREHENSIVE, COORDINATED CAPACITY-BUILDING EFFORTS FOCUSED ON DISSEMINATION OF TRAUMA-FOCUSED EBTS. THE CATS CENTER WILL BE THE VEHICLE FOR DISSEMINATION OF TRAUMA INFORMED CARE (TIC) ACROSS THE CAC SYSTEM, EMBEDDED WITHIN THE MDT MODEL IN A WAY THAT WILL PROMOTE COMPREHENSIVE TIC AND SUSTAINABILITY, EFFECTIVELY IMPACTING THE 350,000 YOUTH WHO ARE SERVED THROUGH CACS ANNUALLY. THE CATS CENTER WILL ACHIEVE THIS IN THE FOLLOWING WAYS: 1) ESTABLISH A NATIONAL TRAINING CENTER TO SUPPORT CACS IN ENSURING THEIR MDT MEMBERS ARE TRAUMA-INFORMED AND HAVE SPECIALIZED TOOLS, SKILLS, AND RESOURCES FOR EFFECTIVE SERVICE DELIVERY BY LEVERAGING EXISTING EXPERTISE AND PARTNERSHIPS. 2) INCREASE SYSTEM CAPACITY AND COMPETENCIES OF THE CAC MDT PROFESSIONALS’ (I.E., MEDICAL, MENTAL HEALTH, LAW ENFORCEMENT, CHILD-WELFARE, VICTIM ADVOCATES) TRAUMA-INFORMED RESPONSE USING A LEARNING COLLABORATIVE MODEL AND SPECIALIZED CURRICULUM SPECIFIC TO EACH DISCIPLINE. (MEETING 8 HOURS OF CHILD ABUSE TRAINING OUTLINED AS AN ESSENTIAL COMPONENT IN THE STANDARDS) 3. INCREASE AVAILABILITY OF TRAINING IN EBTS, SUCH AS TRAUMA-FOCUSED COGNITIVE-BEHAVIORAL THERAPY TO MENTAL HEALTH PROFESSIONALS WITHIN CACS (MEETING 40 HOURS OF TRAINING IN EBTS ANOTHER ESSENTIAL COMPONENT OF THE STANDARDS). 3) SUPPORTING SUSTAINABILITY OF TIC THROUGHOUT CAC MDTS BY SERVING AS A CONTINUING RESOURCE FOR TRAINING, CONSULTATION, AND TECHNICAL ASSISTANCE TO CAC MDTS FOR 6 MONTHS AFTER THEIR INITIAL ILC AND PROVIDING ADDITIONAL TRAINING AND CONSULTATION REGARDING PRIORITY AREAS SUCH AS COMMERCIAL SEXUAL EXPLOITATION AND TRAFFICKING, PROBLEM SEXUAL BEHAVIORS, SCREENING AND ENGAGEMENT, AND SECONDARY TRAUMATIC STRESS PREVENTION. 4) DEVELOP AND CONSOLIDATE NCTSN PRODUCTS SPECIFICALLY FOR CAC SERVICE SYSTEMS SUCH AS FACTSHEETS AND WEBINARS, AND CREATE A SPECIFIC LOCATION FOR THESE RESOURCES ON THE NCTSN WEBSITE FOR EASE OF ACCESSIBILITY, WITH LINKAGE TO NCA. THE CATS CENTER WILL REACH 80% OF ALL CACS THROUGH TRAINING AND RESOURCE DISTRIBUTION WITH EMPHASIS ON SELECTING CACS THAT ARE UNDER RESOURCED OR ATTEMPTING TO MEET THE NCA’S STANDARDS FOR ACCREDITED MEMBERS.",3000000,3000000,2449990.0900000003,550009.9099999997,2026-01-14,TAGGS,2026-01-15,N/A,2021-09-30,2027-01-31,Center for Mental Health Services,93.243,SUBSTANCE ABUSE AND MENTAL HEALTH SERVICES PROJECTS OF REGIONAL AND NATIONAL SIGNIFICANCE,SM-21-009,"National Child Traumatic Stress Initiative – Category II, Treatment and Service Adaptation (TSA) C…",https://www.samhsa.gov/grants/grant-announcements/sm-21-009,"BAYSTATE MEDICAL CENTER, INC.",MA,SPRINGFIELD,MA-01,Hospital,https://taggs.hhs.gov/Detail/AwardDetail?arg_AwardNum=H79SM085058&arg_ProgOfficeCode=80,https://www.usaspending.gov/award/ASST_NON_H79SM085058_075/
SM085061,Restored,Reinstated (confirmed),"Trauma informed to build Resilient, Indigenous, Balanced communities Enhanced with Strength (TRIBES)","TRAUMA INFORMED TO BUILD RESILIENT, INDIGENOUS, BALANCED COMMUNITIES ENHANCED WITH STRENGTH (TRIBES) - THE TRAUMA INFORMED TO BUILD RESILIENT, INDIGENOUS, BALANCED COMMUNITIES ENHANCED WITH STRENGTH (TRIBES) INITIATIVE, THROUGH THE UNIVERSITY OF NEW MEXICO HEALTH SCIENCES CENTER DIVISION OF COMMUNITY BEHAVIORAL HEALTH (CBH), SEEKS TO INCREASE EDUCATION, TRAINING AND KNOWLEDGE ABOUT HISTORICAL TRAUMA AND ITS IMPACT ON PARENTING PRACTICES, CHILD ABUSE AND NEGLECT, AND SUICIDE IN AMERICAN INDIAN AND ALASKA NATIVE (AI/AN) POPULATIONS. HISTORICAL TRAUMA (HT) AWARENESS DISSEMINATION INITIATIVES WILL SIGNIFICANTLY INCREASE THE CAPACITY OF TRIBES, TRIBAL-SERVING AGENCIES AND THEIR PARTNERS TO RESPOND TO TRAUMA IN A CULTURALLY APPROPRIATE AND EFFECTIVE MANNER. THIS WILL BE ACCOMPLISHED THROUGH THE DEVELOPMENT AND SUBSEQUENT TRAINING ON AN HT-FOCUSED PARENTING CURRICULUM, AND A SUICIDE PREVENTION AND RESPONSE TOOLKIT TO INCREASE ACCESS TO CULTURALLY INFORMED INTERVENTIONS. TRIBES WILL BUILD ON THE EXISTING EXPERTISE AND INFRASTRUCTURE WITHIN CBH ON HT, TRAUMA-INFORMED CARE, AND SAMSHA GRANTS MANAGEMENT (INCLUDING TWO CYCLES OF NATIONAL CHILD TRAUMATIC STRESS NETWORK (NCTSN) CATEGORY III GRANTS). THE GOALS OF TRIBES ARE TO: (1) COLLABORATE WITH NCTSN SITES, TRIBAL, STATE AND FEDERAL ORGANIZATIONS TO INCREASE AWARENESS AND UNDERSTANDING OF THE IMPACT OF HT ON PARENTING PRACTICES, CHILD ABUSE AND NEGLECT, AND SUICIDE; (2) INCREASE CAPACITY OF TRIBES AND THEIR PARTNERS TO PREVENT AND RESPOND TO SUICIDE AND RELATED TRAUMA IN A CULTURALLY APPROPRIATE MANNER; (3) DEVELOP AND IMPLEMENT AN INTERGENERATIONAL TRAUMA FOCUSED PARENTING CURRICULUM FOR AI/AN FAMILIES; (4) EXPAND WORKFORCE CAPACITY TO PROVIDE CULTURALLY RELEVANT TRAUMA-FOCUSED INTERVENTIONS FOR AI/AN FAMILIES; AND (5) IMPLEMENT A PROJECT EVALUATION INCLUDING PROCESS AND OUTCOMES EVALUATION. TO ACHIEVE THESE GOALS, TRIBES WILL ESTABLISH AN INTERGENERATIONAL TRAUMA COLLABORATIVE GROUP IN THE NCTSN AND PROVIDE AN ANNUAL WEBINAR SERIES ON HT, SUICIDE, AND PARENTING ISSUES IN AI/AN COMMUNITIES. TRIBES WILL ALSO CONDUCT AN ANNUAL LEARNING COLLABORATIVE ON THE PARENTING CURRICULUM IN FIVE REGIONS IN THE UNITED STATES, TO TRAIN 20 PROFESSIONALS IN YR 1 AND APPROXIMATELY 40 PROFESSIONALS IN YRS 2-5 (FOR A TOTAL OF 180)  ON THE CURRICULUM FROM NCTSN SITES AND OTHER AGENCIES WHO WORK WITH AI/AN POPULATIONS, WITH A FOCUS ON PARAPROFESSIONALS, TO INCREASE LOCAL WORKFORCE CAPACITY. WE ANTICIPATE THAT ACCESS TO CULTURALLY RELEVANT PARENTING CLASSES WILL PREVENT CHILD ABUSE AND NEGLECT. TRIBES WILL DEVELOP AND DISSEMINATE THE SUICIDE PREVENTION AND RESPONSE TOOLKIT WITH THE SUPPORT FROM THE TRIBES YOUTH AND FAMILY ADVISORY GROUP. THE TOOLKIT WILL BE EASILY ADAPTABLE TO LOCAL COMMUNITIES AND TRIBES WILL CONSULT WITH TRIBAL, STATE, AND FEDERAL AGENCIES ON IMPLEMENTING PRACTICES FROM THE TOOLKIT IN AI/AN COMMUNITIES. FOR QUALITY IMPROVEMENT, TRIBES WILL CONDUCT AN EVALUATION AND REPORTS WILL BE SHARED WITH PARTNERING STAKEHOLDERS. BY ADDRESSING THE IMPACT OF HT IN AI/AN FAMILIES AND COMMUNITIES, TRIBES HAS POTENTIAL TO PROMOTE THE WELLBEING, AND PREVENT ONGOING TRAUMA, OF HUNDREDS OF CHILDREN AND FAMILIES.",3000000,3000000,2343191.72,656808.2799999998,2026-01-14,TAGGS,2026-01-15,N/A,2021-09-30,2026-12-31,Center for Mental Health Services,93.243,SUBSTANCE ABUSE AND MENTAL HEALTH SERVICES PROJECTS OF REGIONAL AND NATIONAL SIGNIFICANCE,SM-21-009,"National Child Traumatic Stress Initiative – Category II, Treatment and Service Adaptation (TSA) C…",https://www.samhsa.gov/grants/grant-announcements/sm-21-009,UNIVERSITY OF NEW MEXICO,NM,ALBUQUERQUE,NM-01,"Junior College, College & University",https://taggs.hhs.gov/Detail/AwardDetail?arg_AwardNum=H79SM085061&arg_ProgOfficeCode=80,https://www.usaspending.gov/award/ASST_NON_H79SM085061_075/
SM085062,Restored,Reinstated (unconfirmed),Promoting Neurodiversity In Child Services By Supporting Trauma Recovery For Youth With Developmental Disabilities (STRYDD For Neurodiversity),"PROMOTING NEURODIVERSITY IN CHILD SERVICES BY SUPPORTING TRAUMA RECOVERY FOR YOUTH WITH DEVELOPMENTAL DISABILITIES (STRYDD FOR NEURODIVERSITY) - THE STRYDD CENTER AT THE NORTHWELL HEALTH SYSTEM WILL BUILD ON OUR EXPERTISE SUPPORTING TRAUMA RECOVERY FOR YOUTH WITH INTELLECTUAL AND DISABILITIES (IDD). THESE YOUTH, ABOUT 17% OF THE POPULATION, ARE AT INCREASED RISK OF VICTIMIZATION AND CHILD WELFARE INVOLVEMENT BUT THEIR TRAUMA-RELATED NEEDS ARE OFTEN IGNORED. WE WILL CALL ATTENTION TO THIS NEED THROUGHOUT NCTSN AND THE COMMUNITY AND ENHANCE THE CAPACITY OF EXISTING TREATMENT PROVIDERS TO ADDRESS IT. WE WILL PARTNER WITH OTHER NCTSN CENTERS TO RAISE AWARENESS IN THEIR COMMUNITIES USING TRAINING TOOLS SUCH AS NCTSN’S ROAD TO RECOVERY TOOLKIT AND CORE CURRICULUM ON CHILDHOOD TRAUMA WITH IDD-RELATED LEARNING CASES CURRENTLY UNDER DEVELOPMENT BY OUR TEAM. WE WILL INCREASE TRAUMA TREATMENT CAPACITY FOR THESE YOUTH BY DISSEMINATING OUR ADVANCED TRAINING FOR TAILORING TF-CBT TO YOUTH WITH IDD, WHICH HAS ALREADY BEEN CREATED WITH CONSULTATION FROM A TF-CBT DEVELOPER AND SUCCESSFULLY PILOTED. WE WILL FURTHER DEVELOP SUPPORTING MATERIALS AND A TRAINING MANUAL. WE WILL ALSO DEVELOP AND DISSEMINATE A MORE UNIVERSAL TRAINING, WHICH WILL SHOW HOW TO APPLY UNDERLYING PRINCIPLES AND STRATEGIES TO OTHER EVIDENCE-BASED TRAUMA TREATMENTS FOR YOUTH WITH IDD. APPLIED BEHAVIOR ANALYSIS (ABA) SERVICES ARE OFTEN USED WITH YOUTH WITH AUTISM SPECTRUM DISORDER TO ADDRESS BEHAVIOR DYSREGULATION THAT AT TIMES IS A TRAUMA SYMPTOM. WITH COLLABORATORS WHO ARE ABA PROVIDERS, WE WILL DEVELOP TRAINING ON TRAUMA-INFORMED ABA SERVICES AND FACILITATE COMMUNICATION BETWEEN ABA PROVIDERS AND TRAUMA TREATMENT THERAPISTS. WE WILL PARTNER WITH OTHER CAT II SITES TO DEVELOP BRIEF EDUCATIONAL MATERIALS REGARDING TRAUMA AND IDD FOR SPECIFIC IMPORTANT PROVIDER GROUPS SUCH AS PEDIATRICIANS,  PROFESSIONALS WORKING WITH YOUNG CHILDREN IN THE CHILD WELFARE SYSTEM AND/OR THOSE WORKING WITH YOUTH IN THE JUVENILE JUSTICE SYSTEM. IN RESPONSE TO COVID-19, WE HAVE FACILITATED USE OF A SELF-CARE AND PEER SUPPORT MODEL, STRESS FIRST AID IN OUR HEALTH SYSTEM. WE WILL EXPLORE THE UTILITY OF THIS MODEL FOR SUPPORTING SCHOOLS AND FAMILIES IN OUR COMMUNITY WITH EMPHASIS ON SPECIAL NEEDS STUDENTS BECAUSE THIS POPULATION IS OFTEN OVERLOOKED WHEN RESOURCES ARE STRAINED. THIS INITIATIVE IS EXPECTED TO REACH 1,630 SERVICE PROVIDERS DIRECTLY THROUGH LIVE TRAININGS, WITH AN ADDITIONAL 1000 PROVIDERS THROUGH WEB-BASED CONSULTATIONS, RECORDED WEBINARS AND RESOURCE DISSEMINATIONS. TOGETHER, THIS INITIATIVE WILL IMPACT MORE THAN 5,000 YOUTH WITH IDD AND THEIR CAREGIVERS.",2999316,2399935,2369882.75,629433.25,2026-01-14,TAGGS,2026-01-15,N/A,2021-09-30,2026-09-29,Center for Mental Health Services,93.243,SUBSTANCE ABUSE AND MENTAL HEALTH SERVICES PROJECTS OF REGIONAL AND NATIONAL SIGNIFICANCE,SM-21-009,"National Child Traumatic Stress Initiative – Category II, Treatment and Service Adaptation (TSA) C…",https://www.samhsa.gov/grants/grant-announcements/sm-21-009,LONG ISLAND JEWISH MEDICAL CENTER,NY,NEW HYDE PARK,NY-03,Hospital,https://taggs.hhs.gov/Detail/AwardDetail?arg_AwardNum=H79SM085062&arg_ProgOfficeCode=80,https://www.usaspending.gov/award/ASST_NON_H79SM085062_075/
SM085065,Restored,Reinstated (confirmed),Center for Equity and Resilience in Trauma-Responsive Organizations,"CENTER FOR EQUITY AND RESILIENCE IN TRAUMA-RESPONSIVE ORGANIZATIONS - HEALTH DISPARITIES AND SYSTEMIC INEQUITIES CAUSE CHILD TRAUMATIC STRESS TO HAVE A DISPROPORTIONATE IMPACT ON MARGINALIZED COMMUNITIES. ADDRESSING THESE DISPARITIES REQUIRES A DIVERSE, SKILLED, WELL-SUPPORTED, AND RESILIENT WORKFORCE. THE PROPOSED PROJECT, TITLED THE  CENTER FOR EQUITY AND RESILIENCE IN TRAUMA-RESPONSIVE ORGANIZATIONS,  WILL CREATE A TREATMENT AND SERVICE ADAPTATION CENTER TO DEVELOP AND IMPLEMENT A COMPREHENSIVE APPROACH TO ADDRESSING THESE ISSUES. SECONDARY TRAUMATIC STRESS IS A MAJOR CONTRIBUTOR TO TURNOVER IN THE HELPING PROFESSIONS, AND IT IMPEDES THE ABILITY OF PROVIDERS TO RESPOND EFFECTIVELY TO THE CHILDREN AND FAMILIES THEY SERVE. A LACK OF DIVERSITY IN THE WORKFORCE CONTRIBUTES TO MENTAL HEALTH DISPARITIES, LACK OF TREATMENT ENGAGEMENT, AND ATTRITION AMONG BLACK, INDIGENOUS, AND PEOPLE OF COLOR. SUPPORTING A DIVERSE WORKFORCE AND PREVENTING AND ADDRESSING SECONDARY TRAUMATIC STRESS ARE UPSTREAM APPROACHES THAT CAN REACH MULTITUDES OF CHILDREN AND FAMILIES BY IMPROVING THE WORKFORCE’S ABILITY TO PROVIDE GOOD CARE. THE CENTER WILL BE A PARTNERSHIP BETWEEN THE UNIVERSITY OF DENVER BUTLER INSTITUTE FOR FAMILIES, AND THE UNIVERSITY OF COLORADO KEMPE CENTER FOR THE PREVENTION AND TREATMENT OF CHILD ABUSE AND NEGLECT. BUTLER AND KEMPE HAVE DEVELOPED AN APPROACH WITH PROMISING INITIAL EVALUATION. WITH THE SUPPORT OF THIS FUNDING OPPORTUNITY, THE CENTER WILL EXPAND, EVALUATE, REFINE, AND DISSEMINATE THIS APPROACH TO BUILD A DIVERSE, SKILLED, WELL-SUPPORTED, AND RESILIENT WORKFORCE AMONG ACROSS CHILD-, YOUTH-, AND FAMILY-SERVING SYSTEMS IN COLORADO AND NATIONWIDE. THE CENTRAL ACTIVITIES FOR THE PROJECT INCLUDE THE DEVELOPMENT, IMPLEMENTATION, AND DISSEMINATION OF THE COMPREHENSIVE APPROACH WHICH WILL STRENGTHEN THE RESILIENCE AND WELL-BEING OF THE WORKFORCE (GOAL #1) AND SUPPORT A DIVERSE WORKFORCE BY ADVANCING EQUITY AND ADDRESSING RACE-BASED TRAUMATIC STRESS IN THE WORKPLACE (GOAL #2). THESE EFFORTS WILL BE COMPLEMENTED BY IMPROVING THE KNOWLEDGE AND SKILLS OF THE WORKFORCE TO CARE FOR CHILDREN AND FAMILIES IMPACTED BY TRAUMA WITH A LENS OF EQUITY (GOAL #3). ADDITIONALLY, THE PROJECT WILL DEVELOP MATERIALS ADDRESSING THE ABOVE OUTCOMES FOR NATIONAL DISSEMINATION IN PARTNERSHIP WITH THE NCTSN (GOAL #4). THE COMPREHENSIVE APPROACH WILL BE EVALUATED USING EQUITABLE EVALUATION PRINCIPLES AND REFINED TO ENSURE EFFECTIVENESS. MEASURABLE OBJECTIVES INCLUDE THE FOLLOWING:  1) AT LEAST 500 PEOPLE COMPLETE THE 16-HOUR STRENGTHENING RESILIENCE TO PREVENT AND ADDRESS STS TRAINING SERIES AND 80% OF THOSE WILL SHOW DECREASES IN RATES OF BURNOUT AND STS; 2) AT LEAST 200 SUPERVISORS IN THE BEHAVIORAL HEALTH, EDUCATION, AND CHILD-, YOUTH-, AND FAMILY-SERVING SYSTEMS COMPLETE TRAUMA-INFORMED SUPERVISION TRAINING; 3) 100 SUPERVISORS AND ADMINISTRATORS AND 200 STAFF COMPLETE THE FROM HISTORICAL TRAUMA TO MODERN OPPRESSION: UNDERSTANDING RACISM, RACE-BASED TRAUMATIC STRESS, AND CULTURAL HEALING MODULE; 4) 20 AGENCIES PARTICIPATE IN A ZOOM-FACILITATED COMMUNITY OF PRACTICE AND COACHING AND 80% OF THOSE AGENCIES WILL SHOW IMPROVEMENTS IN WORKPLACE EQUITY AND INCREASES IN STAFF INTENT TO STAY, PARTICULARLY AMONG BIPOC STAFF; 5) MATERIALS FOR ALL 4 STRENGTHENING RESILIENCE MODULES AND THE HISTORICAL TRAUMA TRAINING ARE TRANSCREATED AND PILOTED WITH NATIVE SPANISH SPEAKERS; AND 6) TWO ASYNCHRONOUS WEB-BASED TRAININGS (ONE IN SPANISH) ARE DEVELOPED.",2400000,2400000,1399859.69,1000140.31,2026-01-14,TAGGS,2026-01-15,N/A,2022-12-31,2027-09-29,Center for Mental Health Services,93.243,SUBSTANCE ABUSE AND MENTAL HEALTH SERVICES PROJECTS OF REGIONAL AND NATIONAL SIGNIFICANCE,SM-21-009,"National Child Traumatic Stress Initiative – Category II, Treatment and Service Adaptation (TSA) C…",https://www.samhsa.gov/grants/grant-announcements/sm-21-009,UNIVERSITY OF DENVER,CO,DENVER,CO-01,"Junior College, College & University",https://taggs.hhs.gov/Detail/AwardDetail?arg_AwardNum=H79SM085065&arg_ProgOfficeCode=80,https://www.usaspending.gov/award/ASST_NON_H79SM085065_075/
SM085066,Restored,Reinstated (confirmed),Innovative Guidance for Neighborhood Initiatives for Trauma-Informed Effectiveness (IGNITE),"INNOVATIVE GUIDANCE FOR NEIGHBORHOOD INITIATIVES FOR TRAUMA-INFORMED EFFECTIVENESS (IGNITE) - THE INNOVATIVE GUIDANCE FOR NEIGHBORHOOD INITIATIVES FOR TRAUMA-INFORMED EFFECTIVENESS (IGNITE) PROJECT PROPOSED BY THE URBAN YOUTH TRAUMA CENTER (UYTC) AT THE UNIVERSITY OF ILLINOIS AT CHICAGO (UIC) AIMS TO PROVIDE SPECIALIZED TRAINING, EDUCATION, AND CONSULTATION TO YOUTH-SERVING PROVIDERS ENABLING EVIDENCE-BASED INTERVENTION AND PREVENTION APPROACHES ACROSS THE CONTINUUM OF BEHAVIORAL HEALTH NEEDS OF UNDERSERVED URBAN YOUTH - ESPECIALLY LOW-INCOME ETHNIC MINORITIES - WHO ARE IMPACTED BY TRAUMATIC STRESS, COMMUNITY VIOLENCE, AND CO-OCCURRING CONDITIONS OF INTERNALIZING SUBSTANCE ABUSE AND EXTERNALIZING BEHAVIOR PROBLEMS.  THE HIGH LEVELS OF TRAUMATIC STRESS, COMMUNITY VIOLENCE EXPOSURE, CO-OCCURRING BEHAVIORAL HEALTH CHALLENGES, CHRONIC SOCIO-ECONOMIC ADVERSITY, AND THE COVID-19 PANDEMIC CRISIS HAVE COMBINED TO FURTHER EXPOSE THE SCARCITY OF TRAUMA INFORMED SERVICES AMONG HIGH-RISK URBAN YOUTH AND FAMILIES.  CONSEQUENTLY, THE IGNITE PROJECT AIMS TO PROVIDE A COMPREHENSIVE, COORDINATED, CROSS-SYSTEM, AND COLLABORATIVE SET OF EVIDENCE-BASED TRAUMA INFORMED SERVICES TO ADDRESS THIS CONTINUUM OF CLINICAL CARE NEEDS AMONG TARGETED MULTI-PROBLEM AND CROSS-SYSTEMS INVOLVED YOUTH AND FAMILIES BOTH IN CHICAGO AND SELECTED U.S. CITIES, AS WELL AS IN ONLINE FORMATS ACCESSIBLE THROUGHOUT THE COUNTRY.  IN PARTICULAR, IGNITE WILL PROVIDE: A) SPECIALIZED TRAINING AND EDUCATION ON UYTC PROTOCOLS FOR 1000 CLINICIANS AND 2000 COMMUNITY-BASED YOUTH SERVICE PROVIDERS AND COMMUNITY MEMBERS ON EFFECTIVE EARLY INTERVENTION, MENTAL HEALTH PROMOTION, AND PREVENTION OF LONG-TERM CONSEQUENCES THROUGH EVIDENCE-BASED SERVICE AND PUBLIC AWARENESS THAT WILL SERVE 9,000 YOUTH AND FAMILIES INCLUDING 10% ANNUAL SERVICE ACCESS INCREASES FOR THE 5-YEAR PERIOD; AND B) CROSS-SYSTEM COLLABORATION THROUGH NATIONAL NCTSN COMMITTEE CHAIRS (E.G., COMMUNITY VIOLENCE AND SUBSTANCE USE) AND UYTCS ANNUAL COMMUNITY VIOLENCE PUBLIC AWARENESS CAMPAIGN; INVOLVING AT LEAST 50 ORGANIZATIONAL PARTNERS FOR DEVELOPING AND DISSEMINATING SPECIALIZED UYTC AND NCTSN RESOURCES TO SERVICE PROVIDERS AND THE GENERAL PUBLIC THROUGH BOTH IN-PERSON AND ONLINE FORMATS REACHING 10,000 PEOPLE INCLUDING 10% ANNUAL INCREASES IN BOTH RESOURCE ACCESS AND CROSS-SYSTEM ENGAGEMENT AMONG UYTC PARTNERS FOR THE 5-YEAR PERIOD.  MOREOVER, IGNITE WILL EMPHASIZE CULTURALLY COMPETENT TRAINING AND EDUCATION TO EMPHASIZE CONTEXTUALLY RELEVANT CONTENT THAT CAN IMPROVE THE IMPACT OF EVIDENCE-BASED SERVICES THAT WILL BE DELIVERED TO LOW INCOME, URBAN AND ETHNIC MINORITY YOUTH AND FAMILIES WHO DEMONSTRATE DISTINCT TRAUMATIC STRESS RESPONSES FOLLOWING COMMUNITY VIOLENCE EXPOSURE, PARTICULARLY IN THE CURRENT COVID-19 CLIMATE.",2875000,2875000,2003236.59,871763.4099999999,2026-01-14,TAGGS,2026-01-15,N/A,2021-09-30,2027-09-29,Center for Mental Health Services,93.243,SUBSTANCE ABUSE AND MENTAL HEALTH SERVICES PROJECTS OF REGIONAL AND NATIONAL SIGNIFICANCE,SM-21-009,"National Child Traumatic Stress Initiative – Category II, Treatment and Service Adaptation (TSA) C…",https://www.samhsa.gov/grants/grant-announcements/sm-21-009,UNIVERSITY OF ILLINOIS,IL,CHICAGO,IL-07,"Junior College, College & University",https://taggs.hhs.gov/Detail/AwardDetail?arg_AwardNum=H79SM085066&arg_ProgOfficeCode=80,https://www.usaspending.gov/award/ASST_NON_H79SM085066_075/
SM085068,Restored,Reinstated (confirmed),AGH Center for Traumatic Stress in Children & Adolescents,"AGH CENTER FOR TRAUMATIC STRESS IN CHILDREN & ADOLESCENTS - ALLEGHENY GENERAL HOSPITAL'S CENTER FOR TRAUMATIC STRESS IN CHILDREN AND ADOLESCENTS IS APPLYING TO CONTINUE AS A TREATMENT AND SERVICE ADAPTATION CENTER IN THE NATIONAL CHILD TRAUMATIC STRESS NETWORK (NCTSN) WITH NATIONAL EXPERTISE IN EVIDENCE-BASED TREATMENTS FOR TRAUMATIC STRESS REACTIONS. THE DEVELOPERS OF TRAUMA-FOCUSED COGNITIVE BEHAVIORAL THERAPY (TF-CBT) AND ALTERNATIVES FOR FAMILIES: A COGNITIVE BEHAVIORAL THERAPY (AF-CBT) WILL ADDRESS BEHAVIORAL HEALTH DISPARITIES FOR CHILDREN WHO DEVELOP TRAUMATIC STRESS REACTIONS INCLUDING: 1) AFRICAN AMERICAN CHILDREN WHO EXPERIENCE RACIAL TRAUMA; 2) CHILDREN WITH PARENTAL SUBSTANCE ABUSE; AND 3) CHILDREN WITH TRAUMATIC GRIEF (CTG) RELATED TO COVID-19. IN ADDITION TO OTHER TRAUMATIC EVENTS, AFRICAN AMERICAN YOUTH EXPERIENCE HIGH RATES OF RACIAL TRAUMA, TRAUMATIC STRESS REACTIONS, AND ARE OVER-REPRESENTED IN THE CHILD WELFARE AND JUVENILE JUSTICE SYSTEMS.  WE WILL CONDUCT A LEARNING COMMUNITY WITH FIVE NCTSN COMMUNITY TREATMENT AND SERVICES (CTS) CENTERS TO ADAPT TF-CBT FOR RACIAL TRAUMA. WE WILL ALSO DEVELOP A TF-CBT IMPLEMENTATION MANUAL FOR RACIAL TRAUMA AND A RELATED INFORMATION SHEET, WITH A FOCUS ON TREATMENT RETENTION ISSUES, CLINICAL OUTCOMES AND BEHAVIORAL HEALTH DISPARITIES. CHILDREN WITH PARENTAL SUBSTANCE ABUSE (PSA) ARE AT INCREASED RISK FOR CHILD MALTREATMENT AND FOR DEVELOPING TRAUMATIC STRESS REACTIONS INCLUDING TRAUMATIC SEPARATION AND/OR CTG. WE WILL CONDUCT A LEARNING COMMUNITY WITH SIX CTS CENTERS IN ORDER TO ADAPT TF-CBT FOR YOUTH WITH PSA, DEVELOP A TF-CBT IMPLEMENTATION MANUAL FOR YOUTH WITH PSA AND DEVELOP A PODCAST FOR CAREGIVERS OF YOUTH WITH PSA, WITH AN EMPHASIS ON RETENTION ISSUES, CLINICAL OUTCOMES AND BEHAVIORAL HEALTH DISPARITIES. THOUSANDS OF CHILDREN WITH COVID-19-RELATED CTG HAVE UNIQUE CLINICAL MANIFESTATIONS THAT ARE UNDER-RECOGNIZED AND UNDER-TREATED. WE WILL COLLABORATE WITH THE UNIVERSITY OF CALIFORNIA AT SAN FRANCISCO EARLY TRAUMA TREATMENT NETWORK TO DEVELOP THREE TRAINING MODULES DESCRIBING AN INTEGRATED CONCEPTUAL AND DEVELOPMENTAL APPROACH TO RECOGNIZING AND RESPONDING TO COVID-19-RELATED CTG, PRESENT THESE IN THREE NCTSN WEBINARS, AND TRAIN 1000 PROFESSIONALS IN THESE CONCEPTS. WE WILL ALSO INCREASE TF-CBT AND AF-CBT DISSEMINATION AND SUSTAINABILITY BY: 1) TRAINING 40 NEW TF-CBT SUPERVISORS THROUGH OUR EXISTING TF-CBT TRAIN-THE-SUPERVISOR PROGRAM AND 20 NEW TF-CBT TRAINERS THROUGH OUR EXISTING TF-CBT TRAIN THE TRAINER PROGRAM, WITH A FOCUS ON ADDRESSING BEHAVIORAL HEALTH DISPARITIES, 2) DEVELOPING SIX NEW AF-CBT TRAINING VIDEOS TO CREATE A NEW ONLINE AF-CBT TRAINING COURSE FOR GREATER CROSS-SYSTEM DISSEMINATION AND SUSTAINABILITY OF THIS MODEL; 3) PROVIDING TF-CBT OR AF-CBT TRAINING TO 5000 PROFESSIONALS; AND 4) PROVIDING TF-CBT TRAINING, CONSULTATION OR TECHNICAL ASSISTANCE TO 500 TRAUMA OR DISASTER-AFFECTED INDIVIDUALS.",3000000,3000000,2329914.15,670085.8500000001,2026-01-14,TAGGS,2026-01-15,N/A,2021-09-30,2026-09-29,Center for Mental Health Services,93.243,SUBSTANCE ABUSE AND MENTAL HEALTH SERVICES PROJECTS OF REGIONAL AND NATIONAL SIGNIFICANCE,SM-21-009,"National Child Traumatic Stress Initiative – Category II, Treatment and Service Adaptation (TSA) C…",https://www.samhsa.gov/grants/grant-announcements/sm-21-009,ALLEGHENY SINGER RESEARCH INSTITUTE,PA,PITTSBURGH,PA-12,"Research Institution, Foundation and Laboratory",https://taggs.hhs.gov/Detail/AwardDetail?arg_AwardNum=H79SM085068&arg_ProgOfficeCode=80,https://www.usaspending.gov/award/ASST_NON_H79SM085068_075/
SM085070,Restored,Reinstated (confirmed),Sustaining Change,"SUSTAINING CHANGE - MT. HOPE FAMILY CENTER'S PROJECT SUSTAINING CHANGE WILL PROVIDE TRAINING, CONSULTATION, AND TECHNICAL ASSISTANCE FOR CHILD- AND FAMILY-SERVING ORGANIZATIONS AND SYSTEMS TO IMPROVE DISSEMINATION AND IMPLEMENTATION OF EVIDENCE-BASED TREATMENT MODELS FOR CHILD TRAUMA. FOCUSING ON SUSTAINABILITY THROUGH ORGANIZATIONAL SUPPORTS WILL PROMOTE LONGER-TERM ACCESSIBILITY TO SERVICES FOR TRAUMATIZED CHILDREN, ADOLESCENTS, AND THEIR FAMILIES AND ENHANCE SUPPORTS FOR BEST PRACTICES IN CHILD-SERVING SYSTEMS. GOALS OF SUSTAINING CHANGE INCLUDE TO: 1) EXPAND ACCESS TO EVIDENCE-BASED TREATMENT FOR CHILDREN AND YOUTH WHO HAVE HAD TRAUMATIC EXPERIENCES, AND ASSIST ORGANIZATIONS IN ADOPTING AND PROVIDING EVIDENCE-BASED MODELS OF INTERVENTION, 2) SUPPORT ORGANIZATIONS IN IDENTIFYING EVIDENCE-BASED INTERVENTIONS THAT FIT THE NEEDS OF THEIR POPULATION SERVED AND ORGANIZATION, AND IN ACHIEVING SUCCESSFUL EVIDENCE-BASED IMPLEMENTATION THROUGH IMPLEMENTATION SCIENCE PRINCIPLES, 3) FACILITATE SUSTAINABILITY OF EVIDENCE-BASED INTERVENTIONS THROUGH CONSULTATION AND LEADERSHIP FORUMS, AND 4) ASSIST ORGANIZATIONS IN GAINING AN UNDERSTANDING OF TRAUMA-INFORMED CARE, AND ADOPTING THE GUIDING PRINCIPLES TO EMBED TRAUMA-INFORMED CARE WITHIN THEIR ORGANIZATIONS AND SYSTEMS. EVIDENCE-BASED TRAINING FOR 50 CLINICIANS IN INTERPERSONAL PSYCHOTHERAPY FOR ADOLESCENTS WILL IMPROVE ACCESS TO TREATMENT FOR TRAUMATIZED YOUTH WITH DEPRESSIVE SYMPTOMS AND PROVISION OF CHILD-PARENT PSYCHOTHERAPY BY 50 CLINICIANS WILL IMPROVE ACCESS TO TRAUMA-INFORMED TREATMENT FOR CHILDREN UNDER AGE SIX AND FAMILIES. THIS TRAINING WILL BE OFFERED THROUGH 8 LEARNING COLLABORATIVES. EDUCATION ON EVIDENCE-BASED INTERVENTION IN CHILD WELFARE AND MENTAL HEALTH ORGANIZATIONS WILL BE PROVIDED THROUGH 5 WEBINARS AND 2 LEADERSHIP FORUMS. THROUGH A PARTNERSHIP WITH THE TRANSFORM NATIONAL CHILD CENTER ON CHILD ABUSE AND NEGLECT, SUSTAINING CHANGE SYNERGISTICALLY WILL LEVERAGE EXISTING RESOURCES THAT TRANSLATE RESEARCH INTO BEST PRACTICES TO MAXIMIZE REACH AND DEPTH OF TRAUMA-INFORMED CARE TO BREAK THE INTERGENERATIONAL TRANSMISSION OF TRAUMA AND ASSIST ORGANIZATIONS IN ADOPTING AND PROVIDING EVIDENCE-BASED MODELS OF INTERVENTION. CONSULTATION ON TRAUMA-INFORMED ORGANIZATIONAL TRANSFORMATION WILL SUPPORT 3 REFLECTIVE SUPERVISION COHORTS, IMPROVE PREVENTION OF SECONDARY TRAUMATIC STRESS, AND CHANGE AGENCY CLIMATE TO ENHANCE WORKFORCE DEVELOPMENT AND INTEGRATE SAMHSA'S TRAUMA-INFORMED PRINCIPLES INTO PRACTICE FOR 2-5 ORGANIZATIONS. TRAINING WILL BE TARGETED TO CHILD-SERVING ORGANIZATIONS NATIONALLY, AND WILL INCLUDE OVER 1000 PROFESSIONALS TRAINED OVER THE COURSE OF THE PROJECT. TRAININGS AND CONSULTATION WILL INCLUDE IN-PERSON, WEBINARS, VIDEOCONFERENCING, LEADERSHIP FORUMS, AND ACCESS TO RESOURCES THROUGH THE TRANSFORM WEBSITE AND SOCIAL MEDIA. EVIDENCE-BASED INTERVENTIONS AND PRINCIPLES OF TRAUMA-INFORMED CARE EXIST THAT CAN SUCCESSFULLY IMPACT THE LIVES OF INDIVIDUALS WHO HAVE EXPERIENCED TRAUMA. SUSTAINING CHANGE CAN OFFER HOPE THROUGH ITS NETWORK OF SUPPORTS AND PREPARE THE NEXT GENERATION OF SUPERVISORS AND PRACTITIONERS TO IMPLEMENT EVIDENCE-BASED TRAUMA TREATMENTS INTO PRACTICE IN SUSTAINABLE WAYS.",2922263,2325747,1591120.96,1331142.04,2026-01-14,TAGGS,2026-01-15,N/A,2022-09-30,2027-09-29,Center for Mental Health Services,93.243,SUBSTANCE ABUSE AND MENTAL HEALTH SERVICES PROJECTS OF REGIONAL AND NATIONAL SIGNIFICANCE,SM-21-009,"National Child Traumatic Stress Initiative – Category II, Treatment and Service Adaptation (TSA) C…",https://www.samhsa.gov/grants/grant-announcements/sm-21-009,UNIVERSITY OF ROCHESTER,NY,ROCHESTER,NY-25,"Junior College, College & University",https://taggs.hhs.gov/Detail/AwardDetail?arg_AwardNum=H79SM085070&arg_ProgOfficeCode=80,https://www.usaspending.gov/award/ASST_NON_H79SM085070_075/
SM085072,Restored,Reinstated (confirmed),National Child Traumatic Stress Initiative – Category IITreatment and Service Adaptation (TSA) Centers,"NATIONAL CHILD TRAUMATIC STRESS INITIATIVE – CATEGORY IITREATMENT AND SERVICE ADAPTATION (TSA) CENTERS - THE ALASKA CHILD TRAUMA CENTER AT ALASKA BEHAVIORAL HEALTH IS PROPOSING A RURAL CHILD TRAUMA CENTER TO RAISE THE STANDARD OF CARE AND IMPROVE ACCESS TO EVIDENCE-BASED TREATMENTS FOR RURAL CHILDREN IMPACTED BY CHILD TRAUMA.  THE CENTER WILL PROVIDE TRAINING IN RURAL COMMUNITIES TO IMPROVE IDENTIFICATION OF CHILD TRAUMA AND TRAINING TO MENTAL HEALTH PROFESSIONALS TO IMPROVE THE QUALITY AND ACCESSIBILITY OF CHILD TRAUMA TREATMENT IN RURAL AREAS.   THE RURAL CHILD TRAUMA CENTER WILL USE FOUR STRATEGIES; (1) RURAL COMMUNITY TRAINING ON CHILD TRAUMA TO IMPROVE LOCAL AWARENESS, IDENTIFICATION AND RESPONSIVENESS TO CHILD TRAUMA (2) TRAINING AND ONGOING PROFESSIONAL CONSULTATION ON EVIDENCE-BASED TREATMENTS TO MENTAL HEALTH PROFESSIONALS SERVING RURAL AREAS (3) TRAINING ON THE PROVISION OF CHILD TRAUMA TREATMENTS USING TELEHEALTH, TO EXTEND SERVICES TO AREAS WITH MENTAL HEALTH PROFESSIONAL SHORTAGES (4) RURAL CHILD TRAUMA-FOCUSED LEARNING COMMUNITIES TO IMPROVE PROFESSIONAL AND ORGANIZATIONAL RURAL-SERVICE COMPETENCY (5) AN ANNUAL RURAL CHILD TRAUMA INSTITUTE TO DISSEMINATE BEST PRACTICES IN RURAL CHILD TRAUMA TREATMENT NATIONWIDE.  THE RURAL CHILD TRAUMA CENTER WILL PROVIDE TRAINING TO OVER 10,000 PERSONS LIVING IN, OR SERVING, RURAL AREAS OVER THE PROJECT PERIOD.  THE SOUGHT OUTCOMES OF THE CENTER ARE INCREASED IDENTIFICATION OF CHILD TRAUMA IN RURAL AREAS, IMPROVEMENT IN THE AVAILABILITY OF EVIDENCE-BASED TRAUMA TREATMENTS IN RURAL AREAS AND IMPROVEMENT IN ACCESS TO THOSE SERVICES FOR CHILDREN AND FAMILIES IN RURAL COMMUNITIES.",2400000,2400000,1339317.56,1060682.44,2026-01-14,TAGGS,2026-01-15,N/A,2022-12-31,2026-12-30,Center for Mental Health Services,93.243,SUBSTANCE ABUSE AND MENTAL HEALTH SERVICES PROJECTS OF REGIONAL AND NATIONAL SIGNIFICANCE,SM-21-009,"National Child Traumatic Stress Initiative – Category II, Treatment and Service Adaptation (TSA) C…",https://www.samhsa.gov/grants/grant-announcements/sm-21-009,"ANCHORAGE COMMUNITY MENTAL HEALTH SERVICES, INC",AK,ANCHORAGE,AK-00,Hospital,https://taggs.hhs.gov/Detail/AwardDetail?arg_AwardNum=H79SM085072&arg_ProgOfficeCode=80,https://www.usaspending.gov/award/ASST_NON_H79SM085072_075/
SM085074,Restored,Reinstated (confirmed),Early Trauma Treatment Network: Training to Improve Access and Standards of Care for Young Children,"EARLY TRAUMA TREATMENT NETWORK: TRAINING TO IMPROVE ACCESS AND STANDARDS OF CARE FOR YOUNG CHILDREN - THE EARLY TRAUMA TREATMENT NETWORK (ETTN) WILL PROVIDE TRAINING, EDUCATION, AND TECHNICAL ASSISTANCE FOR WIDE-SCALE DISSEMINATION AND IMPLEMENTATION OF EVIDENCE-BASED TRAUMA TREATMENT AND SERVICE APPROACHES FOR YOUNG CHILDREN AGED PRENATAL-5 YEARS. YOUNG CHILDREN ARE MOST VULNERABLE TO TRAUMA DUE TO STATISTICALLY HIGHER EXPOSURE, DEVELOPMENTAL VULNERABILITY, AND DEPENDENCE ON PARENTS/CAREGIVERS. ETTN WILL ADDRESS TRAINING AND EDUCATION GAPS IN THE MENTAL HEALTH, CHILD WELFARE, JUDICIAL, AND REFUGEE RESETTLEMENT SYSTEMS, WITH ACTIVITIES THAT EXPAND KNOWLEDGE/EXPERTISE IN EARLY CHILDHOOD TRAUMA AND ITS DISPROPORTIONATE IMPACT ON YOUNG CHILDREN WITH BEHAVIORAL HEALTH DISPARITIES; CREATE CULTURALLY INFORMED PRODUCTS AND TRAINING PROTOCOLS; STANDARDIZE TRAINING; AND BUILD CROSS-SYSTEM LINKAGES FOR COLLABORATION AMONG SYSTEMS OF CARE. ETTN IS A NATIONAL COLLABORATIVE OF LEADING UNIVERSITY-BASED PROGRAMS AND EDUCATORS IN EARLY CHILDHOOD TRAUMA. THE LEAD AGENCY IS THE UCSF CHILD TRAUMA RESEARCH PROGRAM, A MULTICULTURAL, BILINGUAL IN SPANISH PROGRAM THAT DEVELOPS, IMPLEMENTS, AND DISSEMINATES EVIDENCE-BASED AND PROMISING TREATMENTS/INTERVENTIONS. ETTN CREATED THE CHILD-PARENT PSYCHOTHERAPY MODEL (CPP MODEL), A CONTINUUM OF TWO-GENERATION EARLY TRAUMA INTERVENTIONS THAT APPLIES CLAS STANDARDS TO ALL ITS ACTIVITIES. THE CORE OF THE CPP MODEL IS CHILD-PARENT PSYCHOTHERAPY (CPP), A MANUALIZED 2-GENERATION, EVIDENCE-BASED EARLY TRAUMA TREATMENT WITH 5 RCTS AND 2 EFFECTIVENESS STUDIES WITH SAMPLES WITH BEHAVIORAL HEALTH DISPARITIES. ADAPTATIONS INCLUDE PERINATAL CPP (P-CPP), WHICH SHOWS SIGNIFICANT DECREASE IN MATERNAL RISK FOR CHILD ABUSE IN THE FIRST YEAR OF LIFE WHEN THIS RISK IS HIGHEST, AND ATTACHMENT VITAMINS (AV), A 10-MODULE CPP GROUP ADAPTATION TO EDUCATE SERVICE PROVIDERS ACROSS SYSTEMS AND PARENTS/CAREGIVERS IN ATTACHMENT AND EARLY CHILDHOOD TRAUMA. PRODUCTS INCLUDE TREATMENT/TRAINING MANUALS, BOOKS, WEBINARS, VIDEOS, AND CHILDREN’S BOOKS/PARENT GUIDES FOR SPECIFIC TRAUMAS, POPULATIONS, AND SYSTEMS. TO IMPROVE ACCESS AND STANDARDS OF CARE, ETTN WILL CREATE THE CENTER FOR CPP IMPLEMENTATION AND SUSTAINABILITY; CONDUCT 3 CPP LEARNING COLLABORATIVES (LCS), 3 CPP TRAIN-THE-TRAINER LCS, AND 3 P-CPP LCS; STANDARDIZE CPP MODEL TRAININGS AND PROCEDURES; EXPAND THE CPP MODEL TO THE CHILD WELFARE AND JUDICIAL SYSTEMS AND TO 3 NEW POPULATIONS: PARENTS WITH SUBSTANCE USE, PARENTS IN THE PERINATAL PERIOD, AND REFUGEES; PARTNER WITH NCTSN SITES TO INTEGRATE AND DISSEMINATE EFFECTIVE TRAINING STRATEGIES ACROSS EVIDENCE-BASED TREATMENTS; AND COLLABORATE WITH THE NCTSI NATIONAL CENTER AND NCTSN CENTERS IN IMPLEMENTATION, TRAINING, AND PRODUCT DEVELOPMENT. BY THE END OF THE GRANT, ETTN WILL HAVE TRAINED 440 PRACTITIONERS TO IMPLEMENTATION-LEVEL STANDARDS FOR CPP, P-CPP, AND AV; SERVED AS A CONTINUED RESOURCE TO 560 ROSTERED CPP PROVIDERS; AND PROVIDED EC TRAUMA TRAININGS TO 29,000 PROVIDERS ACROSS SYSTEMS.",3000000,3000000,2392704.04,607295.96,2026-01-14,TAGGS,2026-01-15,N/A,2021-09-30,2026-09-29,Center for Mental Health Services,93.243,SUBSTANCE ABUSE AND MENTAL HEALTH SERVICES PROJECTS OF REGIONAL AND NATIONAL SIGNIFICANCE,SM-21-009,"National Child Traumatic Stress Initiative – Category II, Treatment and Service Adaptation (TSA) C…",https://www.samhsa.gov/grants/grant-announcements/sm-21-009,"REGENTS OF THE UNIVERSITY OF CALIFORNIA, SAN FRANCISCO, THE",CA,SAN FRANCISCO,CA-11,"Junior College, College & University",https://taggs.hhs.gov/Detail/AwardDetail?arg_AwardNum=H79SM085074&arg_ProgOfficeCode=80,https://www.usaspending.gov/award/ASST_NON_H79SM085074_075/
SM085079,Restored,Reinstated (confirmed),Telehealth Outreach Program for Traumatic Stress,"TELEHEALTH OUTREACH PROGRAM FOR TRAUMATIC STRESS - OVERVIEW: THE TELEHEALTH OUTREACH PROGRAM FOR TRAUMATIC STRESS (TOP-TS) WILL SUPPORT WIDE-SCALE KNOWLEDGE, IMPLEMENTATION, RESOURCES, AND SUSTAINABILITY OF A TELEHEALTH SERVICE DELIVERY MODEL FOR TRAUMA-FOCUSED COGNITIVE BEHAVIORAL THERAPY (TF-CBT) FOR UNDERSERVED YOUTH (I.E., RACIAL/ETHNIC AND/OR LINGUISTIC MINORITIES, RURAL, LOW SES) IN THE MAINLAND US AND PUERTO RICO. TOP-TS WILL PROVIDE 1) EDUCATION ABOUT TELEHEALTH, 2) TRAINING AND TECHNICAL ASSISTANCE WITH ONGOING CONSULTATION AND SUPPORT, AND 3) CULTURALLY/LINGUISTICALLY COMPETENT RESOURCES, NATIONAL GUIDELINES AND BEST PRACTICES TO SUPPORT THE MENTAL HEALTH WORKFORCE IN THE IMPLEMENTATION OF TF-CBT VIA TELEHEALTH. POPULATIONS SERVED: THE TOP-TS TEAM WILL PROVIDE EDUCATION, TRAINING AND TECHNICAL ASSISTANCE (TTA) SERVICES AND RESOURCES TO THE MENTAL HEALTH WORKFORCE DELIVERING TF-CBT VIA TELEHEALTH IN CHILD ADVOCACY CENTERS, COMMUNITY MENTAL HEALTH CLINICS, SCHOOLS, JUVENILE JUSTICE, AND OTHER CHILD-SERVING AGENCIES TARGETING RURAL AND UNDERSERVED TRAUMA-EXPOSED YOUTH AND FAMILIES IN THE MAINLAND US AND PUERTO RICO. TOP-TS WILL PROMOTE EQUITABLE ACCESS TO CARE FOR RACIALLY, ETHNICALLY AND LINGUISTICALLY DIVERSE CHILDREN AND FAMILIES THROUGH THE USE OF A TELEHEALTH SERVICE DELIVERY MODEL. STRATEGIES AND INTERVENTIONS: TOP-TS WILL INCREASE KNOWLEDGE OF TELEHEALTH PROTOCOLS AND BEST PRACTICES TO DELIVER TF-CBT FOR UNDERSERVED YOUTH THROUGH EDUCATIONAL WEBINARS ABOUT TELEHEALTH BEST-PRACTICES AND ADAPTATIONS FOR UNIQUE SERVICE SETTINGS AND POPULATIONS. WE WILL CREATE A SERIES OF PROTOCOLS, TRAINING MATERIALS, AND RESOURCES TO AID IMPLEMENTATION.  WE WILL OFFER EVIDENCE-BASED TTA AND ONGOING IMPLEMENTATION SUPPORT WITH THE GOAL OF WIDE-SCALE IMPLEMENTATION OF TELEHEALTH DELIVERY OF TF-CBT. TELEHEALTH TF-CBT INTENSIVE TRAINING WILL BE OFFERED THROUGH COMMUNITY BASED LEARNING COLLABORATIVES (CBLCS) THAT NOT ONLY PROVIDE CLINICAL TRAINING FOR PROVIDERS, BUT ALSO WHOLE AGENCY IMPLEMENTATION SUPPORT. OUR LEARNINGS FROM THESE CBLCS WILL INFORM A TRAIN-THE-TRAINER CURRICULUM AND NATIONAL GUIDELINES AND BEST PRACTICES FOR TELEHEALTH DELIVERY OF TF-CBT TO PROMOTE SUSTAINABILITY OF TELEHEALTH BEST PRACTICES. PROJECT GOALS AND MEASURABLE OBJECTIVES: THE TOP-TS WILL INCREASE THE KNOWLEDGE, IMPLEMENTATION, RESOURCES, AND SUSTAINABILITY OF A TELEHEALTH SERVICE DELIVERY MODEL FOR TRAUMA FOCUSED SERVICES FOR UNDERSERVED YOUTH IN THE MAINLAND US AND PUERTO RICO. IN SUPPORT OF THESE GOALS, ELEVEN SMART OBJECTIVES WILL GUIDE TOP-TS PLANNING, DELIVERY AND EVALUATION. AT THE UNIVERSAL LEVEL, TOP-TS RESOURCES WILL RECEIVE AT LEAST 10,000 VIEWS/DOWNLOADS EACH YEAR. AT THE TARGETED LEVEL, THE PROJECT WILL ENGAGE AT LEAST 500 PARTICIPANTS EACH YEAR IN ONSITE TRAININGS AND DISTANCE LEARNING EVENTS. AT THE INTENSIVE LEVEL, THE PROJECT WILL PROVIDE TTA AND CONSULTATION TO AT LEAST 50 MENTAL HEALTH PROVIDERS IN THE US AND PUERTO RICO EACH YEAR. TOTAL FIVE-YEAR PROPOSED REACH: 52,750",3000000,3000000,2209587.82,790412.1800000002,2026-01-14,TAGGS,2026-01-15,N/A,2021-09-30,2027-09-29,Center for Mental Health Services,93.243,SUBSTANCE ABUSE AND MENTAL HEALTH SERVICES PROJECTS OF REGIONAL AND NATIONAL SIGNIFICANCE,SM-21-009,"National Child Traumatic Stress Initiative – Category II, Treatment and Service Adaptation (TSA) C…",https://www.samhsa.gov/grants/grant-announcements/sm-21-009,THE MEDICAL UNIVERSITY OF SOUTH CAROLINA,SC,CHARLESTON,SC-06,"Junior College, College & University",https://taggs.hhs.gov/Detail/AwardDetail?arg_AwardNum=H79SM085079&arg_ProgOfficeCode=80,https://www.usaspending.gov/award/ASST_NON_H79SM085079_075/
SM085080,Restored,Reinstated (confirmed),Center for the Treatment of Developmental Trauma Disorders,"CENTER FOR THE TREATMENT OF DEVELOPMENTAL TRAUMA DISORDERS - THE CENTER FOR TREATMENT OF DEVELOPMENTAL TRAUMA DISORDERS (CTDTD) BRINGS TOGETHER DEVELOPERS OF LEADING EVIDENCE-BASED TRAUMA TREATMENTS (EBTT) FOR CHILDREN VICTIMIZED BY DEVELOPMENTAL TRAUMA AND PROFESSIONAL AND LIVED EXPERIENCE EXPERTS ON CULTURALLY RESPONSIVE TRAUMA-INFORMED SERVICES, TO ENHANCE CLINICAL AND PEER PROVIDERS THERAPEUTIC COMPETENCE NATIONALLY AND TO ENHANCE PUBLIC UNDERSTANDING OF AND REDUCE STIGMA ASSOCIATED WITH DTD. OVER THE 5-YEAR FUNDING PERIOD, CTDTD WILL EXPAND, AND DEVELOP TRAINING CURRICULA BASED ON, ITS GROUNDBREAKING 35-WEBINAR SERIES IDENTIFYING CRITICAL MOMENTS AND HEALING COMPLEX TRAUMA (HTTPS://LEARN.NCTSN.ORG/COURSE/INDEX.PHP?CATEGORYID=78), THUS PROVIDING EXPERIENTIAL TRAINING THAT WILL ENHANCE THE ABILITY OF MORE THAN 25,000 PEER AND PROFESSIONAL COUNSELORS TO TREAT MORE THAN 125,000 CHILDREN SAFELY, CULTURALLY RESPONSIVELY, AND EFFECTIVELY FOR DTD—AS WELL AS CREATING A PERMANENT ARCHIVE THAT WILL BENEFIT PROVIDERS AND CHILDREN FOR DECADES TO COME. THE CRITICAL MOMENTS WEBINARS SHOW PROFESSIONALLY PRODUCED FILMS WITH PROFESSIONAL OR PEER THERAPISTS HANDLING MOMENT-TO-MOMENT THERAPY CRISES WITH DRAMATIZED CHILD/FAMILY CLIENTS OF DIVERSE ETHNORACIAL/CULTURAL BACKGROUNDS WHO ARE RECOVERING FROM DEVELOPMENTAL AND HISTORICAL TRAUMA. THEY OFFER UNIQUE ADDED INSIGHTS VIA POST-SESSION FILMED REFLECTIONS BY THE THERAPIST AND CLIENT(S) AND IN-DEPTH COMMENTARY BY YOUTH AND ADULTS WITH LIVED AND PROFESSIONAL EXPERIENCE.  FROM 2021-2026, CTDTD WILL PRODUCE AND DISSEMINATE NATIONALLY: (A) 25 WEBINARS WITH NEW FILMS OF DRAMATIZED CRISIS THERAPY SESSIONS (AND POST-SESSION COMMENTARY) THAT WILL BE CONDUCTED BY PROFESSIONAL AND PEER THERAPISTS FROM NCTSN CATEGORY III CENTERS AFFILIATES AS WELL AS BY CTDTD FACULTY EBTT EXPERTS, WITH A DIFFERENT THEME EACH YEAR FOCUSED ON STIGMATIZED AND POLYVICTIMIZED CHILDREN; (B) A COMPANION SET OF 25 FILMED DRAMATIZED MULTI-DISCIPLINARY FAMILY SERVICE PLANNING SESSION WEBINARS INCLUDING PARENTS/CAREGIVERS, TEACHERS, CHILD WELFARE WORKERS, PROBATION OFFICERS, HEALTHCARE PROVIDERS, AND MENTORS (AND THE YOUTH/CLIENT IF S/HE IS A TEEN), WITH POST-SESSION COMMENTARY; (C) A COMPANION SET OF 50 DIGITAL DIARY FILMS IN WHICH EACH DRAMATIZED YOUTH/CLIENT DESCRIBES CURRENT AND PAST STRESSORS AND TURNING POINTS, IN THEIR OWN WORDS, WITH YOUTH AND ADULT COMMENTARY HIGHLIGHTING KEY DEVELOPMENTAL DILEMMAS AND EVIDENCE OF YOUTHS’ RESILIENCE; AND (D) A CORE SKILLS CHECKLIST THAT REFERENCES SPECIFIC TIME POINTS IN FILMED THERAPY SESSIONS IN WHICH THE THERAPIST DEMONSTRATES EACH CORE SKILL, TO TRANSLATE NCTSN’S PREREQUISITE CLINICAL COMPETENCIES AND CORE CHILD TRAUMA CURRICULUM INTO PRACTICE-BASED LEARNING. CTDTD WILL EXTEND ITS FORMATIVE WORK ON CORE THERAPY SKILLS BY COLLABORATING WITH CATEGORY II CENTERS TO CREATE CURRICULA FOR THE CORE SKILLS NECESSARY FOR TRAINING, TREATMENT, AND SYSTEM TRANSFORMATION, IN A NEW CORE SKILLS CONSORTIUM (CSC) ORGANIZED AND CONVENED BY CTDTD.   FINALLY, TO SERVE AS A RESOURCE FOR NCTSN AND NATIONALLY ON DTD, CTDTD WILL CONTINUE TO PROVIDE ANNUAL UP-DATES OF 3 PROFESSIONAL RESOURCES BEGUN IN 2017: THE DTD CLINICIAN TOOLKIT, DTD ASSESSMENT & TREATMENT UPDATE,, AND DTD: INNOVATIONS IN CONCEPTUALIZATIONS & SERVICES.",3000000,2400000,1725082.79,1274917.21,2026-01-14,TAGGS,2026-01-15,N/A,2022-09-30,2027-09-29,Center for Mental Health Services,93.243,SUBSTANCE ABUSE AND MENTAL HEALTH SERVICES PROJECTS OF REGIONAL AND NATIONAL SIGNIFICANCE,SM-21-009,"National Child Traumatic Stress Initiative – Category II, Treatment and Service Adaptation (TSA) C…",https://www.samhsa.gov/grants/grant-announcements/sm-21-009,UNIVERSITY OF CONNECTICUT HEALTH CENTER,CT,FARMINGTON,CT-05,"Research Institution, Foundation and Laboratory",https://taggs.hhs.gov/Detail/AwardDetail?arg_AwardNum=H79SM085080&arg_ProgOfficeCode=80,https://www.usaspending.gov/award/ASST_NON_H79SM085080_075/
SM085083,Restored,Reinstated (confirmed),"Stronger Together: Attachment, Resilience, & Support (STARS): Helping Children and Youth Reach Their Full Potential","STRONGER TOGETHER: ATTACHMENT, RESILIENCE, & SUPPORT (STARS): HELPING CHILDREN AND YOUTH REACH THEIR FULL POTENTIAL - THE STRONGER TOGETHER: ATTACHMENT, RESILIENCE, & SUPPORT (STARS): HELPING CHILDREN AND YOUTH REACH THEIR FULL POTENTIAL PROJECT SEEKS TO PROMOTE RESILIENCE OF CHILDREN IMPACTED BY TRAUMA BY EXPANDING THE EBT WORKFORCE THROUGH TRAINING, CONSULTATION, AND TA IN EBTS (PSB-CBT; PCIT; TF-CBT) TO AMELIORATE THE BEHAVIORAL SEQUELAE OF TRAUMA WITH ADVANCED TRAININGS TO FILL IDENTIFIED GAPS IN STANDARD TRAINING. NOTABLY, 75 CLINICIANS WILL RECEIVE TRAINING IN PSB-CBT WITH AN ADDITIONAL 12 CLINICIANS RECEIVING TRAINING IN PCIT THROUGH THE STARS TRAINING TEAM. FURTHER, TO INCREASE PROVIDERS' UNDERSTANDING OF TRAUMA, ALL THERAPISTS WILL COMPLETE THE NCTSN ON-LINE CORE CONCEPTS OF TRAUMA TRAINING. ADVANCED TRAINING IN PCIT-PSB (UP TO 20 CLINICIANS) AND TF-CBT-PSB (UP TO 180 CLINICIANS) WILL ALLOW THE CROSS-POLLINATION OF PROVIDER SKILLS IN EBT WITH INTERVENTIONS TO TREAT BEHAVIORAL SEQUELAE OF TRAUMA. AS PART OF THE PROJECT, WE ADDITIONALLY SEEK TO ENHANCE RESILIENCE OF OUR EBT WORKFORCE THROUGH MANAGEMENT AND REDUCTION OF SECONDARY TRAUMATIC STRESS (STS) BY PROVIDING SPECIALIZED TRAINING TO UP TO THE 400 CLINICIANS AND SUPERVISORS IN THE COMPONENTS FOR ENHANCING CLINICIAN EXPERIENCE AND REDUCING TRAUMA (CE-CERT) MODEL. STARS WILL FURTHER FACILITATE SUSTAINABILITY OF EBT WITHIN AGENCIES THROUGH THE PROVISION OF TRAINER TRAINING OR ADVANCED CLINICAL POPULATIONS IN EBT FOR BEHAVIORAL SEQUELAE OF TRAUMA FOR UP TO 32 PSB-CBT PROVIDERS. A TOTAL OF 319 THERAPISTS WILL BE TRAINED IN EBT AND UP TO 400 WILL RECEIVE TRAINING TO ADDRESS STS AS A RESULT OF THE AWARD WITH COUNTLESS FAMILIES AND COMMUNITY MEMBERS IMPACTED AND SERVED. IN ADDITION TO CLINICAL TRAINING, THE STARS PROJECT SEEKS TO ADDRESS SYSTEMIC RACISM AND INEQUITIES IN AGENCIES RESPONDING TO PROBLEMATIC SEXUAL BEHAVIOR OF YOUTH AND ENHANCE ENGAGEMENT OF FAMILIES IN EBT THROUGH CULTURALLY CONGRUENT COMMUNICATION AND THERAPY PRACTICES. TO THIS END, WE WILL DEVELOP THE STARS EQUITY WORKGROUP WITH PSB-CBT, PCIT, AND TF-CBT LEADS, OUR EXISTING PSB YOUTH PARTNERSHIP AND PARENT PARTNERSHIP BOARDS, AND PARTNERS ACROSS THE COUNTRY INCLUDING EBT TRAINED CLINICIANS. THE WORKGROUP WILL ASSESS OUR CURRENT PROGRAMMING, DEVELOP A PLAN TO ADDRESS EQUITY, AND CREATE AND DISSEMINATE RESOURCES FOR EQUITY PRACTICES AND POLICIES THROUGH THE COURSE OF THE PROJECT. THE STARS TEAM IS COMPOSED OF EBT AND MODULE DEVELOPERS, NATIONALLY RECOGNIZED TRAINERS, AND CONSULTANTS WHO HAVE MADE SIGNIFICANT IMPACTS IN THEIR AREAS OF EXPERTISE. THE OUHSC STARS TEAM ALSO HAS EXTENSIVE EXPERTISE IN SERVICE PROVISION TO CHILDREN AND FAMILIES IMPACTED BY TRAUMA WITH INFRASTRUCTURE TO CONDUCT LARGE-SCALE TRAININGS, IMPLEMENTATION, TECHNICAL ASSISTANCE AND RIGOROUS EVALUATION. MEMBERS WILL PARTICIPATE FULLY IN NCTSN ACTIVITIES AND WORKS GROUPS TO FURTHER THE NETWORK'S MISSION. THROUGH THE STARS PROGRAM THE OUTCOMES OF CHILDREN WHO HAVE EXPERIENCED TRAUMA CAN BE BRIGHTER.",2400000,2400000,1420492.52,979507.48,2026-01-14,TAGGS,2026-01-15,N/A,2022-12-31,2027-09-29,Center for Mental Health Services,93.243,SUBSTANCE ABUSE AND MENTAL HEALTH SERVICES PROJECTS OF REGIONAL AND NATIONAL SIGNIFICANCE,SM-21-009,"National Child Traumatic Stress Initiative – Category II, Treatment and Service Adaptation (TSA) C…",https://www.samhsa.gov/grants/grant-announcements/sm-21-009,UNIVERSITY OF OKLAHOMA,OK,OKLAHOMA CITY,OK-05,"Junior College, College & University",https://taggs.hhs.gov/Detail/AwardDetail?arg_AwardNum=H79SM085083&arg_ProgOfficeCode=80,https://www.usaspending.gov/award/ASST_NON_H79SM085083_075/
SM085084,Restored,Reinstated (confirmed),"Center for Child Trauma Assessment, Services, and Systems Integration","CENTER FOR CHILD TRAUMA ASSESSMENT, SERVICES, AND SYSTEMS INTEGRATION - THE CENTER FOR CHILD TRAUMA ASSESSMENT, SERVICES, AND SYSTEMS INTEGRATION (CCTASSI) AT NORTHWESTERN UNIVERSITY OFFERS NATIONAL EXPERTISE ON ADDRESSING THE COMPLEX, DEVELOPMENTAL EFFECTS OF TRAUMA FOR SYSTEM-INVOLVED YOUTH AND DEVELOPING TRAUMA-INFORMED, CHILD-SERVING SYSTEMS AND AGENCIES.  OUR TARGET POPULATION INCLUDES FRONTLINE AND OTHER PROVIDERS IN CHILD WELFARE AND JUVENILE JUSTICE SETTINGS AND THE YOUTH AND FAMILIES THEY SERVE, WITH A SPECIFIC FOCUS ON MINORITY YOUTH AND SUBPOPULATIONS WHO ARE AT HEIGHTENED RISK DUE TO SYSTEMIC OPPRESSION AND RACIAL TRAUMA. THIS INCLUDES RACIAL AND ETHNIC MINORITY IMMIGRANTS AND REFUGEES (I/R), MULTISYSTEM INVOLVED YOUTH (MSIY), TRANSITION AGE YOUTH (TAY), AND COMMERCIALLY SEXUALLY EXPLOITED (CSE) YOUTH. OUR GOALS ARE TO: 1) INCREASE AWARENESS, KNOWLEDGE, AND SKILL OF FRONTLINE PROVIDERS TO IDENTIFY AND RESPOND TO THE COMPLEX, DEVELOPMENTAL EFFECTS OF TRAUMA; 2) DEVELOP COMPREHENSIVE, SYSTEM-WIDE TRAUMA-INFORMED SERVICES WITHIN CHILD-SERVING SETTINGS; 3) INCREASE THE CAPACITY FOR TRAUMA-INFORMED, CROSS-SYSTEM COORDINATION FOR MSIY; 4) INCREASE PROVIDERS AWARENESS, KNOWLEDGE, AND SKILLS TO PREVENT AND APPROPRIATELY RESPOND TO YOUTH AND FAMILIES IMPACTED BY SYSTEMIC TRAUMA, INCLUDING OPPRESSION, DISPARITIES, RACISM, AND OTHER FORMS OF IDENTITY-BASED DISCRIMINATION; AND 5) INCREASE PROVIDER UNDERSTANDING OF AND RESPONSIVENESS TO THE UNIQUE NEEDS OF SUBPOPULATIONS OF YOUTH AND FAMILIES IMPACTED BY COMPLEX, DEVELOPMENTAL TRAUMA, INCLUDING I/R, CSE, AND TAY. OUR OBJECTIVES AND RELATED ACTIVITIES WILL FOCUS ON TRAUMA-INFORMED ADAPTATION AND DISSEMINATION OF EVIDENCE-SUPPORTED SERVICE APPROACHES AND SPECIALIZED TRAINING AND CONSULTATION TO SUPPORT TRAUMA-INFORMED SYSTEMS TRANSFORMATION. WE WILL OFFER TRAINING, TECHNICAL ASSISTANCE, AND TRAIN THE TRAINER APPROACHES FOR THINK TRAUMA (TT); WE PLAN TO INCREASE KNOWLEDGE AND SKILL OF FRONTLINE PROVIDERS IN RESIDENTIAL SETTINGS VIA LEARNING COMMUNITIES, REACHING UP TO 500 PROVIDERS OVER 5 YEARS. WE WILL TRAIN AN ADDITIONAL 500 FRONTLINE PROVIDERS ANNUALLY (2000 TOTAL) ON OUR NEW SUPPLEMENTAL MODULES FOR I/R AND CSE YOUTH AND OUR VIRTUAL GRAND ROUND SERIES ON TRAUMA AND MARGINALIZED POPULATIONS. WE WILL WORK TO INCREASE PROVIDERS KNOWLEDGE AND ENHANCE THEIR RESPONSES TO SYSTEMIC TRAUMA AND OPPRESSION FOR AT-RISK SUBPOPULATIONS BY DISSEMINATING NEW AND EXISTING RESOURCES WITH OUR TRANSITION AGE YOUTH AND RACE AND TRAUMA FILMS. WE EXPECT TO REACH AT LEAST 15,000 PEOPLE ANNUALLY PER FILM (150,000 OVER 5 YEARS), BASED ON PRIOR DISSEMINATION OF CCTASSI FILMS. WE WILL FACILITATE TRAUMA-INFORMED, CROSS-SYSTEM COORDINATION BY ADAPTING COMPONENTS OF THE CROSSOVER YOUTH PRACTICE MODEL, AND DEVELOPING AND PILOTING TEST A COMPREHENSIVE APPROACH FOR CREATING TRAUMA-INFORMED SYSTEMS; WE AIM TO REACH PROVIDERS IN AT LEAST 60 JURISDICTIONS ACROSS 23 STATES IN 5 YEARS, REACHING AT LEAST 2000 PEOPLE IN 5 YEARS.  WE WILL FACILITATE ALL ACTIVITIES IN COLLABORATION WITH SYSTEM AND COMMUNITY PARTNERS, AND IN CLOSE PARTNERSHIP WITH YOUTH/FAMILIES. IN TOTAL, WE CAN REACH 154,500 PROVIDERS AND COMMUNITY MEMBERS THROUGH THESE ACTIVITIES; THIS REACH WILL INCREASE EVEN FURTHER WHEN CONSIDERING THE NUMBER OF YOUTH AND FAMILIES IMPACTED BY EACH TRAUMA-INFORMED PROVIDER, AGENCY AND SYSTEM.",3000000,3000000,2243583.46,756416.54,2026-01-14,TAGGS,2026-01-15,N/A,2021-09-30,2027-06-29,Center for Mental Health Services,93.243,SUBSTANCE ABUSE AND MENTAL HEALTH SERVICES PROJECTS OF REGIONAL AND NATIONAL SIGNIFICANCE,SM-21-009,"National Child Traumatic Stress Initiative – Category II, Treatment and Service Adaptation (TSA) C…",https://www.samhsa.gov/grants/grant-announcements/sm-21-009,NORTHWESTERN UNIVERSITY,IL,EVANSTON,IL-09,"Junior College, College & University",https://taggs.hhs.gov/Detail/AwardDetail?arg_AwardNum=H79SM085084&arg_ProgOfficeCode=80,https://www.usaspending.gov/award/ASST_NON_H79SM085084_075/
SM085086,Restored,Reinstated (confirmed),National Child Trauma Workforce Institute (UCCS-NCTWI),"NATIONAL CHILD TRAUMA WORKFORCE INSTITUTE (UCCS-NCTWI) - THE UNIVERSITY OF COLORADO COLORADO SPRINGS' NATIONAL CHILD TRAUMA WORKFORCE INSTITUTE (UCCS-NCTWI) WILL ADDRESS THE NATIONAL CHILD-SERVING WORKFORCE'S NEED FOR FOUNDATIONAL TRAUMA TRAINING BY PROVIDING TRAINING, CONSULTATION AND TECHNICAL ASSISTANCE TO MENTAL HEALTH PROVIDERS AND PSYCHOLOGY AND CHILD PSYCHIATRY TRAINEES TO EXPAND THE USE OF THE CORE CURRICULUM ON CHILDHOOD TRAUMA (CCCT), AN EVIDENCE-BASED TRAUMA TRAINING CURRICULUM.  SPECIFICALLY, THE GOALS OF UCCS-NCTWI ARE TO 1) BUILD THE TRAUMA RESPONSE CAPACITY OF THE US MENTAL HEALTH WORKFORCE BY EXPANDING THE NUMBER OF TRAINED CCCT FACILITATORS ACROSS MENTAL HEALTH DISCIPLINES; 2) INTEGRATE THE CCCT INTO TRAUMA EDUCATION WITHIN PSYCHOLOGY AND CHILD PSYCHIATRY TRAINING PROGRAMS AND ACROSS THE PROFESSIONAL LIFESPAN; AND 3) INCREASE THE IMPACT OF CCCT TRAINING ON IMPROVED TRAUMA-INFORMED CLINICAL AND ORGANIZATIONAL PRACTICES BY EXPANDING LONG-TERM EVALUATION AND IDENTIFYING KEY TRAINING COMPONENTS AND STRATEGIES.  ACROSS THE FIVE YEARS OF THE PROJECT, UCCS-NCTWI'S MEASURABLE OBJECTIVES INCLUDE 1) TRAINING AT LEAST 6 NEW CCCT FACULTY TO DELIVER TRAINING, CONSULTATION, AND TECHNICAL ASSISTANCE TO NEW FACILITATORS; 2) TRAINING AT LEAST 80 NEW CCCT FACILITATORS VIA AT LEAST 10 TRAININGS; 3) PROVIDING AT LEAST 50 ONGOING TRAINING, CONSULTATION, AND TECHNICAL ASSISTANCE OPPORTUNITIES FOR TRAINED FACILITATORS; 4) DEVELOPING AT LEAST 5 GENERAL, 5 PSYCHOLOGY-SPECIFIC, AND 2 CHILD PSYCHIATRY-SPECIFIC TRAUMA EDUCATION MATERIALS; 5) CULTIVATING 3 EXPERT PANELS TO GUIDE CCCT EXPANSION (PSYCHOLOGY EXPERT PANEL, CHILD PSYCHIATRY TRAINING PROGRAM LEADERS, AND STAKEHOLDER ADVISORY GROUP TO SUPPORT EXPANDED IMPACT EVALUATION); 6) CONDUCTING AT LEAST 3 PILOTS OF CCCT TRAINING INTEGRATED WITHIN PSYCHOLOGY EDUCATION AND 2 PILOTS WITHIN CHILD PSYCHIATRY TRAINING, FOLLOWED BY DELIVERING INTEGRATED CCCT TRAINING IN AT LEAST 15 ADDITIONAL PSYCHOLOGY AND 2 ADDITIONAL CHILD PSYCHIATRY PROGRAMS AFTER TRAINING CURRICULA ARE FINALIZED; 7) PROMOTING SYSTEMATIC INTEGRATION OF EFFECTIVE TRAUMA EDUCATION WITHIN BOTH PSYCHOLOGY AND CHILD PSYCHIATRY TRAINING PROGRAMS; 8) DEVELOPING A CERTIFICATE OF CHILDHOOD TRAUMA FOR CHILD PSYCHIATRISTS; 9) DEVELOPING, PILOTING, AND FINALIZING NEW IMPACT EVALUATION TOOLS; AND 10) ANALYZING AND PUBLISHING IMPACT EVALUATION DATA.  ANNUALLY, UCCS-NCTWI WILL 1) TRAIN AN AVERAGE OF 16 NEW CCCT FACILITATORS WHO WILL PROVIDE FOUNDATIONAL TRAUMA TRAINING TO AT LEAST 256 MENTAL HEALTH PROVIDERS; AND 2) DELIVER BETWEEN 4 AND 5 TRAININGS INTEGRATED WITHIN PSYCHOLOGY AND CHILD PSYCHIATRY TRAINING PROGRAMS REACHING AN ADDITIONAL 40 PROVIDERS PER YEAR.  ACROSS THE FIVE YEARS OF THE PROJECT, ACROSS ALL GOALS AND OBJECTIVES, UCCS-NCTWI WILL ENGAGE AT LEAST 16 EXPERTS ACROSS 3 EXPERT PANELS (STAKEHOLDER ADVISORY GROUP, PSYCHOLOGY EXPERT PANEL, CHILD PSYCHIATRY TRAINING PROGRAM LEADERS); DEVELOP AND DISSEMINATE AT LEAST 12 NEW TRAUMA TRAINING PRODUCTS; TRAIN AT LEAST 80 NEW CCCT FACILITATORS; AND SUPPORT THE DELIVERY OF EFFECTIVE FOUNDATIONAL TRAUMA EDUCATION TO AT LEAST 1,500 MENTAL HEALTH PROVIDERS, PSYCHOLOGISTS AND CHILD PSYCHIATRISTS.",3000000,3000000,2208132.33,791867.6699999999,2026-01-14,TAGGS,2026-01-15,N/A,2021-09-30,2026-11-30,Center for Mental Health Services,93.243,SUBSTANCE ABUSE AND MENTAL HEALTH SERVICES PROJECTS OF REGIONAL AND NATIONAL SIGNIFICANCE,SM-21-009,"National Child Traumatic Stress Initiative – Category II, Treatment and Service Adaptation (TSA) C…",https://www.samhsa.gov/grants/grant-announcements/sm-21-009,THE REGENTS OF THE UNIVERSITY OF COLORADO,CO,COLORADO SPRINGS,CO-05,Other Social Services Organization,https://taggs.hhs.gov/Detail/AwardDetail?arg_AwardNum=H79SM085086&arg_ProgOfficeCode=80,https://www.usaspending.gov/award/ASST_NON_H79SM085086_075/
SM085087,Restored,Reinstated (confirmed),Lotus Project: Improving Trauma-Informed Care and Prevention for Asian Children and Families,"LOTUS PROJECT: IMPROVING TRAUMA-INFORMED CARE AND PREVENTION FOR ASIAN CHILDREN AND FAMILIES - IN THE COLLABORATION OF TWO KEY AGENCIES, PUBLIC HEALTH INSTITUTE (PHI) AND RICHMOND AREA MULTI-SERVICES (RAMS), THE LOTUS PROJECT AIMS TO PROVIDE TRAINING, EDUCATION, AND TECHNICAL ASSISTANCE BASED ON THE WIDE-SCALE DISSEMINATION AND IMPLEMENTATION OF EFFECTIVE, EVIDENCE-BASED TREATMENT AND SERVICE APPROACHES IN CHILD TRAUMA SPECIFIC TO ASIA AMERICAN AND ASIAN IMMIGRANT (AAAI) POPULATIONS. THE ISSUES OF TRAUMA-INFORMED CARE AND PREVENTION FOR AAAI CHILDREN AND FAMILIES HAVE BEEN NEGLECTED AND A LARGE NUMBER OF AAAI HAVE BEEN SUFFERING FROM TRAUMATIC EXPERIENCE BECAUSE SAMHSA'S EBPS DO NOT ADDRESS CULTURAL ISSUES SPECIFIC TO AAAI AND VERY FEW SERVICE AGENCIES ARE EQUIPPED TO EFFICIENTLY PROVIDE SERVICES TO AAAI. CULTURAL ISSUES AMONG AAAI (E.G., STIGMA, SHAME, AND LANGUAGE BARRIERS) MUST BE ADDRESSED THROUGH COORDINATED EFFORTS AMONG HEALTH SERVICE AGENCIES. DUE TO THE COVID-19 PANDEMIC, AAAI HAVE BEEN EXPOSED TO VIOLENCE AND HARASSMENT. AAAI CHILDREN ARE SUFFERING FROM THE TRAUMA CAUSED BY VIOLENCE AND HARASSMENT. THE LOTUS PROJECT WILL SERVE AS A CONTINUING RESOURCE FOR TRAINING, CONSULTATION, AND TECHNICAL ASSISTANCE TO SERVICE PROVIDERS, OFFICERS OF CHILD-SERVING SYSTEMS, AND AAAI AND OTHER RACIAL/ETHNIC COMMUNITIES AFFECTED BY TRAUMATIC EVENTS INCLUDING THOSE DUE TO THE PANDEMIC. THE MEASURABLE OBJECTIVES ARE: 1) TO RECRUIT AND FORMALIZE A NETWORK OF SERVICE PROVIDERS, SCHOOL TEACHERS, PUBLIC OFFICERS, AND RESEARCHERS (45 MEMBERS IN YEAR 01, 60 EACH IN YEAR 02 TO 04, AND 30 IN YEAR 05; TOTAL OF 255 MEMBERS); 2) TO PROVIDE TRAINING, EDUCATION, AND TECHNICAL ASSISTANCE THROUGH WORKSHOPS IN SELECTED CITIES (2 CITIES A YEAR FROM YEAR 02 TO 05; TOTAL OF 8 WORKSHOPS); 3) TO PROVIDE TRAINING, EDUCATION, AND TECHNICAL ASSISTANCE THROUGH WEBINARS (4 WEBINARS A YEAR FROM YEAR 02 TO 05; TOTAL OF 16 WEBINARS); 4) TO PROVIDE INDIVIDUAL CONSULTATION TO SERVICE PROVIDERS (12 CONSULTATIONS A YEAR FROM YEAR 02 TO 05; TOTAL OF 48 CONSULTATIONS); 5) TO DEVELOP AND MAINTAIN THE PROJECT WEBSITE AND RESPOND TO INQUIRIES (TOTAL OF 2,400 WEB-SITE CLICKS AND 240 RESPONSES); 6) TO EXPAND IMPLEMENTATION OF TRAUMA INTERVENTIONS TO NEW POPULATIONS (2 NEW POPULATIONS A YEAR; TOTAL OF 8 NEW POPULATIONS); 7) TO COLLABORATE WITH OTHER NCTSI II CENTERS AND TECHNICAL ASSISTANCE CENTERS (TOTAL OF 8 COLLABORATION PROJECTS); 8) TO ENGAGE WITH KEY STAKEHOLDERS IN DEVELOPING, IMPLEMENTING, AND MONITORING PROJECT ACTIVITIES THROUGH CAB MEETINGS (4 CAB MEETINGS A YEAR; TOTAL OF 20 CAB MEETINGS); 9) TO DEVELOP ADDITIONAL INTERVENTION PRODUCTS (2 PROTOCOLS/MANUALS, 4 TRAINING MATERIALS, 4 VIDEOS, AND 4 WEBSITES); 10) TO CONDUCT PROCESS EVALUATION (EVERY MONTH) AND OUTCOME EVALUATION (END OF EACH PROJECT YEAR); 11) TO DEVELOP 5 ASSESSMENT TOOLS SPECIFIC TO AAAI CHILDREN (TOTAL OF 5 ASSESSMENT TOOLS); 12) TO ENGAGE IN ADVOCACY ACTIVITIES (CONTACTING 4 AGENCIES A YEAR FROM YEAR 02 TO 05, TOTAL OF 16 AGENCIES). THE LOTUS PROJECT WILL ADDRESS COMPELLING SERVICE NEEDS (E.G., TRAUMA DUE TO THE PANDEMIC) AND FILL LARGE GAPS IN TRAUMA-INFORMED CARE AND PREVENTION SERVICES FOR AAAI CHILDREN AND FAMILIES AND WILL HAVE A SIGNIFICANT IMPACT ON IMPROVING THEIR HEALTH AND WELL-BEING THROUGH EFFICIENT COORDINATION AND DISSEMINATION EFFORTS.",2999999,2999999,2010496.2600000002,989502.7399999998,2026-01-14,TAGGS,2026-01-15,N/A,2021-09-30,2027-01-31,Center for Mental Health Services,93.243,SUBSTANCE ABUSE AND MENTAL HEALTH SERVICES PROJECTS OF REGIONAL AND NATIONAL SIGNIFICANCE,SM-21-009,"National Child Traumatic Stress Initiative – Category II, Treatment and Service Adaptation (TSA) C…",https://www.samhsa.gov/grants/grant-announcements/sm-21-009,PUBLIC HEALTH INSTITUTE,CA,OAKLAND,CA-12,"Research Institution, Foundation and Laboratory",https://taggs.hhs.gov/Detail/AwardDetail?arg_AwardNum=H79SM085087&arg_ProgOfficeCode=80,https://www.usaspending.gov/award/ASST_NON_H79SM085087_075/
SM085089,Restored,Reinstated (confirmed),Parenting skills into a community of care for children exposed to trauma: Training in PC-CARE and PC-CARE Toolbox,"PARENTING SKILLS INTO A COMMUNITY OF CARE FOR CHILDREN EXPOSED TO TRAUMA: TRAINING IN PC-CARE AND PC-CARE TOOLBOX - THE PURPOSE OF THIS PROJECT IS TO DISSEMINATE AND EVALUATE TRAINING IN PC-CARE, A BRIEF PARENTING INTERVENTION FOR CHILDREN AGED 1-10 YEARS, AND PC-CARE TOOLBOX, AN ADAPTED MODEL FOR THE NON-MENTAL HEALTH WORKFORCE, AND TO REFINE TRAINING BY CREATING AN ONLINE RESOURCE, THE PC-CARE LEARNING CENTER. BOTH PC-CARE AND PC-CARE TOOLBOX ARE DESIGNED TO EDUCATE CAREGIVERS AND CHILDREN ABOUT THE EFFECTS OF TRAUMA ON CHILDREN AND TO TEACH AND PRACTICE POSITIVE COMMUNICATION SKILLS, CALMING SKILLS, AND EFFECTIVE BEHAVIOR MANAGEMENT STRATEGIES. POPULATION TO BE SERVED: WE WILL TRAIN APPROXIMATELY 320 LICENSABLE AND NON-LICENSABLE MENTAL HEALTH PROVIDERS IN PC-CARE AND 380 WORKERS IN CHILD-SERVING SYSTEMS IN PC-CARE TOOLBOX. WE WILL RECRUIT TRAINEES WHO WORK WITH 1-10 YEAR OLD CHILDREN IN UNDERSERVED REGIONS ACROSS THE UNITED STATES. WE WILL ENHANCE DISSEMINATION BY OFFERING A TRAIN-THE-TRAINER (TTT) PROGRAM.  STRATEGIES: WE WILL CREATE THE PC-CARE LEARNING CENTER, A WEB-BASED TRAINING PLATFORM TO HELP STANDARDIZE TRAINEES’ LEARNING ABOUT CHILD TRAUMA AND PRINCIPLES OF PC-CARE. TRAINEES WILL COMPLETE THE PC-CARE LEARNING CENTER AND ATTEND A VIRTUAL SKILL-BUILDING WORKSHOP. PC-CARE TRAINEES WILL RECEIVE 7 WEEKS OF GROUP CALLS, FOLLOWED BY INDIVIDUAL CALLS AND VIDEO-REVIEW FEEDBACK AS THEY PROVIDE PC-CARE TO CLIENTS. PC-CARE TOOLBOX TRAINEES WILL RECEIVE 6 BIWEEKLY GROUP CONSULTATION CALLS AS THEY WORK WITH FAMILIES. CERTIFIED PROVIDERS DESIRING PC-CARE TTT TRAINING WILL RECEIVE 9 BIWEEKLY GROUP CALLS AND SUPPORT AS THEY TRAIN ONE PROVIDER. PROJECT GOALS: THE PROJECT GOALS ARE: 1) RECRUITMENT AND AWARENESS: IMPROVE PUBLIC AWARENESS OF CHILD TRAUMA, TRAUMA-RELATED SCREENING AND INTERVENTION NEEDS, AND THE VALUE OF PC-CARE; 2) BUILDING TRAINING INFRASTRUCTURE: INCREASE PUBLIC ACCESS TO RESEARCH-BASED KNOWLEDGE OF CHILD TRAUMA AND PRINCIPLES OF PC-CARE WITH THE PC-CARE LEARNING CENTER; 3) TRAINING: TRAIN MENTAL HEALTH AND CHILD-SERVING PROVIDERS IN A PARENTING INTERVENTION, PC-CARE OR PC-CARE TOOLBOX, TO IMPROVE CHILDREN’S BEHAVIOR AND TRAUMA SYMPTOMS; SUSTAINING WITH PC-CARE TTT. MEASURABLE OBJECTIVES: THE SPECIFIC OBJECTIVES OF THIS PROJECT INCLUDE: 1A) CONDUCT 4 OUTREACH PRESENTATIONS PER YEAR; 1B) CONNECT WITH ALL NCTSN SITES SERVING 1-10 YEAR OLD CHILDREN; 2A) LAUNCH THE PC-CARE LEARNING CENTER; 2B) 700 INDIVIDUALS WILL COMPLETE THE PC-CARE LEARNING CENTER; 3A) TRAIN 320 MENTAL HEALTH PROVIDERS IN PC-CARE; 3B) TRAIN 380 CHILD-SERVING PROVIDERS IN PC-CARE TOOLBOX; 3C) CERTIFY 28 PC-CARE PROVIDERS AS TRAINERS IN TTT PROGRAM; 3D) INCREASE TRAINEE KNOWLEDGE AND CONFIDENCE IN WORKING WITH TRAUMATIZED CHILDREN WITH BEHAVIOR DIFFICULTIES; 3E) REDUCE TRAINEE SECONDARY TRAUMATIC STRESS; 3F) CHILDREN RECEIVING PC-CARE AND PC-CARE TOOLBOX WILL SHOW REDUCTIONS IN BEHAVIOR AND TRAUMA SYMPTOMS.",3000000,3000000,2374363.1,625636.8999999999,2026-01-14,TAGGS,2026-01-15,N/A,2021-09-30,2026-12-29,Center for Mental Health Services,93.243,SUBSTANCE ABUSE AND MENTAL HEALTH SERVICES PROJECTS OF REGIONAL AND NATIONAL SIGNIFICANCE,SM-21-009,"National Child Traumatic Stress Initiative – Category II, Treatment and Service Adaptation (TSA) C…",https://www.samhsa.gov/grants/grant-announcements/sm-21-009,"UNIVERSITY OF CALIFORNIA, DAVIS",CA,DAVIS,CA-04,"Junior College, College & University",https://taggs.hhs.gov/Detail/AwardDetail?arg_AwardNum=H79SM085089&arg_ProgOfficeCode=80,https://www.usaspending.gov/award/ASST_NON_H79SM085089_075/
SM085091,Restored,Reinstated (confirmed),National Center for Trauma Education and Workforce Development,"NATIONAL CENTER FOR TRAUMA EDUCATION AND WORKFORCE DEVELOPMENT - THE PURPOSE OF OUR PROPOSED PROJECT IS TO BETTER ENABLE MENTAL HEALTH TREATMENT PROVIDERS TO USE COMMON TRAUMA-INFORMED PRACTICE ELEMENTS (CTIPE) IN THEIR TREATMENT OF TRAUMATIZED YOUTH AND THEIR FAMILIES THROUGH THE CREATION OF THE NATIONAL CENTER FOR TRAUMA EDUCATION AND WORKFORCE DEVELOPMENT (THE CENTER) AT THE UNIVERSITY OF NORTH CAROLINA SCHOOL OF SOCIAL WORK. THE OBJECTIVES OF THE PROJECT ARE TO (1) INCREASE THE CAPACITY OF CLINICIANS AT ALL NCTSN CATEGORY II AND III SITES TO EMPLOY COMMON TRAUMA-INFORMED PRACTICE ELEMENTS IN THEIR TREATMENT OF TRAUMATIZED YOUTH AND THEIR FAMILIES; (2) ANNUALLY INCREASE THIS CAPACITY VIA A NEW COURSE AT 15-20 SCHOOLS OF SOCIAL WORK REACHING 300-400 STUDENTS, FOR A TOTAL OF 60-80 MSW SOCIAL WORK PROGRAMS AND 1300-1625 STUDENTS OVER THE COURSE OF THE GRANT; AND (3) STRENGTHEN AND EXPAND THE NATIONAL IMPACT OF THE CENTER’S INITIATIVES THROUGH BROAD COLLABORATIONS WITH NCTSN CENTERS, AMONG MENTAL HEALTH PROFESSIONALS, AND ACROSS DISCIPLINES. THESE COLLABORATIONS WILL ALSO FURTHER DISSEMINATE INFORMATION ABOUT BEST PRACTICES FOR TRAUMA-RELATED CARE AMONG DEVELOPERS, PRACTITIONERS, SERVICE PROVIDERS, AND CONSUMERS WITH A FOCUS ON REDUCING HEALTH DISPARITIES. TO ACHIEVE THESE GOALS, OUR CENTER WILL DEVELOP A NEW INTERVENTION PRODUCT, A CASE-BASED CURRICULUM EXAMINING COMMON TRAUMA-INFORMED PRACTICE ELEMENTS THAT WILL FORM THE FOUNDATION OF 1) AN ONLINE TRAINING RESOURCE FOR MENTAL HEALTH PROVIDERS AND 2) A 3-CREDIT CLINICAL GRADUATE COURSE FOR MSW PROGRAMS IN SCHOOLS OF SOCIAL WORK. THE NEW INTERVENTION PRODUCT WILL BUILD ON EXISTING RESOURCES IN THE NCTSN, SPECIFICALLY THE CORE CONCEPTS TRAINING AND COMMON TRAUMA INFORMED PRACTICE ELEMENTS. OUR CASE-BASED CURRICULUM WILL INCREASE THE CAPACITY OF AGENCY STAFF AND FUTURE MENTAL HEALTH PRACTITIONERS (MSW STUDENTS) TO PROVIDE EFFECTIVE, CULTURALLY RELEVANT TREATMENT TO TRAUMATIZED CHILDREN – ESPECIALLY POLY-VICTIMIZED CHILDREN – AND THEIR FAMILIES. TRAINING FOR AGENCY STAFF WILL INCLUDE AN ONLINE TRAINING VIDEO FREELY AVAILABLE TO ALL CLINICIANS AT ALL NCTSN CATEGORY II AND III SITES, CONSULTATION FOR 120 CLINICIANS ANNUALLY, AND BOOSTER TRAINING MODULES ON COMMON TRAUMA-INFORMED PRACTICE ELEMENTS, OFFERED TO 6 DIFFERENT AGENCIES EACH YEAR. THE 65 SCHOOLS OF SOCIAL WORK ALREADY TEACHING THE CORE CONCEPTS COURSE WILL PROVIDE A RECRUITMENT POOL OF FACULTY POTENTIALLY INTERESTED IN TEACHING THE NEW 3-CREDIT MSW COURSE WITH THE ADDITION AND PRIORITIZATION OF HBCUS AND SCHOOLS WITH MAJORITY BIPOC FACULTY AND/OR STUDENTS. WE WILL PROVIDE A FACULTY ORIENTATION FOR THE NEW COURSE AT A SUMMER INSTITUTE AND OFFER ADDITIONAL FACULTY SUPPORT DURING THE COURSE VIA A VIRTUAL LEARNING COLLABORATIVE. THE NATIONAL IMPACT OF THE CENTER WILL BE ENHANCED BY A DIVERSE 14-15-MEMBER ADVISORY BOARD CONSISTING OF REPRESENTATIVES FROM YOUTH TRAUMA SURVIVORS AND FAMILY MEMBERS, STUDENTS, FACULTY, PRACTITIONERS, CSWE, AND SYSTEM-LEVEL STAKEHOLDERS. THE ADVISORY BOARD WILL MEET 2 TIMES PER YEAR AND BE INVOLVED AT ALL LEVELS OF CENTER ACTIVITY. TO ENSURE SUSTAINABILITY, THE ADVISORY COUNCIL WILL TRANSITION INTO A COALITION FOLLOWING THE END OF THE PROPOSED GRANT.",2999748,2999748,2452376.74,547371.2599999998,2026-01-14,TAGGS,2026-01-15,N/A,2021-09-30,2027-09-29,Center for Mental Health Services,93.243,SUBSTANCE ABUSE AND MENTAL HEALTH SERVICES PROJECTS OF REGIONAL AND NATIONAL SIGNIFICANCE,SM-21-009,"National Child Traumatic Stress Initiative – Category II, Treatment and Service Adaptation (TSA) C…",https://www.samhsa.gov/grants/grant-announcements/sm-21-009,UNIVERSITY OF NORTH CAROLINA AT CHAPEL HILL,NC,CHAPEL HILL,NC-04,"Junior College, College & University",https://taggs.hhs.gov/Detail/AwardDetail?arg_AwardNum=H79SM085091&arg_ProgOfficeCode=80,https://www.usaspending.gov/award/ASST_NON_H79SM085091_075/
SM085096,Restored,Reinstated (confirmed),Healthy Change Collaborative,"HEALTHY CHANGE COLLABORATIVE - CLIFFORD BEERS (CB), A 107 YEAR OLD INSTITUTION PROVIDING TRAUMA INFORMED MENTAL HEALTH SERVICES FOR CHILDREN AND ADULTS THROUGHOUT THE LIFESPAN HAS BEEN STRATEGICALLY GROWING ITS WHOLE FAMILY, TRAUMA INFORMED INTEGRATED CARE, MODEL OF CARE DESIGNED TO REDUCE CHRONIC STRESS. FOCUSING OUR WORK ON THE SYSTEMIC AND STRUCTURAL CHANGES RELATED TO THE DELIVERY OF MENTAL HEALTH SERVICES, THIS PROJECT PROPOSES TO DEVELOP AND IMPLEMENT AND INFUSE ANTI-RACIST TRAINING IN OUR MODEL OF CARE, DEVELOPING A TOOL KIT FOR REPLICATION OF TRAUMA INFORMED ANTI-RACIST (TIAR) WHOLE FAMILY APPROACH TO CARE. THE MAIN PURPOSE OF THE PROJECT IS TO INTEGRATE WHOLE FAMILY ANTI-RACIST THINKING AND SOCIAL DETERMINANTS OF HEALTH PERSPECTIVE IN TRAUMA-INFORMED SERVICE SYSTEM DESIGN, TO ENSURE THE TRAUMA TREATMENTS ARE RESPONSIVE TO INEQUITY, SENSITIVE TO SYSTEMIC RACISM AND CARE IS CONTEXTUALIZED TO THE NEEDS OF THE PEOPLE SERVED.  CB AND ITS PROJECT COLLABORATORS (JOHNS HOPKINS PEDIATRIC INTENSIVE CARE COLLABORATIVE, KPJR FILMS, COMMUNITY HEALING NETWORK, THE CT MISSIONARY BAPTIST CONVENTION,  AND MASHANTUCKET TRIBAL NATION) WILL WORK TO INFUSE TRAUMA TREATMENT WITH AN ANTI-RACIST PERSPECTIVE, PROVIDING MULTIPLE OPPORTUNITIES FOR TRAINING, EDUCATION, AND TECHNICAL ASSISTANCE WITH THE GOAL OF WIDE-SCALE DISSEMINATION AND IMPLEMENTATION OF EFFECTIVE, ANTI-RACIST EVIDENCE-BASED TREATMENT AND SERVICE APPROACHES IN CHILD AND FAMILY TRAUMA. CB AND ITS PARTNERS WILL SERVE AS A CONTINUING RESOURCE FOR TRAINING, CONSULTATION, AND TECHNICAL ASSISTANCE TO SERVICE PROVIDERS AND FAMILY/YOUTH AFFECTED BY TRAUMATIC EVENTS.    PROJECT GOALS ARE: 1: MENTAL HEALTH SYSTEMS REDESIGNED WITH A WHOLE FAMILY, TRAUMA INFORMED, AND ANTI-RACIST (TIAR) PERSPECTIVE TO INCREASE ACCESS; 2: DELIVER ACCESSIBLE TRAUMA-INFORMED, CLIENT/FAMILY-CENTERED EVIDENCE-BASED, ANTI-RACIST MENTAL HEALTH SERVICES FOR BLACK, INDIGENOUS PEOPLE OF COLOR (BIPOC) CHILDREN AND FAMILIES;   3: CREATE A FAITH-BASED TIAR MODEL OF CARE TO BE DISSEMINATED WITHIN THE CT BIPOC;   4: DEVELOP AND SUSTAIN AN INFRASTRUCTURE TO SUPPORT ANTI-RACIST STRUCTURES AND SYSTEMS, PROMOTING EQUITY, DIVERSITY AND INCLUSION; GOAL 5: ENGAGE AND PARTNER WITH THE COMMUNITY TO ACHIEVE RACIAL JUSTICE BY PROMOTING EQUITY IN HEALTH AND WELL-BEING. THE FOLLOWING ACTIVITIES ARE PROPOSED:  1). BUILD ON PICC BREAKTHROUGH SERIES ON ANTI-RACIST PEDIATRIC INTEGRATED CARE AND EXPAND TO INCLUDE TIAR MENTAL HEALTH SERVICES; 2). DESIGN WITH THE CMS INTEGRATED CARE FOR KIDS (INCK) PARTNERS SYSTEMS OF CARE FOR CHILDREN AND FAMILIES TIAR APPROACHES AND TRAIN PARTNERS IN TIAR SERVICE DESIGN.  DEVELOP A REPLICATION MODEL OF THE TIAR CURRICULUM FOR INCK AND OTHER PROVIDERS FOR THEIR USE. 3). DEVELOP AND PRESENT A TRAINING CURRICULUM ON ANTI-RACIST SYSTEMS OF CARE, LIBERATION PSYCHOLOGY, BLACK PSYCHOLOGY, FOR PROVIDERS, EDUCATORS AND COMMUNITIES ACROSS CT, AND THE U.S; 4). WORK WITH FAITH BASED COMMUNITIES ON CREATING MENTAL HEALTH SYSTEMS OF CARE FOR THEIR CONGREGANTS.   OVER THE FIVE YEAR GRANT PERIOD, THE PROGRAM EXPECTS TO PROVIDE TRAINING TO OVER 2000 MENTAL HEALTH PROFESSIONS.",2995548,2995548,2397794.5599999996,597753.4400000004,2026-01-14,TAGGS,2026-01-15,N/A,2021-09-30,2026-09-29,Center for Mental Health Services,93.243,SUBSTANCE ABUSE AND MENTAL HEALTH SERVICES PROJECTS OF REGIONAL AND NATIONAL SIGNIFICANCE,SM-21-009,"National Child Traumatic Stress Initiative – Category II, Treatment and Service Adaptation (TSA) C…",https://www.samhsa.gov/grants/grant-announcements/sm-21-009,"CLIFFORD W. BEERS GUIDANCE CLINIC, INC",CT,NEW HAVEN,CT-03,Other Health Organization,https://taggs.hhs.gov/Detail/AwardDetail?arg_AwardNum=H79SM085096&arg_ProgOfficeCode=80,https://www.usaspending.gov/award/ASST_NON_H79SM085096_075/
SM085097,Restored,Reinstated (confirmed),Network for Enhancing Wellness in Disaster-Affected Youth (NEW DAY),"NETWORK FOR ENHANCING WELLNESS IN DISASTER-AFFECTED YOUTH (NEW DAY) - THE NETWORK FOR ENHANCING WELLNESS IN DISASTER-AFFECTED YOUTH (NEW DAY) BRINGS TOGETHER A NATIONAL CONSORTIUM OF LEADING EXPERTS IN DISASTER RECOVERY AND CHILDREN'S MENTAL HEALTH TO COLLABORATE WITH DISASTER-PRONE REGIONAL COALITIONS AND OTHER KEY STAKEHOLDERS TO EXPAND THE SCOPE, REACH, AND EQUITY OF EVIDENCE-BASED INTERVENTIONS FOR YOUTH EXPOSED TO DISASTERS, MASS VIOLENCE, AND PUBLIC HEALTH CRISES.  DISASTERS CARRY A VERY BROAD, HEAVY, AND SUSTAINED MENTAL HEALTH BURDEN, AND YOUTH (0-21) ARE PARTICULARLY VULNERABLE.  DESPITE ADVANCES IN DISASTER MENTAL HEALTH, YOUTH-SERVING PROFESSIONALS IN MOST DISASTER-AFFECTED REGIONS TYPICALLY LACK ADEQUATE TRAINING AND PREPARATION TO PROVIDE NEEDED INTERVENTION AND SUPPORT TO DISASTER-AFFECTED YOUTH.  HEADQUARTERED AT FLORIDA INTERNATIONAL UNIVERSITY'S PREEMINENT CENTER FOR CHILDREN AND FAMILIES, PROJECT NEW DAY WILL ADDRESS KEY GAPS AND ADVANCE TRAINING, EDUCATION, AND TECHNICAL ASSISTANCE IN YOUTH DISASTER RESPONSE BY ACHIEVING FIVE OVERARCHING GOALS: (1) FOSTER AND MAINTAIN A STRATEGIC NETWORK AND SEVERAL COLLABORATIVE ADVISORY COALITIONS TO ADVISE PROJECT EFFORTS TO IMPROVE YOUTH DISASTER BEHAVIORAL RESPONSE; (2) INCREASE THE AVAILABILITY OF THREE EVIDENCE-BASED, TRAUMA-FOCUSED INTERVENTIONS FOR ADDRESSING YOUTH BEHAVIORAL HEALTH IN THE CONTEXT OF DISASTERS [I.E., PSYCHOLOGICAL FIRST AID (PFA)/PFA FOR SCHOOLS, SKILLS FOR PSYCHOLOGICAL RECOVERY (SPR), CHILD ADULT RELATIONSHIP ENHANCEMENT (CARE) AFTER DISASTERS]; (3) INCREASE PROFESSIONAL KNOWLEDGE, SKILL, ADOPTION AND IMPLEMENTATION OF PFA/PFA-S, SPR, & CARE AFTER DISASTERS AMONG YOUTH-SERVING PROFESSIONALS AND SYSTEMS OF CARE IN DISASTER-AFFECTED COMMUNITIES; (4) REDUCE RACIAL AND ETHNIC DISPARITIES IN CHILDREN'S DISASTER BEHAVIORAL HEALTH AND SERVICE UTILIZATION; AND (5) INCREASE THE REACH AND SUSTAINABILITY OF PFA/PFA-S, SPR, & CARE IN THE AFTERMATH OF DISASTERS BY LEVERAGING SCHOOL SYSTEMS, FAMILIES, COMMUNITY AGENCIES, AND TECHNOLOGY. THESE GOALS WILL BE ACHIEVED BY REACHING A NUMBER OF MEASURABLE OBJECTIVES INCLUDING (I) PROVIDING AT LEAST 40 ON-SITE MULTI-DAY TRAININGS IN PFA/PFA-S, SPR, AND/OR CARE AFTER DISASTERS TO AT LEAST 2500 YOUTH-SERVING PROFESSIONALS IN DISASTER-AFFECTED COMMUNITIES; (II) LEAD AT LEAST 260 VIRTUAL GROUP CONSULTATIONS FOR PFA/PFA-S, SPR, AND CARE AFTER DISASTERS IMPLEMENTATION SUPPORT; (III) HOLD WEEKLY OFFICE HOURS TO OFFER 1:1 CONSULTATION AND TECHNICAL ASSISTANCE TO LOCAL LEADERS, SUPERVISOR, AND PROFESSIONALS AS THEY WORK TO IMPLEMENT, IMPROVE, OR SUSTAIN DISASTER-RELATED YOUTH PRACTICES IN THEIR SETTINGS AND NETWORKS; (IV) DEVELOP AND DISTRIBUTE A SET OF PRACTICE GUIDELINES FOR OVERCOMING BEHAVIORAL HEALTH DISPARITIES IN DISASTER-AFFECTED COMMUNITIES, WITH PARTICULAR FOCUS ON COMMUNITIES OF COLOR; (V) PRODUCE 5 PROFESSIONAL WORKSHOPS ON KEY TOPICS IN PFA/PFA-S, SPR, AND CARE AFTER DISASTERS IMPLEMENTATION FOR YOUTH; AND (VI) PRODUCE 15 PROFESSIONAL WEBINARS PER YEAR ON KEY DISASTER-AFFECTED YOUTH TOPICS. FOR MAXIMAL REACH, PROJECT NEW DAY WILL PROVIDE TRAINING, EDUCATION, AND TECHNICAL ASSISTANCE TO MENTAL HEALTH PROVIDERS AND SYSTEMS, AS WELL AS KEY YOUTH-SERVING WORKFORCES AND SYSTEMS OUTSIDE OF MENTAL HEALTH CARE AND THOSE IN MINORITY-SERVING SETTINGS.",2995927,2995927,2221493.77,774433.23,2026-01-14,TAGGS,2026-01-15,N/A,2021-09-30,2026-09-29,Center for Mental Health Services,93.243,SUBSTANCE ABUSE AND MENTAL HEALTH SERVICES PROJECTS OF REGIONAL AND NATIONAL SIGNIFICANCE,SM-21-009,"National Child Traumatic Stress Initiative – Category II, Treatment and Service Adaptation (TSA) C…",https://www.samhsa.gov/grants/grant-announcements/sm-21-009,FLORIDA INTERNATIONAL UNIVERSITY,FL,MIAMI,FL-26,"Junior College, College & University",https://taggs.hhs.gov/Detail/AwardDetail?arg_AwardNum=H79SM085097&arg_ProgOfficeCode=80,https://www.usaspending.gov/award/ASST_NON_H79SM085097_075/
SM085098,Restored,Reinstated (confirmed),The Center for Resilient Families,"THE CENTER FOR RESILIENT FAMILIES - THE CENTER FOR RESILIENT FAMILIES/CRF, A CATEGORY II TREATMENT SERVICES AND ADAPTATION CENTER OF THE NATIONAL CHILD TRAUMATIC STRESS NETWORK, AIMS TO RAISE AWARENESS OF AND INCREASE ACCESS TO FAMILY EDUCATION, PREVENTION AND INTERVENTION RESOURCES TO PROMOTE RESILIENCE IN TRAUMATIZED CHILDREN. PREVIOUSLY LOCATED AT THE UNIVERSITY OF MINNESOTA, CRF IS NOW AT ARIZONA STATE UNIVERSITY’S RESEARCH AND EDUCATION ADVANCING CHILDREN’S HEALTH/REACH INSTITUTE AND COMPRISES INTERVENTION DEVELOPERS OF SEVERAL EVIDENCE-BASED PARENTING PROGRAMS AS WELL AS EXPERTS IN TRAINING, DISSEMINATION, AND EDUCATIONAL RESOURCES FOR TRAUMATIZED FAMILIES. CRF PROPOSES TO CONTINUE PROVIDING LEADERSHIP TO THE NCTSN AND BEYOND IN PARENTING INTERVENTIONS AND RESOURCES, BOTH FOR PARENTS AND FOR PROVIDERS. USING A PUBLIC HEALTH APPROACH, CRF WILL PROVIDE A RANGE OF TRAUMA-INFORMED EDUCATION AND TRAINING (HEALTH PROMOTION), FREELY ACCESSIBLE ONLINE PARENTING PROGRAMS (PREVENTION), AND TRAINING FOR PROVIDERS TO GUIDE PARENTS THROUGH ONLINE PROGRAMS OR TO DELIVER PARENTING EBPS. THE CENTER WILL REDUCE DISPARITIES IN SERVICE ACCESS, USE, AND TRAINING BY TARGETING TRAUMA-INFORMED PARENTING INTERVENTIONS AND RESOURCES TO FAMILIES EXPOSED TO TRAUMATIC STRESSORS INCLUDING REFUGEE AND IMMIGRANT FAMILIES, THOSE EXPOSED TO THE DEATH OF A PARENT, COMMUNITY VIOLENCE, PARENTAL WARTIME DEPLOYMENT, HIGH-CONFLICT DIVORCE, AND FIRST RESPONDER PARENTS. WE WILL WORK WITH OTHER CATEGORY II SITES, THE NATIONAL CENTER FOR CHILD TRAUMATIC STRESS, CATEGORY III SITES, AND NATIONAL ORGANIZATIONS TO INCREASE PUBLIC AWARENESS OF THE IMPORTANCE OF EFFECTIVE PARENTING FOR CHILDREN’S RECOVERY FROM TRAUMA BY PROVIDING EDUCATIONAL RESOURCES FOR PARENTING IN THE WAKE OF TRAUMA VIA PARENT RESOURCE EXCHANGES, CONFERENCES, AND RELATED PRODUCTS. WE WILL ADAPT AND WIDELY IMPLEMENT AND DISSEMINATE FOUR EVIDENCE-BASED PARENTING INTERVENTIONS, ALL OF WHICH HAVE BEEN RIGOROUSLY TESTED AND SHOWN TO BE EFFECTIVE AT STRENGTHENING RESILIENCE AMONG TRAUMATIZED FAMILIES BUT WHICH HAVE NOT HITHERTO BEEN WIDELY AVAILABLE TO THE NCTSN. THESE INTERVENTIONS ARE: ADAPTIVE PARENTING TOOLS (PREVIOUSLY KNOWN AS AFTER DEPLOYMENT, ADAPTIVE PARENTING TOOLS)/ADAPT FOR FIRST RESPONDERS, REFUGEE/IMMIGRANT FAMILIES, AND MILITARY FAMILIES; RESILIENT PARENTING FOR BEREAVED FAMILIES, NEW BEGINNINGS FOR HIGH-CONFLICT FAMILIES, AND BRIDGES FOR LATINX AND AFRICAN-AMERICAN INNER CITY PARENTS. PROGRAM DEVELOPERS WILL WORK CLOSELY WITH COMMUNITIES ACROSS THE NATION WITHIN AND BEYOND THE NCTSN TO WIDELY DISSEMINATE ONLINE, SELF-DIRECTED VERSIONS OF THESE PARENTING EBPS. IN ADDITION, WE WILL TRAIN, IMPLEMENT, AND SUSTAIN PROGRAMS FOR PROVIDERS SERVING OUR TARGET FAMILY POPULATIONS. WE ANTICIPATE SERVING MORE THAN 7000 PEOPLE ANNUALLY, FOR A TOTAL OF 35,000 OVER THE COURSE OF THE PROJECT, BASED ON PRIOR REACH DATA AND SERVICE AND SERVICE/PRODUCT USE PROJECTIONS.",2998530,2998530,2316506.55,682023.4500000002,2026-01-14,TAGGS,2026-01-15,N/A,2021-09-30,2027-09-29,Center for Mental Health Services,93.243,SUBSTANCE ABUSE AND MENTAL HEALTH SERVICES PROJECTS OF REGIONAL AND NATIONAL SIGNIFICANCE,SM-21-009,"National Child Traumatic Stress Initiative – Category II, Treatment and Service Adaptation (TSA) C…",https://www.samhsa.gov/grants/grant-announcements/sm-21-009,ARIZONA STATE UNIVERSITY,AZ,SCOTTSDALE,AZ-01,"Junior College, College & University",https://taggs.hhs.gov/Detail/AwardDetail?arg_AwardNum=H79SM085098&arg_ProgOfficeCode=80,https://www.usaspending.gov/award/ASST_NON_H79SM085098_075/
SM085099,Restored,Reinstated (confirmed),The Complex Trauma Treatment Initiative (CTTI) at Adelphi University’s Institute for Adolescent Trauma Treatment & Training will train providers in complex trauma to deliver services to diverse youth,"THE COMPLEX TRAUMA TREATMENT INITIATIVE (CTTI) AT ADELPHI UNIVERSITY’S INSTITUTE FOR ADOLESCENT TRAUMA TREATMENT & TRAINING WILL TRAIN PROVIDERS IN COMPLEX TRAUMA TO DELIVER SERVICES TO DIVERSE YOUTH - DRAWING UPON THE EXPERTISE OF 5 OF THE COUNTRY’S LEADING COMPLEX TRAUMA TREATMENT DEVELOPERS, THE COMPLEX TRAUMA TREATMENT INITIATIVE (CTTI) AT ADELPHI UNIVERSITY’S INSTITUTE FOR ADOLESCENT TRAUMA TREATMENT & TRAINING WILL 1) INTENSIVELY TRAIN MULTIDISCIPLINARY PROVIDERS TO IMPLEMENT AND DELIVER EVIDENCE-BASED COMPLEX TRAUMA TREATMENTS TO CULTURALLY, ETHNICALLY, AND RACIALLY DIVERSE JUSTICE-INVOLVED YOUTH (JIY), REFUGEE/ASYLUM-SEEKING MINORS (RASM), AND TRAUMA-EXPOSED YOUTH IN URBAN AND RURAL HIGH-RISK SCHOOLS, 2) ADAPT EXISTING INTERVENTIONS AND DEVELOP INNOVATIVE AND SPECIALIZED MULTI-MEDIA RESOURCES (E.G. YOUTH-LED VIDEOS, WEB-BASED AND IN-PERSON WORKSHOPS) FOR RASM AND JIY, AND 3) PROMOTE SUSTAINABILITY OF THESE PRACTICES THROUGH THE DEVELOPMENT AND REFINEMENT OF PROCESSES AND PROTOCOLS (INCLUDING CLINICIAN CERTIFICATION AND CREATION OF INTERNAL AND NATIONAL TRAINING TEAMS) TO EMBED INTERVENTIONS WITHIN CHILD-SERVING SYSTEMS. IT IS WELL-ESTABLISHED THAT HIGH LEVELS OF TRAUMA EXPOSURE PLACE YOUTH AT GREATER RISK FOR ACADEMIC FAILURE AND INCARCERATION, YET DESPITE DOCUMENTED FINDINGS THAT JIY, RASM, AND YOUTH IN RURAL AND URBAN HIGH POVERTY AREAS ARE AMONG THE MOST TRAUMA-EXPOSED, MANY OF THESE YOUTH DO NOT RECEIVE ANY TRAUMA-SPECIFIC INTERVENTIONS. WITH ONLY 12 (OF MORE THAN 115) CURRENT NCTSN CENTERS WORKING WITH REFUGEES, AND FEWER THAN 20% FOCUSING ON JIY IN ANY CAPACITY, THE CTTI FILLS AN IMPORTANT GAP IN SERVING THESE VULNERABLE GROUPS OF HIGHLY TRAUMATIZED CHILDREN AND ADOLESCENTS. THE CTTI WILL HAVE A NATIONAL REACH THROUGH COLLABORATIONS WITH MORE THAN 20 IDENTIFIED PARTNERS, INCLUDING EDUCATIONAL SYSTEMS, STATE JUVENILE JUSTICE SYSTEMS, COMMUNITY AGENCIES, AND THE WORLD’S LARGEST ORGANIZATION SERVING REFUGEES. TARGETING PARTNERSHIPS IN 9 OF 10 SAMHSA DESIGNATED REGIONS, THE CTTI WILL WORK TO CLOSE THE GAP FOR BIPOC YOUTH AND YOUTH IN MORE RURAL AREAS OF THE COUNTRY THAT HISTORICALLY HAVE BEEN UNDERSERVED WITH LITTLE TO NO NCTSN PRESENCE. RELYING UPON IMPLEMENTATION SCIENCE AND LEARNING COLLABORATIVE METHODOLOGY, THE CTTI WILL INTENSIVELY TRAIN PARTNERS IN INTERVENTIONS THAT 1) WERE DEVELOPED SPECIFICALLY TO AMELIORATE THE SEQUELAE OF INTENSE, ONGOING AND/OR MULTIPLE FORMS OF TRAUMA (I.E. COMPLEX TRAUMA), AND 2) HAVE BEEN IDENTIFIED AS COMPLEX TRAUMA TREATMENTS BY THE NCTSN: A) STRUCTURED PSYCHOTHERAPY FOR ADOLESCENTS RESPONDING TO CHRONIC STRESS (SPARCS), B) REAL LIFE HEROES, C) TRAUMA ADAPTED FAMILY CONNECTIONS, D) INTEGRATIVE TREATMENT OF COMPLEX TRAUMA, AND E) ATTACHMENT, REGULATION, AND COMPETENCY (ARC). FOR THE FIRST TIME SINCE THE INCEPTION OF THE NCTSN 5 ESTABLISHED COMPLEX TRAUMA TREATMENTS WILL BE JOINED TOGETHER IN ONE INITIATIVE, THEREBY ENABLING A “MAPPING” OF MODELS ACROSS VARIOUS SELECTION CRITERIA THAT WILL ALLOW CTTI STAFF AND COMMUNITY PARTNERS TO SELECT THE “BEST FIT” MODEL FOR EACH AGENCY. OVER 5 YEARS, THE CTTI WILL ADAPT AND DEVELOP SPECIALIZED RESOURCES (INCLUDING SPANISH TRANSLATIONS), AND PROVIDE BOTH INTENSIVE AND BROAD-BASED TRAINING TO MORE THAN 10,800 MULTI-DISCIPLINARY PROVIDERS, EXTENDING THE DELIVERY OF EVIDENCE-BASED TRAUMA-SPECIFIC PRACTICES AND IMPROVING OUTCOMES FOR TENS OF THOUSANDS OF TRAUMATIZED YOUTH NATIONALLY.",2867485,2867485,2143530.05,723954.9500000002,2026-01-14,TAGGS,2026-01-15,N/A,2021-09-30,2027-06-30,Center for Mental Health Services,93.243,SUBSTANCE ABUSE AND MENTAL HEALTH SERVICES PROJECTS OF REGIONAL AND NATIONAL SIGNIFICANCE,SM-21-009,"National Child Traumatic Stress Initiative – Category II, Treatment and Service Adaptation (TSA) C…",https://www.samhsa.gov/grants/grant-announcements/sm-21-009,ADELPHI UNIVERSITY,NY,GARDEN CITY,NY-04,"Junior College, College & University",https://taggs.hhs.gov/Detail/AwardDetail?arg_AwardNum=H79SM085099&arg_ProgOfficeCode=80,https://www.usaspending.gov/award/ASST_NON_H79SM085099_075/
SM085100,Restored,Reinstated (confirmed),Trauma and Community Resilience Center at Boston Children’s Hospital: A Treatment and Service Adaptation Center with Expertise in Immigrant and Refugee Children and Families,"TRAUMA AND COMMUNITY RESILIENCE CENTER AT BOSTON CHILDREN’S HOSPITAL: A TREATMENT AND SERVICE ADAPTATION CENTER WITH EXPERTISE IN IMMIGRANT AND REFUGEE CHILDREN AND FAMILIES - TRAUMA AND COMMUNITY RESILIENCE CENTER AT BOSTON CHILDREN’S HOSPITAL: A TREATMENT AND SERVICE ADAPTATION CENTER WITH EXPERTISE IN IMMIGRANT AND REFUGEE CHILDREN AND FAMILIES THE PURPOSE OF THE PROJECT “TRAUMA AND COMMUNITY RESILIENCE CENTER AT BOSTON CHILDREN’S HOSPITAL: A TREATMENT AND SERVICE ADAPTATION CENTER WITH EXPERTISE IN IMMIGRANT AND REFUGEE CHILDREN AND FAMILIES” IS TO PROVIDE NATIONAL EXPERTISE ON TRAUMA-INFORMED SERVICES FOR REFUGEE AND IMMIGRANT CHILDREN AND THEIR FAMILIES, AND TO SUPPORT THE CONTINUED ADAPTATION AND WIDE-SPREAD DISSEMINATION OF TRAUMA SYSTEMS THERAPY FOR REFUGEES, AN EFFECTIVE EVIDENCE-BASED TREATMENT.  THE TCRC WILL PROVIDE WIDELY-ACCESSIBLE TRAINING ON BEST PRACTICES IN TRAUMA-INFORMED CARE FOR REFUGEE AND IMMIGRANT CHILDREN, AS WELL AS SERVE AS A RESOURCE FOR PROVIDERS WORKING WITH OTHER TRAUMATIZED POPULATIONS AND IN RESPONSE TO EMERGING NEEDS, E.G., DISASTERS.  ALMOST HALF OF ALL CHILDREN LIVING IN THE UNITED STATES WILL REPORT AT LEAST ONE ADVERSE CHILDHOOD EXPERIENCE BY AGE 18; CHILDHOOD TRAUMA IS LINKED TO LONG-TERM CONSEQUENCES IN ADULTHOOD. YOUNG REFUGEES AND IMMIGRANTS – WHO MAKE UP ONE-QUARTER OF U.S. YOUTH, OR ABOUT 18.5 MILLION CHILDREN – REPORT HIGH LEVELS OF TRAUMA EXPOSURE BEFORE, DURING AND AFTER MIGRATION, YET FACE PARTICULAR BARRIERS TO ACCESSING EFFECTIVE TREATMENT.  WE SEEK TO IMPROVE CARE FOR TRAUMATIZED IMMIGRANT AND REFUGEE CHILDREN AND FAMILIES THROUGH THE FOLLOWING GOALS: 1) TO SUPPORT WIDE-SCALE DISSEMINATION OF TRAUMA SYSTEMS THERAPY FOR REFUGEES (TST-R), AN EVIDENCE-BASED PRACTICE FOR IMMIGRANTS AND REFUGEES, 2) TO PROVIDE NATIONAL EXPERTISE THROUGH TRAINING, EDUCATION, AND CONSULTATION ON TRAUMA-INFORMED SERVICES FOR TRAUMATIZED CHILDREN AND FAMILIES, INCLUDING IN RESPONSE TO DISASTERS OR OTHER EMERGING NEEDS, WITH A SPECIAL FOCUS ON REFUGEES AND IMMIGRANTS, AND 3) TO COLLABORATE WITH LOCAL, REGIONAL, AND NATIONAL STAKEHOLDERS TO PROMOTE BEST TRAUMA-INFORMED INTERVENTION PRACTICES WITH REFUGEE AND IMMIGRANT YOUTH AND THEIR FAMILIES WITHIN A BROAD RANGE OF SERVICE SYSTEMS AND PROVIDERS. WE EXPECT TO PROVIDE TECHNICAL ASSISTANCE TO AT LEAST 20 ORGANIZATIONS IMPLEMENTING TST-R, DEVELOP RESOURCES TO SUPPORT TST-R DISSEMINATION AND A TRAIN THE TRAINER PROGRAM, DEVELOP THREE SETS OF GUIDELINES AND RECOMMENDATIONS RELATED TO SUSTAINABILITY OF EVIDENCE-BASED MODELS, AND ADAPT TST-R FOR YOUTH WITH CENTRAL AMERICAN BACKGROUNDS. WE FURTHER ANTICIPATE PROVIDING A VIRTUAL TRAINING SERIES IN IMMIGRANT AND REFUGEE BEST PRACTICES REACHING 800 SERVICE PROVIDERS ACROSS DIVERSE SECTORS, EXPANDING OUR ONLINE REFUGEE CORE STRESSORS AND STRENGTHS TOOLKIT WHICH WILL REACH MORE THAN 5000 INDIVIDUALS, AND PROVIDE ADDITIONAL TRAININGS IN EMERGENT TRAUMA-RELATED NEEDS (E.G. DISASTERS) TO 300 INDIVIDUALS/YEAR. WE WILL ADVANCE IMPLEMENTATION SCIENCE FOR EVIDENCE-BASED MODELS SERVING REFUGEES AND IMMIGRANTS THROUGH OUR ANNUAL STAKEHOLDER MEETING AND ASSOCIATED PRODUCTS.  WE WILL INCORPORATE COMMUNITY AND PRACTITIONER THROUGHOUT OUR ACTIVITIES THROUGH A NATIONAL IMPLEMENTATION SCIENCE AND PRACTICE ADVISORY BOARD AND ASSOCIATED NATIONAL ETHNIC COMMUNITY-BASED ORGANIZATION ADVISORY BOARD, AND BROADEN OUR REACH AND IMPACT THROUGH COLLABORATION WITH OTHER SAMHSA-FUNDED CENTERS BOTH WITHIN AND BEYOND THE NCTSN.  WE WILL SERVE APPROXIMATELY 2,000 PROVIDERS ANNUALLY, OR 10,000 OVER THE LIFE OF THE GRANT.",2991767,2991767,2411013.97,580753.0299999998,2026-01-14,TAGGS,2026-01-15,N/A,2021-09-30,2026-09-29,Center for Mental Health Services,93.243,SUBSTANCE ABUSE AND MENTAL HEALTH SERVICES PROJECTS OF REGIONAL AND NATIONAL SIGNIFICANCE,SM-21-009,"National Child Traumatic Stress Initiative – Category II, Treatment and Service Adaptation (TSA) C…",https://www.samhsa.gov/grants/grant-announcements/sm-21-009,"CHILDREN'S HOSPITAL CORPORATION, THE",MA,BOSTON,MA-07,Hospital,https://taggs.hhs.gov/Detail/AwardDetail?arg_AwardNum=H79SM085100&arg_ProgOfficeCode=80,https://www.usaspending.gov/award/ASST_NON_H79SM085100_075/
SM085101,Restored,Reinstated (confirmed),The National Center on Child Trafficking: Innovation and dissemination of evidence-based trauma treatment and services for children and families impacted by trafficking,"THE NATIONAL CENTER ON CHILD TRAFFICKING: INNOVATION AND DISSEMINATION OF EVIDENCE-BASED TRAUMA TREATMENT AND SERVICES FOR CHILDREN AND FAMILIES IMPACTED BY TRAFFICKING - .“THE NATIONAL CENTER ON CHILD TRAFFICKING: INNOVATION AND DISSEMINATION OF EVIDENCE-BASED TRAUMA TREATMENT AND SERVICES FOR CHILDREN AND FAMILIES IMPACTED BY TRAFFICKING” WILL ESTABLISH A NATIONAL NETWORK OF EXPERTS IN TRAUMA, TRAFFICKING, AND IMPLEMENTATION SCIENCE TO DEVELOP, ADAPT, DELIVER, AND DISSEMINATE PRODUCTS, RESOURCES, AND INTERVENTIONS TO IMPROVE OUTCOMES FOR YOUTH AND FAMILIES WHO HAVE EXPERIENCED COMMERCIAL SEXUAL EXPLOITATION AND TRAFFICKING (CSET). YOUTH WHO HAVE EXPERIENCED CSET HAVE VERY HIGH RATES OF TRAUMA EXPOSURE, INCLUDING EARLY TRAUMA (E.G. SEXUAL ABUSE, TRAUMATIC LOSS/ SEPARATION, FAMILY VIOLENCE) AS WELL AS TRAUMA WHILE BEING TRAFFICKED (E.G. PHYSICAL/SEXUAL VIOLENCE BY TRAFFICKERS/ PURCHASERS). THE CUMULATIVE IMPACT OF THESE TRAUMATIC EXPERIENCES LEADS TO HIGH RATES OF POST-TRAUMATIC STRESS, DEPRESSION, ANXIETY, SUBSTANCE USE, AND SELF-INJURY.  CSET OCCURS TO YOUTH OF ALL AGES, GENDERS, AND RACES/ETHNICITIES; HOWEVER, YOUTH OF COLOR AND LGBTQ YOUTH ARE SIGNIFICANTLY OVER-REPRESENTED AND MALES ARE UNDERIDENTIFIED. THE NATIONAL CENTER ON CHILD TRAFFICKING (NCCT) WILL INCREASE AND IMPROVE ACCESS TO TRAUMA-FOCUSED EVIDENCE-BASED MENTAL TREATMENTS AND TRAUMA-INFORMED INTERVENTIONS GUIDED BY PRINCIPLES OF TRAUMA-INFORMED CARE TAILORED AND ADAPTED TO MEET THE NEEDS OF YOUTH WHO HAVE EXPERIENCED CSET, AS WELL AS INCREASE AND IMPROVE TRAUMA AND TRAFFICKING AWARENESS AND COLLABORATIVE MULTI-DISCIPLINARY CROSS-SECTOR RESPONSE. THE NCCT WILL (1) DEVELOP AND DISSEMINATE NATIONAL PRACTICE STANDARDS AND CONSENSUS GUIDELINES FOR MH TREATMENT CROSSCUTTING EBPS TO 1000  MENTAL HEALTH PROFESSIONALS AND WEBINAR TRAINING TO 4000 PROFESSIONALS, (2) DELIVER AND EVALUATE TRAINING OF TF-CBT FOR CSET TO 250 THERAPISTS IN 5 SAMHSA/HHS REGIONS, DEVELOP RESOURCES FOR THERAPISTS AND TRAINERS TO ENHANCE DISSEMINATION  AND SERVICE DELIVERY, DISSEMINATE TO 1000 PROVIDERS, (3) DEVELOP AND DISSEMINATE STANDARDS, GUIDELINES, AND TRAINING ADDRESSING CO-OCCURRING TRAUMA AND SUBSTANCE USE PROBLEMS TO 1000 MENTAL HEALTH AND SUBSTANCE ABUSE  PROFESSIONALS, WEBINAR TRAINING TO 1600 PROFESSIONALS, INTEGRATE THE GUIDELINES INTO AN EXISTING EVIDENCE-BASED TRAUMA AND SUBSTANCE USE TREATMENT, RISK REDUCTION THROUGH FAMILY THERAPY, AND TRAIN 50 THERAPISTS IN THE ADAPTED MODEL, (4) ADAPT AND DISSEMINATE TRAINING  IN TRAUMA-INFORMED PARENTING, THE RESOURCE PARENT CURRICULUM, ADAPTED FOR YOUTH WHO HAVE EXPERIENCED CSET TO 100 RPC FACILITATORS, (5) ADAPT AND DISSEMINATE TRAINING IN TRAUMA-INFORMED RESIDENTIAL CARE, THINK TRAUMA. TO 50 THINK TRAUMA TRAINERS, AND TRAIN STAFF AT TARGETED CSET CONGREGATE CARE/RESIDENTIAL TREATMENT PLACEMENTS, (6) DEVELOP AND DISSEMINATE RESOURCES FOR MDT AND CSET SPECIALIST PROFESSIONALS, INCLUDING PRACTICE GUIDELINES AND TRAINING CURRICULA (FORECAST) INCORPORATING CSET RESPONSE TO 650 PROFESSIONALS, WEBINAR TRAINING TO 400 PROFESSIONALS, (7) DEVELOP SECONDARY TRAUMATIC STRESS/COMPASSION FATIGUE AWARENESS MATERIALS AND STRATEGIES AND DELIVER TRAINING IN THE PRACTICES TO 1000 PROFESSIONALS SERVING YOUTH WHO HAVE EXPERIENCED CSET. OVER 11,000 PEOPLE WILL BE IMPACTED BY THE PROJECT THROUGH RESOURCES DEVELOPED AND DISSEMINATED AND TRAININGS PROVIDED (1490 Y2, 2565 Y3, 2630 Y4, 5250 Y5).",2999950,2999950,2232649.46,767300.54,2026-01-14,TAGGS,2026-01-15,N/A,2021-09-30,2027-03-31,Center for Mental Health Services,93.243,SUBSTANCE ABUSE AND MENTAL HEALTH SERVICES PROJECTS OF REGIONAL AND NATIONAL SIGNIFICANCE,SM-21-009,"National Child Traumatic Stress Initiative – Category II, Treatment and Service Adaptation (TSA) C…",https://www.samhsa.gov/grants/grant-announcements/sm-21-009,GEORGIA STATE UNIVERSITY RESEARCH FOUNDATION INC,GA,ATLANTA,GA-05,"Research Institution, Foundation and Laboratory",https://taggs.hhs.gov/Detail/AwardDetail?arg_AwardNum=H79SM085101&arg_ProgOfficeCode=80,https://www.usaspending.gov/award/ASST_NON_H79SM085101_075/
SM085102,Restored,Reinstated (confirmed),Adelphi University Complex Trauma Training Consortium is a national training and workforce development initiative that will establish sustainable local expertise in complex trauma in all 50 states.,"ADELPHI UNIVERSITY COMPLEX TRAUMA TRAINING CONSORTIUM IS A NATIONAL TRAINING AND WORKFORCE DEVELOPMENT INITIATIVE THAT WILL ESTABLISH SUSTAINABLE LOCAL EXPERTISE IN COMPLEX TRAUMA IN ALL 50 STATES. - THE COMPLEX TRAUMA TRAINING CONSORTIUM (CTTC) IS A NATIONAL-TRAINER TRAINING AND WORKFORCE DEVELOPMENT INITIATIVE THAT WILL ESTABLISH SUSTAINABLE LOCAL EXPERTISE IN COMPLEX TRAUMA UNDERSTANDING, ASSESSMENT AND TREATMENT WITHIN EACH OF THE 50 US STATES, THE 5 TERRITORIES, DC, AND THE FOUR LARGEST US METROPOLITAN AREAS, INCREASING ACCESS TO CHILD TRAUMA RESOURCES AND ADDRESSING BEHAVIORAL HEALTH DISPARITIES IN UNDERSERVED AREAS WITH HISTORICALLY LIMITED NCTSN PRESENCE. THE CTTC WILL ESTABLISH A SELF-SUSTAINABLE NATIONAL NETWORK COMPRISED OF OVER 200 LOCAL STATE AND TERRITORY BASED EXPERT COMPLEX TRAUMA TRAINERS ACROSS 60 AFFILIATE ORGANIZATIONS NATIONWIDE, RESOLVING LONGSTANDING GEOGRAPHICAL INEQUITY IN DISTRIBUTION OF NCTSN RESOURCES, PARTICULARLY TO MIDWESTERN STATES, US TERRITORIES AND MORE RURAL AREAS OF THE COUNTRY. CTTC TRAINERS WILL RECEIVE INTENSIVE TRAINER-TRAINING IN A 20 MODULE, 40-HOUR COMPLEX TRAUMA TRAINING CURRICULUM COMPRISED COVERING A COMPREHENSIVE RANGE OF TOPICS THAT ADDRESS MAJOR KNOWLEDGE GAPS IN THE FIELD OF CHILD AND FAMILY TRAUMA INTERVENTION, INCLUDING THE INTERSECTION OF COMPLEX TRAUMA WITH ADVERSE LIFE EXPERIENCES SUCH AS HISTORICAL AND ANCESTRAL TRAUMA, SYSTEMIC RACISM, AND SUBSTANCE ABUSE THAT POSE MAJOR PUBLIC HEALTH IMPLICATIONS FOR VULNERABLE INDIVIDUALS AND MARGINALIZED COMMUNITIES SUCH AS IMMIGRANTS, LGBTQ+ YOUTH AND FAMILIES, AND BIPOC. AS PART OF THE CTTC’S IMPLEMENTATION-SCIENCE-DRIVEN TRAINER-TRAINING PROCESS, TRAINERS WILL ENGAGE IN EXTENSIVE TEACH-BACKS AND FIDELITY EVALUATION WITH BOTH THE CURRICULUM DEVELOPERS AND SENIOR TECHNICAL ASSISTANTS ASSIGNED TO EACH AFFILIATE SITE. THE 200+ TRAINERS IN TRAINING WILL EACH SUBSEQUENTLY CONDUCT AT LEAST 5 LOCAL REMOTE OR IN-PERSON TRAININGS ON THE CTTC CURRICULUM OFFERED TO MULTIDISCIPLINARY PROVIDERS WORKING ACROSS THE SOCIAL SERVICES CONTINUUM IN EACH STATE, TERRITORY, DISTRICT, OR METROPOLITAN HUB, WITH EMPHASIS ON CHILD MENTAL HEALTH CLINICS, SCHOOLS, CHILD WELFARE, JUVENILE JUSTICE, RESIDENTIAL TREATMENT CENTERS, FOSTER CARE PROGRAMS, AND HOMELESS SHELTERS, IN ADDITION TO HOSPITALS, LAW ENFORCEMENT AND OTHER FIRST RESPONDERS, COURT PERSONNEL, CLERGY, VICTIM ADVOCATES, PUBLIC HEALTH, AND FAMILY/CONSUMER GROUPS. CTTC WILL ACHIEVE A MINIMUM OF 1,000 TRAINING EVENTS OVER THE 5-YEAR CYCLE OF THIS GRANT. THE CTTC WILL DELIVER TRAINING TO WELL IN EXCESS OF 25,000 PROVIDERS ACROSS EVERY US STATE AND TERRITORY AND WILL THEREBY BE RESPONSIBLE FOR TRAUMA-FOCUSED WORKFORCE DEVELOPMENT ON A NATIONAL SCALE. THE CTTC IS THE CULMINATION OF THE COMPLEX TRAUMA TREATMENT NETWORK, A CATEGORY II NCTSN CENTER THAT BETWEEN 2009 AND 2021 CONDUCTED OVER FOUR DOZEN REGIONAL TRAUMA-INFORMED SYSTEMS ENHANCEMENT AND EVIDENCE-BASED PRACTICE (EBP) DISSEMINATION LEARNING COMMUNITIES SPANNING 46 US STATES AND TERRITORIES IN PARTNERSHIP WITH OVER 5,000 ORGANIZATIONS, DELIVERING OVER 7,000 HOURS INTENSIVE TRAINING AND TECHNICAL ASSISTANCE TO 117,502 MULTIDISCIPLINARY NATIONWIDE. THE CTTC IS A PARTNERSHIP BETWEEN ADELPHI, ALASKA BEHAVIORAL HEALTH, THE FOUNDATION TRUST, AND U CHICAGO, AND IS COMPRISED OF A FACULTY OF OVER TWO DOZEN EBP DEVELOPERS, TRAINERS AND ORGANIZATIONAL CONSULTANTS THAT IS AS UNPARALLELED IN ITS SUBJECT MATTER EXPERTISE AS IT IS IN ITS RACIAL, CULTURAL, AND LINGUISTIC DIVERSITY",2865854,2865854,2150060.2600000002,715793.7399999998,2026-01-14,TAGGS,2026-01-15,N/A,2021-09-30,2027-03-31,Center for Mental Health Services,93.243,SUBSTANCE ABUSE AND MENTAL HEALTH SERVICES PROJECTS OF REGIONAL AND NATIONAL SIGNIFICANCE,SM-21-009,"National Child Traumatic Stress Initiative – Category II, Treatment and Service Adaptation (TSA) C…",https://www.samhsa.gov/grants/grant-announcements/sm-21-009,ADELPHI UNIVERSITY,NY,GARDEN CITY,NY-04,"Junior College, College & University",https://taggs.hhs.gov/Detail/AwardDetail?arg_AwardNum=H79SM085102&arg_ProgOfficeCode=80,https://www.usaspending.gov/award/ASST_NON_H79SM085102_075/
SM085103,Restored,Reinstated (confirmed),Implementing Multi-system Programs to Strengthen Attachment in Children and Families Affected by Trauma (IMPACT),"IMPLEMENTING MULTI-SYSTEM PROGRAMS TO STRENGTHEN ATTACHMENT IN CHILDREN AND FAMILIES AFFECTED BY TRAUMA (IMPACT) - IMPLEMENTING MULTI-SYSTEM PROGRAMS TO STRENGTHEN ATTACHMENT IN CHILDREN AND FAMILIES AFFECTED BY TRAUMA (IMPACT) SERVES CHILDREN AGES 1-7 AND THEIR FAMILIES IMPACTED BY TRAUMA AND AT RISK FOR, OR ARE INVOLVED WITH, THE CHILD WELFARE SYSTEM IN MARGINALIZED COMMUNITIES IN EAST TENNESSEE. OUR GOALS ARE TO INCREASE AWARENESS AND COMMUNITY ENGAGEMENT AROUND TRAUMA, DECREASE TRAUMATIC STRESS SYMPTOMS AND DISRUPTIVE BEHAVIOR IN YOUNG CHILDREN, AND DECREASE CAREGIVER STRESS BY IMPROVING THEIR ABILITY TO PARENT CHILDREN WITH TRAUMA HISTORIES. WE WILL INCREASE IDENTIFICATION OF YOUNG CHILDREN WITH TRAUMA BY PARTNERING TO PROVIDE A WEB-BASED TRAUMA SCREENING TRAINING PRODUCT FOR THE YOUNG CHILDREN’S SYSTEM OF CARE AND INCREASE IMPLEMENTATION OF TRAUMA SCREENING INSTRUMENTS FOR YOUNG CHILDREN WITH COMMUNITY MENTAL HEALTH PARTNERS. WE WILL COORDINATE DISSEMINATION EFFORTS WITH COMMUNITY MENTAL HEALTH CENTERS TO IMPLEMENT PARENT-CHILD INTERACTION THERAPY (PCIT) AND TWO MODIFICATIONS TO TARGET TRAUMA SYMPTOMS AND EMOTION REGULATION. PCIT-TRAUMA DIRECTED INTERACTION ADDS A TRAUMA COMPONENT TO PCIT TO HELP CAREGIVERS MANAGE TRAUMA REACTIONS. PCIT WITH TODDLERS SUPPORTS CAREGIVERS OF CHILDREN AGES 12-24 MONTHS WITH BEHAVIOR AND EMOTION DYSREGULATION TO HELP THEIR CHILD BETTER REGULATE THEIR FEELINGS AND BEHAVIOR BY STRENGTHENING ATTACHMENT. WE WILL WORK WITH FOSTER PARENTS, RELATIVE CAREGIVERS, AND KINSHIP PLACEMENTS THROUGH THE RESOURCE PARENT CURRICULUM—CHILD-ADULT RELATIONSHIP ENHANCEMENT (RPC-CARE), IN CONCERT WITH THE CENTER FOR CHILDREN AND FAMILIES (CCFH), TO EDUCATE AND SUPPORT FAMILIES OF YOUNG CHILDREN TO BETTER UNDERSTAND THE IMPACT OF TRAUMA ON CHILDREN’S BEHAVIORS, AND GIVE THEM SPECIFIC SKILLS TO SUCCESSFULLY PARENT. IMPACT WILL EXPAND WORKFORCE CAPACITY TO SUPPORT FAMILIES BY WORKING WITH CASE WORKERS AND OTHER NON-CLINICAL STAFF IN THE CARE MODEL, WHICH WILL BE IMPLEMENTED IN OUTPATIENT AND IN-HOME SETTINGS. WE WILL ALSO SUPPORT PROVIDERS WORKING WITH FAMILIES TO ADDRESS SECONDARY TRAUMATIC STRESS WITH REFLECTIVE SUPERVISION AND CONSULTATION (RS/C) WORKSHOPS FOLLOWED BY MONTHLY REFLECTIVE CONSULTATION GROUPS. REFLECTIVE CONSULTATION GIVES PROVIDERS THE SPACE TO REFLECT ON THEIR WORK WITH FAMILIES, CONSIDER CULTURAL AND CONTEXTUAL ELEMENTS OF THEIR WORK, AND MITIGATE THE EFFECTS OF SECONDARY TRAUMATIC STRESS. IMPACT WILL ENGAGE THE COMMUNITY AND FAMILIES BY PARTNERING WITH TENNESSEE VOICES FOR CHILDREN AND FORMING AN ADVISORY BOARD TO MEET SEMI-ANNUALLY TO GUIDE THE IMPACT PROJECT. THE ADVISORY BOARD WILL GUIDE PROJECT PERSONNEL ON SERVICES ACCESSIBILITY, REVIEW AND PROVIDE INPUT TO ADDRESS IMPLEMENTATION BARRIERS, ASSIST WITH ACHIEVING CULTURAL SENSITIVITY TO MATERIALS AND ENGAGEMENT STRATEGIES AND ADVISE ON SUSTAINABILITY. WE ANTICIPATE SERVING AT LEAST 30 PEOPLE THE FIRST YEAR OF THE GRANT, THEN INCREASING THAT CAPACITY TO 74 FAMILIES PER YEAR FOR A TOTAL OF AT LEAST 300 FAMILIES OVER FIVE YEARS.",1579260,1579260,646999.96,932260.04,2026-01-14,TAGGS,2026-01-15,N/A,2022-12-31,2026-12-30,Center for Mental Health Services,93.243,SUBSTANCE ABUSE AND MENTAL HEALTH SERVICES PROJECTS OF REGIONAL AND NATIONAL SIGNIFICANCE,SM-21-010,"National Child Traumatic Stress Initiative – Category III, Community Treatment and Service (CTS) C…",https://www.samhsa.gov/grants/grant-announcements/sm-21-010,UNIVERSITY OF TENNESSEE,TN,MEMPHIS,TN-09,"Junior College, College & University",https://taggs.hhs.gov/Detail/AwardDetail?arg_AwardNum=H79SM085103&arg_ProgOfficeCode=80,https://www.usaspending.gov/award/ASST_NON_H79SM085103_075/
SM085105,Restored,Reinstated (confirmed),Complex Child and Adolescent Trauma Project,"COMPLEX CHILD AND ADOLESCENT TRAUMA PROJECT - THE UNIVERSITY OF PITTSBURGH’S THEISS COMPLEX CHILD AND ADOLESCENT TRAUMA (CCAT) PROJECT EXPANDS ACCESS TO EVIDENCE-BASED TRAUMA TREATMENT FOR CHILDREN IN WESTERN PENNSYLVANIA. IT AIMS TO IMPROVE SERVICE ACCESS AND OUTCOMES FOR HIGH-NEED, UNDERSERVED COMMUNITIES INCLUDING RACIAL/ETHNIC MINORITY AND LOW-INCOME POPULATIONS. IT PLACES AN EMPHASIS ON CHILDREN IMPACTED BY COMPLEX TRAUMA, PARTICULARLY THOSE IN THE CHILD WELFARE AND JUVENILE JUSTICE SYSTEMS.  IN COLLABORATION WITH UPMC WESTERN BEHAVIORAL HEALTH AND ITS THEISS CENTER FOR CHILD TRAUMA AND BEHAVIORAL HEALTH (THEISS), THE CCAT PROJECT’S PRIMARY GOAL IS TO INCREASE ACCESS TO TRAUMA-RELATED, EVIDENCE-BASED PRACTICES (EBPS) IN WESTERN PENNSYLVANIA TO REMEDIATE THE IMPACT OF COMPLEX TRAUMATIC STRESS. THIS GOAL WILL BE ACCOMPLISHED BY: 1) EXPANDING THE AGE RANGE OF THEISS TRAUMA SERVICES (UP TO AGE 18) THROUGH THE INCORPORATION OF INTEGRATIVE TREATMENT OF COMPLEX TRAUMA (ITCT, CHILD & ADOLESCENT VERSIONS); 2) EXPANDING THE GEOGRAPHIC REACH OF THEISS BY LEVERAGING UPMC’S WESTERN BEHAVIORAL HEALTH NETWORK THROUGHOUT WESTERN PENNSYLVANIA FOR THE IMPLEMENTATION OF EVIDENCE-BASED TRAUMA TREATMENTS TO SUPPORT CHILDREN IMPACTED BY COMPLEX TRAUMA (INCLUDING ITCT AS WELL AS CHILD PARENT PSYCHOTHERAPY-CPP); 3) FACILITATING TRAUMA-RELATED TRAINING AND PROFESSIONAL DEVELOPMENT FOR THE MENTAL HEALTH AND RELATED WORKFORCE (EMPHASIZING THE FIELDS OF CHILD WELFARE/JUVENILE JUSTICE); AND 4) SERVING AS A RESOURCE FOR HIGH-NEED, UNDERSERVED COMMUNITIES BY COLLABORATING WITH LOCAL HUMAN SERVICE AGENCIES TO PROVIDE PROMPT CLINICAL CONSULTATION AND SUPPORT TO MEET THE COMPLEX NEEDS OF MEMBERS OF THEIR COMMUNITY EXPERIENCING TRAUMATIC EVENTS. THE CCAT PROJECT WILL ACHIEVE THE FOLLOWING PRIMARY GOALS/OBJECTIVES BY THE END OF THE GRANT PROJECT PERIOD: SCREEN 600 CHILDREN/ADOLESCENTS FOR TRAUMA; SUPPORT 5 PROGRAMS/COUNTIES TO IMPLEMENT EBPS; ESTABLISH CLINICAL CONSULTATION SERVICES WITH 15 COMMUNITY AGENCIES/UNDERSERVED COMMUNITIES; DEVELOP 15 ADDITIONAL NEW PARTNERSHIPS/COLLABORATIONS; FACILITATE EBP TRAINING FOR 20 CLINICIANS; AND PROVIDE TRAUMA-RELATED PROFESSIONAL DEVELOPMENT FOR 2,000 IN THE MENTAL HEALTH AND RELATED WORKFORCE (500 OF WHOM WILL REPRESENT CHILD-SERVING SYSTEMS SUCH AS CHILD WELFARE AND JUVENILE JUSTICE).  CHILDREN AND ADOLESCENTS SERVED WILL GRADUALLY INCREASE EACH SUBSEQUENT GRANT YEAR (YEAR 1-40; YEAR 2-60; YEAR 3-80; YEAR 4-120; AND YEAR 5-150). A TOTAL OF 450 CHILDREN AND ADOLESCENTS THROUGHOUT WESTERN PENNSYLVANIA WILL RECEIVE EBPS THROUGH THE THEISS CCAT PROJECT. SEVENTY PERCENT OF CHILDREN/ADOLESCENTS WHO PARTICIPATE IN CCAT PROJECT EBPS WILL REPRESENT CHILD-SERVING SYSTEMS, AND 80% WILL DEMONSTRATE IMPROVED FUNCTIONING ON TSCYC/TSCC AND NOMS ASSESSMENTS (ACROSS RACIAL/ETHNIC AND SOCIOECONOMIC BACKGROUNDS) UPON COMPLETION OF TREATMENT. THE CCAT PROJECT WILL FURTHER ADDRESS BEHAVIORAL HEALTH DISPARITIES BY MAINTAINING A HIGH PERCENTAGE OF CHILDREN/ADOLESCENTS SERVED FROM RACIAL/ETHNIC MINORITY POPULATIONS (AT LEAST 45% ANNUALLY) AND WILL INCREASE THE PERCENTAGE OF GRANT-SERVED CHILDREN AND ADOLESCENTS FROM NEW CATCHMENT AREAS TO AT LEAST 25% BY YEAR 5.",1999997,1999997,1567838.79,432158.20999999996,2026-01-14,TAGGS,2026-01-15,N/A,2021-09-30,2026-11-30,Center for Mental Health Services,93.243,SUBSTANCE ABUSE AND MENTAL HEALTH SERVICES PROJECTS OF REGIONAL AND NATIONAL SIGNIFICANCE,SM-21-010,"National Child Traumatic Stress Initiative – Category III, Community Treatment and Service (CTS) C…",https://www.samhsa.gov/grants/grant-announcements/sm-21-010,UNIVERSITY OF PITTSBURGH - OF THE COMMONWEALTH SYSTEM OF HIGHER EDUCATION,PA,PITTSBURGH,PA-12,"Junior College, College & University",https://taggs.hhs.gov/Detail/AwardDetail?arg_AwardNum=H79SM085105&arg_ProgOfficeCode=80,https://www.usaspending.gov/award/ASST_NON_H79SM085105_075/
SM085106,Restored,Reinstated (confirmed),NCTSI Community Treatment and Service Centers - Category III,"NCTSI COMMUNITY TREATMENT AND SERVICE CENTERS - CATEGORY III - PUERTO RICAN FAMILY INSTITUTE (PRFI) PROPOSES TO INCREASE ITS CAPACITY TO PROVIDE TRAUMA- INFORMED SERVICES TO LATINX CHILDREN AGES 2-21, THEIR FAMILIES AND COMMUNITIES. THIS WILL BE ACCOMPLISHED BY TRAINING OUR CLINICIANS IN THE EVIDENCE-BASED PRACTICES TF-CBT AND CM-TFT, EMBEDDING THE PRINCIPLES OF A TRAUMA-INFORMED ORGANIZATION IN PRFI AND OFFERING COMMUNITY TRAUMA EDUCATION, CONSULTATION AND REFERRAL INFORMATION TO A DIVERSE RANGE OF PARTNERS. THE GEOGRAPHIC CATCHMENT AREA IS COMPRISED OF THREE NEW YORK CITY BOROUGHS: MANHATTAN, THE BRONX AND BROOKLYN, WHERE PRFI MAINTAINS CLINICS AND WHERE WE HAVE STRONG CURRENT PARTNERSHIPS WITH SCHOOLS AND CBOS. POPULATION(S) TO BE SERVED: ADVERSE CHILDHOOD EXPERIENCES (ACE) DISPROPORTIONATELY AFFECT LOW-INCOME CHILDREN OF COLOR WHO ARE ALREADY AT RISK. LATINX CHILDREN EXPOSED TO MULTIPLE ACES ARE AT RISK FOR ANXIETY, WITHDRAWAL AND AGGRESSION, OBESITY, AND CHRONIC HEALTH PROBLEMS IN THE FUTURE. STRATEGIES/INTERVENTIONS: PUERTO RICAN FAMILY INSTITUTE PROPOSES TO SERVE THESE CHILDREN BY ENHANCING OUR CLINICAL EXPERTISE IN TF-CBT AND CM-TFT, LEVERAGING THE TRUST PRFI HAS ESTABLISHED IN THE NYC LATINX COMMUNITIES, AND RELYING ON THE REPUTATION WE HAVE FOR HIGH-QUALITY, CULTURALLY-INFORMED SERVICES AMONG OUR PARTNERS – SCHOOLS, COMMUNITY COALITIONS, MEDICAL ORGANIZATIONS AND OTHER COMMUNITY ORGANIZATIONS. WE WILL PROVIDE EDUCATION TO THESE ORGANIZATIONS TO UNDERSTAND A TRAUMA-INFORMED FRAMEWORK AND PERSPECTIVE, PRIORITIZE PRACTICAL AND APPLIED STRATEGIES THAT HAVE IMMEDIATE BENEFITS FOR THE WELL-BEING AND HEALING FOR CHILDREN, FAMILIES AND STAFF WHO WORK WITH TRAUMATIZED POPULATIONS. GOAL 1: PRFI WILL INCREASE ACCESS TO EVIDENCE-BASED TRAUMA TREATMENT SERVICES FOR CHILDREN AND THEIR FAMILIES. OBJECTIVE: 1.A. PRFI WILL CREATE AN ONGOING SYSTEM OF OUTREACH AND ENGAGEMENT TO AT-RISK CHILDREN AND VULNERABLE FAMILIES. MEASURE: DEVELOP REFERRAL AGREEMENTS WITH AT LEAST 4 AGENCIES IN YEAR ONE AND AT LEAST TWO A YEAR IN YEARS 2-5, A TOTAL OF 12 IN THE GRANT PERIOD. OBJECTIVE 1.B: PRFI WILL ENSURE THAT CLINICIANS WILL BE CERTIFIED TO PROVIDE TF-CBT. MEASURE: CERTIFY 5 CLINICIANS IN YEARS 1-5 FOR A TOTAL OF 25 IN THE GRANT PERIOD. OBJECTIVE 1.C.: PRFI WILL PROVIDE TF-CBT TRAUMA TREATMENT. MEASURE: YEAR 1: 50 CHILDREN; YEARS 2-5: 100 CHILDREN AND THEIR FAMILIES A YEAR A TOTAL OF 450 IN THE GRANT PERIOD GOAL 2: PRFI WILL CREATE AWARENESS OF TRAUMA IDENTIFICATION RESPONSE AND RESOURCES FOR TREATMENT AND SUPPORT AMONG OUR PARTNERING AGENCIES, COMMUNITIES AND LOCAL ORGANIZATIONS. OBJECTIVE 2.A.: PRFI WILL PROVIDE FREE TECHNICAL ASSISTANCE ON HOW CREATE TRAUMA INFORMED CULTURES IN THEIR AGENCIES. MEASURE: TECHNICAL ASSISTANCE TO 2 AGENCIES (INCLUDING SCHOOLS) A YEAR IN YEARS 1-5, A TOTAL OF 10 AGENCIES IN THE GRANT PERIOD. OBJECTIVE 2.B.: PRFI WILL ADDRESS TRAUMA-INDUCED MENTAL ILLNESS/EMOTIONAL DISTURBANCE BY GENERAL EDUCATION OF THE PREVALENCE OF TRAUMA AND ITS TREATMENT AND SUPPORT OPTIONS. MEASURE: 4 INFORMATIONAL SESSIONS/FORUMS A YEAR TO SCHOOLS, OTHER BEHAVIORAL HEALTH AGENCIES, AND COMMUNITY AGENCIES.",2000000,2000000,1477423.16,522576.8400000001,2026-01-14,TAGGS,2026-01-15,N/A,2021-09-30,2026-09-29,Center for Mental Health Services,93.243,SUBSTANCE ABUSE AND MENTAL HEALTH SERVICES PROJECTS OF REGIONAL AND NATIONAL SIGNIFICANCE,SM-21-010,"National Child Traumatic Stress Initiative – Category III, Community Treatment and Service (CTS) C…",https://www.samhsa.gov/grants/grant-announcements/sm-21-010,"PUERTO RICAN FAMILY INSTITUTE, INC.",NY,NEW YORK,NY-10,Community Action Organization,https://taggs.hhs.gov/Detail/AwardDetail?arg_AwardNum=H79SM085106&arg_ProgOfficeCode=80,https://www.usaspending.gov/award/ASST_NON_H79SM085106_075/
SM085108,Restored,Reinstated (confirmed),Child HELP Partnership Treatment and Services Adaptation Center,"CHILD HELP PARTNERSHIP TREATMENT AND SERVICES ADAPTATION CENTER - THE CENTER WILL TRAIN AND SUPPORT THE DELIVERY OF EVIDENCE-BASED, CULTURALLY ADAPTED TRAUMA SERVICES AND INTERVENTIONS FOR CHILDREN EXPOSED TO DISASTER, SEXUAL ABUSE, FAMILY VIOLENCE, RACE-BASED AND IMMIGRATION TRAUMA (E.G., UNACCOMPANIED MINORS), COVID-19, AND TRAUMATIC DEATHS. MAJOR STAKEHOLDERS IN CHILDREN’S MENTAL HEALTH–SCHOOL PERSONNEL, PARENTS, AND MENTAL HEALTH PROVIDERS–WILL WORK IN PARTNERSHIP TO CREATE A CONTINUUM-OF-CARE AT 18 SITES NATIONWIDE.   THE CENTER AIMS TO SERVE UNDERSERVED CHILDREN (AGES 4-17) FROM CULTURALLY DIVERSE BACKGROUNDS (E.G., PEOPLE OF COLOR, LGBTQ+) WHO HAVE BEEN EXPOSED TO TRAUMA AND ARE EXPERIENCING DIVERSE MENTAL HEALTH RESPONSES. EACH SITE’S TRAUMA TEAM WILL HAVE REPRESENTATIVES FROM SCHOOLS, PARENTS, YOUTH, MENTAL HEALTH CLINICS, AND OTHER SOCIAL SYSTEMS (E.G., POLICE) AND BE RESPONSIBLE FOR IMPLEMENTING A TIERED APPROACH TO SERVICES AND INTERVENTIONS. TIER 1 IS SYSTEM-LEVEL PSYCHOEDUCATION (I.E., TRAUMA 101) TO CREATE A TRAUMA-INFORMED CULTURE AND PROVIDE A FOUNDATION FOR TRAUMA EBIS. TIER 2 IS EARLY INTERVENTION DELIVERED AFTER TRAUMA (I.E., SKILLS FOR PSYCHOLOGICAL RECOVERY) TO PREVENT THE DEVELOPMENT OF MENTAL DISORDERS. TIER 3 IS TREATMENT FOR TRAUMATIZED CHILDREN AND THEIR CAREGIVERS (I.E., TRAUMA-FOCUSED COGNITIVE-BEHAVIORAL THERAPY AND ALTERNATIVES FOR FAMILIES-A COGNITIVE-BEHAVIORAL THERAPY). AFTER BEING TRAINED AND IMPLEMENTING THE INTERVENTIONS, SCHOOL COUNSELORS AND MENTAL HEALTH SUPERVISORS WILL PARTICIPATE IN TRAIN-THE-TRAINER PROGRAMS TO TRAIN OTHERS (E.G., TEACHERS, CLINICIANS).  CENTER GOALS ARE TO: (1) INCREASE COLLABORATION IN LOCAL, STATE, AND NATIONAL SCHOOL-FAMILY-MENTAL HEALTH PARTNERSHIPS, (2) INCREASE THE SIZE OF THE TRAUMA TRAINED WORKFORCE THAT CAN IDENTIFY TRAUMATIZED CHILDREN, ASSESS LEVEL OF NEED, AND PROVIDE INTERVENTIONS THAT PREVENT AND TREAT TRAUMA-RELATED MENTAL DISORDERS, (3) INCREASE THE NUMBER OF CHILDREN WHO RECEIVE TRAUMA-SPECIFIC SERVICES AND EBIS, AND (4) DECREASE CHILDREN’S TRAUMA SYMPTOMS. COMPLETION OF TRAINING IN THE MODEL TAKES 2.5 YEARS. IN THE FIRST 2.5 YEARS OF THE PROJECT, THE CENTER WILL TRAIN 8 LAUNCH SITES THAT HAVE SCHOOL-MENTAL HEALTH PARTNERSHIPS IN CULTURALLY AND GEOGRAPHICALLY DIVERSE AREAS WITH LARGE BEHAVIORAL HEALTH DISPARITIES. SIMULTANEOUSLY, THE CENTER WILL BUILD AND BETA-TEST A NEW ONLINE TRAINING PLATFORM AND INNOVATIVE PROFESSIONAL NETWORKING APPLICATION FOR WIDESPREAD DISSEMINATION AND SUSTAINABILITY. IN THE LAST 2.5 YEARS OF THE PROJECT, THE CENTER WILL TRAIN 10 NEW ROLLOUT SITES USING THE WEB-BASED PLATFORM AND PROVIDE TECHNICAL ASSISTANCE TO THE LAUNCH SITES AS THEY USE THE PLATFORM TO TRAIN THEIR COMMUNITY PARTNERS. LAUNCH SITES WILL EDUCATE 34,600 STUDENTS, PARENTS, AND STAFF IN YEAR 1, AND ADD 20% (3,382) EACH OF 4 YEARS FOR A TOTAL OF 62,359 OVER THE 5 YEARS OF THE PROJECT. ROLLOUT SITES WILL HAVE 25% MORE STUDENTS, PARENTS, AND STAFF THAN LAUNCH SITES, AND ADD 20% EACH YEAR FOR AN ESTIMATED TOTAL OF 56,000. BETWEEN LAUNCH AND ROLLOUT SITES, MORE THAN 118,000 YOUTH, PARENTS, AND STAFF WILL RECEIVE TIER 1 SERVICES AND MORE THAN 23,500 YOUTH AND THEIR PARENTS WILL RECEIVE TIER 2 EARLY INTERVENTION AND TIER 3 TREATMENT.",2998156,2998156,1758177.85,1239978.15,2026-01-14,TAGGS,2026-01-15,N/A,2021-09-30,2027-09-29,Center for Mental Health Services,93.243,SUBSTANCE ABUSE AND MENTAL HEALTH SERVICES PROJECTS OF REGIONAL AND NATIONAL SIGNIFICANCE,SM-21-009,"National Child Traumatic Stress Initiative – Category II, Treatment and Service Adaptation (TSA) C…",https://www.samhsa.gov/grants/grant-announcements/sm-21-009,"ST JOHN'S UNIVERSITY, NEW YORK",NY,JAMAICA,NY-05,"Junior College, College & University",https://taggs.hhs.gov/Detail/AwardDetail?arg_AwardNum=H79SM085108&arg_ProgOfficeCode=80,https://www.usaspending.gov/award/ASST_NON_H79SM085108_075/
SM085111,Restored,Reinstated (confirmed),Center for Trauma Recovery and Juvenile Justice,"CENTER FOR TRAUMA RECOVERY AND JUVENILE JUSTICE - THE CENTER FOR TRAUMA RECOVERY AND JUVENILE JUSTICE (CTRJJ) BRINGS TOGETHER JUVENILE JUSTICE (JJ) AND MENTAL HEALTH SERVICES EXPERTS WITH LIVED AND PROFESSIONAL EXPERIENCE TO INCREASE THE CAPACITY NATIONALLY TO DELIVER CULTURALLY RESPONSIVE EVIDENCE-BASED TRAUMA TREATMENT (EBTT) AND TRAUMA INFORMED (TI) SERVICES TO JJ-INVOLVED YOUTH (JJIY) AND YOUTH AT RISK (JJAR), FAMILIES, AND JJ STAFF, AND TO INCREASE  TRAUMATIZED JJIY/JJAR ACCESS NATIONALLY TO TI SERVICES AND EBTTS..     SINCE 2012, CTRJJ PARTNERED WITH NCCTS TO FORM AN NCTSN JJ COORDINATING COMMITTEE AND HAS CREATED AN ARRAY OF TRAININGS, EDUCATIONAL PRODUCTS AND PRESENTATIONS, AND PROGRAMMATIC/ POLICY CONSULTATION FOR, AND IN COLLABORATION WITH, LEADING NATIONAL JJ ADVOCACY ORGANIZATIONS, PROFESSIONAL SOCIETIES, JUSTICE-RELATED FEDERAL AGENCIES AND >75 MUNICIPAL OR REGIONAL JUVENILE JUSTICE SYSTEMS IN 25 STATES/TERRITORIES. CTRJJ FACULTY HAVE DONE >2,000 PRESENTATION/TRAININGS FOR TO MORE THAN 40,000 MULTIDISCIPLINARY PROVIDERS, JJ PERSONNEL, ATTORNEYS, AND JUDGES, AND SCHOOL, CHILD WELFARE, LAW ENFORCEMENT, HOMELESSNESS, FAMILY PRESERVATION, VIOLENCE PREVENTION, AND HEALTH CARE SERVICES PROVIDERS WHO SERVE >75,000 JJIY/JJAR, IN COLLABORATION WITH >20 CATEGORY II AND >30 CATEGORY III NCTSN CENTERS/AFFILIATES, WHILE PRODUCING >25 PEER REVIEW PUBLICATIONS AND >50 EDUCATIONAL PRODUCTS SUCH AS WORKING TOGETHER IN THE PANDEMIC FOR TRAUMA INFORMED JUVENILE JUSTICE AND TRAUMA-INFORMED SERVICES FOR UNACCOMPANIED MINORS. OVER THE FIVE-YEAR FUNDING PERIOD, CTRJJ WILL PROVIDE TRAINING AND TECHNICAL ASSISTANCE TO MORE THAN 2500 YOUTH/FAMILY SERVING PROGRAMS AND 10,000 PROFESSIONAL/PEER SERVICE PROVIDERS TO ENABLE THEM TO ADAPT, DELIVER, AND EVALUATE EBTTS VALIDATED FOR JJIY/JJAR (TARGET AND TGCTA) AND A UNIQUE TI SERVICES CURRICULUM FOR FRONT-LINE STAFF (THINK TRAUMA) AND EFFECTIVELY SERVE > 50,000 TRAUMATIZED JJIY/JJAR AND THEIR FAMILIES. CTRJJ WILL CONTINUE PARTNERING WITH THE NCTSN NATIONAL CENTER TO LEAD AND COORDINATE NCTSN JJ INITIATIVES, AND WITH CATEGORY II AND III CENTERS TO PRODUCE 500 PUBLIC AND PROFESSIONAL TIJJ TRAINING AND EDUCATION PRODUCTS AND PRESENTATIONS. CTRJJ WILL ADD FACULTY WITH UNIQUE EXPERTISE ON RACIAL/ETHNIC, IDENTITY-RELATED, AND HISTORICAL TRAUMA, IMPLEMENTATION SCIENCE, AND JJ SYSTEMS, IN ORDER TO LAUNCH 2 MAJOR INITIATIVES: (1) A TI JJ SYSTEM ENHANCEMENT ACADEMY (SEA) DESIGNED TO GUIDE 25 MULTI-CONSTITUENCY MULTI-DISCIPLINARY TEAMS ANCHORED BY NCTSN CATEGORY III CENTER/AFFILIATES IN DEVELOPING COORDINATED  TI ENHANCEMENTS OF THEIR LOCAL JJ SERVICES TO PREVENT AND REDUCE JJ INVOLVEMENT, INCREASE YOUTH AND STAFF SAFETY AND PREVENT RE-TRAUMATIZATION, AND, INCREASE INVOLVEMENT OF PARENTS AND FAMILY MEMBERS AS PARTNERS WHILE ALSO REDUCING THE ADVERSE EFFECTS OF SECONDARY TRAUMATIC STRESS ON JJ PERSONNEL AND PROVIDERS; (2) A CORE SKILLS CONSORTIUM (CSC) OF 15 NCTSN CATEGORY II CENTERS, THAT WILL IDENTIFY CORE SKILLS FOR TI/EBTT TRAINING, ASSESSMENT, INTERVENTION, COLLABORATIVE MULTI- DISCIPLINAY MULTI-SYSTEM SERVICES PLANNING AND COORDINATION, AND SERVICE SYSTEM TRANSFORMATION. TOGETHER, THE SEA AND CSC WILL CREATE A FRAMEWORK FOR, AND SERVE AS FIRST STEPS TOWARD, A LONG-TERM INITIATIVE TO INTEGRATE AND SUSTAIN TI SERVICES WITHIN AND ACROSS JJ AND RELATED SYSTEMS.",2400000,2400000,1448418.3,951581.7,2026-01-14,TAGGS,2026-01-15,N/A,2022-12-31,2027-09-29,Center for Mental Health Services,93.243,SUBSTANCE ABUSE AND MENTAL HEALTH SERVICES PROJECTS OF REGIONAL AND NATIONAL SIGNIFICANCE,SM-21-009,"National Child Traumatic Stress Initiative – Category II, Treatment and Service Adaptation (TSA) C…",https://www.samhsa.gov/grants/grant-announcements/sm-21-009,UNIVERSITY OF CONNECTICUT HEALTH CENTER,CT,FARMINGTON,CT-05,"Research Institution, Foundation and Laboratory",https://taggs.hhs.gov/Detail/AwardDetail?arg_AwardNum=H79SM085111&arg_ProgOfficeCode=80,https://www.usaspending.gov/award/ASST_NON_H79SM085111_075/
SM085112,Restored,Reinstated (confirmed),"Enhancing Equity, Quality and Impact of evidence-based Practices for Trauma using Technology","ENHANCING EQUITY, QUALITY AND IMPACT OF EVIDENCE-BASED PRACTICES FOR TRAUMA USING TECHNOLOGY - OUR NCTSI-II CENTER, ENHANCING EQUITY, QUALITY AND IMPACT OF EVIDENCE-BASED PRACTICES USING TECHNOLOGY (EQUIPTT), AIMS TO INCREASE EQUITABLE ACCESS AND QUALITY OF TRAUMA-FOCUSED EVIDENCE-BASED INTERVENTIONS (EBIS) ACROSS DIVERSE YOUTH AND FAMILIES BY (1) DEVELOPING, DISSEMINATING AND IMPLEMENTING TECHNOLOGY-BASED SCALABLE PRODUCTS AND (2) SERVING AS A NATIONAL RESOURCE FOR TRAINING, EDUCATION AND TECHNICAL ASSISTANCE. CHILD TRAUMA IS PREVALENT AND INCREASES RISK FOR SEVERE, LIFELONG MENTAL AND PHYSICAL HEALTH PROBLEMS. TRADITIONALLY UNDERSERVED YOUTH (I.E., RACIAL/ETHNIC/SEXUAL/GENDER MINORITIES; THOSE IN RURAL OR LOW-INCOME HOMES) FARE EVEN WORSE. RACIAL DISCRIMINATION (90% INCIDENCE AMONG BLACK YOUTH) AND COVID-19 HAVE EXACERBATED THESE INEQUITIES AND CREATED TREMENDOUS NEED FOR ACCESSIBLE EBIS; YET >50% OF YOUTH IN NEED OF TRAUMA-RELATED EBIS DO NOT RECEIVE THEM. TECHNOLOGY-BASED TRAINING AND TREATMENT RESOURCES CAN ADDRESS THIS NEED BY OFFERING ACCESSIBLE, COST EFFICIENT SOLUTIONS TO FAMILIES AND THE PROVIDERS WHO SERVE THEM. OUR CENTER HAS FOUR GOALS: (1) INCREASE AVAILABILITY OF TECHNOLOGY-ENHANCED, EVIDENCE-BASED RESOURCES ACROSS THE NCTSN; (2) BUILD WORKFORCE CAPACITY TO DELIVER TWO EBIS: TRAUMA-FOCUSED COGNITIVE BEHAVIORAL THERAPY (TFCBT) AND RISK REDUCTION THROUGH FAMILY THERAPY (RRFT) FOR YOUTH WITH TRAUMATIC STRESS AND HIGH-RISK BEHAVIOR; (3) DISSEMINATE TECHNOLOGY-BASED RESOURCES TO IMPROVE SUSTAINED DELIVERY OF TRAUMA-FOCUSED EBIS; AND (4) EXPAND ACCESS TO TRAUMA-FOCUSED EBIS ACROSS SERVICE SYSTEMS. OUR STRATEGIES ARE TO (1) SUPPORT NCTSN CENTERS’ EFFORTS TO DEVELOP AND DISSEMINATE TECHNOLOGY-BASED PRODUCTS BY PROVIDING CONSULTATION AND CREATING A TECHNOLOGY DEVELOPMENT TOOLKIT (TDT) FOR NATIONAL DISSEMINATION; (2) BUILD WORKFORCE CAPACITY BY CONDUCTING LEARNING COLLABORATIVES SUPPLEMENTED BY TECHNOLOGY-ASSISTED TRAINING AND PROVIDER ASSISTANCE TOOLS IN TFCBT, RRFT, AND TRAUMATIC GRIEF (CTGWEB) TO ADDRESS GRIEF AND LOSS, WHICH HAS BEEN EXACERBATED BY COVID; AND (3) LAUNCH MOBILE APP-BASED EBIS TO ADDRESS PTSD AND DEPRESSION AMONG DISASTER-AFFECTED YOUTH AND ADAPT TO A BROAD ARRAY OF TRAUMATIC EVENTS. OUR OBJECTIVES WILL BE MEASURED BY (1) NUMBERS OF CONSULTATION/MENTORSHIP REQUESTS AND TDT DOWNLOADS (NATIONAL RESOURCE GOAL, #1); (2) NUMBERS OF TRAINING REQUESTS, TRAINING COMPLETERS, CASES REGISTERED, PRE/POST-TRAINING CHANGES IN KNOWLEDGE AND PRACTICE, POSITIVE TREATMENT OUTCOMES, AND REGISTRANTS/COMPLETERS FOR THE ONLINE TRAINING COURSES (TRAINING/IMPLEMENTATION GOAL, #2); AND (3) NUMBERS OF USERS, SATISFACTION DATA, AND DOWNLOADS (PRODUCT DEVELOPMENT GOALS 3,4). OUR PLANNED ACTIVITIES WILL DIRECTLY TRAIN ~200 SERVICE PROFESSIONALS, REACHING OVER 10,000 YOUTH AND FAMILIES; AND WILL INCLUDE LAUNCH AND DISSEMINATION OF PROVIDER LEARNING COURSES (CTGWEB, RRFTWEB) AND RESOURCES (SPARK) THAT WILL COLLECTIVELY REACH TENS OF THOUSANDS OF PROVIDERS AND FAMILIES, AS WELL AS TECHNOLOGY-BASED EBIS (BBN, BBN ADAPTATION) THAT WILL REACH MANY MORE. CONSISTENT WITH OUR AIM TO IMPROVE EQUITABLE ACCESS OF EBIS, OUR DISSEMINATION EFFORTS WILL PRIORITIZE PARTNERSHIPS THAT HAVE STRONG REACH INTO UNDERSERVED POPULATIONS, INCLUDING RACIAL/ETHNIC/SEXUAL/GENDER MINORITY YOUTH AND THOSE IN RURAL, LOW-INCOME HOUSEHOLDS.",2999244,2999244,2328525.63,670718.3700000001,2026-01-14,TAGGS,2026-01-15,N/A,2021-09-30,2027-09-29,Center for Mental Health Services,93.243,SUBSTANCE ABUSE AND MENTAL HEALTH SERVICES PROJECTS OF REGIONAL AND NATIONAL SIGNIFICANCE,SM-21-009,"National Child Traumatic Stress Initiative – Category II, Treatment and Service Adaptation (TSA) C…",https://www.samhsa.gov/grants/grant-announcements/sm-21-009,THE MEDICAL UNIVERSITY OF SOUTH CAROLINA,SC,CHARLESTON,SC-06,"Junior College, College & University",https://taggs.hhs.gov/Detail/AwardDetail?arg_AwardNum=H79SM085112&arg_ProgOfficeCode=80,https://www.usaspending.gov/award/ASST_NON_H79SM085112_075/
SM085114,Restored,Reinstated (confirmed),Yale Center for Traumatic Stress and Recovery,"YALE CENTER FOR TRAUMATIC STRESS AND RECOVERY - THE YALE CENTER FOR TRAUMATIC STRESS AND RECOVERY (YCTSR), BASED IN THE CHILD STUDY CENTER AT THE YALE SCHOOL OF MEDICINE, IS A NATIONALLY RECOGNIZED LEADER IN DEVELOPING, RESEARCHING AND TRAINING ON ACUTE, EARLY CHILD TRAUMA INTERVENTIONS AND TREATMENT. YCTSR PROPOSES WIDE-SCALE TRAINING ON ACUTE EVIDENCE-BASED TREATMENT AND SERVICE APPROACHES, EXPANDING IMPLEMENTATION OF THESE INTERVENTIONS AND TREATMENT APPLICATIONS TO NEW SERVICE SETTINGS/UNDERSERVED POPULATIONS. YCTSR HAS DEVELOPED, TESTED AND TRAINED ON EFFECTIVE INTERVENTIONS THAT INCREASE EARLY IDENTIFICATION AND SUPPORT OF TRAUMATIZED CHILDREN AND FAMILIES WHEN THEY HAVE CONTACT WITH CHILD ADVOCACY CENTERS, PEDIATRIC EMERGENCY DEPARTMENTS, AND LAW ENFORCEMENT AGENCIES. THESE VITAL APPROACHES TO EARLY IDENTIFICATION INCREASE ACCESS TO EARLY TRAUMA-FOCUSED EVIDENCE-BASED TREATMENTS SUCH AS THE CHILD AND FAMILY TRAUMATIC STRESS INTERVENTION (CFTSI) AND FATHERS FOR CHANGE (F4C), AS WELL AS LONGER-TERM TRAUMA-FOCUSED EBTS SUCH AS CHILD PARENT PSYCHOTHERAPY (CPP) AND TRAUMA-FOCUSED COGNITIVE BEHAVIORAL THERAPY (TF-CBT), WHEN INDICATED. BUILDING ON TWO DECADES OF PARTICIPATION IN NCTSN AS A CATEGORY II SITE, YCTSR PROPOSES TO LEAD THE NCSTN IN BUILDING ACUTE/EARLY/BRIEF RESPONSES TO CHILD TRAUMA THROUGH WIDE-SCALE DISSEMINATION OF EVIDENCE-BASED TREATMENT AND SERVICE APPROACHES, EXPANDING IMPLEMENTATION OF EARLY TRAUMA INTERVENTIONS THROUGH FIVE NATIONAL LEARNING COMMUNITIES (LC) FOCUSED ON IMPLEMENTATION IN SETTINGS SUCH AS HOSPITAL AND CACS, AS WELL AS ORGANIZATIONS SERVING RURAL AND TRIBAL COMMUNITIES, THOSE SERVING MILITARY FAMILIES, AND THOSE SERVING YOUNG CHILDREN. AN INTERNATIONAL LEADER IN DEVELOPING AND TRAINING ON TRAUMA-INFORMED POLICING STRATEGIES FOR OVER THREE DECADES, YCTSR ALSO PROPOSES TO LEAD BOTH LOCAL AND NETWORK-WIDE TRAUMA-INFORMED POLICING EFFORTS BY CONSULTING WITH CENTERS ABOUT WAYS IN WHICH THEIR COMMUNITIES CAN TAILOR APPROACHES TO IMPROVE AND STRENGTHEN POLICE RESPONSES TO TRAUMATIZED CHILDREN AND FAMILIES. YCTSR WILL PROVIDE NATIONAL TRAINING, TECHNICAL ASSISTANCE AND CONSULTATION AND WILL ENGAGE DIVERSE STAKEHOLDERS, CONSUMERS AND FAMILY/COMMUNITY MEMBERS IN CONTINUOUS QUALITY IMPROVEMENT EFFORTS TO ENSURE THAT TRAINING CURRICULA AND DISSEMINATION STRATEGIES ARE CULTURALLY RELEVANT AND HELP TO ADVANCE YCTSR'S MISSION OF ANTI-RACISM AND EQUITY. UTILIZING A VARIETY OF IN-PERSON AND VIRTUAL METHODS, AS WELL AS THROUGH THE DEVELOPMENT OF WEB-BASED TRAINING PRODUCTS, THOUSANDS OF CLINICAL PRACTITIONERS WILL RECEIVE TRAINING OVER THE FUNDING PERIOD. SPECIALIZED TREATMENT APPLICATIONS WILL BE DEVELOPED, TESTED, REFINED AND DISSEMINATED AND NUMEROUS OTHER PRODUCTS DESIGNED TO SUPPORT EBT IMPLEMENTATION WILL BE DEVELOPED BY THE YCTSR TEAM. AS A RESULT OF YCTSR EFFORTS, APPROXIMATELY 24,000 CHILDREN AND FAMILIES WILL RECEIVE ACUTE/EARLY/BRIEF INTERVENTIONS AND APPROXIMATELY 14,000 MULTIDISCIPLINARY PROFESSIONALS WILL BE TRAINED TO IDENTIFY AND REFER FOR AND PROVIDE, ACUTE/EARLY/BRIEF INTERVENTIONS.",2995187,2995187,2336380.4400000004,658806.5599999996,2026-01-14,TAGGS,2026-01-15,N/A,2021-09-30,2027-09-29,Center for Mental Health Services,93.243,SUBSTANCE ABUSE AND MENTAL HEALTH SERVICES PROJECTS OF REGIONAL AND NATIONAL SIGNIFICANCE,SM-21-009,"National Child Traumatic Stress Initiative – Category II, Treatment and Service Adaptation (TSA) C…",https://www.samhsa.gov/grants/grant-announcements/sm-21-009,YALE UNIV,CT,NEW HAVEN,CT-03,"Junior College, College & University",https://taggs.hhs.gov/Detail/AwardDetail?arg_AwardNum=H79SM085114&arg_ProgOfficeCode=80,https://www.usaspending.gov/award/ASST_NON_H79SM085114_075/
SM085119,Restored,Reinstated (confirmed),Bexar County ReCAST Program.,"BEXAR COUNTY RECAST PROGRAM. - BEXAR COUNTY, TEXAS (INCLUDES THE CITY OF SAN ANTONIO) IS NOT IMMUNE TO THE CIVIL UNREST THAT MAKES THE NATIONAL NEWS IN OTHER COMMUNITIES. IN THE PAST TWO YEARS ALONE, CIVIL UNREST IN BEXAR COUNTY HAS BEEN THE NORM, NOT THE EXCEPTION. THE IMPETUS IS THREEFOLD: 1) THE RELATIONSHIP BETWEEN LAW ENFORCEMENT AND THE MINORITY COMMUNITY BASED ON HIGH-PROFILE INCIDENTS OF POLICE BRUTALITY; 2) THE RECENT PRESIDENTIAL ELECTION; AND, 3) THE COVID-19 PUBLIC HEALTH CRISIS.  THESE MARCHES, PROTESTS AND RIOTS ARE NOT WITHOUT THEIR MERIT. THE LOCAL JAIL, FOR EXAMPLE, IS DISPROPORTIONATELY POPULATED WITH HISPANIC/LATINO AND AFRICAN AMERICAN INDIVIDUALS WHO COME FROM VERY DISADVANTAGED BACKGROUNDS AND WHO HAVE BEEN MARGINALIZED FROM THE LARGER, MAINSTREAM SOCIETY. THESE MARCHES, PROTESTS, AND RIOTS HAVE HIGHLIGHTED THE  DISCONNECT  BETWEEN THE LOCAL MINORITY COMMUNITY AND THE CRIMINAL JUSTICE SYSTEM. WITHOUT OPPORTUNITIES TO ACCESS SERVICES AND CONSEQUENTLY LIVE PRODUCTIVE, REWARDING LIVES WITHOUT CRIMINAL JUSTICE INTERVENTION, NOTHING WILL CHANGE. THE RECENT PRESIDENTIAL ELECTION EXACERBATED TENSIONS BASED ON DEMOGRAPHY AND ZIP CODES OF INDIVIDUALS IMPACTED BY COVID-19 SPEAKS FOR THEMSELVES.  THE OVERALL PURPOSE OF THE BEXAR COUNTY RECAST PROGRAM WILL BE TO CREATE AN INTEGRATED, SEAMLESS SAFETY NET THAT IS ACCESSIBLE TO MARGINALIZED INDIVIDUALS AND FAMILIES IN THE COMMUNITY. IT WILL FOCUS ON 1) THE COMPLETION OF A COMMUNITY-WIDE NEEDS ASSESSMENT; 2) THE DEVELOPMENT OF A STRATEGIC PLAN; 3) THE EXECUTION OF A MEMORANDUM OF UNDERSTANDING BETWEEN ALL MAJOR STAKEHOLDERS IN THE COMMUNITY; AND, 4) THE PROVISION OF CASE MANAGEMENT AND EVIDENCE-BASED TREATMENT FOR HIGH RISK YOUTH AND THEIR FAMILIES WHO HAVE EXPERIENCED SOME LEVEL OF DISENFRANCHISEMENT AND MARGINALIZATION BY VARIOUS SYSTEMS OF INTERVENTION SUCH AS THE CRIMINAL JUSTICE AND PUBLIC HEALTH SYSTEMS. THE BEXAR COUNTY RECAST PROGRAM PROPOSES TO DIRECTLY IMPACT 13,175 INDIVIDUALS OVER THE COURSE OF THE FIVE YEAR PERIOD.",4251942,4251942,3162036.42,1089905.58,2026-01-14,TAGGS,2026-01-15,N/A,2021-09-30,2026-09-29,Center for Mental Health Services,93.243,SUBSTANCE ABUSE AND MENTAL HEALTH SERVICES PROJECTS OF REGIONAL AND NATIONAL SIGNIFICANCE,SM-21-012,Resiliency In Communities After Stress and Trauma,https://www.samhsa.gov/grants/grant-announcements/SM-21-012,COUNTY OF BEXAR (BEXAR COUNTY),TX,SAN ANTONIO,TX-35,Other Health Organization,https://taggs.hhs.gov/Detail/AwardDetail?arg_AwardNum=H79SM085119&arg_ProgOfficeCode=80,https://www.usaspending.gov/award/ASST_NON_H79SM085119_075/
SM085125,Restored,Reinstated (confirmed),National Native Children's Trauma Center,"NATIONAL NATIVE CHILDREN'S TRAUMA CENTER - THE NNCTC WILL PURSUE TWO GOALS: 1. PROVIDE CULTURALLY CENTERED, EVIDENCE-BASED, TRAUMA-INFORMED TRAINING AND TECHNICAL ASSISTANCE (TTA) ALONG THE FULL SPECTRUM OF NEEDS/READINESS IN TRIBAL COMMUNITIES AND ACROSS ALL TYPES OF TRIBAL CHILD-SERVING SYSTEMS; AND 2. ENHANCE OUR CENTER INFRASTRUCTURE TO INCREASE SCALE OF TRAINING/EDUCATION DISSEMINATION, TO FILL GAPS IN PRODUCT OFFERINGS, TO BROADEN ACCESS TO RESOURCES, AND TO PROMOTE DATA-DRIVEN PROGRAM IMPROVEMENTS. OUR PROJECT’S POPULATION OF FOCUS CONSISTS OF AMERICAN INDIAN AND ALASKA NATIVE (AI/AN) CHILDREN AND YOUTH AT A NATIONAL LEVEL, BOTH IN TRIBAL RESERVATION COMMUNITIES AND IN URBAN AREAS. THIS POPULATION IS DISPROPORTIONATELY AFFECTED BY TRAUMA EXPOSURE AND DISPROPORTIONATELY LACKING IN ACCESS TO EFFECTIVE MENTAL HEALTH SERVICES. OUR PROJECT SEEKS TO ADDRESS THESE DISPROPORTIONS BY SUPPORTING YOUTH-SERVING AGENCIES IN TRIBAL COMMUNITIES AS THEY TROUBLESHOOT THEIR RESOURCE LIMITATIONS. UNDER GOAL 1, WE WILL PURSUE OBJECTIVES INCLUDING SUPPORTING 2 MULTI-YEAR TRIBAL COMMUNITY-WIDE RESILIENCE PROJECTS AND 4 AGENCY/SYSTEM-WIDE RESILIENCE PROJECTS; SUPPORTING THE IMPLEMENTATION OF OUR CULTURAL ADAPTATIONS OF EVIDENCE-BASED CLINICAL INTERVENTIONS IN 10 SCHOOLS OR OTHER SETTINGS; PROVIDING FOUNDATIONAL TRAUMA AND RESILIENCE TRAININGS TO 20 AI/AN CHILD-SERVING ORGANIZATIONS; PROVIDING TRAININGS IN ADAPTED NCTSN CURRICULA TO 10 AI/AN CHILD-SERVING ORGANIZATIONS; AND PROVIDING ISSUE-FOCUSED TTA TO 10 TRIBES OR AGENCIES. UNDER GOAL 2, WE WILL PURSUE OBJECTIVES INCLUDING REDEVELOPMENT OF THE NNCTC WEBSITE TO CREATE A VIRTUAL HUB FOR TRAUMA TRAUMA-FOCUSED TTA RESOURCES; THE BUILDING OF A NATIONAL LISTSERV OF TRIBAL STAKEHOLDERS AND TRAUMA PROFESSIONALS; ADAPTATION OF 3 COMMONLY REQUESTED FOUNDATIONAL TRAININGS FOR SELF-PACED VIRTUAL PLATFORM DELIVERY; DEVELOPMENT OF A SERIES OF COURSES CONSTITUTING A UNIVERSITY OF MONTANA TRAUMA CERTIFICATE PROGRAM; THE CONVENING OF YOUTH ADVISORY, PARENT/FAMILY ADVISORY, AND CULTURAL ADAPTATION COMMITTEES TO GUIDE PROGRAMMING; CULTURAL AND CLASSROOM-BASED ADAPTATION OF A TRAUMA-INFORMED SYSTEMS FRAMEWORK; CULTURAL ADAPTATION OF A GROUP-BASED TRAUMA TREATMENT MODEL FOR ELEMENTARY SCHOOLS; DEVELOPMENT OF A FAMILY-DRIVEN WRAPAROUND SERVICES CURRICULUM; AND PROCESS AND OUTCOME EVALUATION OF THE PROJECT. ACROSS VIRTUAL AND IN-PERSON TTA ACTIVITIES WE EXPECT TO TRAIN AND/OR PROVIDE TA TO APPROXIMATELY 1,800 AI/AN-CHILD-SERVING PROFESSIONALS AND TRIBAL COMMUNITY MEMBERS ANNUALLY AND 9,000 OVER THE FIVE YEARS OF THE FUNDING PERIOD.",3000000,3000000,2175460.4699999997,824539.5300000003,2026-01-14,TAGGS,2026-01-15,N/A,2021-09-30,2026-09-29,Center for Mental Health Services,93.243,SUBSTANCE ABUSE AND MENTAL HEALTH SERVICES PROJECTS OF REGIONAL AND NATIONAL SIGNIFICANCE,SM-21-009,"National Child Traumatic Stress Initiative – Category II, Treatment and Service Adaptation (TSA) C…",https://www.samhsa.gov/grants/grant-announcements/sm-21-009,UNIVERSITY OF MONTANA,MT,MISSOULA,MT-01,"Research Institution, Foundation and Laboratory",https://taggs.hhs.gov/Detail/AwardDetail?arg_AwardNum=H79SM085125&arg_ProgOfficeCode=80,https://www.usaspending.gov/award/ASST_NON_H79SM085125_075/
SM085130,Restored,Reinstated (confirmed),"The Center for Adjustment, Resilience & REcovery (CARRE)","THE CENTER FOR ADJUSTMENT, RESILIENCE & RECOVERY (CARRE) - THE CENTER FOR ADJUSTMENT, RESILIENCE & RECOVERY (CARRE) SEEKS TO CLOSE THE GAP IN KNOWLEDGE AND RESEARCH, AND INCREASE WORKFORCE CAPACITY SO THAT REFUGEE, ASYLUM, AND OTHER FORCIBLY DISPLACED CHILDREN, YOUTH, AND FAMILIES IN THE US RECEIVE EFFECTIVE-BASED, TRAUMA FOCUSED, CULTURALLY RESPONSIVE, EVIDENCE-BASED TREATMENTS AND INTERVENTIONS THAT PREVENT THE LONG-TERM IMPACTS OF CHILDHOOD TRAUMATIC STRESS AND PROMOTE RESILIENCE. DESPITE REFUGEE AND ASYLUM-SEEKING CHILDREN AND YOUTH EXPERIENCING SIGNIFICANT TRAUMATIC EVENTS AND ONGOING ADVERSITIES THAT RESULT IN A HIGH PREVALENCE OF MENTAL HEALTH CONDITIONS (STUDIES SHOW AN OVERALL PREVALENCE OF POSTTRAUMATIC STRESS DISORDER AT 22.71%, DEPRESSION AT 13.81%, AND ANXIETY DISORDERS AT 15.77%), THEY ARE OFTEN UNABLE TO ACCESS TRAUMA-FOCUSED SERVICES AND EVIDENCED-BASED TREATMENTS DUE TO LINGUISTIC, CULTURAL, AND ENVIRONMENTAL BARRIERS, AND A LACK OF PROVIDER CAPACITY. CARRE WILL: 1) INCREASE THE KNOWLEDGE, SKILLS, ATTITUDES AND RESOURCE OF NCTSN PARTNERS, NCTSI CENTERS, REFUGEE RESETTLEMENT AGENCIES (RA), ETHNIC COMMUNITY BASED ORGANIZATIONS (ECBO), AND OTHER SERVICE PROVIDERS SO THAT THEY CAN SUCCESSFULLY SERVE REFUGEE/ASYLUM-SEEKING CHILDREN AND FAMILIES COPING W/TOXIC STRESS AND TRAUMA NUMBER; 2) INCREASE THE NUMBER OF CAT. III CENTERS, RAS, ECBOS, AND OTHER SERVICE PROVIDERS WHO EFFECTIVELY IMPLEMENT CULTURALLY ADAPTED AND CONTEXTUALLY APPROPRIATE EVIDENCE-BASED TREATMENTS (EBTS) WITH REFUGEE/ASYLUM-SEEKING CHILDREN AND FAMILIES; AND 3) INCREASE THE EXCHANGE BETWEEN INTERVENTION, POPULATION, AND SYSTEMS EXPERTS IN THE FIELDS OF TRAUMA AND TOXIC STRESS AND FORCED MIGRATION, REFUGEE RESETTLEMENT, ASYLUM, AND OTHER FORMS OF HUMANITARIAN PROTECTION. THIS PROJECT WILL SERVE A TOTAL OF 6,690, INCLUDING BOTH TRAINING, EDUCATION AND CONSULTATION WITH SERVICE PROVIDERS AND EVIDENCE-BASED TREATMENT WITH FAMILIES AND YOUTH. CARRE WILL TRAIN A MINIMUM OF 5,000 PROVIDERS (1,000 ANNUALLY), PROVIDE AT LEAST 200 CONSULTATIONS (40 ANNUALLY), AND DISSEMINATE THREE (3) ADAPTED EBTS TO 12 GEOGRAPHICALLY DIFFUSE SERVICE PROVIDER AGENCIES (2-3 ANNUALLY) REACHING A MINIMUM OF 180 FAMILIES AND 540 INDIVIDUALS (36 FAMILIES/YOUTH AND 108 INDIVIDUALS ANNUALLY). CARRE WILL PRODUCE AT LEAST 23 UNIQUE RESOURCE MATERIALS THAT REACH AT LEAST 950 PROVIDERS (4-5 MATERIALS ANNUALLY THAT REACH AT LEAST 190 INDIVIDUALS). CARRE WILL PROVIDE TRAINING, EDUCATION, AND TECHNICAL ASSISTANCE, AND REGULARLY DEVELOP AND DISSEMINATE RESOURCES TO NCTSN MEMBERS ON ISSUES RELATED TO THE UNIQUE TRAUMATIC FACTORS OF FORCED MIGRATION, RELATED SERVICE SYSTEMS, AND CULTURAL ADAPTATION FRAMEWORKS. CONVERSELY, CARRE WILL PARTNER WITH NCSTI CAT. II CENTERS TO ENSURE THE RAS AND ECBOS, EARLY AND COMMON SERVICE ENTRY POINTS, HAVE INCREASED KNOWLEDGE AND SKILLS REGARDING CHILD TRAUMATIC STRESS. CARRE IS PARTNERING WITH CAT. II NCTSI CENTERS TO CULTURALLY ADAPT THREE EBT MODELS AND WILL EXPAND THEIR IMPLEMENTATION TO NCTSI CENTERS, RAS, ECBOS, AND OTHER SERVICE PROVIDERS. IT WILL SUPPORT THE SUCCESSFUL UPTAKE AND SUSTAINABILITY OF THESE INTERVENTIONS BY SERVING AS A CONTINUING RESOURCE FOR TRAINING, CONSULTATION, AND TECHNICAL ASSISTANCE. CARRE WILL ALSO ENGAGE KEY STAKEHOLDERS INCLUDING REFUGEE/ASYLUM SEEKING YOUTH AND FAMILIES TO COLLECTIVELY LEVERAGE KNOWLEDGE AND TO IMPROVE ACCESS TO SERVICES AND EFFECTIVE CARE.",2982529,2982529,2402992,579537,2026-01-14,TAGGS,2026-01-15,N/A,2021-09-30,2026-09-29,Center for Mental Health Services,93.243,SUBSTANCE ABUSE AND MENTAL HEALTH SERVICES PROJECTS OF REGIONAL AND NATIONAL SIGNIFICANCE,SM-21-009,"National Child Traumatic Stress Initiative – Category II, Treatment and Service Adaptation (TSA) C…",https://www.samhsa.gov/grants/grant-announcements/sm-21-009,"INTERNATIONAL RESCUE COMMITTEE, INC.",NY,NEW YORK,NY-12,Other Special Interest Organization,https://taggs.hhs.gov/Detail/AwardDetail?arg_AwardNum=H79SM085130&arg_ProgOfficeCode=80,https://www.usaspending.gov/award/ASST_NON_H79SM085130_075/
SM085131,Restored,Reinstated (confirmed),Center for the Adaptation and Implementation of Trust-based Relational Intervention (TBRI),"CENTER FOR THE ADAPTATION AND IMPLEMENTATION OF TRUST-BASED RELATIONAL INTERVENTION (TBRI) - THE CENTER FOR THE ADAPTATION AND IMPLEMENTATION OF TRUST-BASED RELATIONAL INTERVENTION® (TBRI®) WILL PROVIDE NATIONAL EXPERTISE IN TRAINING AND IMPLEMENTATION OF AN INTEGRATED TRAUMA TREATMENT AND SERVICE MODEL AND SUPPORT THE CONTINUUM OF CARE FOR CHILDREN, YOUTH, AND FAMILIES SERVED BY CHILD WELFARE AND JUVENILE JUSTICE WITH SPECIALIZED ADAPTATIONS OF THE TBRI MODEL. THE KARYN PURVIS INSTITUTE OF CHILD DEVELOPMENT (KPICD) AT TEXAS CHRISTIAN UNIVERSITY, IN PARTNERSHIP WITH THE CHILDREN’S TRAUMA ASSESSMENT CENTER (CTAC) AT WESTERN MICHIGAN UNIVERSITY, IS UNIQUELY POSITIONED TO ADDRESS TRAUMA AMONG CHILDREN AND YOUTH THROUGH WORKFORCE DEVELOPMENT, IMPLEMENTATION SUPPORT, AND STAKEHOLDER ENGAGEMENT. THE PROJECT WILL UTILIZE TBRI, A HOLISTIC, EVIDENCE-BASED MODEL OF CARE GROUNDED IN ATTACHMENT AND NEURODEVELOPMENTAL TRAUMA THAT EFFECTIVELY REDUCES TRAUMA SYMPTOMS AND IMPROVES BEHAVIORAL OUTCOMES IN CHILDREN (PURVIS ET AL., 2015). THE POPULATION TO BE SERVED CONSISTS OF THE WORKFORCE IN THE FOLLOWING SERVICE SETTINGS: FOSTER CARE/ADOPTION PRESERVATION, CAREGIVER TRAINING/SUPPORT, CONGREGATE CARE, JUVENILE JUSTICE FACILITIES/SERVICES, PROBATION, AND FAMILY COURTS. THESE DISTINCT YET OVERLAPPING SECTORS WILL BE THE RECIPIENTS OF DIRECT SERVICES SUCH AS SPECIALIZED PRODUCT DEVELOPMENT, TRAINING, CONSULTATION, AND IMPLEMENTATION SUPPORT DESIGNED TO EQUIP THE WORKFORCE TO RECOGNIZE AND RESPOND TO TRAUMA IN CHILDREN AND YOUTH. THE KPICD AND CTAC WILL DEVELOP AND TRAIN PROFESSIONALS IN AN INTEGRATED TRAUMA TREATMENT AND SERVICE MODEL WITH THE OBJECTIVE OF PRODUCING A STANDARDIZED PROTOCOL BY END OF YEAR 1 TO DELIVER TO PRACTITIONERS IN THE FIELD IN YEARS 2 THROUGH 5.  TO FACILITATE PROGRAM SUSTAINABILITY AND FIDELITY, REFLECTIVE CONSULTATION WILL BE PROVIDED WITH THE FOLLOWING OBJECTIVES: (1) DEVELOP A CONSULTATION RESOURCE HANDBOOK AND (2) HIRE AND TRAIN CONSULTANTS FROM TARGET SERVICE SECTORS. TO EXPAND TRAUMA-INFORMED TRAINING TO HISTORICALLY UNDERSERVED COMMUNITIES, WE WILL (1) PARTNER WITH THE DINE’ (NAVAJO NATION) TRAUMA PROJECT TO CO-CREATE AN INDIGENOUS HOLISTIC HEALING MODEL AND SUPPORT TRAUMA TRAINING AND IMPLEMENTATION TO INDIGENOUS COMMUNITIES AND (2) LAUNCH AN INCLUSIVENESS INITIATIVE TO INCORPORATE AND ENGAGE A DIVERSE RANGE OF VOICES AND LIVED EXPERIENCES IN RESOURCE DEVELOPMENT AND SERVICE DELIVERY WITH A FOCUS ON IMPROVING EQUITY, INCLUSIVENESS, AND ACCESSIBILITY. TO PROMOTE STRATEGIC COLLABORATION AND TO EQUIP THE WORKFORCE, WE WILL (1) PROVIDE NCTSN COLLABORATIVE MEMBERS WITH TBRI TRAINING AND CONSULTATION, AND (2) PARTNER WITH STAKEHOLDERS FROM CHILD- AND YOUTH-SERVING ORGANIZATIONS TO DEVELOP SPECIALIZED ADAPTATIONS OF TBRI TRAINING MATERIALS AND RESOURCES TO MEET THE NEEDS OF DISTINCT SERVICE SETTINGS AND AUDIENCES. UTILIZING THE COMBINED ANTICIPATED TRAINING AND OUTREACH OPPORTUNITIES OF THE KPICD AND CTAC, WE EXPECT PROJECT IMPACT ON A NATIONAL SCALE. THIS INCLUDES 3,000 PRACTITIONERS FROM ACROSS THE U.S. TRAINED IN TBRI PRACTITIONER TRAINING (750 ANNUALLY IN YEARS 2-5), 800 INDIVIDUALS TRAINED IN INDIGENOUS COMMUNITIES THROUGH THE DINE’ TRAUMA PROJECT (200 ANNUALLY IN YEARS 2-5), AND 30 PROFESSIONALS TRAINED THROUGH COLLABORATION WITH NCTSN MEMBERS.",2997745,2398580,1717578.46,1280166.54,2026-01-14,TAGGS,2026-01-15,N/A,2022-09-30,2027-09-29,Center for Mental Health Services,93.243,SUBSTANCE ABUSE AND MENTAL HEALTH SERVICES PROJECTS OF REGIONAL AND NATIONAL SIGNIFICANCE,SM-21-009,"National Child Traumatic Stress Initiative – Category II, Treatment and Service Adaptation (TSA) C…",https://www.samhsa.gov/grants/grant-announcements/sm-21-009,TEXAS CHRISTIAN UNIVERSITY,TX,FORT WORTH,TX-12,"Junior College, College & University",https://taggs.hhs.gov/Detail/AwardDetail?arg_AwardNum=H79SM085131&arg_ProgOfficeCode=80,https://www.usaspending.gov/award/ASST_NON_H79SM085131_075/
SM085315,Restored,Reinstated (unconfirmed),CSKT Project AWARE,"CSKT PROJECT AWARE - THIS GRANT WILL FUND THREE LOCAL EDUCATION AGENCIES (LEAS) ON THE FLATHEAD INDIAN RESERVATION TO IMPLEMENT EVIDENCE-BASED AND CULTURALLY COMPETENT TRIBAL RESILIENCY PRACTICES. THE CONFEDERATED SALISH AND KOOTENAI TRIBE’S (CSKT) PROJECT AWARE WILL DEVELOP CAPACITY IN LOCAL TRIBAL YOUTH TO SUPPORT THEMSELVES AND THEIR PEERS THROUGH AWARENESS AND TRIBAL RESILIENCY. THE PARTICIPATING LEAS INCLUDE THREE OF THE FLATHEAD RESERVATION’S DISTRICTS WITH THE LARGEST TRIBAL STUDENT ENROLLMENT, POLSON SCHOOL DISTRICT WITH 1,660 STUDENTS OF WHOM 395 OR 23.8% ARE AMERICAN INDIAN STUDENTS, RONAN SCHOOL DISTRICT WITH 1,436 STUDENTS OF WHOM 872 OR 60.7% ARE AMERICAN INDIAN STUDENTS AND ST. IGNATIUS SCHOOL DISTRICT WITH 493 STUDENTS OF WHOM 270 OR 54.8% ARE AMERICAN INDIAN STUDENTS. GOAL 1: INCREASE THE AWARENESS AND CAPACITY OF TRIBAL STUDENTS AND STAFF TO PREVENT AND RESPOND TO MENTAL HEALTH ISSUES USING TRIBAL RESILIENCY: OBJECTIVE 1: BY THE END OF YEAR 5, THE PERCENT OF MIDDLE AND HS STUDENTS DEMONSTRATING TRIBAL RESILIENCY AND MENTAL HEALTH LITERACY WILL INCREASE BY 15% FROM BASELINE. OBJECTIVE 2: BY THE END OF YEAR 5, AT LEAST 2,000 INDIVIDUALS INCLUDING STAFF AND STUDENTS WILL RECEIVE TRAINING IN TRIBAL RESILIENCY PRACTICES/ACTIVITIES: OBJECTIVE 3: BY THE END OF YEAR 5, 75 TRIBAL YOUTH WILL BE TRAINED TRIBAL RESILIENCY MENTORS. GOAL 2: INCREASE THE CAPACITY OF THREE LOCAL EDUCATION AGENCIES IN MONTANA TO CONNECT TRIBAL YOUTH WITH TRIBAL LIFEWAYS AND PRACTICES AS PREVENTION TO MENTAL HEALTH ISSUES: OBJECTIVE 1: BY THE END OF YEAR 5, AT LEAST 75 STAFF MEMBERS FROM THE THREE LEAS WILL BE TRAINED IN TRIBAL RESILIENCY: OBJECTIVE 2: BY THE END OF YEAR 5, 100% OF TRIBAL STUDENTS IN ALL THREE LEAS WILL BE RECEIVING TIER 1 UNIVERSAL TRIBAL RESILIENCY SUPPORT, 10% OF TRIBAL STUDENTS WILL BE RECEIVING TIER 2 TRIBAL RESILIENCY SUPPORT IN THE FORM OF MENTOR TRAINING, AND 5% OF STUDENTS WILL BE RECEIVING TIER 3 TRIBAL RESILIENCY SUPPORT IN LEAS. TRIBAL STUDENTS ON THE FLATHEAD INDIAN RESERVATION FACE IMMENSE DISPARITIES, HISTORICAL AND CONTINUAL TRAUMAS THAT CAN SOMETIMES LEAD THEM DOWN A PATH OF SELF-DESTRUCTION. THE CSKT PROJECT AWARE PROJECT WILL UTILIZE TRIBAL RESTORATIVE PRACTICES TO HELP SUPPORT THEM IN BECOMING RESILIENT YOUNG PEOPLE WHO ARE STRONG IN THEIR CULTURAL IDENTITY, AND FOCUSED ON THEIR WELL-BEING.",8887779,8887779,7114126.76,1773652.2400000002,2026-01-14,TAGGS,2026-01-15,N/A,2021-09-30,2026-09-29,Center for Mental Health Services,93.243,SUBSTANCE ABUSE AND MENTAL HEALTH SERVICES PROJECTS OF REGIONAL AND NATIONAL SIGNIFICANCE,SM-21-006,Project AWARE (Advancing Wellness and Resiliency in Education) State Education Agency Grants,https://www.samhsa.gov/grants/grant-announcements/sm-21-006,CONFEDERATED SALISH AND KOOTENAI TRIBES OF THE FLATHEAD RESERVATION,MT,PABLO,MT-01,Indian Tribal Council,https://taggs.hhs.gov/Detail/AwardDetail?arg_AwardNum=H79SM085315&arg_ProgOfficeCode=80,https://www.usaspending.gov/award/ASST_NON_H79SM085315_075/
SM085316,Restored,Reinstated (confirmed),Missouri Project AWARE,"MISSOURI PROJECT AWARE - MISSOURI PROJECT AWARE- MOAWARE       MOAWARE IS A COLLABORATION OF THE MISSOURI DEPARTMENT OF ELEMENTARY AND SECONDARY EDUCATION (DESE), MISSOURI DEPARTMENT OF MENTAL HEALTH (DMH), AND THREE LOCAL EDUCATION AGENCIES (LEAS) TO ADDRESS THE MENTAL HEALTH NEEDS OF YOUTH THROUGH EVIDENCE-BASED PROMOTION, PREVENTION, TREATMENT, AND MAINTENANCE PRACTICES.       MOAWARE SUPPORTS INTERVENTIONS FOR 21,500 STUDENTS PLUS SCHOOL PERSONNEL AND FAMILY/COMMUNITY MEMBERS LIVING IN KANSAS CITY, ST. LOUIS COUNTY, AND KENNETT.  THE SELECTED SCHOOL COMMUNITIES HAVE SIGNIFICANT HEALTH DISPARITIES AND UNMET NEEDS FOR MENTAL HEALTH PROFESSIONALS.  PARTICIPATING LEAS WERE CHOSEN FOR THEIR SUBSTANTIAL COMMUNITY NEED, DEMONSTRATED COMMITMENT TO IMPROVING MENTAL HEALTH OUTCOMES, AND READINESS TO ACHIEVE MOAWARE GOALS.  ALL LEAS BUILD UPON EXISTING PARTNERSHIPS WITH COMMUNITY MENTAL HEALTH AGENCIES TO STRENGTHEN THE LOCAL INFRASTRUCTURE THROUGH TRAINING, SYSTEMS, AND DIRECT SERVICE. MISSOURI’S LEADING EXPERTS PROVIDE TECHNICAL ASSISTANCE IN TRAUMA, MENTAL HEALTH FIRST AID, SOCIAL-EMOTIONAL LEARNING, AND SCHOOL-BASED MENTAL HEALTH SERVICES. THE SIX GOALS ARE: 1. INCREASE SCHOOL-BASED MENTAL HEALTH INFRASTRUCTURES AT PARTICIPATING SCHOOLS. 2. INCREASE CAPACITY OF SCHOOL STAFF TO EMPLOY EVIDENCE-BASED TOOLS AND SYSTEMS OF SUPPORT TO DETECT AND RESPOND TO MENTAL HEALTH ISSUES. 3. INCREASE EARLY IDENTIFICATION OF STUDENT MENTAL HEALTH NEEDS. 4. INCREASE TIMELY ACCESS TO CULTURALLY COMPETENT AND DEVELOPMENTALLY APPROPRIATE INTERVENTIONS. 5. INCREASE STUDENT/FAMILY ACCESS TO TREATMENT, WRAP-AROUND RESOURCES, AND SERVICES. 6. IMPROVE SOCIAL-EMOTIONAL ENVIRONMENT AT SCHOOLS.      THE CENTRAL EVIDENCE-BASED PRACTICES ARE ORGANIZED UNDER LOCAL STUDENT ASSISTANCE PROGRAMS THAT OFFER SCHOOL-BASED MENTAL HEALTH SERVICES BY QUALIFIED PROFESSIONALS.  MOAWARE IS ACCELERATING THE ADOPTION OF UNIVERSAL SCREENING, MENTAL HEALTH FIRST AID, BEST-IN-CLASS INFORMATION MANAGEMENT SYSTEMS, AND PEER SUPPORT.  EVALUATION ACTIVITIES ARE DESIGNED AROUND KEY PERFORMANCE INDICATORS THAT LINK TO CLEAR, MEASURABLE OBJECTIVES FOR EACH GOAL.",7020718,7020718,4385711.85,2635006.1500000004,2026-01-14,TAGGS,2026-01-15,N/A,2021-09-30,2026-09-29,Center for Mental Health Services,93.243,SUBSTANCE ABUSE AND MENTAL HEALTH SERVICES PROJECTS OF REGIONAL AND NATIONAL SIGNIFICANCE,SM-21-006,Project AWARE (Advancing Wellness and Resiliency in Education) State Education Agency Grants,https://www.samhsa.gov/grants/grant-announcements/sm-21-006,ELEMENTARY & SECONDARY EDUCATION MISSOURI DEPARTMENT OF,MO,JEFFERSON CITY,MO-03,Educational Department,https://taggs.hhs.gov/Detail/AwardDetail?arg_AwardNum=H79SM085316&arg_ProgOfficeCode=80,https://www.usaspending.gov/award/ASST_NON_H79SM085316_075/
SM085317,Restored,Reinstated (confirmed),New Mexico Project Aware,"NEW MEXICO PROJECT AWARE - THE NM PUBLIC EDUCATION DEPARTMENT IS IDEALLY POSITIONED TO PARTNER WITH THE NM CHILDREN YOUTH AND FAMILIES DEPARTMENT (CYFD) TO IMPLEMENT PROJECT AWARE’S BROAD-SCALE MENTAL HEALTH SERVICES AND TRAINING IN THREE LOCAL EDUCATION AGENCIES (LEAS): SOCORRO CONSOLIDATED SCHOOLS IN SOCORRO COUNTY, FARMINGTON MUNICIPAL SCHOOLS IN SAN JUAN COUNTY, AND SANTA FE PUBLIC SCHOOLS IN SANTA FE COUNTY. ALL THREE LEAS HAVE HIGH RATES OF FAMILIES SPEAKING LANGUAGES OTHER THAN ENGLISH IN THE HOME: SOCORRO 39%, SAN JUAN 30% (U.S. CENSUS BUREAU, 2019), AND SANTA FE 36% (U.S. CENSUS BUREAU, 2019A) AND HIGH RATES OF CHILDREN LIVING IN POVERTY (26.3% IN SAN JUAN, 35.5% IN SOCORRO, AND 19% IN SANTA FE; NMDOH, 2020). THE PURPOSE OF PROJECT AWARE IS TO EXPAND THE CAPACITY OF THE SEA (NM PUBLIC EDUCATION DEPARTMENT; PED) IN PARTNERSHIP WITH THE CHILDREN’S SMHA (NM CHILDREN, YOUTH AND FAMILIES DEPARTMENT; CYFD), AND THREE LEAS LOCATED IN SOCORRO, FARMINGTON, AND SANTA FE TO PROMOTE THE HEALTHY DEVELOPMENT OF SCHOOL-AGED YOUTH AND PREVENT YOUTH VIOLENCE. THE GOALS ARE TO: (1) INCREASE AWARENESS OF MH ISSUES AMONG SCHOOL-AGED YOUTH; (2) PROVIDE TRAINING FOR SCHOOL PERSONNEL AND OTHER ADULTS WHO INTERACT WITH SCHOOL-AGED YOUTH TO DETECT AND RESPOND TO MH ISSUES; (3) CONNECT SCHOOL-AGED YOUTH WHO MAY HAVE MH ISSUES (INCLUDING SERIOUS EMOTIONAL DISTURBANCE [SED] OR SERIOUS MENTAL ILLNESS [SMI]), AND THEIR FAMILIES, TO NEEDED SERVICES; (4) DEVELOP THE INFRASTRUCTURE TO SUSTAIN MH SERVICES & SUPPORTS FOR SCHOOL- AGED YOUTH AFTER FUNDING ENDS; AND (5) UTILIZE PROGRAM EVALUATION TO ENSURE CONTINUOUS QUALITY IMPROVEMENT. ONE HUNDRED YOUTH WILL BE SERVED ANNUALLY, WITH 500 YOUTH SERVED OVER THE LIFE OF THE GRANT.",7135637,7135637,3878167.4400000004,3257469.5599999996,2026-01-14,TAGGS,2026-01-15,N/A,2021-09-30,2026-09-29,Center for Mental Health Services,93.243,SUBSTANCE ABUSE AND MENTAL HEALTH SERVICES PROJECTS OF REGIONAL AND NATIONAL SIGNIFICANCE,SM-21-006,Project AWARE (Advancing Wellness and Resiliency in Education) State Education Agency Grants,https://www.samhsa.gov/grants/grant-announcements/sm-21-006,STATE OF NEW MEXICO PUBLIC EDUCATION DEPARTMENT,NM,SANTA FE,NM-03,Educational Department,https://taggs.hhs.gov/Detail/AwardDetail?arg_AwardNum=H79SM085317&arg_ProgOfficeCode=80,https://www.usaspending.gov/award/ASST_NON_H79SM085317_075/
SM085318,Restored,Reinstated (confirmed),Nebraska's AWARE-SEA Project 2.0,"NEBRASKA'S AWARE-SEA PROJECT 2.0 - NEBRASKA'S AWARE-SEA PROJECT 2.0 ADDRESSES THE HIGH LEVEL OF MENTAL AND BEHAVIORAL HEALTH NEEDS OF SCHOOL-AGED CHILDREN IN RURAL SCHOOLS, INCLUDING DEPRESSION, ANXIETY, SUICIDE IDEATION, AND TRAUMA. EDUCATORS STATEWIDE HAVE REPORTED FEELING UNPREPARED TO HANDLE THE SEVERITY OF MENTAL HEALTH ISSUES ARISING DAILY IN SCHOOLS. TRAINING FOR SCHOOL STAFF TO BETTER ADDRESS STUDENTS' MENTAL AND BEHAVIORAL HEALTH NEEDS HAS BEEN IDENTIFIED AS A CRITICAL PRIORITY. IN RESPONSE, THE NEBRASKA DEPARTMENT OF EDUCATION (NDE) AND NEBRASKA DEPARTMENT OF HEALTH AND HUMAN SERVICES - DIVISION OF BEHAVIORAL HEALTH (DHHS-DBH) ARE PARTNERING AT THE STATE LEVEL TO COLLABORATE WITH THE THREE LOCAL EDUCATION AGENCIES (LEAS) TO IMPROVE SCHOOL-BASED MENTAL HEALTH SERVICES.   THE LEAS OF LEXINGTON, NEBRASKA CITY AND VALENTINE ARE DEMOGRAPHICALLY AND GEOGRAPHICALLY DIVERSE, WITH VARYING LEVELS OF POVERTY AND SCARCITY OF MENTAL HEALTH RESOURCES.  TWO SITES HAVE HIGHER FREE/REDUCED LUNCH, INDICATIVE OF POVERTY AND STUDENT MOBILITY.  ALL THREE LEAS HAVE STRONG, LONG-STANDING TRACK RECORDS OF SUCCESSFUL COLLABORATIONS WITH STATE AND LOCAL PARTNERS, INCLUDING MENTAL HEALTH PROVIDERS, COMMUNITY ORGANIZATIONS, THE BUSINESS AND PRIVATE SECTOR, AND STAKEHOLDERS, INCLUDING STUDENTS AND FAMILIES.    THE PROJECT'S GOALS INCLUDE: 1) PREVENTION OF MENTAL HEALTH AND BEHAVIORAL DISORDERS AMONG STUDENTS BY PROVIDING POSITIVE, SUPPORTIVE, AND TRAUMA-INFORMED LEARNING ENVIRONMENTS; 2) INCREASING STUDENT RESILIENCE AND PRO-SOCIAL BEHAVIORS; 3) INCREASING AVAILABILITY OF SCHOOL-BASED MENTAL HEALTH SERVICES; 4) INCREASING SCHOOLS' CAPACITY TO IDENTIFY AND IMMEDIATELY RESPOND TO THE MENTAL HEALTH NEEDS OF STUDENTS EXHIBITING BEHAVIORAL OR PSYCHOLOGICAL SIGNS REQUIRING CLINICAL INTERVENTION; AND 5) INCREASING SCHOOLS' CAPACITY TO IDENTIFY AND INTERVENE IN BULLYING AND AGGRESSIVE BEHAVIORS OF STUDENTS WHICH MAY CONTRIBUTE TO SCHOOL VIOLENCE. THROUGH THE IMPLEMENTATION OF EVIDENCE-BASED, TRAUMA-INFORMED PRACTICES IN MENTAL HEALTH SCREENING, ASSESSMENT, INTERVENTIONS, AND TREATMENT, UP TO 5,227 STUDENTS WILL BE SERVED THROUGH THE PROJECT EACH YEAR, WITH UP TO 6,795 SERVED IN THE SCHOOLS ACROSS FIVE YEARS. SELECTED PRACTICES TO ENHANCE SCHOOL CLIMATE, STUDENT RESILIENCE AND PRO-SOCIAL BEHAVIORS, SUCH AS POSITIVE BEHAVIORAL INTERVENTIONS AND SUPPORTS (PBIS), WILL BE EMPLOYED IN EACH OF THE THREE DISTRICTS, ACCOMPANIED BY FUNCTIONAL BEHAVIORAL ASSESSMENT AND COGNITIVE BEHAVIORAL INTERVENTION FOR TRAUMA IN SCHOOLS (CBITS).   NEBRASKA IS A RECIPIENT OF THE FY 2018 PROJECT AWARE GRANT, AND THE FY 2021 PROJECT WILL HAVE THE OPPORTUNITY TO BUILD UPON THE SUCCESSES AND LESSONS LEARNED FROM THE INITIAL GRANT.",7135637,7135637,4263617.029999999,2872019.9700000007,2026-01-14,TAGGS,2026-01-15,N/A,2021-09-30,2026-09-29,Center for Mental Health Services,93.243,SUBSTANCE ABUSE AND MENTAL HEALTH SERVICES PROJECTS OF REGIONAL AND NATIONAL SIGNIFICANCE,SM-21-006,Project AWARE (Advancing Wellness and Resiliency in Education) State Education Agency Grants,https://www.samhsa.gov/grants/grant-announcements/sm-21-006,DEPARTMENT OF EDUCATION NEBRASKA,NE,LINCOLN,NE-01,Educational Department,https://taggs.hhs.gov/Detail/AwardDetail?arg_AwardNum=H79SM085318&arg_ProgOfficeCode=80,https://www.usaspending.gov/award/ASST_NON_H79SM085318_075/
SM085322,Restored,Reinstated (confirmed),Project AWARE Texas: Strengthening School Mental Health,"PROJECT AWARE TEXAS: STRENGTHENING SCHOOL MENTAL HEALTH - THE TEXAS EDUCATION AGENCY WILL IMPLEMENT AWARE TEXAS: STRENGTHENING SCHOOL MENTAL HEALTH TO PILOT EVIDENCE-BASED PRACTICES THAT ADDRESS MENTAL HEALTH CHALLENGES IN THREE HIGH-NEED SCHOOL DISTRICTS SERVING OVER 24,850 INDIVIDUALS OVER THE FIVE-YEAR GRANT PERIOD; THROUGH SEPTEMBER 2026. AWARE (ADVANCING WELLNESS AND RESILIENCY IN EDUCATION) TEXAS ALSO SEEKS TO DEVELOP STATEWIDE CAPACITY TO IMPLEMENT EFFECTIVE SCHOOL MENTAL HEALTH SERVICES AND SUPPORTS THROUGH EVIDENCE-BASED PRACTICES OVER THE TERM OF THE GRANT. OVERARCHING GOALS FOR THE PROJECT INCLUDE: (1) INCREASE AND IMPROVE ACCESS TO SCHOOL AND COMMUNITY-BASED MENTAL HEALTH SERVICES, PARTICULARLY FOR STUDENTS WITH SYMPTOMS OF SEVERE EMOTIONAL DISTURBANCE (SED) OR SERIOUS MENTAL ILLNESS (SMI); (2) INCREASE AWARENESS AND IDENTIFICATION OF MENTAL HEALTH ISSUES AMONG ALL ADULTS WORKING WITH YOUTH AND PROMOTE POSITIVE MENTAL HEALTH FOR STUDENTS, FAMILIES, SCHOOL STAFF AND COMMUNITY; (3) HELP STUDENTS DEVELOP SKILLS THAT WILL PROMOTE RESILIENCE, SELF-REGULATION AND PRO-SOCIAL BEHAVIORS; AVERT DEVELOPMENT OF MENTAL AND BEHAVIORAL HEALTH DISORDERS; AND PREVENT YOUTH VIOLENCE; AND (4) DEVELOP AN INFRASTRUCTURE THAT WILL SUSTAIN SERVICES AND BUILD STATEWIDE CAPACITY FOR PROMOTING MENTAL HEALTH AWARENESS AND EVIDENCE-BASED PRACTICES IN SCHOOLS.  AWARE TEXAS IS A COLLABORATION BETWEEN THE TEXAS EDUCATION AGENCY, THE TEXAS HEALTH AND HUMAN SERVICES COMMISSION, THE TEXAS INSTITUTE FOR EXCELLENCE IN MENTAL HEALTH AT THE UNIVERSITY OF TEXAS AT AUSTIN, REGIONAL EDUCATION SERVICE CENTERS, LOCAL MENTAL HEALTH AUTHORITIES AND LOCAL EDUCATION AGENCIES. THE PROJECT WILL STRENGTHEN MENTAL HEALTH PARTNERSHIPS BETWEEN STATE AGENCIES, COMMUNITY MENTAL HEALTH PROVIDERS, COMMUNITY SERVICE ORGANIZATIONS, BUSINESSES, PUBLIC SCHOOLS, EDUCATORS, FAMILIES, AND YOUTH TO SUPPORT SCHOOL MENTAL HEALTH OVER A FIVE-YEAR PERIOD.",7131554,7131554,3984128.3699999996,3147425.6300000004,2026-01-14,TAGGS,2026-01-15,N/A,2021-09-30,2026-09-29,Center for Mental Health Services,93.243,SUBSTANCE ABUSE AND MENTAL HEALTH SERVICES PROJECTS OF REGIONAL AND NATIONAL SIGNIFICANCE,SM-21-006,Project AWARE (Advancing Wellness and Resiliency in Education) State Education Agency Grants,https://www.samhsa.gov/grants/grant-announcements/sm-21-006,TX EDUCATION AGENCY,TX,AUSTIN,TX-37,Educational Department,https://taggs.hhs.gov/Detail/AwardDetail?arg_AwardNum=H79SM085322&arg_ProgOfficeCode=80,https://www.usaspending.gov/award/ASST_NON_H79SM085322_075/
SM085326,Restored,Reinstated (confirmed),FY 2021 Project AWARE (Advancing Wellness and  Resiliency in Education) State Education Agency Grants,"FY 2021 PROJECT AWARE (ADVANCING WELLNESS AND  RESILIENCY IN EDUCATION) STATE EDUCATION AGENCY GRANTS - THE TENNESSEE DEPARTMENT OF EDUCATION (TDOE) AND ITS PARTNER, THE TENNESSEE DEPARTMENT OF MENTAL HEALTH AND SUBSTANCE ABUSE (TDMHSAS), ARE REQUESTING FEDERAL FUNDS TO EXPAND ACCESS TO SCHOOL-BASED MENTAL HEALTH SERVICES FOR SOME OF THE STATE'S MOST DISADVANTAGED SCHOOLS AND COMMUNITIES. TDOE SEEKS TO BUILD ON ITS PROVEN TRACK RECORD OF SUCCESS UNDER THE FIRST AWARE-SEA GRANT AND CURRENT AWARE-SEA GRANT BY EXPANDING SCHOOL-COMMUNITY MENTAL HEALTH PARTNERSHIPS AND SCHOOL-BASED PROGRAMS AND SERVICES WITHIN A MULTI-TIERED SYSTEM OF SUPPORT (MTSS) FRAMEWORK. TDOE AND TDMHSAS WILL PARTNER WITH THREE RURAL DISTRICTS ACROSS TENNESSEE'S THREE GRAND REGIONS- SCOTT COUNTY SCHOOLS IN EAST TENNESSEE, BLEDSOE COUNTY SCHOOLS IN MIDDLE TENNESSEE, AND HAYWOOD COUNTY SCHOOL IN WEST TENNESSEE. DISTRICTS WERE SELECTED BASED ON NEED CRITERIA AND A DEMONSTRATED WILLINGNESS, READINESS, AND COMMITMENT TO BUILD COMPREHENSIVE, QUALITY MENTAL HEALTH INITIATIVES IN SCHOOLS.  THE COMPREHENSIVE PROJECT PLAN WILL GUIDE LOCAL IMPLEMENTATION OF AN ARRAY OF EVIDENCE-BASED, SCHOOL AND COMMUNITY MENTAL HEALTH SERVICES AND PROFESSIONAL DEVELOPMENT OPPORTUNITIES APPROPRIATE FOR SCHOOL SETTINGS AND POPULATIONS SERVED. THE PROJECT, AS PROPOSED, REPRESENTS A STRONG OPPORTUNITY FOR TENNESSEE TO BUILD ON ITS AWARE FOUNDATION AND CONTINUE TO REFINE MODELS FOR INTEGRATING MENTAL HEALTH INTO SCHOOLS TO MORE EFFECTIVELY ADDRESS UNMET NEEDS FOR TREATMENT.",8207911,8207911,5517335.55,2690575.45,2026-01-14,TAGGS,2026-01-15,N/A,2021-09-30,2026-12-29,Center for Mental Health Services,93.243,SUBSTANCE ABUSE AND MENTAL HEALTH SERVICES PROJECTS OF REGIONAL AND NATIONAL SIGNIFICANCE,SM-21-006,Project AWARE (Advancing Wellness and Resiliency in Education) State Education Agency Grants,https://www.samhsa.gov/grants/grant-announcements/sm-21-006,DEPARTMENT OF EDUCATION TENNESSEE,TN,NASHVILLE,TN-07,Educational Department,https://taggs.hhs.gov/Detail/AwardDetail?arg_AwardNum=H79SM085326&arg_ProgOfficeCode=80,https://www.usaspending.gov/award/ASST_NON_H79SM085326_075/
SM085330,Restored,Reinstated (confirmed),"Creating Culturally-Informed, Trauma-Informed Schools on the Pine Ridge Indian Reservation: Project AWARE.","CREATING CULTURALLY-INFORMED, TRAUMA-INFORMED SCHOOLS ON THE PINE RIDGE INDIAN RESERVATION: PROJECT AWARE. - SUMMARY: PROJECT AWARE OPERATES ON SOUTH DAKOTA’S PINE RIDGE INDIAN RESERVATION TO SERVE K–12 STUDENTS THAT EXPERIENCE DISPROPORTIONATELY HIGH RATES OF HISTORICAL AND CONTEMPORARY TRAUMAS. BY IMPLEMENTING A TRAUMA-INFORMED SCHOOL MODEL, THE PROJECT EQUIPS STUDENTS, PARENTS, FAMILIES, AND COMMUNITY MEMBERS TO APPROPRIATELY RESPOND TO TRAUMA AND PROVIDE MENTAL AND BEHAVIORAL HEALTH INTERVENTIONS.   PROJECT NAME: PROJECT AWARE ON THE PINE RIDGE INDIAN RESERVATION  TOTAL NUMBER OF PEOPLE TO BE SERVED: 2,522 (LIFETIME). 1,210 (UNDUPLICATED INDIVIDUALS TO BE SERVED IN YEAR 1); 328 (UNDUPLICATED INDIVIDUALS TO BE SERVED IN YEAR 2, 3, 4, AND 5).  POPULATION TO BE SERVED: THIS PROJECT WILL SERVE K–12 STUDENTS ENROLLED AT FOUR SCHOOLS ON THE PINE RIDGE INDIAN RESERVATION: 99% OF STUDENTS ARE NATIVE AMERICAN. STUDENTS SERVED HAVE HIGH RATES OF TRAUMATIC BACKGROUNDS AS MEASURED BY THE ADVERSE CHILDHOOD EXPERIENCES (ACE) QUESTIONNAIRE; ALL SURVEYED STUDENTS HAD BACKGROUNDS THAT INCLUDED SOME SIGNIFICANT TRAUMA.    STRATEGIES AND INTERVENTIONS: TO ADDRESS THIS TRAUMA, PROJECT AWARE WILL IMPLEMENT THE TRAUMA-INFORMED SCHOOLS MODEL, AN EVIDENCE-BASED BEST-PRACTICE. THIS WILL PERMIT INTERVENTION WITH MENTAL AND BEHAVIORAL HEALTH COUNSELING TO HELP STUDENTS COPE WITH TRAUMA, HEAL, AND REFOCUS ON ACADEMIC LEARNING. THE TRAUMA-INFORMED SCHOOLS MODEL WILL BE IMPLEMENTED IN A CULTURALLY RELEVANT MANNER AND INCLUDE TRAINING AND SERVICES FOR STUDENTS, SCHOOL STAFF, FAMILIES, AND COMMUNITY MEMBERS. OUR SCHOOLS PARTNER WITH A TRIBALLY CHARTERED ORGANIZATION, THE OGLALA SIOUX TRIBE HEALTH ADMINISTRATION PROGRAM, WHICH PROVIDES ACCESS TO TELEHEALTH AND RELATED SERVICES.  GOALS AND OBJECTIVES GOALS: (1) INCREASE KNOWLEDGE OF LOCAL SCHOOL DISTRICT STAFF MEMBERS TO IDENTIFY, REPORT, AND SUPPORT STUDENTS DEMONSTRATING BEHAVIORAL/MENTAL HEALTH CONSEQUENCES OF TRAUMA; (2) INCREASE STUDENT ACCESS TO CULTURALLY COMPETENT, EVIDENCE-BASED, BEHAVIORAL/MENTAL HEALTH COUNSELING IN THEIR OWN SCHOOLS; AND (3) INCREASE POSITIVE STUDENT PERCEPTION OF THE SCHOOL ENVIRONMENT. EACH GOAL HAS TWO MEASURABLE OBJECTIVES: (1A) BY THE END OF 2026, ALL STAFF MEMBERS WILL HAVE RECEIVED AN ANNUAL TRAINING ABOUT THE TRAUMA-INFORMED SCHOOLS MODEL FROM A CERTIFIED PROFESSIONAL IN THE SUBJECT; (1B) BY THE END OF EACH YEAR, AT LEAST 190 COMMUNITY MEMBERS WILL HAVE ATTENDED A TRAINING ABOUT THE TRAUMA-INFORMED SCHOOLS MODEL FROM A CERTIFIED PRESENTER. (2A) BY THE END OF DECEMBER 2021, EVERY SCHOOL WILL HAVE AT LEAST ONE FULL-TIME WAYAWA KIN SLOLIC’IYA WICAYE  (“WKSW”) FOCUSED ON MENTAL AND BEHAVIORAL HEALTH; (2B) BY THE END OF MAY 2022, PROJECT WILL DEVELOP A COMMON FRAMEWORK FOR RESPONDING TO TRAUMA-INDUCED MENTAL/BEHAVIORAL HEALTH CONCERNS DISPLAYED BY STUDENTS; (3A) BY THE END OF EACH YEAR, STUDENT TRIPOD SURVEYS WILL INCREASE BY AT LEAST 5% ANNUALLY, DEMONSTRATING INCREASED POSITIVE PERCEPTION OF SCHOOL ENVIRONMENT; AND (3B) BY DECEMBER 2021, ALL SCHOOLS WILL BE PROVIDING INDIVIDUAL AND SMALL GROUP COUNSELING SUPPORT SESSIONS FOR STUDENTS IDENTIFIED AT RISK FOR TRAUMA-INDUCED MENTAL/BEHAVIORAL HEALTH WARNING SIGNS.",8926325,8926325,7120401.359999999,1805923.6400000006,2026-01-14,TAGGS,2026-01-15,N/A,2021-09-30,2026-09-29,Center for Mental Health Services,93.243,SUBSTANCE ABUSE AND MENTAL HEALTH SERVICES PROJECTS OF REGIONAL AND NATIONAL SIGNIFICANCE,SM-21-006,Project AWARE (Advancing Wellness and Resiliency in Education) State Education Agency Grants,https://www.samhsa.gov/grants/grant-announcements/sm-21-006,"LITTLE WOUND SCHOOL BOARD, INC",SD,KYLE,SD-00,School Board & School District,https://taggs.hhs.gov/Detail/AwardDetail?arg_AwardNum=H79SM085330&arg_ProgOfficeCode=80,https://www.usaspending.gov/award/ASST_NON_H79SM085330_075/
SM086104,Restored,Reinstated (confirmed),Fort Peck Tribes GLS Project,"FORT PECK TRIBES GLS PROJECT - POPULATION TO BE SERVED (DEMOGRAPHICS AND CLINICAL CHARACTERISTICS): TRIBAL MEMBERS OF THE FORT PECK INDIAN RESERVATION THAT IS HOME TO 22 SEPARATE SCHOOLS (E, MS, AND HS) INCLUDING A TRIBAL COLLEGE THAT ARE ELIGIBLE FOR GLS SERVICES, AS WELL AS 5 NON-PROFIT ORGANIZATIONS, AND 1 PRIVATELY OWNED COMPANY THAT OPERATES 7 HEALTH CARE/HEALTH RELATED FACILITIES. THE CATCHMENT AREA IS THE FORT PECK INDIAN RESERVATION WHICH IS APPROXIMATELY 2.1 MILLION ACRES IN NORTHEAST MONTANA AND IS GENERALLY REFERRED TO AS A “FRONTIER” REGION.  THE FPT’S LAND BASE AND COMMUNITIES ARE LOCATED ACROSS 100 MILES OF US HIGHWAY 2.  FROM EAST TO WEST, THESE COMMUNITIES ARE: FRAZER, OSWEGO, WOLF POINT, POPLAR, BROCKTON, RIVERSIDE, AND FORT KIPP.  THE ROUNDTRIP DISTANCE BETWEEN THE TWO MOST DISTANT COMMUNITIES IS APPROXIMATELY 126 MILES.  AS OF JANUARY 2022, THE TOTAL ENROLLED MEMBERSHIP WAS 13,164 WITH APPROXIMATELY 6,527 LIVING ON OR NEAR THE RESERVATION.  THE MAIN SPOKEN LANGUAGE IS ENGLISH.  THE MEDIAN AGE IS 29, PER CAPITA INCOME IS $18,301, 31% ARE BELOW THE POVERTY LINE,  55% OF CHILDREN UNDER 5 YEARS OF AGE LIVE BELOW THE POVERTY LINE, 74% HAVE A HIGH SCHOOL DEGREE BUT NO COLLEGE DEGREE, 14% HAVE A BACHELOR’S DEGREE OR HIGHER, 46% ARE NOT IN THE LABOR FORCE, AND 46% ARE IN THE LABOR FORCE AND EMPLOYED, 8% ARE IN THE LABOR FORCE AND UNEMPLOYED. (FORT PECK TRIBES COMMUNITY ECONOMIC DEVELOPMENT STRATEGY 2021).    STRATEGIES/INTERVENTIONS: DEVELOPMENT OF SUICIDE RESPONSE TEAMS, SUICIDE RESPONSE PLANS, IMPLEMENTATION OF AGE APPROPRIATE SUICIDE PREVENTION ACTIVITIES IN SCHOOLS THROUGH MINI-GRANTS, OPEN AND OPERATE A SUICIDE/CRISIS CALL CENTER, AND THE DEVELOPMENT OF CHANGES TO TRIBAL LAW AND ORDINANCES.    PROJECT GOALS AND MEASURABLE OBJECTIVES:  THE FOLLOWING ARE THE GOALS FOR THE PROJECT WITH MULTIPLE OBJECTIVES THAT ARE TOO NUMEROUS TO FIT WITHIN ONE PAGE.  GOAL 1) INCREASE THE CAPACITY OF THE LOCAL SCHOOLS, COLLEGE, AND LOCAL ORGANIZATIONS TO UNDERSTAND AND IMPLEMENT SUICIDE PREVENTION ACTIVITIES IN AN ORGANIZED AND INFORMED MANNER.   GOAL 2) OPEN AND OPERATE A SUICIDE/CRISIS CALL CENTER FOR INTERVENTIONS WITH CLIENTS SEEKING RELIEF FROM IMMEDIATE CRISIS. GOAL 3) COORDINATE SUICIDE AND CRISIS MANAGEMENT TRAINING FOR COMMUNITIES, FAMILIES, LOCAL ORGANIZATIONS, TRIBAL GOVERNMENT OFFICES AND DEPARTMENTS, AND CLIENT GROUPS.    GOAL 4) REVISE THE FORT PECK TRIBES’ COMPREHENSIVE CODE OF JUSTICE TO SUPPORT PREVENTION, INTERVENTION, AND POSTVENTION ACTIVITIES AT THE MACRO POLICY LEVEL.   GOAL 5) DEVELOP RESERVATION WIDE PLANS AND RESOURCES TO ADDRESS SUICIDE AND CRISES PREVENTION, INTERVENTION, AND POSTVENTION ISSUES.     NUMBER OF PEOPLE TO BE SERVED ANNUALLY AND THE LIFETIME OF THE PROJECT: 100 CLIENTS ANNUALLY AND 500 DURING THE PROJECT PERIOD.   SUICIDE PREVENTION IS OUR CORE PRIORITY FOR THE TRIBES AND THE PROPOSED PROJECT. WE HAVE BASED OUR PLANNING EFFORTS ON THE OCTOBER 2021 COMMUNITY READINESS MODEL INDICATING THE COMMUNITY IS AT THE PLANNING STAGE.  THE FIRST 4 MONTHS OF THIS PROJECT WILL BE DEDICATED TO PLANNING.  WE HAVE PROPOSED TRAINING INDIVIDUALS FROM THE COMMUNITY AND LOCAL ORGANIZATIONS TO SERVE AS VOLUNTEERS AT THE CALL CENTER AND TREATMENT PROJECT.  WE HAVE SELECTED A CALL CENTER IN RESPONSE TO THE NUMBER OF CALLS THAT ARE MADE TO 911 ON AN ANNUAL BASIS.",2828402,2094352,692579.52,2135822.48,2026-01-14,TAGGS,2026-01-15,N/A,2023-09-30,2028-09-29,Center for Mental Health Services,93.243,SUBSTANCE ABUSE AND MENTAL HEALTH SERVICES PROJECTS OF REGIONAL AND NATIONAL SIGNIFICANCE,SM-22-003,Cooperative Agreements for the Garrett Lee Smith State/Tribal Youth Suicide Prevention and Early I…,https://www.samhsa.gov/grants/grant-announcements/sm-22-003,FORT PECK ASSINIBOINE & SIOUX TRIBES,MT,POPLAR,MT-02,Indian Tribal Council,https://taggs.hhs.gov/Detail/AwardDetail?arg_AwardNum=H79SM086104&arg_ProgOfficeCode=80,https://www.usaspending.gov/award/ASST_NON_H79SM086104_075/
SM086105,Restored,Reinstated (confirmed),Ohio Youth Suicide Prevention Collaboration & Enhancement Project,"OHIO YOUTH SUICIDE PREVENTION COLLABORATION & ENHANCEMENT PROJECT - THE OHIO SUICIDE PREVENTION FOUNDATION WILL COORDINATE THE OHIO YOUTH SUICIDE PREVENTION COLLABORATION & ENHANCEMENT PROJECT TO PROVIDE YOUTH SUICIDE PREVENTION, ASSESSMENT, EARLY INTERVENTION, AND TREATMENT SERVICES FOR LGBTQ+, FOSTER CARE, AND JUVENILE JUSTICE INVOLVED YOUTH BETWEEN THE AGES 10 TO 24. THE PROJECT WILL IMPLEMENT THE ZERO SUICIDE FRAMEWORK AND EVIDENCE-BASED ASSESSMENT TOOLS, TREATMENT MODALITIES, CRISIS, AND PREVENTION SERVICES. THE OHIO YOUTH SUICIDE PREVENTION COLLABORATION & ENHANCEMENT PROJECT, COORDINATED BY THE OHIO SUICIDE PREVENTION FOUNDATION, COVERS ALL OF OHIO, WITH SPECIFIC PRIORITY AREAS SERVED BY THE PROJECT’S PRIMARY PROVIDERS, NATIONWIDE CHILDREN’S HOSPITAL AND EQUITAS HEALTH, LOCATED IN 18 LOCATIONS RESIDING IN 16 CITIES ACROSS THE STATE OF OHIO. THIS PROJECT WILL SERVE HIGH RISK YOUTH, AGES 10 TO 24, WHO IDENTIFY AS LGBTQ+, ARE IN FOSTER CARE OR ARE JUVENILE JUSTICE INVOLVED, AS WELL AS THOSE IN PRIMARY GRADES IDENTIFIED AS BEING HIGH RISK FOR SUICIDAL IDEATIONS.  THE PROJECT WILL IMPLEMENT A COMPREHENSIVE CONTINUUM OF SERVICES ALIGNED WITH 10 DIFFERENT ACTIVITIES. 1) THE ZERO SUICIDE FRAMEWORK WILL BE IMPLEMENTED IN LGBTQ+ HEALTHCARE SYSTEMS. THIS MODEL WILL INTEGRATE UNIVERSAL SUICIDE RISK SCREENINGS (PATIENT HEALTH QUESTIONNAIRE 9 DEPRESSION SCALE, ASK SUICIDE-SCREENING QUESTIONS, AND COLUMBIA SUICIDE SEVERITY RATING SCALE, AND CONDUCTING TRAININGS ON COGNITIVE BEHAVIORAL THERAPY FOR SUICIDE PREVENTION AND ASSESSING AND MANAGING SUICIDE RISK (AMSR). 2) INSTITUTIONS WILL DEVELOP HUMAN RESOURCES POLICIES AND PROCEDURES THAT ENSURE TIMELY REFERRALS, SAFETY PLANNING, AND FOLLOW-UP SERVICES OCCUR FOR YOUTH WHO HAVE ATTEMPTED SUICIDE. FOLLOW-UP SERVICES WILL OCCUR WITHIN 24 TO 48 HOURS AFTER DISCHARGE THROUGH A CARING CONTACT, AS WELL AS AT ONE-MONTH, 3-MONTHS, 6-MONTHS, AND ONE-YEAR POST-SERVICE VIA TEXT MESSAGES. 3) ALL SERVICES ARE PROVIDED WITH REGARD TO CULTURAL COMPETENCE AND A RECOGNITION OF HEALTH DISPARITIES FOR DIVERSE CULTURAL POPULATIONS VIA CONSULTATION FROM SUBJECT MATTER EXPERTS AND CONVERSATIONS WITH PEOPLE WITH LIVED EXPERIENCE. 4) DATA WILL BE COLLECTED, ANALYZED, AND USED FOR CONTINUOUS QUALITY ASSURANCE PURPOSES, IDENTIFICATION OF TECHNICAL ASSISTANCE NEEDS, AND FOR POLICY DEVELOPMENT ACROSS THE SYSTEMS OF CARE. 5) POST-SUICIDE INTERVENTION SERVICES INCLUDE ONGOING SUPPORT GROUPS. INDIVIDUALS HAVING EXPERIENCED A SUICIDE LOSS WILL BE PROVIDED GRIEF BOOKLETS. SCHOOLS WILL RECEIVE KOGNITO RESILIENT TOGETHER AS POSTVENTION PREPARATION IN THE EVENT OF A SUICIDE DEATH. 6) SERVICES TO FAMILIES IMMEDIATELY AFTER A YOUTH SUICIDE ATTEMPT INCLUDE CARING CONTACTS, INFORMATION ABOUT SUPPORT GROUPS, AND OTHER INFORMATIONAL MATERIALS. 7) TRAININGS TO YOUTH-SERVING AGENCIES INCLUDE STEP-IN, SPEAK UP!; KOGNITO AT-RISK; AND QUESTION, PERSUADE, REFER. 8) STRATEGIES TO REDUCE ACCESS TO LETHAL MEANS INCLUDE TRAININGS ON COUNSELING ON ACCESS TO LETHAL MEANS (CALM) AND PROVIDING FAMILIES WITH INFORMATION ON FIREARM AND MEDICATION SAFETY. 9) FOCUS GROUPS AND SURVEYS WILL OBTAIN FEEDBACK FROM PEOPLE WITH LIVED EXPERIENCE. 10) PARENTS AND LEGAL GUARDIANS WILL PROVIDE INFORMED CONSENT PRIOR TO SERVICE DELIVERY EXCEPT FOR IN EMERGENCY SITUATIONS. PROJECT GOALS INCLUDE INCREASING THE NUMBER OF: 1) PROVIDERS THAT ARE EQUIPPED TO PROVIDE CULTURALLY COMPETENT YOUTH SUICIDE PREVENTION SERVICES, 2) AT-RISK YOUTH WHO RECEIVE TIMELY REFERRALS AND SAFETY PLANNING, 3) YOUTH-SERVING AGENCIES WHO IDENTIFY AND REFER YOUTH WHO ARE AT RISK FOR SUICIDE, 4) CULTURALLY COMPETENT POSTVENTION SERVICES, AND 5) STRATEGIES THAT REDUCE ACCESS TO LETHAL MEANS. MEASURABLE OBJECTIVES INCLUDE: TRAINING 300 INDIVIDUALS IN AMSR, CAMS AND CALM; 80 IN THE STANLEY-BROWN SAFETY PLANNING INTERVENTION; CONDUCTING 1,000 FOLLOW-UP CALLS; TRAINING 600 EDUCATORS IN KOGNITO CURRICULA; 1,000 IN QPR; DISTRIBUTING 8,500 GRIEF RESOURCES; AND IMPLEMENTING FOUR STATEWIDE STRATEGIES TO REDUCE ACCESS TO LETHAL MEANS. THE TOTAL NUMBER OF YOUTH TO BE",3675000,2940000,2204910,1470090,2026-01-14,TAGGS,2026-01-15,N/A,2022-08-31,2027-08-30,Center for Mental Health Services,93.243,SUBSTANCE ABUSE AND MENTAL HEALTH SERVICES PROJECTS OF REGIONAL AND NATIONAL SIGNIFICANCE,SM-22-003,Cooperative Agreements for the Garrett Lee Smith State/Tribal Youth Suicide Prevention and Early I…,https://www.samhsa.gov/grants/grant-announcements/sm-22-003,THE OHIO SUICIDE PREVENTION FOUNDATION,OH,COLUMBUS,OH-15,Community Action Organization,https://taggs.hhs.gov/Detail/AwardDetail?arg_AwardNum=H79SM086105&arg_ProgOfficeCode=80,https://www.usaspending.gov/award/ASST_NON_H79SM086105_075/
SM086110,Restored,Reinstated (confirmed),Vermont Garrett Lee Smith Project (VTGLS),"VERMONT GARRETT LEE SMITH PROJECT (VTGLS) - VERMONT YOUTH AGED 10-24 HAVE EXPERIENCED A 30% INCREASE IN SUICIDE-RELATED EMERGENCY DEPARTMENT VISITS FROM 2018 TO 2021 AND ARE DISPROPORTIONATELY AFFECTED BY SUICIDE DEATH COMPARED TO US YOUTH (13.2 VS. 10.1 SUICIDE DEATHS/100,000 IN 2020).  THE VERMONT GARRETT LEE SMITH PROJECT (VTGLS) WILL SERVE YOUTH AT RISK OF SUICIDE BY DEVELOPING SUICIDE PREVENTION, SCREENING AND TREATMENT INFRASTRUCTURE AMONG EXISTING YOUTH AND FAMILY ORGANIZATIONS.  VTGLS WILL FOCUS ON IMPLEMENTING STRATEGIES IN VERMONT’S REGIONS WITH THE HIGHEST YOUTH SUICIDE RISK BURDEN: THE CATCHMENT AREA INCLUDES CHITTENDEN, RUTLAND, BENNINGTON AND WINDHAM COUNTIES; YOUTH IDENTIFYING AS SEXUAL ORIENTATION AND GENDER IDENTITY MINORITY YOUTH (LGBTQA); BLACK, INDIGENOUS, AND YOUTH OF COLOR (BIPOC); AND HIGH-RISK YOUTH IN THE JUVENILE JUSTICE AND CHILD WELFARE SYSTEMS.   VTGLS WILL EXPAND THE FOLLOWING EVIDENCE-BASED SUICIDE PREVENTION STRATEGIES AND INTERVENTIONS TO REACH YOUTH AND THEIR FAMILIES IN THE CATCHMENT AREA. THESE STRATEGIES INCLUDE: IMPLEMENTING YOUTH MENTAL HEALTH FIRST AID (Y-MHFA), UMATTER FOR SCHOOLS, AND THE ZERO SUICIDE FRAMEWORK; TRAINING AND DISTRIBUTING OF RESOURCES PROMOTING LETHAL MEANS SAFETY AND COUNSELING ON ACCESS TO LETHAL MEANS; SUPPORTING YOUTH WITH MORE RISK FACTORS, LGBTQA AND BIPOC YOUTH AND THEIR FAMILIES BY PROMOTING EVIDENCE-BASED PROTECTIVE FACTORS; PROVIDING SUICIDE BEREAVEMENT TRAINING TO MENTAL HEALTH PROGRAMS, EXPANDING SUICIDE GRIEF AND LOSS SUPPORT GROUPS AND SPONSORING FINDING HOPE SESSIONS.  THROUGH IMPLEMENTATION OF THESE STRATEGIES, VTGLS WILL IMPACT AN AVERAGE OF 2,950 UNDUPLICATED YOUTH ANNUALLY. THESE INTERVENTIONS WILL REACH 14,750 UNDUPLICATED YOUTH, 60 SCHOOLS, 135 YOUTH AND FAMILY PROGRAMS, AND 3,820 YOUTH-SERVING ADULTS OVER THE GRANT PERIOD.  VTGLS’S GOALS AND OBJECTIVES ARE TO: 1) INCREASE THE NUMBER OF YOUTH-SERVING ORGANIZATIONS WHO CAN IDENTIFY AND SUPPORT YOUTH AT RISK FOR SUICIDE. PROGRESS WILL BE MEASURES BY THE NUMBER OF YOUTH PROGRAM STAFF Y-MHFA INSTRUCTOR TRAINED, YOUTH PROGRAM STAFF Y-MHFA TRAINED AND THE NUMBER OF SCHOOLS TO ADOPTING SUICIDE PREVENTION CURRICULUM, POLICIES, AND IMPLEMENT LETHAL MEANS SAFETY STRATEGIES. 2) EXPAND ZERO SUICIDE PROGRAMMING IN MENTAL HEALTH, CHILD WELFARE, JUVENILE JUSTICE, AND HEALTH CARE PROVIDERS TO INCREASE CLINICAL CAPACITY TO ASSESS, MANAGE AND TREAT YOUTH AT RISK OF SUICIDE AND IMPROVE TRANSITIONS OF CARE AND FOLLOW-UP.  PROGRESS WILL BE MEASURED BY THE NUMBER OF YOUTH TREATMENT PROVIDERS PARTICIPATING IN A ZERO SUICIDE ACADEMY AND COMMUNITY OF PRACTICE (COP), COMPLETING ANNUAL ASSESSMENT OF YOUTH TREATMENT PROVIDERS, AND THE NUMBER OF ESTABLISHED REGIONAL YOUTH ZERO SUICIDE PLANNING GROUPS.  3) SUPPORT EXPANSION OF PROGRAMMING TO ENHANCE PROTECTIVE FACTORS AND BUILD RESILIENCY AMONG YOUTH AT RISK FOR SUICIDE.  PROGRESS WILL BE MEASURED BY THE NUMBER PROGRAM STAFF TRAINED TO PROVIDE TEEN YOUTH MENTAL HEALTH FIRST AID (TMHFA), THE NUMBER OF TEENS TRAINED IN TMHFA, AND THE NUMBER OF HOSTED SOCIAL EVENTS FOR LGBTQA AND BIPOC YOUTH AND FAMILIES.  4) EXPAND SERVICES AND SUPPORTS FOR FAMILIES, COMMUNITIES AND ORGANIZATIONS THAT HAVE EXPERIENCED A YOUTH SUICIDE DEATH AND FAMILIES WITH YOUTH EXPERIENCING SUICIDALITY. PROGRESS WILL BE MEASURED BY THE NUMBER OF NEW GRIEF AND LOSS SUPPORT GROUPS AND REGIONAL FINDING HOPE SESSIONS, AND NUMBER OF NEW COUNSELORS ABLE TO PROVIDE BEREAVEMENT COUNSELING FOR FAMILIES. 5) USE AN ONGOING DATA-DRIVEN APPROACH TO MONITOR EFFECTIVENESS OF STATEWIDE SERVICES, INFORM SUICIDE PREVENTION POLICY AND PROGRAM DEVELOPMENT AND IMPLEMENTATION, AND TECHNICAL ASSISTANCE. PROGRESS WILL BE MEASURED THROUGH REGULAR PRESENTATION OF EVALUATION METRICS, AND DEVELOPMENT AND MAINTENANCE OF AN INDEX OF NEED.",3675000,2940000,1377845,2297155,2026-01-14,TAGGS,2026-01-15,N/A,2022-08-31,2027-08-30,Center for Mental Health Services,93.243,SUBSTANCE ABUSE AND MENTAL HEALTH SERVICES PROJECTS OF REGIONAL AND NATIONAL SIGNIFICANCE,SM-22-003,Cooperative Agreements for the Garrett Lee Smith State/Tribal Youth Suicide Prevention and Early I…,https://www.samhsa.gov/grants/grant-announcements/sm-22-003,HUMAN SERVICES VERMONT AGENCY OF,VT,WATERBURY,VT-00,Welfare Department,https://taggs.hhs.gov/Detail/AwardDetail?arg_AwardNum=H79SM086110&arg_ProgOfficeCode=80,https://www.usaspending.gov/award/ASST_NON_H79SM086110_075/
SM086111,Restored,Reinstated (confirmed),Virginia Youth Suicide Prevention and Early Intervention,"VIRGINIA YOUTH SUICIDE PREVENTION AND EARLY INTERVENTION - PROJECT ABSTRACT SUMMARY THE VIRGINIA YOUTH SUICIDE PREVENTION PROGRAM, COORDINATED BY THE VIRGINIA DEPARTMENT OF HEALTH (VDH) INJURY AND VIOLENCE PREVENTION PROGRAM (IVPP), SEEKS TO IMPLEMENT AND EXPAND SUICIDE PREVENTION EFFORTS STATEWIDE FOR YOUTH AGED 10-24 YEARS, WITH SPECIAL EMPHASIS ON IDENTIFIED PRIORITY GROUPS OF BLACK YOUTH, LGBTQ+ YOUTH, AND MIDDLE SCHOOL-AGED FEMALE YOUTH. IN ADDITION TO THE IDENTIFIED PRIORITY GROUPS, VIRGINIA WILL ALSO FOCUS ON COMPREHENSIVE SUICIDE PREVENTION EFFORTS FOR K-12 AND INSTITUTES OF HIGHER EDUCATION (IHE) STUDENTS, JUVENILE JUSTICE-INVOLVED YOUTH AND YOUTH IN FOSTER CARE, YOUTH EXPERIENCING SUBSTANCE USE, AND INDIAN TRIBES. AN ESTIMATED 328,840 YOUTH WILL BE REACHED IN SOME CAPACITY EACH YEAR, WITH 1,644,202 YOUTH ACROSS THE LIFESPAN OF THE GRANT. THE GOALS OF THIS PROJECT ARE TO: INCREASE THE CAPACITY OF VIRGINIA’S SYSTEM INFRASTRUCTURE TO IMPROVE EARLY INTERVENTION, SCREENING, AND ASSESSMENT SERVICES TO YOUTH AT RISK FOR MENTAL OR EMOTIONAL DISORDERS THAT MAY LEAD TO SUICIDAL IDEATION OR SUICIDE ATTEMPT; PROVIDE BETTER SUICIDE CARE AND APPROPRIATE COMMUNITY-BASED MENTAL HEALTH SERVICES FOR YOUTH AT RISK FOR SUICIDE; ENHANCE THE VDH YOUTH SUICIDE PREVENTION PROGRAM’S CAPACITY TO MONITOR EFFECTIVENESS OF SERVICES AND FOR RESEARCH, TECHNICAL ASSISTANCE, AND POLICY DEVELOPMENT; AND INCREASE VIRGINIA’S CAPACITY TO IMPROVE ITS COMPREHENSIVE, HEALTH-EQUITABLE, AND DATA-INSPIRED APPROACH TO YOUTH SUICIDE PREVENTION, AND RECOGNIZE AND RESPOND RAPIDLY AND APPROPRIATELY TO SUICIDE RISK AMONG YOUTH. INTERVENTIONS AND STRATEGIES USED WILL INCLUDE EARLY INTERVENTION, SCREENING, AND ASSESSMENT SERVICES; LINKAGES TO CARE; DEVELOPMENT OF CURRICULUM DELIVERY AND TRAINING, STANDARDS OF CARE, AND POSTVENTION PLANS TO SUPPORT COMPREHENSIVE SUICIDE PREVENTION; ENHANCED DATA COLLECTION, MONITORING, AND ANALYSIS; EFFORTS TO REDUCE ACCESS TO LETHAL MEANS; COLLABORATION WITH YOUTH ADVISORS AND PEOPLE WITH LIVED EXPERIENCE; AND CONTINUED OR NEW PARTNERSHIPS WITH OTHER STATE AGENCIES, HEALTH SYSTEMS, AND COMMUNITY ORGANIZATIONS STATEWIDE. OVER THE FIVE-YEAR PROJECT PERIOD, THE OBJECTIVES ARE TO: ● SUPPORT 134 SCHOOL DIVISIONS TO ADOPT THE VIRGINIA DEPARTMENT OF EDUCATION SUICIDE PREVENTION GUIDELINES; ● PROVIDE 36,346 IHE FIRST-YEAR STUDENTS WITH ACCESS TO COMPREHENSIVE MENTAL HEALTH SERVICES; ● TRAIN STAFF IN JUVENILE JUSTICE ENVIRONMENTS USING EVIDENCE-BASED SUICIDE PREVENTION CURRICULUM TO REACH 650 YOUTH IN CORRECTIONAL FACILITIES; ● PROVIDE MENTAL HEALTH SERVICES, SUICIDE RISK SCREENING, AND LINKAGES OF CARE IN 3 COMPREHENSIVE HARM REDUCTION SITES WITH PLANNED EXPANSION; ● CHAMPION TRAUMA-INFORMED CARE THROUGH TRAINING HEALTHCARE PROVIDERS IN SUICIDE PREVENTION FOR 5,300 VIRGINIA YOUTH IN FOSTER CARE, INCLUDING 778 UNACCOMPANIED REFUGEE MINORS; ● IMPLEMENT AND PROGRESS ZERO SUICIDE FRAMEWORKS WITH THE GOAL OF REACHING 110 HOSPITALS; ● COLLECT AND ANALYZE DATA ON 100% OF VIRGINIA SUICIDE PREVENTION STRATEGIES; ● FACILITATE POSTVENTION SERVICES FOR VIRGINIA FAMILIES WHO HAVE BEEN IMPACTED BY SUICIDE; ● REDUCE ACCESS TO LETHAL MEANS THROUGH VIRGINIA LOCK YOUR MEDS INITIATIVES, SAFE STORAGE MAP DEVELOPMENT, AND SUICIDE HOTSPOT MAPPING TO IMPROVE IN ENVIRONMENTAL INFRASTRUCTURE; AND ● BUILD COLLABORATIONS WITHIN THE VIRGINIA SUICIDE PREVENTION INTERAGENCY ADVISORY GROUP TO ESTABLISH RELATIONSHIPS WITH THE VIRGINIA INDIAN, LATINO, AFRICAN AMERICAN, AND LGBTQ+ ADVISORY BOARDS, YOUTH ADVISORS, AND PEOPLE WITH LIVED EXPERIENCE.",2940000,2205000,1256941.02,1683058.98,2026-01-14,TAGGS,2026-01-15,N/A,2023-09-30,2028-09-29,Center for Mental Health Services,93.243,SUBSTANCE ABUSE AND MENTAL HEALTH SERVICES PROJECTS OF REGIONAL AND NATIONAL SIGNIFICANCE,SM-22-003,Cooperative Agreements for the Garrett Lee Smith State/Tribal Youth Suicide Prevention and Early I…,https://www.samhsa.gov/grants/grant-announcements/sm-22-003,VIRGINIA DEPARTMENT OF HEALTH,VA,RICHMOND,VA-04,Health Department,https://taggs.hhs.gov/Detail/AwardDetail?arg_AwardNum=H79SM086111&arg_ProgOfficeCode=80,https://www.usaspending.gov/award/ASST_NON_H79SM086111_075/
SM086112,Restored,Reinstated (confirmed),Kansas GLS Program,"KANSAS GLS PROGRAM - THE KANSAS GARRETT LEE SMITH STATE/TRIBAL SUICIDE PREVENTION AND EARLY INTERVENTION PROGRAM IS A MULTI-COMPONENT INITIATIVE DESIGNED TO REDUCE SUICIDE DEATHS, BEHAVIORS AND IDEATION IN YOUTH AND YOUNG ADULTS AGED 10-24.  THE PROGRAM GOALS ARE DIRECTLY TIED TO THE KANSAS SUICIDE PREVENTION PLAN WHICH WAS REVISED IN 2021 WITH A FOCUS ON ADDRESSING THE FOUR STRATEGIC DIRECTIONS IDENTIFIED BY THE NATIONAL STRATEGY.  THE PROGRAM GOALS AND OBJECTIVES ARE ALSO ALIGNED WITH RECOMMENDATIONS CREATED BY THE KANSAS GOVERNOR'S MENTAL HEALTH TASK FORCE (2017) AND THE SPECIAL COMMITTEE ON MENTAL HEALTH MODERNIZATION AND REFORM (2021-2022).  THE GOAL IS TO SERVE 52,251 10-24 YEARS OLD IN THIS GRANT. THE KANSAS GLS PROGRAM WILL FOCUS ON STRATEGIES AND INITIATIVES FOR YOUTH AND YOUNG ADULTS RESIDING IN WYANDOTTE COUNTY, KANSAS (POP. 169,245) AND THE 12-COUNTY SOUTHEAST REGION OF KANSAS (COMBINED POP. 178,831).  IN 2020, KANSAS RANKED 12TH IN THE NATION FOR HIGHEST SUICIDE MORTALITY BY STATE AT 18.4 PER 100,000 (531 DEATHS).  THE SOUTHEAST REGION HAD A SUICIDE MORTALITY RATE OF 16.4 PER 100,000; WHILE WYANDOTTE COUNTY WAS 17.6 PER 100,000 (DC; NCHS-SUICIDE MORTALITY BY STATE).  YOUTH IN KANSAS ARE HIGHLY VULNERABLE, WITH SUICIDE DEATHS IN 10-17 YEAR OLD'S INCREASING BY 70% BETWEEN 2015 AND 2018.  WHILE YOUTH SUICIDE IS A STATEWIDE PROBLEM, YOUTH IN THE SELECTED COUNTIES CONSISTENTLY REPORT HIGHER RATES OF SUICIDE THOUGHTS, PLANS AND ATTEMPTS THAN THEIR PEERS STATEWIDE.  IN SOUTHEAST KANSAS WHEN ASKED ABOUT THE LAST 12 MONTHS, 34.16% OF YOUTH IN GRADES 6, 8, 10, 12 STATED THEY HAVE SERIOUSLY THOUGHT ABOUT KILLING THEMSELVES, 19.97% MADE A PLAN FOR SUICIDE, AND 12.93% HAVE TRIED TO KILL THEMSELVES.  (ALL PERCENTAGES ARE BASED ON 2022 KANSAS COMMUNITIES THAT CARE SURVEY).  AS INDICATED IN THE DEMOGRAPHIC PROFILES OF THE SELECTED COUNTIES, THE POPULATION IN THESE COUNTIES EXPERIENCE SIGNIFICANT HEALTH DISPARITIES INCLUDING HIGHER LEVELS OF POVERTY AND LOWER EDUCATIONAL ACHIEVEMENT THAN THE STATE AVERAGE. THE SOUTHEAST REGION IS ALSO DISPROPORTIONATELY IMPACTED BY DE-POPULATION WHICH HAS LED TO A LACK OF SERVICES AND SOCIAL INFRASTRUCTURE ACROSS COMMUNITIES.   GOAL 1 - STRENGTHEN AND BROADEN PUBLIC COMMUNICATION EFFORTS ABOUT RISK AND PROTECTIVE FACTORS FOR SUICIDE, GOAL 2 - IMPROVE SUICIDE RISK RECOGNITION AMONG YOUTH SERVING ORGANIZATIONS AND PROFESSIONALS BY INCREASING CONNECTIONS TO CULTURALLY SENSITIVE; CONSUMER-RESPONSIVE TREATMENT SERVICES, GOAL 3 - IMPLEMENT STRATEGIES TO REDUCE ACCESS TO LETHAL MEANS AMONG YOUTH, GOAL 4 - EVALUATE, DEVELOP AND IMPLEMENT EVIDENCE-BASED SUICIDE SCREENINGS AT BEHAVIORAL HEALTH CARE SITS AND EDUCATIONAL SITES,  GOAL 5 - IMPLEMENT CRISIS RESPONSE TO IMPROVE AND ENHANCE THE SAFETY NET SUPPORT INCLUDING THE CREATION OF SAFETY PLANS AND REFERRALS TO TREATMENT, GOAL 6 - EXPAND ACCESS TO SUICIDE POSTVENTION BY PROVIDING TRAINING; AND GOAL 7 - IMPROVE STATEWIDE CAPACITY TO COLLECT AND ANALYZE DATA RELATED TO SUICIDE PREVENTION EFFORTS, AND SUICIDE MORBIDITY/MORTALITY.",2935498,2200498,960983.66,1974514.3399999999,2026-01-14,TAGGS,2026-01-15,N/A,2023-09-30,2028-09-29,Center for Mental Health Services,93.243,SUBSTANCE ABUSE AND MENTAL HEALTH SERVICES PROJECTS OF REGIONAL AND NATIONAL SIGNIFICANCE,SM-22-003,Cooperative Agreements for the Garrett Lee Smith State/Tribal Youth Suicide Prevention and Early I…,https://www.samhsa.gov/grants/grant-announcements/sm-22-003,KANSAS DEPARTMENT FOR AGING AND DISABILITY SERVICES,KS,TOPEKA,KS-02,Health Department,https://taggs.hhs.gov/Detail/AwardDetail?arg_AwardNum=H79SM086112&arg_ProgOfficeCode=80,https://www.usaspending.gov/award/ASST_NON_H79SM086112_075/
SM086113,Restored,Reinstated (confirmed),Connecticut Partnerships for Hope and Healing (PH2),"CONNECTICUT PARTNERSHIPS FOR HOPE AND HEALING (PH2) - THE CONNECTICUT PARTNERSHIPS FOR HOPE AND HEALING (PH2) APPLICATION PROPOSES TO ENHANCE STATEWIDE AND COMMUNITY-LEVEL MENTAL HEALTH PROMOTION AND SUICIDE PREVENTION, INTERVENTION AND RESPONSE CAPACITY AND READINESS TO UTILIZE COMPREHENSIVE, EQUITABLE, PUBLIC HEALTH APPROACHES AND EVIDENCE-BASED PRACTICES, FRAMEWORKS AND STRATEGIES (EBPS) TO ADDRESS GAPS AND REDUCE SUICIDE ATTEMPTS AND DEATHS AMONG YOUTH AGE 24 AND UNDER. PLANNED ENHANCEMENTS INCLUDE A TRAINING COLLABORATIVE, DATA DASHBOARD, 988 SUICIDE AND CRISIS LIFELINE CO-PROMOTION WITH THE STATE'S SUICIDE PREVENTION CAMPAIGN, RELEASE OF CT'S SUICIDE PREVENTION PLAN 2030, DEVELOPMENT OF INFORMED, COORDINATED, AND SUSTAINABLE PARTNERSHIPS WITHIN FIVE PRIORITIZED CATCHMENT AREAS ACROSS SCHOOLS, CAMPUSES, COMMUNITY ORGANIZATIONS AND CLINICAL SERVICES TO ENSURE AT-RISK YOUTH ARE IDENTIFIED, CONNECTED TO CARE/TREATMENT, PROVIDED WITH LETHAL MEANS COUNSELING, SAFETY PLANNING, AND FOLLOW-UP SERVICES. THE PH2 WILL PROMOTE SUICIDE PREVENTION AS A CORE PRIORITY IN CT, AND WILL UTILIZE INTERVENTIONS THAT ARE DATA AND QUALITY-DRIVEN, SUSTAINABLE, CULTURALLY COMPETENT AND EQUITABLE, FORMALIZED, UNIFORM, AND ACCOUNTABLE WITH THE CAPACITY AND READINESS TO PROVIDE SERVICES IN AN ORGANIZED AND TIMELY FASHION. THE CT DEPARTMENTS OF MENTAL HEALTH AND ADDICTION SERVICES, CHILDREN AND FAMILIES, AND PUBLIC HEALTH, WITH CT SUICIDE ADVISORY BOARD (CTSAB) GUIDANCE, WILL CO-DIRECT THE PH2 AND PARTNER WITH THE UNITED WAY OF CT/211, THE 988 SUICIDE AND CRISIS LIFELINE PROVIDER AND STATEWIDE MOBILE CRISIS CALL CENTER, FOR THE PH2 MANAGEMENT AND IMPLEMENTATION, AND UCONN HEALTH FOR THE PH2 EVALUATION.  THE PH2 WILL SERVE AN ESTIMATED, UNDUPLICATED COUNT OF 2,000 ANNUALLY AND 10,000 OVER FIVE YEARS OF DIVERSE YOUTH AGE 24 AND UNDER ASSOCIATED WITH EDUCATION SETTINGS ONCE SERVICES BEGIN, AND WILL TRAIN AND EDUCATE AN ESTIMATED, UNDUPLICATED COUNT OF 1,000 ANNUALLY AND 5,000 OVER FIVE YEARS OF SUPPORTIVE ADULTS IN EDUCATIONS SETTINGS, FAMILIES, JUVENILE JUSTICE SYSTEMS, SUBSTANCE USE AND MENTAL HEALTH SERVICES, CHILD PROTECTION AND FOSTER CARE, AND OTHER YOUTH AND YOUNG ADULT-SERVING ORGANIZATIONS. PH2 GOALS AND OBJECTIVES ARE ALIGNED WITH THE NATIONAL STRATEGY FOR SUICIDE PREVENTION AND CT'S SUICIDE PREVENTION PLAN 2025, AND ENSURES THAT THE PH2 WILL INFORM CT'S SUICIDE PREVENTION PLAN 2030. THE PH2 WILL UTILIZE MULTIPLE EBPS, INCLUDING, BUT NOT LIMITED TO THE: CDC'S PREVENTING SUICIDE TECHNICAL PACKAGE; SAMHSA'S STRATEGIC PREVENTION FRAMEWORK; ZERO SUICIDE INSTITUTE'S APPROACH AND EBPS; SUICIDE PREVENTION RESOURCE CENTER'S COMPREHENSIVE MODEL FOR SUICIDE PREVENTION AND MENTAL HEALTH PROMOTION, AND THE EDC'S MULTI-TIERED SYSTEM OF SUPPORTS FOR SUICIDE PREVENTION. THE PH2 WILL BUILD ON CURRENT CT SUICIDE AND SUBSTANCE USE DISORDER PREVENTION INFRASTRUCTURE, RESOURCES, COALITIONS, SERVICES, AND STRATEGIES; EXPERIENCE GAINED FROM THREE PRIOR CT GLS STATE YOUTH SUICIDE GRANTS; STRONG RELATIONSHIPS AND PARTNERSHIPS WITHIN THE CTSAB; AND OTHER FEDERAL AND STATE-FUNDED INITIATIVES WITH SHARED MISSIONS, GOALS AND OBJECTIVES, INCLUDING TRIBAL. YOUTH, THEIR FAMILIES, AND PERSONS WITH LIVED EXPERIENCE WILL HAVE OPPORTUNITIES FOR DIRECT INPUT THROUGH PH2 STRATEGIES AND ACTIVITIES TO ASSURE UNIQUE NEEDS ARE IDENTIFIED AND MET. BASELINE MEASURES WILL BE ESTABLISHED, AND PH2 EFFORTS WILL BE CLOSELY MONITORED AND EVALUATED FOR CONTINUOUS QUALITY IMPROVEMENT TO ACCOMPLISH GOALS AND OBJECTIVES, AND MAXIMIZE STATEWIDE IMPACT AND SUSTAINMENT.",2940000,2205000,2066102.5,873897.5,2026-01-14,TAGGS,2026-01-15,N/A,2023-09-30,2028-09-29,Center for Mental Health Services,93.243,SUBSTANCE ABUSE AND MENTAL HEALTH SERVICES PROJECTS OF REGIONAL AND NATIONAL SIGNIFICANCE,SM-22-003,Cooperative Agreements for the Garrett Lee Smith State/Tribal Youth Suicide Prevention and Early I…,https://www.samhsa.gov/grants/grant-announcements/sm-22-003,MENTAL HEALTH & ADDICTION SERVICES CONNE,CT,HARTFORD,CT-01,Health Department,https://taggs.hhs.gov/Detail/AwardDetail?arg_AwardNum=H79SM086113&arg_ProgOfficeCode=80,https://www.usaspending.gov/award/ASST_NON_H79SM086113_075/
SM086115,Restored,Reinstated (confirmed),"Youth Suicide Prevention in Minnesota, increasing protective factors while reducing risk factors through training and technical assistance.","YOUTH SUICIDE PREVENTION IN MINNESOTA, INCREASING PROTECTIVE FACTORS WHILE REDUCING RISK FACTORS THROUGH TRAINING AND TECHNICAL ASSISTANCE. - THE POPULATION OF FOCUS IS ALL YOUTH AND YOUNG ADULTS AGES 10-24; WHILE PRIORITIZING THE 12 COUNTIES IN MINNESOTA WITH GREATER THAN 20 YOUTH SUICIDES BETWEEN 2011-2020, AND OUR AMERICAN INDIAN YOUTH AND TRIBAL COMMUNITIES. HAVING OUR PROGRAM PROVIDE SUPPORTS FOR THE ENTIRE STATE, WHILE TARGETING COUNTIES AND COMMUNITIES OF INCREASED RISK, ALLOWS FOR THE GRANT FUNDED COORDINATORS TO ADDRESS IMMERGING ISSUES OVER THE COURSE OF THE FIVE-YEAR FUNDING AND BEYOND.   GOAL NUMBER ONE IS TO INCREASE THE NUMBER OF SCHOOLS, JUVENILE JUSTICE, FOSTER CARE, AND YOUTH SERVING ORGANIZATIONS IMPLEMENTING EVIDENCED-BASED EARLY INTERVENTION AND SUICIDE PREVENTION POLICIES AND PRACTICES TO IDENTIFY AND RESPOND TO YOUTH WITH UNMET MENTAL HEALTH NEEDS. BY WORKING WITH LOCAL YOUTH SERVING ORGANIZATIONS TO IMPLEMENT GATEKEEPER TRAININGS, PATHWAYS TO CARE, AND CHANGING POLICIES AND PRACTICES AROUND SUICIDE PREVENTION, YOUTH WILL RECEIVE THE CARE AND COORDINATED SERVICES THEY DESERVE.   GOAL NUMBER TWO IS TO INCREASE CARE MANAGEMENT, ACCESS TO MENTAL HEALTH SERVICES, AND FOLLOW-UP FOR YOUTH AT RISK OF SUICIDE OR SUICIDE ATTEMPTS. WE WILL UTILIZE BHWORKS THROUGHOUT SCHOOLS AND BEHAVIORAL HEALTH SYSTEMS TO OBTAIN CONSENTS, SCREEN, ASSESS, AND TREAT SCHOOL-AGE YOUTH GRADE K-12 TO REDUCE YOUTH SUICIDES AND OTHER MENTAL HEALTH NEEDS WHILE STREAMLINING CONFIDENTIAL COMMUNICATION AMONG STAFF, FAMILIES, AND PROVIDERS.    GOAL NUMBER THREE IS TO INCREASE HELP SEEKING BEHAVIOR AND IMPROVE YOUTH ACCESS TO CARE BY PROMOTING INNOVATIVE OUTREACH STRATEGIES, INCLUDING 988, MOBILE CRISIS, AND PEER-TO-PEER INTERVENTIONS. WE WILL PROMOTE THROUGHOUT THE EDUCATIONAL SYSTEMS AND COMMUNITY’S CRISIS RESOURCES. WE WILL WORK WITH LOCAL BOYS AND GIRLS CLUBS AS WELL AS YMCA’S TO IDENTIFY CURRICULUM THAT MAY BE BENEFICIAL FOR PEER TO PEER LEARNING AND INTERVENTIONS,   GOAL NUMBER FOUR IS TO PROMOTE CARE AND SUPPORT TO INDIVIDUALS AND COMMUNITIES AFFECTED BY SUICIDE DEATHS/ATTEMPTS TO PROMOTE HEALING AND COMMUNITY SUICIDE PREVENTION STRATEGIES. WE WILL OFFER AND PROMOTE POSTVENTION TRAININGS, WITHIN SCHOOLS, COMMUNITIES, BEHAVIORAL HEALTH/HEALTHCARE AS WELL AS WITHIN JUVENILE JUSTICE. IF COMMUNITIES AND ORGANIZATIONS ARE DOING GOOD POSTVENTION, THEY ARE ALSO DOING PREVENTION.   BUILDING THE ABOVE SUPPORTS AND PROTECTIVE FACTORS WILL HAVE LASTING IMPACTS FOR THE YOUTH INVOLVED IN OUR PROGRAMMING, WELL BEYOND JUST SUICIDE PREVENTION.",3675000,2940000,2084870.03,1590129.97,2026-01-14,TAGGS,2026-01-15,N/A,2022-08-31,2027-08-30,Center for Mental Health Services,93.243,SUBSTANCE ABUSE AND MENTAL HEALTH SERVICES PROJECTS OF REGIONAL AND NATIONAL SIGNIFICANCE,SM-22-003,Cooperative Agreements for the Garrett Lee Smith State/Tribal Youth Suicide Prevention and Early I…,https://www.samhsa.gov/grants/grant-announcements/sm-22-003,MINNESOTA DEPARTMENT OF HEALTH,MN,SAINT PAUL,MN-04,Health Department,https://taggs.hhs.gov/Detail/AwardDetail?arg_AwardNum=H79SM086115&arg_ProgOfficeCode=80,https://www.usaspending.gov/award/ASST_NON_H79SM086115_075/
SM086119,Restored,Reinstated (confirmed),Cooperative Agreements for the Garrett Lee Smith State/Tribal Youth Suicide Prevention and Early Intervention Program,"COOPERATIVE AGREEMENTS FOR THE GARRETT LEE SMITH STATE/TRIBAL YOUTH SUICIDE PREVENTION AND EARLY INTERVENTION PROGRAM - THE ILLINOIS DEPARTMENT OF PUBLIC HEALTH (DPH) WILL ADVANCE THE ILLINOIS SUICIDE PREVENTION STRATEGIC PLAN BY IMPLEMENTING A STATEWIDE ILLINOIS YOUTH SUICIDE PREVENTION PROJECT (IYSPP). THE STATEWIDE ACTIVITIES OF THE IYSPP ARE DESIGNED TO IMPLEMENT YOUTH (AGES 10-24) SUICIDE PREVENTION AND EARLY INTERVENTION STRATEGIES. THIS WILL BE ACCOMPLISHED THROUGH THE FOLLOWING STRATEGIES: • INCREASE THE NUMBER OF SCHOOL-BASED HEALTH CENTERS WITH ENHANCED DEPRESSION SCREENING AND REFERRAL ACTIVITIES. • INCREASE THE UNDERSTANDING OF CHALLENGES TO TIMELY REFERRALS TO APPROPRIATE COMMUNITY COMMUNITY-BASED MENTAL HEALTH CARE AND TREATMENT PROGRAMS FOR YOUTH WHO ARE AT RISK FOR SUICIDE OR SUICIDE ATTEMPT. • INCREASE POSTVENTION RESOURCES TO FAMILIES, FRIENDS, AND ORGANIZATIONS INVOLVED WITH YOUTH WHO ATTEMPTED OR DIED OF SUICIDE, IN ADDITION TO ESTABLISHING A LEARNING COLLABORATIVE TO BUILD CAPACITY FOR EFFECTIVE SCHOOL-BASED SUICIDE PREVENTION. • INCREASE CAPACITY OF SYSTEMS TO EFFECTIVELY IDENTIFY YOUTH WHO ARE AT RISK FOR SUICIDE BY TRAINING STAFF IN CHILD WELFARE, JUVENILE JUSTICE, AND INSTITUTIONS OF HIGHER EDUCATION. EACH STRATEGY WILL IDENTIFY AVENUES TO ADDRESS TO PROMOTE THE REDUCTION OF ACCESS TO LETHAL MEANS, IN ADDITION TO PROMOTING AND ASSURING TREATMENT AND PREVENTION SERVICES FOR DIVERSE CULTURAL POPULATIONS WHICH ADDRESS THE SPECIFIC RISK AND PROTECTIVE FACTORS OF THE VARIOUS POPULATIONS THEY ARE SERVING. DATA AND EVALUATION FROM EACH OF THE PROJECT ACTIVITIES WILL BE UTILIZED TO BUILD AWARENESS AND FURTHER INFORM THE IMPLEMENTATION OF THE COMPREHENSIVE ILLINOIS SUICIDE PREVENTION STRATEGIC PLAN.",3569042,2834042,2085788.37,1483253.63,2026-01-14,TAGGS,2026-01-15,N/A,2022-08-31,2027-08-30,Center for Mental Health Services,93.243,SUBSTANCE ABUSE AND MENTAL HEALTH SERVICES PROJECTS OF REGIONAL AND NATIONAL SIGNIFICANCE,SM-22-003,Cooperative Agreements for the Garrett Lee Smith State/Tribal Youth Suicide Prevention and Early I…,https://www.samhsa.gov/grants/grant-announcements/sm-22-003,DEPARTMENT OF PUBLIC HEALTH ILLINOIS,IL,SPRINGFIELD,IL-13,Health Department,https://taggs.hhs.gov/Detail/AwardDetail?arg_AwardNum=H79SM086119&arg_ProgOfficeCode=80,https://www.usaspending.gov/award/ASST_NON_H79SM086119_075/
SM086120,Restored,Reinstated (confirmed),The Harris Center's Clinical High Risk Psychosis Program (CHRP),"THE HARRIS CENTER'S CLINICAL HIGH RISK PSYCHOSIS PROGRAM (CHRP) - THE HARRIS CENTER'S CLINICAL HIGH RISK PSYCHOSIS PROGRAM WILL IMPLEMENT A STEPPED-CARE MODEL TO EXPAND THE CAPACITY FOR ASSESSMENT AND TREATMENT OF CLINICAL HIGH RISK FOR PSYCHOSIS IN INDIVIDUALS UNDER THE AGE OF 25 IN HARRIS COUNTY (HOUSTON), TEXAS.  THE PROGRAM WILL BE DEVELOPED WITH ELEMENTS THAT REFLECT CULTURAL SENSITIVITIES AND WILL TARGET ETHNIC GROUPS WITH GREATER SERVICE GAPS.  THE ESTABLISHMENT OF AN EVIDENCE-BASED CHRP PROGRAM WITH SERVICES AVAILABLE IN BOTH ENGLISH AND SPANISH IS A PRIORITY NEED FOR INDIVIDUALS IN HARRIS COUNTY.  THIS PROJECT WILL IMPLEMENT EVIDENCED-BASED SCREENING AND ASSESSMENTS BY UTILIZING THE PRODROMAL QUESTIONNAIRE-BRIEF AND THE STRUCTURED INTERVIEW FOR PRODROMAL SYMPTOMS AND WILL INCLUDE INDIVIDUALS WHO ARE IDENTIFIED AS HAVING ONE OF THREE DIAGNOSABLE HIGH-RISK SYNDROMES, ATTENUATED POSITIVE SYMPTOM PRODROMAL SYNDROME, BRIEF INTERMITTENT PSYCHOSIS PRODROMAL SYNDROME, OR GENETIC RISK AND DETERIORATION PRODROMAL SYNDROME.    THE PROGRAM WILL SERVE 20 INDIVIDUALS IN YEAR ONE, INCREASING TO 30 IN YEAR TWO AND 50 IN YEARS THREE AND FOUR.  THE CHRP PROGRAM WILL PROVIDE EXPANDED COMMUNITY EDUCATION AND OUTREACH AND WILL OFFER A STEPPED CARE TREATMENT DECISION MAKING PROCESS, AS WELL AS, INTEGRATING EVIDENCE-BASED INTERVENTIONS OF VARYING COMPLEXITY, INTENSITY, AND DURATION THAT TARGET SYMPTOMS, PROBLEMS, AND FUNCTIONAL IMPAIRMENTS THAT CHARACTERIZE DIFFERENT CLINICAL HIGH RISK STATES.    THE FOUR PROJECT GOALS ARE TO DELAY OR PREVENT THE ONSET OF PSYCHOSIS BY INCREASING COMMUNITY AWARENESS OF THE CLINICAL HIGH RISK FOR PSYCHOSIS PROGRAM AND EARLY IDENTIFICATION AND SCREENING PROCEDURES; IMPROVE SYMPTOMATIC AND BEHAVIORAL FUNCTIONING IN YOUTH AND YOUNG ADULTS AT CLINICAL HIGH RISK FOR PSYCHOSIS, ENABLING THEM TO RESUME AGE-APPROPRIATE SOCIAL, ACADEMIC, AND/OR VOCATIONAL ACTIVITIES; MINIMIZE THE DURATION OF UNTREATED PSYCHOSIS FOR YOUTH AND YOUNG ADULTS WHO DEVELOP PSYCHOTIC SYMPTOMS; AND DEVELOP AND IMPLEMENT CAPACITY BUILDING STRATEGIES TO PROVIDE SUSTAINED SERVICE DELIVERY TO YOUTH, YOUNG ADULTS, AND THEIR FAMILIES.",1176445,1176445,741571.85,434873.15,2026-01-14,TAGGS,2026-01-15,N/A,2022-09-30,2026-09-29,Center for Mental Health Services,93.104,COMPREHENSIVE COMMUNITY MENTAL HEALTH SERVICES FOR CHILDREN WITH SERIOUS EMOTIONAL DISTURBANCES (SED),SM-22-008,Community Programs for Outreach and Intervention with Youth and Young Adults at Clinical High Risk…,https://www.samhsa.gov/grants/grant-announcements/sm-22-008,THE HARRIS CENTER FOR MENTAL HEALTH & IDD,TX,HOUSTON,TX-09,Hospital,https://taggs.hhs.gov/Detail/AwardDetail?arg_AwardNum=H79SM086120&arg_ProgOfficeCode=80,https://www.usaspending.gov/award/ASST_NON_H79SM086120_075/
SM086126,Restored,Reinstated (confirmed),ADAMHS System of Care Project,"ADAMHS SYSTEM OF CARE PROJECT - THE HANCOCK COUNTY ALCOHOL, DRUG ADDICTION, AND MENTAL HEALTH SERVICES (HANCOCK ADAMHS) BOARD PROPOSES THE HANCOCK ADAMHS SYSTEM OF CARE (HANCOCK SOC) PROJECT TO EXPAND AND INTEGRATE A SUSTAINABLE INFRASTRUCTURE TO BOLSTER THE SERVICES OF THE 2017 SAMHSA-FUNDED PROGRAM IN NORTHWEST OHIO. THE HANCOCK SOC AIMS TO PROVIDE RESOURCES AND IMPROVE MENTAL HEALTH OUTCOMES FOR CHILDREN AND YOUTH AGES 0-21 AND THEIR FAMILIES, WITH EMPHASIS ON AGES 8-14 WITH SERIOUS EMOTIONAL DISTURBANCES (SED), CHILDREN OF VETERANS, YOUTH AT RISK FOR OUT-OF-HOME PLACEMENT, AND YOUTH WHO EXPERIENCE SUICIDALITY. MORE THAN HALF OF HANCOCK COUNTY’S 74,920 RESIDENTS LIVE IN THE CITY OF FINDLAY. OF COUNTY STUDENTS PRE-K-GRADE-12, 27% ARE FROM ECONOMICALLY DISADVANTAGED HOUSEHOLDS; 14% HAVE A DISABILITY; AND 23% OUT-OF-HOME PLACEMENTS WERE KINSHIP. OHIO EXPERIENCES ONE YOUTH DEATH BY SUICIDE EVERY 34 HOURS; HANCOCK COUNTY’S SUICIDE RATE IS 16/100,000 PERSONS AND 14.9 FOR AGES 15-24. EVIDENCE SHOWS AN EIGHT PERCENT INCREASE IN SIX MONTHS OF YOUTH AGES 11-21 WHO INDICATED THEY WERE SO DEPRESSED THAT NOTHING COULD CHEER THEM UP EITHER ALL OR MOST OF THE TIME; AND A 13 PERCENT INCREASE WHO REPORTED HAVING THOUGHTS OF SUICIDE. YOUTH WITH SED WHO HAD MADE A SUICIDE ATTEMPT DECREASED BY 44% AFTER ONE-YEAR OF SOC SERVICES/SUPPORTS. IN RESPONSE, THE HANCOCK SOC WILL DELIVER SERVICE PROVISIONS FOR YOUTH/FAMILIES WHILE PRIORITIZING EMERGING NEEDS OF YOUTH/FAMILIES (OUT-OF-HOME PLACEMENTS, SUICIDALITY). THE PROPOSED PROJECT WILL INTEGRATE EXPANDED SERVICES WITH ADDITIONAL PEER-SUPPORT SPECIALISTS, AND A SUSTAINABLE INFRASTRUCTURE WITH IMPROVED COUNTY-WIDE PROCESSES FOR COMMUNICATION, SERVICE DELIVERY, AND EDUCATION ENHANCEMENTS. THE HANCOCK SOC STRATEGIES INCLUDE A COLLABORATIVE APPROACH THROUGH A RECOVERY ORIENTED SYSTEM OF CARE (ROSC) AND TRAUMA-INFORMED CARE (TIC) FRAMEWORK FOR ASSESSMENT, DIAGNOSIS, TREATMENT, CARE AND SUPPORT SERVICES TO YOUTH AND THEIR FAMILIES—TO IMPROVE HEALTH OUTCOMES AND HELP YOUTH DEVELOP POTENTIAL TO THRIVE AT THEIR FULLEST POTENTIAL. THE ROSC, TIC, AND CULTURAL AND LINGUISTICALLY APPROPRIATE SERVICES (CLAS STANDARDS) PURPOSEFULLY ADDRESS IMPROVED HEALTH EQUITY BY REMOVING BARRIERS TO ACCESS COMPREHENSIVE MENTAL HEALTH SERVICES AND STREAMLINED WRAPAROUND SUPPORTS PROVIDED BY HANCOCK ADAMHS’ PRIMARY SERVICE PROVIDER, FAMILY RESOURCE CENTER OF NW OHIO (FRC) WHO WILL IMPLEMENT SERVICE SUPPORT FOR 200 UNDUPLICATED YOUTH AND FAMILIES OVER FUNDING PERIOD (YR.1=50, YR. 2=50, YR. 3=50, & YR. 4=50). THE UNION OF HANCOCK ADAMHS AND FRC WILL CONSIST OF A CREDENTIALED, EXPERIENCED, AND WELL-PREPARED PROJECT TEAM WITH ROBUST TRAINING IN EVIDENCE-BASED/-INFORMED PRACTICES AND INTERVENTIONS SUCH AS ROSC, TIC, MOTIVATIONAL INTERVIEWING, MENTAL HEALTH FIRST AID, PEER-SUPPORT, INTENSIVE HOME-BASED TREATMENT, POSITIVE PARENTING AND HEALTHY RELATIONSHIP PROGRAMS, ALONG WITH PRINCIPLES OF THE ZERO SUICIDE MODEL AND CLAS STANDARDS. PROGRAM GOALS WILL 1. INCREASE THE CAPACITY OF HANCOCK ADAMHS TO EXPAND FAMILY ENGAGEMENT/INCLUSION TO INFLUENCE CARE PATHWAYS FOR YOUTH AGES 8-14; CHILDREN OF VETERANS; AND AT HIGH-RISK FOR OUT-OF-HOME PLACEMENT; 2. INCREASE CAPACITY TO EXPAND YOUTH ENGAGEMENT/ INCLUSION TO INFLUENCE DECISIONS ABOUT SERVICE PROVISIONS OF YOUTH THRIVE PROGRAMS/SERVICES; 3. INCREASE AWARENESS ABOUT YOUTH TRAUMA AND MENTAL HEALTH RESOURCES FOR AGES 0-21; 4. EXPAND, STABILIZE, AND SUSTAIN INFRASTRUCTURE FOR IMPROVED SOC; AND 5. INCREASE HEALTH EQUITY/INCLUSION AMONG THE TARGET POPULATION AND THEIR FAMILIES. ACTIVITIES INCLUDE AN AWARENESS CAMPAIGN FOCUSED ON YOUTH-/FAMILY-FOCUSED COMMUNICATION ABOUT SOC SERVICES/SUPPORT, YOUTH MENTAL HEALTH, TRAUMA, STIGMA, AND ADVERSE HEALTH OUTCOMES; MEDICAL MOBILE UNIT OUTREACH; YOUTH/PARENT PEER-SUPPORT; YOUTH-CENTERED/PARENT-FOCUSED ENGAGEMENT OPPORTUNITIES, AND ONGOING PROFESSIONAL DEVELOPMENT FOR STAFF AND PROVIDERS. THE HANCOCK COUNTY ADAMHS BOARD REQUESTS SAMHSA FUNDING OF $4,000,000 FOR THE HANCOCK SOC PROJECT.",4000000,4000000,3083712.5100000002,916287.4899999998,2026-01-14,TAGGS,2026-01-15,N/A,2022-09-30,2026-09-29,Center for Mental Health Services,93.104,COMPREHENSIVE COMMUNITY MENTAL HEALTH SERVICES FOR CHILDREN WITH SERIOUS EMOTIONAL DISTURBANCES (SED),SM-22-007,Grants for Expansion and Sustainability of the Comprehensive Community Mental Health Services for…,https://www.samhsa.gov/grants/grant-announcements/sm-22-007,HANCOCK COUNTY ADAMHS BOARD,OH,FINDLAY,OH-05,Rehabilitation Organization ( Other Than Criminal ),https://taggs.hhs.gov/Detail/AwardDetail?arg_AwardNum=H79SM086126&arg_ProgOfficeCode=80,https://www.usaspending.gov/award/ASST_NON_H79SM086126_075/
SM086132,Restored,Reinstated (confirmed),Utah CHR-PTo implement the Prevention and Recovery of Early Psychosis program to prevent the onset of psychosis or lessen the severity of psychotic disorder among young people at clinical high risk.,"UTAH CHR-PTO IMPLEMENT THE PREVENTION AND RECOVERY OF EARLY PSYCHOSIS PROGRAM TO PREVENT THE ONSET OF PSYCHOSIS OR LESSEN THE SEVERITY OF PSYCHOTIC DISORDER AMONG YOUNG PEOPLE AT CLINICAL HIGH RISK. - THE UTAH DIVISION OF SUBSTANCE ABUSE AND MENTAL HEALTH (DSAMH) PROPOSES TO IMPLEMENT THE PREVENTION AND RECOVERY OF EARLY PSYCHOSIS (PREP) PROGRAM TO PREVENT THE ONSET OF PSYCHOSIS OR LESSEN THE SEVERITY OF PSYCHOTIC DISORDER AMONG YOUNG PEOPLE, NOT MORE THAN 25 YEARS OLD, AT CLINICAL HIGH RISK FOR PSYCHOSIS.  THE CATCHMENT AREA IS THE COUNTIES OF WASATCH, UTAH, DAVIS, AND WEBER-MORGAN.  SERVICES WILL BE PROVIDED BY WASATCH BEHAVIORAL HEALTH (WBH), DAVIS BEHAVIORAL HEALTH (DBH), AND WEBER HUMAN SERVICES (WHS).    PREP WILL IMPLEMENT A COORDINATED SERVICE SYSTEM THAT PROVIDES COMMUNITY EDUCATION, OUTREACH, SCREENING, ASSESSMENT, AND CLINICAL CARE THAT IS BASED ON A STEPPED-CARE MODEL.  UTAH'S STEPPED-CARE MODEL HAS FOUR (4) LEVELS OF CARE: 1) OUTREACH AND ENGAGEMENT; 2) LOW TO MODERATE INTENSITY AND RISK; 3) HIGH INTENSITY/HIGH RISK; AND 4) TRANSITIONING OUT OF CHR-P. THE MOVEMENT BETWEEN LEVELS IS DETERMINED BY ASSESSMENT RESULTS, TREATMENT RESPONSE, AND A SHARED-DECISION MAKING FRAMEWORK THAT FOCUSES ON CLIENT-IDENTIFIED NEEDS AND PREFERENCES. PSYCHOLOGICAL INTERVENTION AND RECOVERY SUPPORT SERVICES INCLUDE: INDIVIDUAL/FAMILY PSYCHO-EDUCATION, SUBSTANCE USE RISK REDUCTION, COGNITIVE BEHAVIORAL THERAPY FOR PSYCHOSIS (CBTP), SKILLS TRAINING, AND RECOVERY SUPPORT.  PHARMACOTHERAPY WILL BE CONSIDERED ONLY WHEN PSYCHOLOGICAL INTERVENTIONS ARE INEFFECTIVE AND THERE ARE ESCALATING ATTENUATED PSYCHOTIC SYMPTOMS.  GOAL 1: THROUGHOUT THE GRANT PERIOD, IMPROVE THE SYMPTOMS AND BEHAVIORAL FUNCTIONING OF 144 INDIVIDUALS, NOT MORE THAN 25 YEARS OLD, WHO EXPERIENCE CHR-P SO THEY MAY RESUME AGE-APPROPRIATE FUNCTIONING. BY 9/30/2026, PROVIDE STEPPED-CARE INTERVENTION TO 144 ELIGIBLE INDIVIDUALS. BY 9/30/2026, 80% OF ENROLLED INDIVIDUALS WILL DEMONSTRATE IMPROVED FUNCTIONING. ALL INDIVIDUALS EXPERIENCING FIRST EPISODE PSYCHOSIS (FEP) WILL BE REFERRED TO A FEP SPECIALTY PROGRAM WITHIN ONE WEEK.  GOAL 2: IMPROVE COMMUNITY AWARENESS, UNDERSTANDING, AND COLLABORATION ON CHR-P. FOR EACH YEAR OF THE GRANT, A MINIMUM OF 150 COMMUNITY MEMBERS WILL RECEIVE INFORMATION ON CHR-P. FOR EACH YEAR OF THE GRANT, A MINIMUM OF 5 YOUTH AND 5 FAMILY MEMBERS/NATURAL SUPPORTS WILL BE ENGAGED IN LEADERSHIP/ADVOCACY ACTIVITIES.  BY 9/30/2023, DEVELOP A REFERRAL NETWORK OF A MINIMUM OF 30 AGENCIES/ORGANIZATIONS.  GOAL 3: ENHANCE ORGANIZATIONAL INFRASTRUCTURE AND COMMUNITY READINESS TO SUPPORT INDIVIDUALS EXPERIENCING CHR-P BY 3/1/2023, DEVELOP AN INTERAGENCY NETWORKING PROCESS TO ENSURE THE THREE CENTERS (DBH, WBH, AND WHS) COLLABORATE IN IMPLEMENTING CHR-P SERVICES. BY 3/1/2023, DEVELOP A STANDARDIZED CHR-P WORKFLOW THAT OUTLINES PROGRAM COMPONENTS, CRITICAL ACTIVITIES, AND STAFF CORE COMPETENCIES IN THE STEPPED-CARE MODEL.  FOR EACH YEAR OF THE GRANT, A MINIMUM OF 100 CROSS SYSTEM STAFF, INCLUDING THE MEDICAL COMMUNITY, WILL RECEIVE TRAINING TO IMPROVE THEIR KNOWLEDGE AND SKILLS ON SUPPORTING INDIVIDUALS EXPERIENCING CHR-P AND MAKING REFERRALS. BY 3/1/2023, DEVELOP A COMMUNICATION STRATEGIC PLAN TO PROMOTE COMMUNITY AWARENESS THROUGH COMMUNITY EDUCATION AND SOCIAL MARKETING.     THE ANTICIPATED OUTCOMES ARE: 1) PREVENTING THE ONSET OF PSYCHOSIS, LESSENING THE SEVERITY OF PSYCHOSIS, AND HELPING INDIVIDUALS RESUME AGE-APPROPRIATE FUNCTIONING; 2) DEVELOPING A STANDARDIZED WORKFLOW GUIDING THE SERVICE DELIVERY AMONG THE THREE PROVIDERS; 3) INCREASING COMMUNITY AWARENESS ON CHR-P; 4) ENSURING FAST ENTRY INTO CHR-P SERVICES THROUGH EXPANDED REFERRAL NETWORK AND EVIDENCE-BASED ASSESSMENT; AND 5) SEAMLESS REFERRAL INTO FEP PROGRAM FOR INDIVIDUALS TRANSITIONING FROM CLINICAL HIGH RISK TO FULL PSYCHOSIS.",1600000,1600000,1168591.45,431408.55000000005,2026-01-14,TAGGS,2026-01-15,N/A,2022-09-30,2026-09-29,Center for Mental Health Services,93.104,COMPREHENSIVE COMMUNITY MENTAL HEALTH SERVICES FOR CHILDREN WITH SERIOUS EMOTIONAL DISTURBANCES (SED),SM-22-008,Community Programs for Outreach and Intervention with Youth and Young Adults at Clinical High Risk…,https://www.samhsa.gov/grants/grant-announcements/sm-22-008,UTAH DEPARTMENT OF HEALTH AND HUMAN SERVICES,UT,SALT LAKE CITY,UT-02,Welfare Department,https://taggs.hhs.gov/Detail/AwardDetail?arg_AwardNum=H79SM086132&arg_ProgOfficeCode=80,https://www.usaspending.gov/award/ASST_NON_H79SM086132_075/
SM086133,Restored,Reinstated (confirmed),OurTime_Community Programs-Early Interventions (OurTime_CP-EI),"OURTIME_COMMUNITY PROGRAMS-EARLY INTERVENTIONS (OURTIME_CP-EI) - THE DEPARTMENT OF BEHAVIORAL HEALTH'S (DBH) POPULATION OF FOCUS FOR THE DISTRICT'S COMMUNITY PROGRAMS FOR OUTREACH AND INTERVENTION WITH YOUTH AND YOUNG ADULTS AT CLINICAL HIGH RISK FOR PSYCHOSIS (SHORT TITLE: CHR-P) INITIATIVE IS FOR TRANSITION-AGE YOUTH (TAY) OR YOUNG ADULTS AGED 16-25 YEAR-OLDS, WHO ARE AT HIGH CLINICAL RISK FOR PSYCHOSIS. IN THE DISTRICT, THIS INITIATIVE WILL BE KNOWN AS OURTIME_COMMUNITY PROGRAMS- EARLY INTERVENTIONS (OURTIME_CP_EI). IN THE FIRST YEAR OF THE GRANT, 25 UNDUPLICATED AT-RISK FOR PSYCHOSIS TAY WILL BE SERVED; IN YEARS 2-4, IT IS ESTIMATED THAT 40 UNDUPLICATED AT-RISK FOR PSYCHOSIS TAY WILL BE SERVED, FOR A TOTAL OF 145 UNDUPLICATED TAY SERVED. THE INITIATIVE WILL OFFER EARLY DETECTION AND EVIDENCED-BASED INTERVENTION SERVICES TO DISTRICT YOUNG ADULTS ACROSS ALL EIGHT WARDS, WHO ARE AT RISK FOR THEIR FIRST EPISODE OF PSYCHOSIS (FEP), BUT WHO HAVE NOT FULLY EXPERIENCED PSYCHOTIC SYMPTOMS. THOSE WHO HAVE ALREADY RECEIVED A CLEAR DIAGNOSIS OF A PSYCHOTIC ILLNESS, SUCH AS SCHIZOPHRENIA OR SCHIZOAFFECTIVE DISORDER, OR THOSE WHO HAVE EXPERIENCED A CLEAR FIRST EPISODE OF PSYCHOSIS, WILL BE CONNECTED TO A MORE INTENSE COORDINATED CARE PROGRAM DESIGNED TO ADDRESS FEP. A STEPPED CARE APPROACH, WHERE TREATMENTS OF DIFFERING INTENSITY WILL BE OFFERED, AND YOUNG ADULTS WILL LEARN TO MANAGE STRESS, ANXIETY, AND UNCERTAINTY ASSOCIATED WITH PSYCHOSIS. RESILIENCE TRAINERS AND YOUTH DEVELOPMENT LEADS (YDL/YOUTH PEERS) WILL PROVIDE EDUCATION AND SUPPORT IN THE COMMUNITY. INDIVIDUAL COUNSELING, AND THERAPEUTIC AND SKILL BUILDING GROUPS WILL BE HELD ON-SITE. THE GOALS OF THE OURTIME_CP-EI INITIATIVE ARE TO CREATE A FEP SYSTEM OF STEPPED CARE THAT DEFINES THE PROTOCOLS AND PROCESSES NECESSARY TO ASSESS, DIAGNOSE AND REFER YOUNG ADULTS AT RISK FOR PSYCHOSIS TO THE APPROPRIATE LEVEL OF TREATMENT; OFFER EARLY ACCESS TO EVIDENCE-BASED TREATMENTS TO MINIMIZE THE DURATION OF UNTREATED PSYCHOSIS (DUP) AND SUD; HELP CHR-P YOUNG ADULTS BUILD RESILIENCY AND SKILLS (INCLUDING EDUCATIONAL, OCCUPATIONAL, AND SOCIAL FUNCTIONING) THAT ARE VITAL TO THEIR RECOVERY; AND TO EDUCATE YOUNG ADULTS, THEIR FAMILIES, AND THE COMMUNITY AT LARGE ON SMI, SUD, AND PSYCHOSIS. DBH WILL LEVERAGE AND ENHANCE THE TAY SYSTEM OF CARE CREATED THROUGH THE SUBSTANCE ABUSE AND MENTAL HEALTH SERVICE ADMINISTRATION (SAMHSA) STATE ADOLESCENT TREATMENT ENHANCEMENT AND DISSEMINATION (SAT-ED), THE NOW IS THE TIME HEALTH TRANSITIONS, AND THE HEALTHY TRANSITIONS GRANTS BY USING THE EXISTING SUPPORTED PRACTICE, TRANSITION TO INDEPENDENCE PROCESS (TIP), COUPLED WITH THE EVIDENCED-BASED PRACTICE, ACCEPTANCE AND COMMITMENT THERAPY FOR PSYCHOSIS (ACTP). THE OURTIME_CP-EI WILL ENGAGE TAY IN THE PLANNING FOR THEIR OWN FUTURE AND HELP THEM REDUCE THE FREQUENCY OR SEVERITY OF UNPLEASANT INTERNAL EXPERIENCES. AT-RISK YOUNG ADULTS WILL SIMULTANEOUSLY INCREASE THEIR INVOLVEMENT IN MEANINGFUL LIFE ACTIVITIES AND IMPROVE SOCIAL RELATIONSHIPS. LASTLY, THE ADOLESCENT COMMUNITY REINFORCEMENT APPROACH (A-CRA) WILL SUPPORT RECOVERY FROM SUBSTANCE ABUSE AND DEPENDENCE AND APPRECIATIVE INQUIRY (AI) WILL GUIDE PERSON-CENTERED CHANGE INTERVENTIONS, THAT HELP YOUNG ADULTS UNCOVER EXISTING STRENGTHS, ADVANTAGES, AND/OR OPPORTUNITIES WITHIN THEMSELVES AND IN THEIR COMMUNITIES.",1600000,1600000,863194.0699999998,736805.9300000002,2026-01-14,TAGGS,2026-01-15,N/A,2022-09-30,2026-09-29,Center for Mental Health Services,93.104,COMPREHENSIVE COMMUNITY MENTAL HEALTH SERVICES FOR CHILDREN WITH SERIOUS EMOTIONAL DISTURBANCES (SED),SM-22-008,Community Programs for Outreach and Intervention with Youth and Young Adults at Clinical High Risk…,https://www.samhsa.gov/grants/grant-announcements/sm-22-008,GOVERNMENT OF THE DISTRICT OF COLUMBIA,DC,WASHINGTON,DC-98,Other Health Organization,https://taggs.hhs.gov/Detail/AwardDetail?arg_AwardNum=H79SM086133&arg_ProgOfficeCode=80,https://www.usaspending.gov/award/ASST_NON_H79SM086133_075/
SM086135,Restored,Reinstated (confirmed),PRIME Clinic: Stepped Care for Youth and Young Adults at Clinical High Risk for Psychosis,"PRIME CLINIC: STEPPED CARE FOR YOUTH AND YOUNG ADULTS AT CLINICAL HIGH RISK FOR PSYCHOSIS - YOUNG PEOPLE AT CLINICAL HIGH RISK FOR PSYCHOSIS (CHR-P) CONSTITUTE A NEWLY-RECOGNIZED POPULATION IN CLINICAL NEED.  NEW HAVEN COUNTY, CONNECTICUT CAN BE CONSIDERED A DEMOGRAPHIC MICROCOSM OF THE US AND HAS ONLY RECENTLY GAINED ITS FIRST SPECIALIZED TREATMENT CLINIC FOR CHR-P.  IN THIS PROJECT, THE PRIME CLINIC (EST. 1996) AT YALE AND THE CONNECTICUT MENTAL HEALTH CENTER WILL CONTINUE TO PROVIDE STEPPED CARE TO CLIENTS AGES 12-25 AT CHR-P AND THEIR FAMILIES WHILE STRENGTHENING TIES TO ITS CO-LOCATED SISTER FIRST EPISODE PSYCHOSIS (FEP) STEP CLINIC AND OTHER CLINICS WITHIN NEW HAVEN COUNTY TO MAXIMIZE ITS IMPACT IN THE REGION. THROUGH PARTNERSHIPS WITH THREE ORGANIZATIONS PROVIDING MENTAL HEALTH CARE TO OUR TARGET DEMOGRAPHIC, WE WILL INSTITUTE UNIVERSAL SCREENING OF ALL NEW MENTAL HEALTH CLIENTS IN PARTICIPATING CLINICS IN NEW HAVEN COUNTY.  CLIENTS IDENTIFIED WILL BE IDENTIFIED AS BEING AT CHR-P USING THE STRUCTURED INTERVIEW FOR PSYCHOSIS-RISK SYNDROMES (SIPS).  THOSE ELIGIBLE AND WILLING TO PARTICIPATE WILL BE PROVIDED WITH EVIDENCE-BASED STEPPED CARE.  STEPPED CARE WILL CONSIST OF THREE EVIDENCE-BASED STEPS.  IN STEP ONE, BRIEF SUPPORTIVE PSYCHOEDUCATION WILL BE OFFERED TO ALL CLIENTS.  IN STEP TWO, CLIENTS WHO HAVE STILL NOT ACHIEVED REMISSION WILL BE CONSIDERED FOR ANTIPSYCHOTIC MEDICATION.  TRANSITION ACROSS STEPS WILL BE GUIDED BY STANDARDIZED CLINICAL DIAGNOSTIC ASSESSMENTS.  THERAPIES WILL BE FLEXIBLY ADMINISTERED IN INDIVIDUAL- AND/OR FAMILY-THERAPY FORMAT BASED ON CLIENT PREFERENCE.  ALL CLIENTS WILL BE OFFERED EVIDENCE-BASED ADJUNCTIVE CARE FOR CO-OCCURRING CONDITIONS AS WELL AS PEER SUPPORT FROM YOUNG PEERS WITH LIVED EXPERIENCE OF CHR-P. THE GOALS OF THE PROJECT ARE TO: 1) IMPROVE SYMPTOMATIC AND BEHAVIORAL FUNCTIONING, 2) ENABLE RESUMPTION OF AGE-APPROPRIATE ACTIVITIES, 3) DELAY ONSET OF PSYCHOSIS, AND 4) MINIMIZE DURATION OF UNTREATED PSYCHOSIS (DUP) IN YOUTH AND YOUNG ADULTS WITH CHR-P WITHIN THE CATCHMENT AREA.  CARE WILL BE DELIVERED WITH CULTURAL AND LINGUISTIC COMPETENCE AND AWARENESS OF ISSUES OF DIVERSITY AND DISPARITY AND WITH CONSIDERATION OF FAMILY AND YOUTH INPUT.  MEASURABLE OBJECTIVES ARE: 1) BY 8/30/23 AND ANNUALLY THEREAFTER, PRIME WILL IMPROVE SYMPTOMATIC AND BEHAVIORAL FUNCTIONING AT THE 180-DAY AND 360-DAY ASSESSMENTS COMPARED TO AT ENROLLMENT; 2) BY 8/30/23 AND ANNUALLY, PRIME WILL ENABLE AGE-APPROPRIATE ACTIVITIES AT 180-DAYS COMPARED TO AT ENROLLMENT; 3) BY 8/30/24 AND ANNUALLY, PRIME WILL REDUCE THE INCIDENCE OF CONVERSION TO FIRST EPISODE PSYCHOSIS AT THE 360-DAY ASSESSMENT COMPARED TO AVERAGE INDIVIDUAL PREDICTED RISK AT ENROLLMENT; 4) BY 8/30/24 AND ANNUALLY, PRIME WILL REDUCE DUP AMONG CHR-P CLIENTS WHO CONVERT TO PSYCHOSIS AS COMPARED TO FIRST EPISODE CLINIC ENROLLEES.  PRIME WILL CONDUCT 100 OUTREACH PRESENTATIONS A YEAR TO SCHOOL, MENTAL HEALTH, PRIMARY CARE, AND SOCIAL SERVICES.  THROUGH PARTNERSHIPS WITH THREE COMMUNITY ORGANIZATIONS, WE WILL CONDUCT UNIVERSAL, SELF-REPORT SCREENINGS OF ROUGHLY 1000 NEW CLIENTS YEARLY, LEADING TO IN-PERSON SIPS EVALUATION IN THOSE WHO ARE ELIGIBLE.  THE CUMULATIVE NUMBER OF INDIVIDUALS CONTACTED THROUGH OUTREACH EFFORTS WILL BE 200 BY THE END OF YEAR ONE AND INCREASE BY 400 ANNUALLY THEREAFTER.  THE CUMULATIVE NUMBERS OF INDIVIDUALS REFERRED TO PRIME FOR SCREENING WILL BE 125 BY THE END OF YEAR ONE AND INCREASE BY AS MANY ANNUALLY THEREAFTER.  A TOTAL OF 120 NEW, UNDUPLICATED CLIENTS (30 PER YEAR) WILL BE SERVED ACROSS THE 4-YEAR AWARD PERIOD.",1599961,1599961,1199961,400000,2026-01-14,TAGGS,2026-01-15,N/A,2022-09-30,2026-09-29,Center for Mental Health Services,93.104,COMPREHENSIVE COMMUNITY MENTAL HEALTH SERVICES FOR CHILDREN WITH SERIOUS EMOTIONAL DISTURBANCES (SED),SM-22-008,Community Programs for Outreach and Intervention with Youth and Young Adults at Clinical High Risk…,https://www.samhsa.gov/grants/grant-announcements/sm-22-008,MENTAL HEALTH & ADDICTION SERVICES CONNE,CT,HARTFORD,CT-01,Health Department,https://taggs.hhs.gov/Detail/AwardDetail?arg_AwardNum=H79SM086135&arg_ProgOfficeCode=80,https://www.usaspending.gov/award/ASST_NON_H79SM086135_075/
SM086136,Restored,Reinstated (confirmed),SWAY: Supporting Wellness for Adolescents and Young adults at clinical high risk for psychosis,"SWAY: SUPPORTING WELLNESS FOR ADOLESCENTS AND YOUNG ADULTS AT CLINICAL HIGH RISK FOR PSYCHOSIS - THE RESEARCH FOUNDATION FOR MENTAL HYGIENE ON BEHALF OF THE NEW YORK STATE OFFICE OF MENTAL HEALTH IS PARTNERING WITH THE ZUCKER HILLSIDE HOSPITAL (ZHH) TO IMPLEMENT SWAY: SUPPORTING WELLNESS FOR ADOLESCENTS AND YOUNG ADULTS AT CLINICAL HIGH RISK FOR PSYCHOSIS (CHR-P). OUR GOALS ARE TO (1) INCREASE THE IDENTIFICATION OF YOUTH AT CHR-P AND CONNECTION OF INDIVIDUALS WITH CHR-P TO SPECIALIZED SERVICES, (2) TRAIN BEHAVIORAL HEALTHCARE STAFF IN EVIDENCE-BASED SCREENING, ASSESSMENT, AND INTERVENTION FOR YOUTH AT CHR-P, (3) PROVIDE EVIDENCE-BASED INTERVENTIONS FOR A DIVERSE, UNDERSERVED COMMUNITIES OF YOUTH AND YOUNG ADULTS AGES 12-25 AT CHR-P TO IMPROVE SYMPTOMS AND FUNCTIONING, AND (4) DELAY OR PREVENT THE ONSET OF PSYCHOSIS AND MINIMIZE THE DURATION OF UNTREATED PSYCHOSIS FOR THOSE WHO DO DEVELOP PSYCHOTIC SYMPTOMS. WE WILL TRAIN PROVIDERS IN THE ASSESSMENT OF CHR-P USING THE STRUCTURED INTERVIEW FOR PSYCHOSIS-RISK SYNDROMES (SIPS) AND OTHER TOOLS, AND INDIVIDUALS WHO ARE IDENTIFIED AS MEETING CHR-P CRITERIA WILL BE OFFERED ENROLLMENT IN SWAY, WHERE THEY WILL RECEIVE STEPPED-CARE EVIDENCE-BASED TREATMENT. AS RECOMMENDED BY THE LITERATURE, THE EVIDENCE-BASED APPROACH WILL BE FLEXIBLE AND MODULAR TO MEET THE DIVERSE NEEDS OF INDIVIDUALS EXPERIENCING CHR-RELATED DISTRESS AND BASED ON THE EVIDENCE-BASED INTERVENTIONS PROVIDED TO INDIVIDUALS EXPERIENCING EARLY PSYCHOSIS, INCLUDING CBT-INFORMED PSYCHOTHERAPY AND PSYCHOEDUCATION FOR PARTICIPANTS AND THEIR FAMILIES. THE CHR-P TEAM WILL INCLUDE A PROGRAM COORDINATOR RESPONSIBLE FOR CLINICAL SUPERVISION, OVERSEEING OVERALL TEAM FUNCTIONING, AND OUTREACH; A CLINICAL COORDINATOR WHO WILL BE THE PRIMARY THERAPIST; A SUPPORTED EMPLOYMENT AND EDUCATION SPECIALIST; AND A PSYCHIATRIST. WE EXPECT TO PROVIDE STEPPED-CARE SERVICES TO APPROXIMATELY 20 INDIVIDUALS PER YEAR, AND TO SERVE A TOTAL OF 80 PEOPLE DURING THE PROJECT PERIOD. SERVICES WILL BE PROVIDED IN A FLEXIBLE, DEVELOPMENTALLY SENSITIVE WAY, IN PARTICIPANTS' HOMES, COMMUNITY OR IN THE CLINIC, WITH AN ABILITY TO MODIFY THE FREQUENCY AND INTENSITY OF SERVICES TO MEET NEEDS AND HONOR PREFERENCES. FOR INDIVIDUALS WHO ARE IDENTIFIED AS HAVING EARLY PSYCHOSIS, EITHER AT THE TIME OF THE ELIGIBILITY EVALUATION OR DUE TO CONVERSION AFTER ENROLLMENT, REFERRALS WILL BE MADE FOR COORDINATED SPECIALTY CARE TO THE ONTRACKNY TEAM AT THE EARLY TREATMENT PROGRAM AT ZHH, OR OTHER ONTRACKNY TEAMS BASED ON AVAILABILITY AND/OR GEOGRAPHIC PREFERENCE OF THE YOUNG PERSON AND THEIR FAMILY.",1579999,1579999,1107393.6800000002,472605.31999999983,2026-01-14,"Reported to GW, TAGGS",2026-01-15,N/A,2022-09-30,2026-12-31,Center for Mental Health Services,93.104,COMPREHENSIVE COMMUNITY MENTAL HEALTH SERVICES FOR CHILDREN WITH SERIOUS EMOTIONAL DISTURBANCES (SED),SM-22-008,Community Programs for Outreach and Intervention with Youth and Young Adults at Clinical High Risk…,https://www.samhsa.gov/grants/grant-announcements/sm-22-008,"RESEARCH FOUNDATION FOR MENTAL HYGIENE, INC.",NY,NEW YORK,NY-13,"Research Institution, Foundation and Laboratory",https://taggs.hhs.gov/Detail/AwardDetail?arg_AwardNum=H79SM086136&arg_ProgOfficeCode=80,https://www.usaspending.gov/award/ASST_NON_H79SM086136_075/
SM086138,Restored,Reinstated (confirmed),North Dakota Rural and Tribal Suicide Care Project (RT-SC),"NORTH DAKOTA RURAL AND TRIBAL SUICIDE CARE PROJECT (RT-SC) - NORTH DAKOTA (ND) HAD THE SECOND-HIGHEST STATE INCREASE IN SUICIDE RATES BETWEEN 2000 AND 2018. COMPLICATING THIS PROBLEM IS THE LIMITED CRISIS SUPPORT AND RESOURCES THAT EXIST IN REMOTE AND TRIBAL COMMUNITIES IN ND. IN RESPONSE, THE NORTH DAKOTA RURAL AND TRIBAL SUICIDE CARE PROJECT (RT-SC), SERVING YOUTH AGES 10-24, WILL PROVIDE SUICIDE PREVENTION AND INTERVENTION SUPPORTS FOR 12 COUNTIES LOCATED IN THE NORTH-CENTRAL AND PARTS OF THE NORTHEASTERN REGIONS OF ND. THE RT-SC PROJECT WILL SERVE MULTIPLE COMMUNITIES, HEALTH AND BEHAVIORAL HEALTH CARE PROVIDERS, SCHOOLS, AND ORGANIZATIONS TO IMPLEMENT A CULTURALLY APPROPRIATE SUICIDE PREVENTION STRATEGY BY LEVERAGING EXISTING SERVICES IN UNDER-RESOURCED COMMUNITIES. THE PROJECT WILL SUPPORT UPSTREAM PREVENTION, INTEGRATES EVIDENCE-BASED PRACTICES, AND EVALUATES OUTCOMES. THESE EFFORTS INCLUDE COMMUNITY-WIDE ENGAGEMENT, CRITICAL STAKEHOLDER PARTNERSHIPS, AND DATA GATHERING PROCESSES.   RT-SC WILL PROVIDE CLINICAL SCREENINGS FOR OVER 500 YOUTH PER YEAR AND UPSTREAM INTERVENTION TO 2,000 YOUTH PER YEAR FOR A TOTAL OF 12,500 YOUTH SERVED ACROSS THE FIVE YEARS OF THE PROJECT. RT-SC WILL PROVIDE EDUCATION, TRAINING, AND TECHNICAL ASSISTANCE TO OVER 360 PEOPLE A YEAR FOR A TOTAL OF 1,804 PEOPLE SERVED. PROJECT GOALS AND OBJECTIVES ARE 1) TO DEVELOP, TEST, AND DISSEMINATE A MODEL OF SUICIDE CARE FOR YOUTH AGES 10-24 IN CRITICAL ACCESS HOSPITALS AND COMMUNITY CLINICS TO ELEVATE THE ND STANDARD OF CARE. THE SBIRT-SUICIDE CARE (SBIRT-SC) PROTOCOL WILL BE ADOPTED FOR RURAL AND TRIBAL COMMUNITIES. TRAINING ON BRIEF INTERVENTION, SAFETY PLANNING, LETHAL MEANS COUNSELING, AND FOLLOW-UP/MONITORING WILL BE PROVIDED. A COMMUNITY-BASED REFERRAL NETWORK SERVING CRITICAL ACCESS HOSPITALS AND CRISIS RESPONSE TEAMS WILL BE DEVELOPED AND TECHNICAL ASSISTANCE WILL BE PROVIDED SUPPORTING FUTURE IMPLEMENTATION ACROSS THE REGION. PRE-SERVICE TRAINING ON SUICIDE PREVENTION AND SCREENING TOOLS WILL BE OFFERED. 2) TO PROVIDE SUICIDE PREVENTION, EARLY INTERVENTION, AND TREATMENT SERVICES IN SCHOOL AND COMMUNITY SETTINGS FOR YOUTH 10-18 YEARS OLD. TRAINING WILL BE OFFERED TO SCHOOL COUNSELORS, EDUCATORS, AND STAFF IN THE REGION ON SUICIDE PREVENTION AND INTERVENTION INCLUDING THE ADOPTION OF SUICIDE SAFETY TRAINING AND SOURCES OF STRENGTH. A PARTNER HEALTH CARE CENTER WILL PILOT AN UPSTREAM PREVENTION PROGRAM IN TWO REMOTE COMMUNITIES. SKILLS TRAINING (ASIST) AND QUESTION, PERSUADE AND REFER (QPR) TRAINING WILL BE PROVIDED TO FOSTER CARE AND JUVENILE JUSTICE STAFF. QPR TRAINING WILL ALSO BE PROVIDED TO PRE-SERVICE TEACHERS. TRAINING ON EVIDENCE-BASED CRISIS RESPONSES WILL BE OFFERED TO SCHOOLS AND THE RURAL AND TRIBAL COMMUNITIES. 3) TO DEVELOP AND IMPLEMENT A POST-INCIDENT RESPONSE SYSTEM TO PROVIDE SUPPORT TO FAMILIES AND OTHERS AFTER A SUICIDE ATTEMPT OR DEATH. TWO TOOLKITS, ONE FOR FQHCS AND CRITICAL ACCESS HOSPITALS AND ANOTHER FOR FOSTER PARENTS, WILL BE DEVELOPED TO PROVIDE CONTENT ON POST-INCIDENT INTERVENTIONS. THE FOSTER PARENT TOOL KIT WILL ALSO ENHANCE THEIR ABILITY TO RECOGNIZE SIGNS AND RISKS OF SUICIDE. 4) TO DEVELOP AND IMPLEMENT A COMMUNITY-BASED LETHAL MEANS REDUCTION CAMPAIGN IN PARTNERSHIP WITH GUN SHOPS, SPORTSMEN’S CLUBS, GAME AND FISH, AND THE GUN-OWNING COMMUNITY. THIS INCLUDES A MEDIA CAMPAIGN FOR THE GUN SHOPS, SPORTSMEN’S CLUBS, AND THE GUN-OWNING COMMUNITY IN THE REGION REGARDING THE DANGERS OF ACCESS TO LETHAL MEANS ALONG WITH QPR TRAINING. 5) TO EVALUATE THE IMPACT OF CLINICAL AND COMMUNITY SUICIDE PREVENTION PROJECT ACTIVITIES ON CHANGES IN SUICIDE RISK IDENTIFICATION, CLINICAL SERVICE DELIVERY, AND LETHAL AND NON-LETHAL SUICIDE ATTEMPTS. THIS PROJECT WILL TRACK THE AMOUNT OF TRAINING, SCREENINGS, RISK ASSESSMENTS, SAFETY PLANS, SUICIDE-SPECIFIC INTERVENTIONS, FOLLOW-UP PHONE CALLS/TEXTS, AND NON-DEMAND CARING CONTACT TEXTS. IT WILL CONDUCT AN OUTCOME EVALUATION ON PROJECT IMPACT WITH AN ANTICIPATED 20% REDUCTION IN SUICIDES AND SUICIDE ATTEMPTS AMONG YOUTH 10-24 ACROSS NCND.",2937731,2203123,1279975.8599999999,1657755.1400000001,2026-01-14,TAGGS,2026-01-15,N/A,2023-09-30,2028-09-29,Center for Mental Health Services,93.243,SUBSTANCE ABUSE AND MENTAL HEALTH SERVICES PROJECTS OF REGIONAL AND NATIONAL SIGNIFICANCE,SM-22-003,Cooperative Agreements for the Garrett Lee Smith State/Tribal Youth Suicide Prevention and Early I…,https://www.samhsa.gov/grants/grant-announcements/sm-22-003,UNIVERSITY OF NORTH DAKOTA,ND,GRAND FORKS,ND-00,"Junior College, College & University",https://taggs.hhs.gov/Detail/AwardDetail?arg_AwardNum=H79SM086138&arg_ProgOfficeCode=80,https://www.usaspending.gov/award/ASST_NON_H79SM086138_075/
SM086141,Restored,Reinstated (confirmed),"Help Me Grow, Help Me Thrive System of Care (HMG/HMT SoC)","HELP ME GROW, HELP ME THRIVE SYSTEM OF CARE (HMG/HMT SOC) - THE PURPOSE OF THE HELP ME GROW (HMG)/HELP ME THRIVE (HMT) SOC IS TO ESTABLISH AN EXPANDED SYSTEM OF COMPREHENSIVE, COORDINATED TREATMENT, AND COMMUNITY-BASED SERVICES THAT ARE FAMILY-CENTERED, TRAUMA-INFORMED, AND EVIDENCE-BASED. THE HMG/HMT SOC WILL BE IMPLEMENTED IN THREE PROJECT PHASES - EXPANSION AND ENRICHMENT OF HMG INTO HMT (PHASE I), PLANNING AND IMPLEMENTATION OF HMT (PHASE II), AND ALIGNMENT WITH OTHER SOCS IN NORTH TEXAS (PHASE III). THIS SYSTEM OF CARE (SOC) GEOGRAPHIC CATCHMENT AREA INCLUDES 10 NORTH TEXAS COUNTIES (COLLIN, COOKE, DENTON, ELLIS, FANNIN, GRAYSON, KAUFMAN, NAVARRO, ROCKWALL, WISE). THESE COUNTIES SPAN AN IMMENSELY LARGE AREA, COVERING 7,116.2 SQUARE MILES (US CENSUS BUREAU, 2020). MHMR SEEKS TO RESPOND TO THE HMG/HMT SOC POPULATION OF FOCUS INCLUDING ALL FAMILIES WITH YOUNG CHILDREN (BIRTH TO AGE 16) AND THEIR CAREGIVERS TO PROMOTE HEALTHY SOCIAL-EMOTIONAL DEVELOPMENT AND PREVENT MENTAL, EMOTIONAL, AND BEHAVIORAL DISORDERS. ADDITIONALLY, TO PREVENT SED/SMI, CHILDREN EXHIBITING BEHAVIORAL CONCERNS OR HAVING ADVERSE EXPERIENCES/TRAUMA WILL BE OF FOCUS. TARGETED POPULATIONS ALSO INCLUDE RURAL, POVERTY, AND THOSE LIVING IN HOMELESSNESS.  PHASE I OF THE PROJECT WILL FOCUS ON COOKE, DENTON, ELLIS, NAVARRO, AND WISE COUNTIES. DURING PHASE I, THE PROGRAM WILL BEGIN TO OFFER NAVIGATION IN SCHOOLS, PRIMARY CARE SETTINGS, AND COMMUNITY LOCATIONS WHERE FAMILIES/YOUTH VISIT SUCH AS FAMILY RESOURCE CENTERS (FRCS) AND COMMUNITY/RECREATION CENTERS. PHASE II WILL FOCUS ON HMG PLANNING AND IMPLEMENTATION IN COLLIN, FANNIN, GRAYSON, KAUFMAN, AND ROCKWALL COUNTIES. WE WILL LEVERAGE EXISTING RESOURCES TO ADVANCE AN INTEGRATED, CROSS-SECTOR SYSTEM TO 1) PROMOTE THE OPTIMAL DEVELOPMENT OF ALL CHILDREN AND YOUTH; 2) IDENTIFY CONCERNS AND NEEDS AMONG FAMILIES WITH ADOLESCENTS; 3) LINK FAMILIES TO COMMUNITY-BASED RESOURCES; 4) WORK IN PARTNERSHIP WITH FAMILIES BY PRIORITIZING PARENT AND CAREGIVER GOALS FOR THEIR CHILDREN'S WELL-BEING; AND 5) FOLLOW-UP WITH FAMILIES AS WELL AS THEIR SERVICE AND HEALTH CARE PROVIDERS TO ENSURE A SYNERGISTIC APPROACH TO SUPPORT. DURING PHASE III, HMG/HMT WILL COLLABORATE WITH OTHER SOCS, INCLUDING DALLAS COUNTY, TO CREATE A COMPREHENSIVE NORTH TEXAS REGIONAL SYSTEM OF CARE.  GOALS FOR THE PROJECT INCLUDE 1) TO ENHANCE THE HELP ME GROW, HELP ME THRIVE COLLABORATIVE FRAMEWORK OF A HIGH-QUALITY, INNOVATIVE, AND SUSTAINABLE FAMILY SUPPORT SYSTEM, WITH EACH ELEMENT INFORMED BY THE NEEDS AND CHALLENGES OF CHILDREN/YOUTH (BIRTH TO AGE 16) AT-RISK FOR SED/SMI AND THEIR FAMILIES, BY 09/29/2026; 2) EXPAND ACCESS TO A CONTINUUM OF BEHAVIORAL AND MENTAL HEALTH SERVICES AND ENSURE EARLY IDENTIFICATION OF FAMILIES WITH CHILDREN/YOUTH, AGE BIRTH TO 16, WHO ARE AT-RISK FOR SED/SMI, BY 09/29/2026; 3) STRENGTHEN 1,010 CHILDREN/YOUTH (BIRTH TO AGE 16) AT RISK FOR SED/SMI, THEIR PARENTS, AND PROVIDERS BY PROVIDING HIGH-QUALITY CUSTOMIZED NAVIGATION, DIRECT SERVICES, AND EFFECTIVE EVIDENCE-BASED FAMILY STRENGTHENING PROGRAMS, BY 09/29/2026; AND 4) ESTABLISH SOC LINKAGES AND COMPREHENSIVE SUPPORT SERVICES TO INCREASE PARTICIPANT'S ABILITY TO LIVE INDEPENDENTLY AND RESPONSIBLY, BY 09/29/2026. THE PROJECT AIMS TO SERVE 730 FAMILIES THROUGH NAVIGATION AND 280 THROUGH INTERVENTION ACROSS 4 YEARS (120 NAVIGATION/40 INTERVENTION IN YEAR 1, 160 NAVIGATION/60 INTERVENTION IN YEAR 2, 200 NAVIGATION/80 INTERVENTION IN YEAR 3, AND 250 NAVIGATION/100 INTERVENTION IN YEAR 4).",3530298,3530298,2609549.68,920748.3199999998,2026-01-14,TAGGS,2026-01-15,N/A,2022-09-30,2026-09-29,Center for Mental Health Services,93.104,COMPREHENSIVE COMMUNITY MENTAL HEALTH SERVICES FOR CHILDREN WITH SERIOUS EMOTIONAL DISTURBANCES (SED),SM-22-007,Grants for Expansion and Sustainability of the Comprehensive Community Mental Health Services for…,https://www.samhsa.gov/grants/grant-announcements/sm-22-007,MY HEALTH MY RESOURCES OF TARRANT COUNTY,TX,FORT WORTH,TX-12,Other Health Organization,https://taggs.hhs.gov/Detail/AwardDetail?arg_AwardNum=H79SM086141&arg_ProgOfficeCode=80,https://www.usaspending.gov/award/ASST_NON_H79SM086141_075/
SM086145,Restored,Reinstated (confirmed),"The purpose of this program is to provide resources to improve the mental health outcomes for children and youth, birth through age 21, with serious emotional disturbances (SED) and their families.","THE PURPOSE OF THIS PROGRAM IS TO PROVIDE RESOURCES TO IMPROVE THE MENTAL HEALTH OUTCOMES FOR CHILDREN AND YOUTH, BIRTH THROUGH AGE 21, WITH SERIOUS EMOTIONAL DISTURBANCES (SED) AND THEIR FAMILIES. - THE PURPOSE OF ND'S SYSTEM OF CARE EXPANSION AND SUSTAINABILITY GRANT IS TO IMPROVE THE MENTAL HEALTH OUTCOMES FOR CHILDREN AND YOUTH, BIRTH THROUGH AGE 21, WITH SED AND THEIR FAMILIES. THE ND DEPARTMENT OF HUMAN SERVICES' BEHAVIORAL HEALTH DIVISION (BHD) HAS IDENTIFIED TWO GOALS FOR THE SOC GRANT. THE FIRST GOAL IS TO DEVELOP A SUSTAINABLE INFRASTRUCTURE TO SUPPORT THE SOC APPROACH FOR ND CHILDREN WITH SED AND THEIR FAMILIES. THE SECOND GOAL IS TO INCREASE ACCESS OF HIGH-QUALITY AND CULTURALLY APPROPRIATE SERVICES AND SUPPORTS AVAILABLE TO CHILDREN WITH SED AND THEIR FAMILIES IN THE IDENTIFIED REGIONS. THE BHD IS ESTIMATING TO SERVE APPROXIMATELY 900 UNDUPLICATED INDIVIDUALS IN YEAR ONE OF THE GRANT, WITH AN EXPECTED INCREASE OF 10% EACH YEAR OF THE GRANT PROGRAM. THE ESTIMATED TOTAL NUMBER OF UNDUPLICATED INDIVIDUALS FOR THE WHOLE PROJECT IS 1,197. THE SOC WILL BE IMPLEMENTED IN TWO REGIONS OF THE STATE, LAKE REGION HUMAN SERVICE CENTER (LRHSC; REGION III) AND WEST CENTRAL HUMAN SERVICE CENTER (WCHSC; REGION VII). LRHSC SERVES A SIX-COUNTY AREA AS WELL AS THE TURTLE MOUNTAIN RESERVATION AND SPIRIT LAKE RESERVATION. THIS 6,756 SQUARE MILE AREA IS HOME TO ABOUT 43,168 PEOPLE. WCHSC SERVES A TEN-COUNTY AREA THAT INCLUDES THE STANDING ROCK INDIAN RESERVATION, AND PART OF THE FORT BERTHOLD INDIAN RESERVATION. THIS 14,452 SQUARE MILE AREA IS HOME TO APPROXIMATELY 130,000 PEOPLE. IN 2021, LRHSC SERVED APPROXIMATELY 301 CHILDREN WITH SED. WCHSC SERVED APPROXIMATELY 3,133 CLIENTS IN 2021, 543 OF WHICH WERE CHILDREN WITH SED. TO ACCOMPLISH THE FIRST GOAL TO DEVELOP A SUSTAINABLE INFRASTRUCTURE TO SUPPORT THE SOC APPROACH FOR ND CHILDREN WITH SED AND THEIR FAMILIES, THE BHD HAS IDENTIFIED FOUR OBJECTIVES. THE FIRST OBJECTIVE IS THE ESTABLISHMENT OF A LOCAL STEERING COMMITTEE IN EACH OF THE TWO IMPLEMENTATION REGIONS AS EVIDENCED BY A COMMITTEE MEETING AGENDA AND MINUTES WITH MEMBERSHIP TO INCLUDE INDIVIDUALS ACROSS CHILD-SERVING AGENCIES, PROVIDERS AND PROGRAMS. THE SECOND OBJECTIVE IS THE BHD WILL HAVE A COMPLETE NEEDS ASSESSMENT WHICH ADDRESSES GAPS IN SERVICE DELIVERY FOR THE CHILDREN/YOUTH TO BE SERVED BY THE PROJECT IN THE TWO REGIONS OF THE STATE, AS EVIDENCED BY A COMPLETE ASSESSMENT REPORT. THE THIRD OBJECTIVE IS THE BHD WILL HAVE A TRAINING PLAN AND CALENDAR FOR SERVICE PROVIDERS DEVELOPED, AS EVIDENCED BY A WRITTEN PLAN. THIS TRAINING PLAN WILL INCLUDE METHODS IN WHICH THE BHD WILL SUPPORT SERVICE PROVIDERS IN ALL ASPECTS OF SOC DEVELOPMENT AND IMPLEMENTATION, INCLUDING EVIDENCE-BASED PROCESSES AND PRACTICES. THE FOURTH OBJECTIVE IS THE BHD WILL HAVE A SUSTAINABILITY PLAN TO ENSURE SYSTEM OF CARE ACTIVITIES WILL CONTINUE, AS EVIDENCED BY A WRITTEN PLAN. TO ACCOMPLISH THE SECOND GOAL TO INCREASE ACCESS OF HIGH-QUALITY AND CULTURALLY APPROPRIATE SERVICES AND SUPPORTS AVAILABLE TO CHILDREN WITH SED AND THEIR FAMILIES IN THE IDENTIFIED REGIONS, THE BHD HAS IDENTIFIED TWO OBJECTIVES. THE FIRST OBJECTIVE IS THE BHD WILL ENTER INTO AGREEMENT WITH THE TWO REGIONAL, PUBLICLY-FUNDED BEHAVIORAL HEALTH CLINICS WITHIN THE IMPLEMENTATION REGIONS TO BUILD UPON CURRENT SERVICE DELIVERY FOR CHILDREN AND YOUTH WITH SED AND THEIR FAMILIES. THE SECOND OBJECTIVE IS THE BHD WILL ENTER INTO AGREEMENTS WITH PRIVATE AGENCIES IN THE TWO REGIONS IN ORDER TO BEGIN NEW SERVICE DELIVERY TO BUILD A COMPREHENSIVE SYSTEM OF CARE IN EACH GEOGRAPHIC CATCHMENT AREA.",10672466,10672466,7052900,3619566,2026-01-14,TAGGS,2026-01-15,N/A,2022-09-30,2027-09-29,Center for Mental Health Services,93.104,COMPREHENSIVE COMMUNITY MENTAL HEALTH SERVICES FOR CHILDREN WITH SERIOUS EMOTIONAL DISTURBANCES (SED),SM-22-007,Grants for Expansion and Sustainability of the Comprehensive Community Mental Health Services for…,https://www.samhsa.gov/grants/grant-announcements/sm-22-007,NORTH DAKOTA DEPARTMENT OF HUMAN SERVICES,ND,BISMARCK,ND-00,Welfare Department,https://taggs.hhs.gov/Detail/AwardDetail?arg_AwardNum=H79SM086145&arg_ProgOfficeCode=80,https://www.usaspending.gov/award/ASST_NON_H79SM086145_075/
SM086146,Restored,Reinstated (confirmed),Nebraska Native GLS Tribal Youth Suicide & Early Intervention,"NEBRASKA NATIVE GLS TRIBAL YOUTH SUICIDE & EARLY INTERVENTION - SUMMARY:  THE NEBRASKA NATIVE GLS TRIBAL YOUTH PROGRAM WILL BE AN INTERTRIBAL EFFORT SERVING AMERICAN INDIAN CHILDREN AND ADOLESCENTS, AND THEIR FAMILIES, FROM RURAL/FRONTIER AND RESERVATIONS THROUGHOUT NEBRASKA. THE PURPOSE OF THE PROJECT IS TO PROVIDE CULTURALLY APPROPRIATE EVIDENCE-BASED TRAUMA-FOCUSED MENTAL DISORDER TREATMENT AND SERVICES FOR DIVERSE AND AT-RISK CHILDREN AND ADOLESCENTS IN OUTPATIENT, HOME BASED OR RESIDENTIAL SETTINGS.  DEMOGRAPHICS AND CLINICAL CHARACTERISTICS:  THERE ARE 13,459 CHILDREN AND ADOLESCENTS BETWEEN THE AGES OF 0-19 (41% OF THE TOTAL NATIVE AMERICAN POPULATION IN NEBRASKA), WITH GENDER DIVIDED UP AS 52% MALES AND 48% FEMALE. ONE OUT OF THREE AMERICAN INDIAN CHILDREN IN NEBRASKA LIVE IN POVERTY COMPARED TO ONE OUT OF TEN WHITE CHILDREN. NATIVE AMERICANS BETWEEN THE AGES OF 10-19 EXPERIENCE THE HIGHEST RATE OF SUICIDE OF ANY POPULATION IN NEBRASKA, 2.4 TIMES HIGHER WHEN COMPARED TO THE SAME AGE GROUP IN THE WHOLE STATE (VOICES FOR CHILDREN, 2019). THURSTON COUNTY, WHERE 25% OF THE TOTAL NATIVE AMERICAN POPULATION RESIDES IN NEBRASKA, SHOWS THE HIGHEST SUICIDE RATE AMONG ALL COUNTIES IN NEBRASKA (UNIVERSITY OF NEBRASKA, 2015). STRATEGIES/INTERVENTIONS: 1) ESTABLISH EVIDENCE-BASED TRAUMA-FOCUSED MENTAL DISORDER TREATMENT AND SERVICES (INCLUDING SCREENING, ASSESSMENT, CARE MANAGEMENT, THERAPY/INTERVENTION, PREVENTION, AND POSTVENTION). 2) DEVELOP OUTREACH, ENGAGEMENT, AND REFERRAL STRATEGIES TO INCREASE PARTICIPATION FROM THE POPULATION OF FOCUS. 3) DELIVER PSYCHOEDUCATION RELATED ON BEHAVIORAL HEALTH AND SUICIDE PREVENTION SIGNS AND SYMPTOMS. 4) COLLECT BEHAVIORAL HEALTH DATA TO MEASURE EFFECTIVENESS OF INTERVENTIONS.  GOALS AND MEASURABLE OBJECTIVES:  GOAL 1: PROVIDE DIRECT CULTURALLY APPROPRIATE EVIDENCE-BASED TRAUMA-FOCUSED MENTAL DISORDER TREATMENT AND SERVICES TO THE POPULATION OF FOCUS. OBJECTIVE 1.1: PROVIDE CULTURALLY AND LINGUISTICALLY APPROPRIATE MENTAL HEALTH SERVICES TO 150 CHILDREN AND ADOLESCENTS (19 YEARS OLD AND YOUNGER) AFFECTED BY TRAUMATIC EVENTS. GOAL 2: IMPLEMENT A ROBUST INTERNAL AND EXTERNAL REFERRAL PROCESS THROUGH PARTNERSHIPS WITH ENTITIES SERVING THE POPULATION OF FOCUS. OBJECTIVE 2.1: BUILD INTERNAL CAPACITIES TO MAKE REFERRALS TO CULTURAL SERVICES AND/OR CULTURALLY APPROPRIATE SUICIDE PREVENTION, INTERVENTION, OR POSTVENTION SERVICES, INCLUDING NATURAL SUPPORT SYSTEMS TO ALL INDIVIDUALS IN NEED OF SUCH SERVICES. GOAL 3: PROVIDE TRAINING TO EDUCATORS, CHILDCARE PROFESSIONALS, COMMUNITY CARE PROVIDERS, TO EFFECTIVELY IDENTIFY YOUTH WHO ARE AT RISK FOR SUICIDE, INCLUDING YOUTH OF DIVERSE LINGUISTIC AND CULTURAL BACKGROUNDS. OBJECTIVE 3.1: EDUCATE AND TRAIN TEN (10) EDUCATORS, CHILDCARE PROFESSIONALS, AND COMMUNITY MEMBERS PER YEAR TO RECOGNIZE AND RESPOND TO THE WARNING SIGNS OF SUICIDE AND PREVENT AND INTERVENE IN SUICIDES AND SUICIDE IDEATIONS. GOAL 4: OBTAIN INPUT FROM INDIVIDUALS WITH LIVED EXPERIENCE, INCLUDING SURVIVORS OF LOSS, SURVIVORS OF SUICIDE ATTEMPTS, YOUTH, AND FAMILIES, IN ASSESSING AND IMPLEMENTING THIS PROJECT. OBJECTIVE 4.1: PROVIDE SUPPORT SERVICES TO ALL NATIVE YOUTH AND THEIR FAMILIES IMPACTED BY SUICIDE; AND GOAL 5: COLLECT AND ANALYZE DATA TO MEASURE THE EFFECTIVENESS OF THE STRATEGIES/INTERVENTIONS USED. OBJECTIVE 5.1: COLLECT IPP INDICATORS TO INFORM CLINICAL AND OUTREACH TEAMS OF PROGRESS MADE ON A WEEKLY BASIS.     NUMBER OF PEOPLE TO BE SERVED:  250 CHILDREN AND ADOLESCENTS WILL BE SERVED ANNUALLY. IT IS EXPECTED OVER 1,250 PEOPLE WILL BE SERVED THROUGHOUT THE LIFETIME OF THE PROJECT.",2940000,2205000,1684186.7,1255813.3,2026-01-14,TAGGS,2026-01-15,N/A,2023-09-30,2028-09-29,Center for Mental Health Services,93.243,SUBSTANCE ABUSE AND MENTAL HEALTH SERVICES PROJECTS OF REGIONAL AND NATIONAL SIGNIFICANCE,SM-22-003,Cooperative Agreements for the Garrett Lee Smith State/Tribal Youth Suicide Prevention and Early I…,https://www.samhsa.gov/grants/grant-announcements/sm-22-003,SANTEE SIOUX TRIBE OF NEBRASKA,NE,NIOBRARA,NE-03,Indian Tribal Council,https://taggs.hhs.gov/Detail/AwardDetail?arg_AwardNum=H79SM086146&arg_ProgOfficeCode=80,https://www.usaspending.gov/award/ASST_NON_H79SM086146_075/
SM086147,Restored,Reinstated (confirmed),Puerto Rico Youth Suicide Prevention and Early Intervention Grant Program,"PUERTO RICO YOUTH SUICIDE PREVENTION AND EARLY INTERVENTION GRANT PROGRAM - THE MENTAL HEALTH AND ANTI-ADDICTION SERVICES ADMINISTRATION (MHAASA) OF PUERTO RICO PROPOSES A 55-YEAR PR YOUTH SUICIDE PREVENTION PROJECT (PR-YSP) TO EXPAND CAPACITY OF YOUTH-SERVING SYSTEMS (EDUCATION, JUVENILE JUSTICE, AND CHILD WELFARE) TO IDENTIFY, APPROPRIATELY INTERVENE AND REFER A TOTAL OF 675 AT RISK YOUTH, 10-24 YEARS, AND OFFER EVIDENCE  BASED (ASIST, CBT FOR ADOLESCENT SUICIDALITY AND ROS) EARLY MENTAL HEALTH INTERVENTIONS IN ITS SAN JUAN CLINIC. THE PR FORENSIC SCIENCE INSTITUTE REPORTED 194 DEATHS BY SUICIDE IN 01, 5 OF ADOLESCENTS. THE PR POISON CONTROL CENTER (POISON HELP), IN 2020 REFLECTED 650 (16.5%) SUICIDE ATTEMPTS, 27.2% (52 MALE AND 125 FEMALES) OF ADOLESCENTS. MHAASA'S PAS HOTLINE SHOED 1,335 CALLS IN 2020, AND 3026 IN 2021, RELATED TO YOUTH (10-17) WITH SUICIDE THOUGHTS/ATTEMPTS. FOR THE PROPOSED PROJECT, CHILDREN AND YOUTH OF ALL GENDERS OR SEXUAL ORIENTATIONS, ANY ETHNIC OR RACIAL GROUP (MAJORITY EXPECTED TO BE HISPANIC), WHO ARE REFERRED BY AGENCIES OR THE COMMUNITY, WITH SUICIDAL IDEATION OR BEHAVIOR, WILL BE ELIGIBLE. ABOUT 75 CLIENTS IN YR 01 AND 150 A YEAR FOR YR'S 02-05 FOR A TOTAL O 675 AT PROJECT END ARE PROPOSED TO BE SERVED. SUMMARIZED GOAL AND OBJECTIVES INCLUDE: G1. INCREASE YOUTH-SERVING AGENCIES/ORGANIZATIONS ABLE TO IDENTIFY, INTERVENE AND REFER YOUTH WITH SUICIDE RISK FACTORS IN A 5-YEAR PERIOD: 1A. DEVELOP COLLABORATIVE AGREEMENTS WITH THE PR DEPARTMENTS OF EDUCATION, JUVENILE JUSTICE, AND FAMILY SERVICES, AND THE UNIVERSITY OF PUERTO RICO, FOR TRAINING OF STAFF ON IDENTIFICATION/REFERRAL OF AT RISK YOUTH; 1B. DEVELOP ASIST-BASED WORKSHOPS AIMED TO INCREASE CAPACITY OF YOUTH SERVING STAFF TO IDENTIFY YOUTH AT RISK OF SUICIDE AND CONNECT THEM TO CARE AND SUPPORT USING GUIDELINES OF THE FEDERAL SUICIDE PREVENTION RESOURCE CENTER; 1C. INTEGRATE TRAINING FACILITATORS TO DO TRAINING OF TRAINERS TO INCREASE CAPACITY OF MHAASA'S TREATMENT PROGRAM STAFF TO TRAIN COLLABORATING AGENCY STAFF ON USE OF THE SUICIDE RISK DETECTION SCREENING TOOL; 1D. TRAIN, OVER 5-YER GRANT, ON ASIST, AT LEAST 500 DIRECT SERVICE STAFF OF COLLABORATING SYSTEMS AND ORGANIZATIONS OF THE SAN JUAN AND BAYAMON REGIONS. G2.  IMPLEMENT A MONITORING SYSTEM TO COLLECT  REQUIRED DATA AND MONITOR RESULTS OF REFERRALS TO TREATMENT FOR MENTAL HEALTH SERVICES OF YOUTH AT RISK OF SUICIDE: 2A. INCLUDE IN COLLABORATIVE AGREEMENTS REQUIRED USE OF MONITORING SYSTEM ON YOUTH IDENTIFIED AND RESULTS OF REFERRALS AND CONNECTION TO MH TREATMENT OF AT RISK YOUTH; 2B. ADAPT THE YOUTH SUICIDE PREVENTION REFERRAL AND TRACKING TOOLKIT FOR THE MONITORING SYSTEM; 2C. ANALYZE AND USE RESULTS OF THE MONITORING SYSTEM TO PREVENT SUICIDE AND REDUCE RISKS  OF FUTURE IDEATION AND ATTEMPTS; 2D.  IDENTIFY GAPS IN MH SERVICES FOR YOUTH WITH SUICIDAL RISKS AND DEVELOP A WORK PLAN TO ADDRESS THEM. G3. PROVIDE SPECIALIZED TREATMENT FOR YOUTH WITH SUICIDAL IDEATION OR ATTEMPTS: 3A.  INCREASE SKILLS OF CLINICAL SPECIALISTS IN THE USE OF EBP'S FOR YOUTH WITH SUICIDAL IDEATION OR ATTEMPTS; 3B. DEVELOP COLLABORATIVE AGREEMENTS WITH ER'S AND PSYCHIATRIC INPATIENT UNITS FOR REFERRALS OF SUICIDAL YOUTH; 3C. OFFER SPECIALIZED TREATMENT BY CLINICAL SPECIALIZED CLINICIANS TO AT LEAST 675 YOUTH IN 5 YEARS; 3D. CREATE PEER SUPPORT GROUPS IN SELECTED REGIONS CONNECT YOUTH NEEDING RECOVERY SERVICES. G4. PROVIDE POST SUICIDE INTERVENTIONS TO FAMILY MEMBERS AND SCHOOL STAFF OF YOUTH COMMITTING SUICIDE: 4A.  ESTABLISH A SURVEILLANCE SYSTEM TO KNOW, WITHIN 24 HOURS, WHEN A YOUTH COMMITS SUICIDE AND CONTACT INFORMATION OF FAMILY AND SCHOOL; 4B.  INTEGRATE PAS HOTLINE STAFF IN POST SUICIDE INTERVENTIONS WITH FAMILY MEMBERS AND SCHOOL STAFF NEEDING CRISIS COUNSELING; 4C. ADOPT THE AFTER SUICIDE: A TOOLKIT FOR SCHOOLS AS THE BASIS FOR POST-SUICIDE INTERVENTIONS WITH FAMILIES AND SCHOOL STAFF; 4D.  OFFER POST-SUICIDE SUPPORT TO FAMILIES OF 100% OF YOUTH WHO COMMIT SUICIDE IN SELECTED REGIONS.  A MULTIDISCIPLINARY TEAM, WITH PEER, WILL PROVIDE SERVICES WITH IN-KIND MHAASA SUPPORT.",2643138,1908138,1095866.2,1547271.8,2026-01-14,TAGGS,2026-01-15,N/A,2023-09-30,2028-09-29,Center for Mental Health Services,93.243,SUBSTANCE ABUSE AND MENTAL HEALTH SERVICES PROJECTS OF REGIONAL AND NATIONAL SIGNIFICANCE,SM-22-003,Cooperative Agreements for the Garrett Lee Smith State/Tribal Youth Suicide Prevention and Early I…,https://www.samhsa.gov/grants/grant-announcements/sm-22-003,ADMINISTRACION DE SERVICIOS DE SALUD MENTAL Y CONTRA LA ADICCION,PR,BAYAMON,PR-98,Health Department,https://taggs.hhs.gov/Detail/AwardDetail?arg_AwardNum=H79SM086147&arg_ProgOfficeCode=80,https://www.usaspending.gov/award/ASST_NON_H79SM086147_075/
SM086148,Restored,Reinstated (confirmed),CHR-P 2.0,"CHR-P 2.0 - THE TENNESSEE DEPARTMENT OF MENTAL HEALTH AND SUBSTANCE ABUSE SERVICES (TDMHSAS) IS COMMITTED TO ESTABLISHING AND SUPPORTING EVIDENCE-BASED PRACTICES FOR YOUTH AND YOUNG ADULTS (Y/YA) WHO ARE AT CLINICAL HIGH RISK FOR PSYCHOSIS (CHR-P). TDMHSAS WILL SERVE AS THE LOCUS OF ACCOUNTABILITY FOR THE TENNESSEE CHR-P AND WILL BE RESPONSIBLE FOR OVERSIGHT OF STATE AND LOCAL GRANT RELATED ACTIVITIES AND OUTCOMES. THE CHR-P PROGRAM WILL ALIGN WITH SYSTEM OF CARE GUIDING VALUES AND PRINCIPLES AND WILL FALL WITHIN AN ARRAY OF COMMUNITY-BASED SERVICES AND SUPPORTS FOCUSED ON PROMOTION, PREVENTION, EARLY IDENTIFICATION, TREATMENT, AND RECOVERY. THE FOUR CHR-P PROJECT GOALS ARE TO 1) DELAY OR PREVENT THE ONSET OF PSYCHOSIS BY INCREASING COMMUNITY AWARENESS OF THE CHR-P PROGRAM AND EARLY IDENTIFICATION AND SCREENING PROCEDURES, 2) IMPROVE SYMPTOMATIC AND BEHAVIORAL FUNCTIONING IN Y/YA AT CHR-P, ENABLING THEM TO RESUME AGE-APPROPRIATE SOCIAL, ACADEMIC, AND/OR VOCATIONAL ACTIVITIES, 3) MINIMIZE THE DURATION OF UNTREATED PSYCHOSIS FOR Y/YA WHO DEVELOP PSYCHOTIC SYMPTOMS, AND 4) DEVELOP AND IMPLEMENT CAPACITY BUILDING STRATEGIES TO PROVIDE SUSTAINED SERVICE DELIVERY TO Y/YA AND THEIR FAMILIES. THIS WILL BE ACCOMPLISHED THROUGH A PARTNERSHIP WITH A LOCAL SERVICE PROVIDER, ALLIANCE HEALTHCARE SERVICES, WHO WILL IMPLEMENT TARGETED OUTREACH AND ENGAGEMENT STRATEGIES AND CO-LOCATE AN EVIDENCE-BASED STEPPED-CARE MODEL FOR CHR-P WITH THEIR EXISTING COORDINATED SPECIALTY CARE PROGRAM, ONTRACKTN, IN SHELBY COUNTY, TENNESSEE. DUE TO THE HIGH PREVALENCE OF INDIVIDUALS WHO EXPERIENCE PSYCHOSIS IN THIS AREA AS COMPARED TO OTHER AREAS OF THE STATE, IT IS CRITICAL TO PROVIDE EARLY IDENTIFICATION AND INTERVENTION SERVICES TO Y/YA AGES 12 TO 25 WHO ARE AT CHR-P IN ORDER TO HAVE THE GREATEST IMPACT ON PROGNOSIS AND MINIMIZE THE DURATION OF UNTREATED PSYCHOSIS. BY CO-LOCATING THIS CHR-P SITE WITH AN EXISTING ONTRACKTN SITE, SERVICE PROVISION FOR Y/YA ON THE PSYCHOSIS SPECTRUM IN SHELBY COUNTY WILL BE ENHANCED, FURTHER MINIMIZING AND/OR PREVENTING THE DURATION OF UNTREATED PSYCHOSIS. TEAM-BASED SERVICES AND SUPPORTS WILL INCLUDE ACCESS TO INDIVIDUAL AND FAMILY PSYCHOEDUCATION, SUBSTANCE USE RISK REDUCTION, COGNITIVE BEHAVIORAL THERAPY FOR PSYCHOSIS (CBT-P), SUPPORTED EMPLOYMENT AND EDUCATION, YOUNG ADULT AND FAMILY PEER SUPPORT, EVIDENCE-BASED PHARMACOTHERAPY, AS WARRANTED, AND CASE MANAGEMENT. THE STEPPED-CARE MODEL WILL INCLUDE EVIDENCE-BASED INTERVENTIONS OF VARYING COMPLEXITY, INTENSITY, AND DURATION THAT WILL BE UTILIZED TO TARGET SYMPTOMS, PROBLEMS, AND FUNCTIONAL IMPAIRMENTS CHARACTERIZING DIFFERENT CLINICAL HIGH-RISK STATES. IT'S ANTICIPATED THAT THE CHR-P TEAM WILL SERVE A TOTAL OF 88 Y/YA BY THE END OF THE GRANT, INCLUDING: 15 Y/Y IN YEAR 1, 25 Y/YA IN YEAR 2, 30 Y/YA IN YEAR 3, AND 18 Y/YA IN YEAR 4. TDMHSAS WILL ALSO UTILIZE AN EXISTING STAFF WITHIN THE OFFICE OF RESEARCH, DIVISION OF ADMINISTRATIVE AND REGULATORY SERVICES, WHO IS THE EVALUATOR FOR OUR HEALTHY TRANSITIONS AND FIRST EPISODE PSYCHOSIS INITIATIVES TO CONDUCT EVALUATION, AS WELL AS DEVELOP AND IMPLEMENT DATA PROTOCOLS AND PROCEDURES THAT WILL BE USED TO INFORM CHANGES IN INDIVIDUAL TREATMENT AND PROGRAM IMPLEMENTATION. THIS COORDINATED APPROACH TO CARE, IN CLOSE COLLABORATION WITH THE ONTRACKTN TEAM WITHIN THE SAME AGENCY, WILL INCREASE WORKFORCE CAPACITY AND CREATE A MORE ROBUST CONTINUUM OF CARE FOR Y/YA IN SHELBY COUNTY AT CHR-P EXPERIENCING A FIRST EPISODE OF PSYCHOSIS.",1600000,1600000,1152937.28,447062.72,2026-01-14,TAGGS,2026-01-15,N/A,2022-09-30,2026-12-31,Center for Mental Health Services,93.104,COMPREHENSIVE COMMUNITY MENTAL HEALTH SERVICES FOR CHILDREN WITH SERIOUS EMOTIONAL DISTURBANCES (SED),SM-22-008,Community Programs for Outreach and Intervention with Youth and Young Adults at Clinical High Risk…,https://www.samhsa.gov/grants/grant-announcements/sm-22-008,"MENTAL HEALTH & SUBSTANCE ABUSE SERVICES, TENNESSEE DEPARTMENT OF",TN,NASHVILLE,TN-07,Health Department,https://taggs.hhs.gov/Detail/AwardDetail?arg_AwardNum=H79SM086148&arg_ProgOfficeCode=80,https://www.usaspending.gov/award/ASST_NON_H79SM086148_075/
SM086149,Restored,Reinstated (confirmed),Clinical High Risk for Psychosis,"CLINICAL HIGH RISK FOR PSYCHOSIS - THROUGH THE CLINICAL HIGH RISK FOR PSYCHOSIS (CHR-P) PROGRAM, INTEGRAL CARE WILL IMPLEMENT A STEPPED-CARE MODEL TO REDUCE THE DURATIONS OF UNTREATED PSYCHOSIS FOR INDIVIDUALS UNDER THE AGE OF 24 IN TRAVIS COUNTY (AUSTIN), TEXAS. THIS PROJECT WILL IMPLEMENT EVIDENCED-BASED SCREENING AN ASSESSMENT UTILIZING THE PRODROMAL QUESTIONNAIRE-BRIEF (PQB) AND THE STRUCTURED INTERVIEW FOR PRODROMAL SYMPTOMS AND EXPAND INTEGRAL CARE'S COORDINATED SPECIALTY CARE (CSC) SERVICES FOR YOUTH AND YOUNG ADULTS EXPERIENCING PSYCHOSIS. THIS EVIDENCE BASED MODEL FOR TREATING FIRST EPISODE PSYCHOSIS SUPPORTS SHARED DECISION MAKING THROUGH A TEAM OF SPECIALISTS WORKING TOGETHER TO SUPPORT THE CLIENT WITH THEIR NEEDS AND GOALS AND HAS BEEN SHOWN TO RESULT GREATER IMPROVEMENT IN SYMPTOMS, RELATIONSHIPS, QUALITY OF LIFE, WORK/SCHOOL INVOLVEMENT, AND TREATMENT ENGAGEMENT WHEN COMPARED TO TRADITIONAL SERVICES. CSC IS PART OF A CONTINUUM OF BEHAVIORAL HEALTH SERVICES OF VARYING INTENSITY THAT SUPPORT TRANSITION-AGE YOUTH AND HELP THEM REMAIN ENGAGED IN CARE. OUTREACH AND SCREENING EFFORTS WILL BE FOCUSED ON INDIVIDUALS AGES 15-25 AND WILL TARGET THREE GROUPS: NEW AND  CURRENT CLIENTS WHO ARE 15 TO 17 YEARS OLD AND HAVE NOT YET TRANSITIONED TO ADULT MENTAL HEALTH SERVICES, NEW CLIENTS WHO ARE 18-25 YEARS OLD AND ENTERING SERVICES THROUGH STANDARD AGENCY PROCESSES (STANDARD INTAKE OR CRISIS), AND INDIVIDUALS BETWEEN THE AGES 15-25 WHO ARE REFERRED FROM SECONDARY OR POST-SECONDARY SCHOOLS. INTEGRAL CARE PLANS TO SERVE 500 INDIVIDUAL ANNUALLY THROUGH THIS PROJECT. BY ENHANCING ITS EXISTING CHR-P PROGRAM AND INCREASING ITS CAPACITY TO DELIVER CSC SERVICES, INTEGRAL CARE CAN IMPROVE ACCESS TO CARE AND REDUCE THE WAIT TIME FOR YOUNG ADULTS AT HIGH RISK OF PSYCHOSIS, THUS IMPROVING CLINICAL PROGNOSIS AND QUALITY OF LIFE OUTCOMES. GOALS FOR THIS PROJECT INCLUDE: ENHANCING CURRENT CHR-P PROGRAM BY HIRING A NEW CLINICAL COORDINATOR AND CASE MANAGER, TRAINING 30 STAFF ANNUALLY IN THE PQB SCREENING AND EXPANDING THE AGE RANGE FOR ELIGIBLE CLIENTS TO INCLUDE 15 YEAR OLDS; INCREASING CAPACITY FOR CSC IN TRAVIS COUNTY BY HIRING ADDITIONAL STAFF TO REDUCE CASELOADS AND ADDING 5 SLOTS FOR CLIENTS; ENSURING STRATEGIES AND STRUCTURES ARE INFORMED BY SYSTEM OF CARE PRINCIPLES BY EXPANDING FAMILY AND YOUTH PARTNERSHIP[S, EXPANDING YOUTH AND FAMILY DRIVEN QUALITY IMPROVEMENT COMMITTEE, ATTENDING ONE PROVIDER MEETING PER YEAR TO PROVIDE INFORMATION ON CHR-P, AND INCORPORATING FAMILIES AND YOUTH IN SHARED DECISION MAKING; AND EXPANDING OUTREACH TO SECONDARY SCHOOLS AND POST SECONDARY EDUCATION WITH OUTREACH TO A MINIMUM OF ONE SECONDARY OR POSTSECONDARY SCHOOL PER QUARTER AND SCREEN ALL REFERRALS FROM THESE INSTITUTIONS.",1600000,1600000,981742.7899999999,618257.2100000001,2026-01-14,TAGGS,2026-01-15,N/A,2022-09-30,2026-09-29,Center for Mental Health Services,93.104,COMPREHENSIVE COMMUNITY MENTAL HEALTH SERVICES FOR CHILDREN WITH SERIOUS EMOTIONAL DISTURBANCES (SED),SM-22-008,Community Programs for Outreach and Intervention with Youth and Young Adults at Clinical High Risk…,https://www.samhsa.gov/grants/grant-announcements/sm-22-008,AUSTIN-TRAVIS COUNTY MENTAL HEALTH AND MENTAL RETARDATION CENTER,TX,AUSTIN,TX-21,Other Health Organization,https://taggs.hhs.gov/Detail/AwardDetail?arg_AwardNum=H79SM086149&arg_ProgOfficeCode=80,https://www.usaspending.gov/award/ASST_NON_H79SM086149_075/
SM086152,Restored,Reinstated (confirmed),Breaking Waves: Navigating Life's Journey,"BREAKING WAVES: NAVIGATING LIFE'S JOURNEY - BREAKING WAVES:  NAVIGATING LIFE'S JOURNEY BREAKING WAVES: NAVIGATING LIFE'S JOURNEY IS AN INTER-GENERATIONAL PROGRAM TO SUPPORT UNANGAX (ALEUT) YOUTH WHO ARE AT RISK FOR SUICIDE AND SUBSTANCE MISUSE.  THE PROJECT WILL BE COMPRISED OF 3 REGIONAL CONTRACTUAL PARTNERS FROM 10 OF THE TRIBAL COMMUNITIES OF THE ALEUTIAN PRIBILOF ISLANDS ASSOCIATION, INC. (APIA) SERVICEABLE CATCHMENT AREA: ATKA, AKUTAN, KING COVE, FALSE PASS, NELSON LAGOON, NIKOLSKI, SAND POINT, ST. GEORGE, ST. PAUL, UNALASKA AND SIMULTANEOUSLY OPERATE PROJECT ACTIVITIES IN THE AGENCY'S URBAN HUB OF ANCHORAGE, AK.      BREAKING WAVES: NAVIGATING LIFE'S JOURNEY WILL USE MODIFIED HEALING OF THE CANOE PROJECT CURRICULUM, AN EVIDENCE-BASED SUICIDE AND SUBSTANCE USE PREVENTION CURRICULUM CREATED BETWEEN THE SUQUAMISH TRIBE, THE PORT GAMBLE S'KLALLAM TRIBE, AND THE ALCOHOL AND DRUG ABUSE INSTITUTE AT THE UNIVERSITY OF WASHINGTON.  THROUGH EXTENSIVE TECHNICAL ASSISTANCE FROM SUQUAMISH TRIBE IN THE PAST SEVERAL YEARS, APIA IS WELL PLACED AND MOBILIZED TO ADDRESS YOUTH SUICIDE, SUBSTANCE USE AND THE STIGMATIZATION THAT SURROUNDS MENTAL HEALTH BY UTILIZING OUR UNANGAN ADAPTED VERSION TITLED  BREAKING WAVES: NAVIGATING LIFE'S JOURNEY .      THE PROJECT WILL EXPAND OPPORTUNITIES FOR YOUTH TO INCORPORATE THE USE OF BREAKING WAVES: NAVIGATING LIFE'S JOURNEY CURRICULUM AND THE TRADITIONAL IQYAX, ULUTUX, AND NIGILAX (KAYAKS) FOR STRENGTHENING PRIDE, IDENTITY, AND BUILD COMMUNITY CONNECTEDNESS. CONNECTION IS WELLNESS, AND THIS IS THE SPIRIT OF OUR PROJECT.  TRADITIONAL STORIES, TRIBAL HISTORY, SIGNIFICANT CURRENT EVENTS, CULTURAL ACTIVITIES AND UNANGAN LANGUAGE ARE INTEGRATED INTO THE CURRICULUM TO HELP DEVELOP SKILLS, VALUES, BELIEFS AND PRACTICES THAT ARE MEANINGFUL AND RELEVANT IN MANNER.      THE GOAL OF THIS PROJECT IS TO INCREASE PSYCHOLOGICAL WELL-BEING OF YOUTH BY UTILIZING EVIDENCE-BASED AND CULTURAL RELEVANT APPROACHES THAT WEAVE IN HEALTHY MENTAL, PHYSICAL, SOCIAL AND CULTURAL TRADITIONS TIED TO UNANGAX ANCESTRY THROUGH IMPACTFUL PARTNERSHIPS WITH REGIONAL COMMUNITIES.  THREE CONTRACTED COMMUNITY PARTNERS WILL BE SELECTED TO HIRE COMMUNITY WELLNESS COACHES (CWC'S) TO DELIVER THE BREAKING WAVES: NAVIGATING LIFE'S JOURNEY CURRICULUM WITHIN THEIR RESPECTIVE COMMUNITIES.  THESE CWC'S WILL BE TRAINED FACILITATORS OF IN THE BREAKING WAVES: NAVIGATING LIFE'S JOURNEY CURRICULUM AND ALSO UNDERGO L2-L3 SEA KAYAKING CERTIFICATION THROUGH EXISTING QUALIFIED APIA STAFF.  CWC'S WILL BE RESPONSIBLE IN HOSTING MONTHLY WORKSHOPS COUPLED WITH CULTURAL AND PHYSICAL ACTIVITIES THROUGH THE USE OF EXISTING IQYAXS' OR ULUTAXS', FOR AN ANNUAL TOTAL OF 12 WORKSHOPS, TO INTEGRATE 14 SKILL-BUILDING LESSONS WITH 16 ATTENDEES.  A COMBINED TOTAL OF 48 WORKSHOPS AND 64 YOUTH WILL DECREASE THEIR RISK FOR SUICIDE AND INCREASE THEIR SKILLS NEEDED TO TRAVEL THEIR LIFE'S JOURNEY WITHOUT BEING PULLED OFF COURSE BY ALCOHOL OR DRUGS.  A LIFETIME OF 320 YOUTH WILL BE SERVED BY THE FIVE-YEAR PROJECT.      CERTIFIED PROJECT STAFF WILL HOST VIRTUAL AND/OR IN PERSON EVIDENCE-BASED TRAININGS IN ONE OR MORE OF THE FOLLOWING MONTHLY:  TEEN MENTAL HEALTH FIRST AID, YOUTH MENTAL HEALTH FIRST AID, ADULT MENTAL HEALTH FIRST AID, PRIME FOR LIFE, AND QUESTION, PERSUADE, REFER (QPR).  TWELVE TRAININGS WITH 10 PARTICIPANTS TO TOTAL 120 PARTICIPANTS ANNUALLY.  A LIFETIME TOTAL OF 240 CWC'S AND COMMUNITY PARTNERS WILL BE TRAINED BY THE FIVE-YEAR PROJECT.        A SOUTHWEST REGIONAL STEERING COMMITTEE FOR HEALTH AND RESILIENCE PROGRAMMING AND REGIONAL YOUTH ADVISORY COMMITTEE MEMBERS WILL CONVENE TO DIRECTLY IMPACT OUR TARGET POPULATION BY GUIDING PRACTICES AIMED TO DECREASE YOUTH SUICIDE RATES, INCREASE AWARENESS OF MENTAL HEALTH AND SUICIDE PREVENTION PROGRAMMING.  MEMBERS WILL USE THEIR PERSONAL EXPERIENCE, SKILLS AND KNOWLEDGE OF SPECIFIC SECTOR TOPICS TO HELP MAKE STRATEGIC DECISIONS.",2940000,2205000,1013938.87,1926061.13,2026-01-14,TAGGS,2026-01-15,N/A,2023-09-30,2028-09-29,Center for Mental Health Services,93.243,SUBSTANCE ABUSE AND MENTAL HEALTH SERVICES PROJECTS OF REGIONAL AND NATIONAL SIGNIFICANCE,SM-22-003,Cooperative Agreements for the Garrett Lee Smith State/Tribal Youth Suicide Prevention and Early I…,https://www.samhsa.gov/grants/grant-announcements/sm-22-003,"ALEUTIAN PRIBILOF ISLANDS ASSOCIATION, INC.",AK,ANCHORAGE,AK-00,Other Special Interest Organization,https://taggs.hhs.gov/Detail/AwardDetail?arg_AwardNum=H79SM086152&arg_ProgOfficeCode=80,https://www.usaspending.gov/award/ASST_NON_H79SM086152_075/
SM086154,Restored,Reinstated (confirmed),DEAR MIND 2,"DEAR MIND 2 - DEAR MIND 2 WILL USE THE PRIME PC AS THE UNIVERSAL SCREENING TOOL FOR THE PROJECT AND THE STRUCTURED INTERVIEW OF PSYCHOSIS-RISK SYNDROMES AS THE ASSESSMENT TOOL TO IDENTIFY YOUTH AND YOUNG ADULTS, NOT MORE THAN 25 YEARS OLD, AT CLINICAL HIGH RISK FOR PSYCHOSIS.  THE COORDINATED SPECIALTY CARE FRAMEWORK WILL BE EMPLOYED TO ASSURE ALL INDIVIDUAL AND FAMILY NEEDS ARE IDENTIFIED AND THE EVIDENCE-BASED RESOURCES OFFERED ARE THE LEAST INTENSIVE SERVICES THAT CAN PROVIDE THE NEEDED TREATMENT AND SUPPORTS. THE POPULATION TO BE SERVED IS YOUTH UNDER 25 AND THEIR FAMILIES LIVING IN THE COUNTY OF BEAVER, PENNSYLVANIA.  BEAVER COUNTY IS IN SOUTHWESTERN PENNSYLVANIA, APPROXIMATELY 30 MILES FROM PITTSBURGH AND SHARING A BORDER WITH OHIO AND WEST VIRGINIA.  BEAVER COUNTY WAS RANKED IN THE TOP 20 (TOP 1%) NATIONALLY FOR OPIOID OVERDOSE DEATHS IN 2016 (UNIVERSITY OF PITTSBURGH SCHOOL OF PUBLIC HEALTH 2018).  THE COUNTY’S MEDIAN SALARY IS $37,333 WITH 10% OF THE POPULATION LIVING BELOW FEDERAL POVERTY LEVEL WITH SLIGHTLY MORE THAN 14% OF ALL CHILDREN IN THE COUNTY EXPERIENCING POVERTY (U.S. CENSUS BUREAU 2020). THE 2020 CENSUS BUREAU POPULATION IS 164,781 REFLECTING A 9% DECLINE SINCE 2000 (181,412). APPROXIMATELY, 27% OF THE POPULATION IS UNDER THE AGE OF 25 AND 3471 USED BEHAVIORAL HEALTH MEDICAID SERVICES IN 2017. THIS NUMBER IS IN ADDITION TO THOSE WHO ACCESSED BEHAVIORAL HEALTH SERVICES THROUGH THIRD PARTY INSURANCES.  THE RACIAL COMPOSITION OF THE POPULATION IS PREDOMINATELY CAUCASIAN AT 93% FOLLOWED BY AFRICAN AMERICANS AT 8% AND 2.9% OF HOUSEHOLDS ARE NON-ENGLISH SPEAKING WITHIN THE HOME.    DEAR MIND 2 WILL BUILD ON FOUR YEARS OF THE ORIGINAL DEAR MIND (CLINICAL HIGH RISK FOR PSYCHOSIS) GRANT AND MORE THAN THE DECADE OF SYSTEM OF CARE WORK THAT HAS COME TO DEFINE THE BEAVER COUNTY SERVICE SYSTEM. A WELL-ESTABLISHED MANAGEMENT STRUCTURE IS IN PLACE FOR THE BEAVER COUNTY SYSTEM OF CARE. INDIVIDUALS WITH LIVED EXPERIENCE COMPRISE MORE THAN 70% OF EACH COMMITTEE. SCHOOLS, THE JUSTICE SYSTEM, CHILD WELFARE, THE FAITH-BASED COMMUNITY, THE MANAGE CARE PROVIDER AND THE BEHAVIORAL HEALTH SYSTEM WORK COLLABORATIVELY, USING EVIDENCE-BASED PRACTICES, TO SUPPORT SHARED CLIENTS. AN ELECTRONIC SERVICE PLAN IS BEING SHARED ACROSS SYSTEMS AND WORK CONTINUES TO EXPAND INFORMATION SHARING TECHNOLOGY. THE CSC MODEL BUILT WITH THE ORIGINAL DEAR MIND GRANT WILL BE UTILIZED AND ENHANCED WITH DEAR MIND 2.    GOALS AND MEASURABLE OUTCOMES OF DEAR MIND 2 ARE TO ENHANCE THE STEPPED-CARE SERVICES AVAILABLE THROUGH THE CURRENT CSC MODEL AND EXPAND UNIVERSAL SCREENING OF EARLY PSYCHOSIS THROUGH ENHANCED OUTREACH, EDUCATION, AND ENGAGEMENT PROCESSES.  RESEARCH AND EVALUATION WILL BE KEY TO PROGRAM IMPLEMENTATION, REDESIGN, AND ULTIMATE SUCCESS. DEAR MIND 2 WILL OUTREACH TO 1500 INDIVIDUALS, SCREEN 650 AND ENROLL 55 BY THE END OF THE FOUR-YEAR PROJECT.",1600000,1600000,725342.38,874657.62,2026-01-14,TAGGS,2026-01-15,N/A,2022-09-30,2026-09-29,Center for Mental Health Services,93.104,COMPREHENSIVE COMMUNITY MENTAL HEALTH SERVICES FOR CHILDREN WITH SERIOUS EMOTIONAL DISTURBANCES (SED),SM-22-008,Community Programs for Outreach and Intervention with Youth and Young Adults at Clinical High Risk…,https://www.samhsa.gov/grants/grant-announcements/sm-22-008,COUNTY OF BEAVER,PA,BEAVER,PA-17,Other Social Services Organization,https://taggs.hhs.gov/Detail/AwardDetail?arg_AwardNum=H79SM086154&arg_ProgOfficeCode=80,https://www.usaspending.gov/award/ASST_NON_H79SM086154_075/
SM086155,Restored,Reinstated (confirmed),Strengthening Pathways to Care for Alaska's Youth,"STRENGTHENING PATHWAYS TO CARE FOR ALASKA'S YOUTH - THE ALASKA DEPARTMENT OF HEALTH AND SOCIAL SERVICES, DIVISION OF BEHAVIORAL HEALTH (DBH) PROPOSES THE STRENGTHENING PATHWAYS TO CARE FOR ALASKA'S YOUTH PROJECT TO ENHANCE ALASKA'S EXISTING SYSTEM OF CARE THROUGH CROSS-COLLABORATION WITH YOUTH SERVING SYSTEMS AND WITH A FOCUS UPON DEVELOPING NECESSARY INFRASTRUCTURE TO IMPROVE THE IDENTIFICATION OF AND INTERVENTION WITH ALASKA'S YOUTH AT HIGH RISK OF SUICIDE. THROUGH THIS GRANT AWARD, DBH WILL WORK IN PARTNERSHIP WITH THE OFFICE OF CHILDREN'S SERVICES, THE DEPARTMENT OF EDUCATION AND EARLY DEVELOPMENT, AND THE DIVISION OF JUVENILE JUSTICE TO PROVIDE RESOURCES, TRAINING, AND TECHNICAL ASSISTANCE TO ENHANCE THEIR CAPACITY TO IDENTIFY AND PROVIDE EVIDENCE-BASED INTERVENTIONS FOR YOUTH AT RISK OF SUICIDE. A PRIMARY FOCUS OF THE PROPOSED PROJECT INCLUDES EXPANDING THE SUICIDE CONTINUUM OF CARE FOR ALASKA'S YOUTH BY DEVELOPING, EXTENDING, AND ENHANCING SUICIDE SCREENING, RISK ASSESSMENT, SAFETY PLANNING, LETHAL MEANS COUNSELING, PSYCHOTHERAPEUTIC INTERVENTION, TRANSITION, AND DISCHARGE PLANNING SERVICES WITHIN PRIMARY CARE, OUTPATIENT BEHAVIORAL HEALTHCARE, ACUTE CARE SETTINGS AND FOR YOUTH ACCESSING CRISIS LINE SERVICES. ADDITIONALLY, DUE TO THE NECESSITY FOR COMMUNITY ACTION AND PARTICIPATORY METHODOLOGIES WHEN INTERVENING WITHING RURAL COMMUNITIES AND ESPECIALLY WITH INDIGENOUS POPULATIONS, ALASKA'S APPROACH TO LETHAL MEANS SAFETY AND DEVELOPING COMMUNITY PREVENTION AND POSTVENTION INFRASTRUCTURE HIGHLIGHTS LOCAL EPISTEMOLOGIES, AXIOLOGIES, AND YOUTH VOICE.   DUE TO THE PREVALENT AND PERVASIVE PROBLEM OF YOUTH SUICIDE WITHIN ALASKA, THIS PROJECT MAINTAINS A STATEWIDE FOCUS TO ENSURE EQUITABLE AND EXPANSIVE REACH WITH THE PROPOSED INTERVENTIONS. THE PROSPECTIVE ACTIVITIES HEREIN ENCAPSULATE FOUR AREAS OF FOCUS: BUILDING COMMUNITY INFRASTRUCTURE, INCREASING THE CAPACITY OF YOUTH SERVING SYSTEMS, CREATING A COMPREHENSIVE SYSTEM OF SUICIDE CARE WITHIN HEALTHCARE SETTINGS, AND INCREASING CRISIS SERVICE ACCESS AND USE. THE ANTICIPATED REACH OF THIS PROJECT IS LIKEWISE SEPARATED INTO FOUR DISTINCT AREAS OF FOCUS TO ACCOUNT FOR CROSS SYSTEM USE WITH ESTIMATED DIRECT REACH AS FOLLOWS: 10, 150 YOUTH DIRECTLY SERVED THROUGH BUILDING COMMUNITY INFRASTRUCTURE ACTIVITIES, 11,000 YOUTH THROUGH INCREASING THE CAPACITY OF YOUTH SERVING SYSTEMS, 3,800 YOUTH THROUGH CREATING A COMPREHENSIVE SYSTEM OF SUICIDE CARE WITHIN HEALTHCARE SETTINGS, 30,000 YOUTH THROUGH INCREASING CRISIS SERVICE ACCESS AND USE. AS YOUTH SERVED IN ONE CATEGORY, MAY ALSO BE SERVED IN ANOTHER CATEGORY, THESE NUMERIC ESTIMATES ARE NOT UN-DUPLICATED ACROSS CATEGORIES.   PROPOSED STRATEGIES INCLUDE THE FOLLOWING: DEVELOPING AND DISSEMINATING REGIONALLY BASED AND TRIBALLY INFORMED LETHAL MEANS SAFETY PRODUCTS PILOTING ZERO SUICIDE IN ACUTE CARE, OUTPATIENT BEHAVIORAL HEALTHCARE, AND PRIMARY CARE DEVELOPING TELEPHONIC CARING CONTACTS AND TRANSITION SERVICES EXPANDING ACCESS TO SUICIDE SPECIFIC PSYCHOTHERAPY THROUGH TRAINING AND CONSULTATION DEVELOPING COMMUNITY PREVENTION AND POSTVENTION INFRASTRUCTURE IN 20 ALASKA COMMUNITIES ESTABLISHING TRAINING PROGRAMS FOR CHILD WELFARE STAFF AND SCHOOL CLINICAL STAFF IN SUICIDE PREVENTION AND INTERVENTION CHANGE PUBLIC DISCOURSE THROUGH MULTIMEDIA CAMPAIGNS INCLUDING LETHAL MEANS SAFETY AND TARGETED YOUTH 988 MESSAGING AND A MULTITUDE OF EFFORTS TO HIGHLIGHT AND EXTEND YOUTH LEADERSHIP, INCLUDING SUMMITS, TRAINING, AND YOUTH LED PRODUCT DEVELOPMENT",3672368,2939639,1169006.1,2503361.9,2026-01-14,TAGGS,2026-01-15,N/A,2022-08-31,2027-08-30,Center for Mental Health Services,93.243,SUBSTANCE ABUSE AND MENTAL HEALTH SERVICES PROJECTS OF REGIONAL AND NATIONAL SIGNIFICANCE,SM-22-003,Cooperative Agreements for the Garrett Lee Smith State/Tribal Youth Suicide Prevention and Early I…,https://www.samhsa.gov/grants/grant-announcements/sm-22-003,STATE OF ALASKA DEPARTMENT OF HEALTH,AK,JUNEAU,AK-00,Health Department,https://taggs.hhs.gov/Detail/AwardDetail?arg_AwardNum=H79SM086155&arg_ProgOfficeCode=80,https://www.usaspending.gov/award/ASST_NON_H79SM086155_075/
SM086157,Restored,Reinstated (confirmed),Fairfax-Falls Church Community Services Board Clinically High Risk for Psychosis Program (CHRP),"FAIRFAX-FALLS CHURCH COMMUNITY SERVICES BOARD CLINICALLY HIGH RISK FOR PSYCHOSIS PROGRAM (CHRP) - FAIRFAX-FALLS CHURCH COMMUNITY SERVICES BOARD (CSB) IS PROPOSING A STEPPED-CARE PROGRAM FOR INDIVIDUALS WHO MAY BE CONSIDERED CLINICALLY HIGH-RISK FOR PSYCHOSIS (CHRP). THIS PROGRAM WOULD CONTINUE TO BUILD OFF OF A CURRENT CHRP PROGRAM THAT IS CO-LOCATED WITH A FIRST EPISODE PSYCHOSIS (FEP) PROGRAM. THE CHRP PROGRAM WILL FOCUS ON PROVIDING EVIDENCE-BASED INTERVENTIONS INCLUDING COGNITIVE BEHAVIORAL THERAPY (CBT) FOR PSYCHOSIS, AND GROUP AND FAMILY CBT INTERVENTIONS FOR INDIVIDUALS EXPERIENCING ATTENUATED SYMPTOMS OF PSYCHOSIS. INDIVIDUALS SERVED IN THE PROGRAM WILL BE BETWEEN THE AGES OF 14 AND 25. INDIVIDUALS SERVED WILL COME FROM ALL AREAS OF THE CATCHMENT (FAIRFAX COUNTY, CITIES OF FAIRFAX AND FALLS CHURCH, AND TOWNS OF VIENNA AND HERNDON). INDIVIDUALS SERVED WOULD BE EXPECTED TO REPRESENT THE DEMOGRAPHICS OF THE COMMUNITY - 61% ARE WHITE, 10% ARE BLACK, 19% ARE ASIA/PACIFIC ISLANDERS, 10% ARE OTHER/MULTI-RACIAL AND 16% ARE HISPANIC. THESE INDIVIDUALS MAY BE EXHIBITING PRE-PSYCHOSIS SYMPTOMS INCLUDING NOTICEABLE CHANGES IN PERCEPTION, THINKING OR FUNCTIONING THAT MAY BE ACCOMPANIED BY ATTENUATED SYMPTOMS OF PSYCHOSIS, BRIEF EPISODES OF PSYCHOSIS, OR HAVE A KNOWN FIRST-DEGREE RELATIVE WITH PSYCHOSIS. SERVICES WOULD START WITH ONCE WEEKLY OUTPATIENT INDIVIDUAL THERAPY, AND CAN BE STEPPED UP TO MORE INTENSE SERVICES TO INCLUDE MEDICATION MANAGEMENT, GROUP AND FAMILY PSYCHOTHERAPY, EDUCATION AND EMPLOYMENT SUPPORTS, AND PEER SUPPORT. IT IS EXPECTED THAT THE PROGRAM WILL SERVE AT LEAST 35 INDIVIDUALS EACH YEAR, OR 140 OVER THE COURSE OF THE PROJECT. THE PROJECT'S GOALS ARE TO: EDUCATE AT LEAST 300 INDIVIDUALS ABOUT EARLY PSYCHOSIS SCREENING AND INTERVENTION OVER THE COURSE OF THE PROJECT, IDENTIFY AND SCREEN 400 INDIVIDUALS (100 ANNUALLY) FOR PSYCHOSIS-RISK SYNDROMES OVER THE COURSE OF THE PROJECT, AND PROVIDE AT LEAST ONE SESSION OF FAMILY PSYCHOEDUCATION TO AT LEAST 140 FAMILIES OVER THE COURSE OF THE PROJECT. THROUGH INTERVENTION AND SUPPORT, THE CHRP PROGRAM EXPECTS THAT 85% OF INDIVIDUALS ENROLLED WOULD BE ABLE TO BE ENGAGED IN EDUCATIONAL ACTIVITIES OR EMPLOYMENT. IT IS EXPECTED THAT THROUGH EFFECTIVE AND TIMELY INTERVENTION THROUGH A STEPPED-CARE MODEL, THAT FEWER THAN 10% OF INDIVIDUALS ENROLLED WOULD CONVERT TO A FIRST EPISODE OF PSYCHOSIS. THE PROGRAM WOULD INTEND THAT 100% OF INDIVIDUALS EXPERIENCING A FIRST-EPISODE OF PSYCHOSIS WOULD TRANSITION INTO THE FAIRFAX-FALLS CHURCH CSB TURNING POINT COORDINATED SPECIALTY CARE PROGRAM.",1600000,1600000,1069340,530660,2026-01-14,TAGGS,2026-01-15,N/A,2022-09-30,2026-09-29,Center for Mental Health Services,93.104,COMPREHENSIVE COMMUNITY MENTAL HEALTH SERVICES FOR CHILDREN WITH SERIOUS EMOTIONAL DISTURBANCES (SED),SM-22-008,Community Programs for Outreach and Intervention with Youth and Young Adults at Clinical High Risk…,https://www.samhsa.gov/grants/grant-announcements/sm-22-008,COUNTY OF FAIRFAX VIRGINIA,VA,FAIRFAX,VA-11,Welfare Department,https://taggs.hhs.gov/Detail/AwardDetail?arg_AwardNum=H79SM086157&arg_ProgOfficeCode=80,https://www.usaspending.gov/award/ASST_NON_H79SM086157_075/
SM086158,Restored,Reinstated (confirmed),Community Based Youth Suicide Prevention in Iowa,"COMMUNITY BASED YOUTH SUICIDE PREVENTION IN IOWA - SUMMARY: BUILT ON THE FOUNDATION OF EXISTING SUICIDE PREVENTION EFFORTS, THE COMMUNITY BASED YOUTH SUICIDE PREVENTION IN IOWA PROJECT (CBYSP IOWA) WILL ENHANCE AND EXPAND SUICIDE PREVENTION, INTERVENTION, AND POSTVENTION STRATEGIES AND SERVICES FOR IOWA YOUTH WHO ARE 10 TO 24 YEARS OLD. CBYSP IOWA WILL INCREASE THE IMPLEMENTATION, AT THE LOCAL LEVEL, OF EVIDENCE-BASED PRACTICES FOR SCREENING, ASSESSING, REFERRING TO TREATMENT, AND PROVIDING FOLLOW-UP CARE. NUMBER AND POPULATIONS TO BE SERVED: CBYSP IOWA WILL SERVE IOWA'S 1,039,415 YOUTH AND TRANSITION AGED YOUTH (TAY) 10 TO 24 YEARS OLD, PAYING SPECIAL ATTENTION TO YOUNG PEOPLE WHO FACE DISCRIMINATION BECAUSE OF THEIR GENDER, RACE AND SEXUAL ORIENTATION. IN IOWA, SUICIDE IS THE NINTH LEADING CAUSE OF DEATH AMONG CITIZENS OF ALL AGES BUT IS THE THIRD LEADING CAUSE OF DEATH FOR YOUTH 10 TO 14 YEARS OLD AND THE SECOND LEADING CAUSE OF DEATH FOR 15-24 YEAR OLD TAY. CBYSP IOWA WILL (A) ENHANCE AND EXPAND SUICIDE PREVENTION, INTERVENTION AND POSTVENTION STRATEGIES AND SERVICES IN THREE IOWA COUNTIES WITH DEMONSTRATED NEED, AND  (B) REACH ALL YOUTH THROUGH A STATEWIDE MEDIA CAMPAIGN THAT PROMOTES THE 988 SUICIDE AND CRISIS LIFELINE. ADDITIONALLY, AT LEAST 800 PROVIDERS WILL RECEIVE EVIDENCE-BASED GATEKEEPER TRAINING; AT LEAST 400 PROVIDERS WILL PARTICIPATE IN THE BEST PRACTICE IN YOUTH SUICIDE PREVENTION SUMMIT; AND AT LEAST 85% OF CLINICAL STAFF WHO WORK WITH YOUTH WILL RECEIVE EVIDENCE-BASED SUICIDE INTERVENTION TRAINING.  GOAL 1. INCREASE THE NUMBER OF STAFF OF YOUTH-SERVING ORGANIZATIONS ABLE TO WORK WITH YOUTH AT RISK OF SUICIDE BY STRENGTHENING THE CAPACITY TO SCREEN AND IDENTIFY AT-RISK YOUTH. OBJECTIVE: AT LEAST 800 SCHOOL STAFF AND OTHER GATEKEEPERS (I.E., CHILDCARE PROFESSIONALS, FOSTER PARENTS, JUVENILE JUSTICE STAFF, AND STAFF FROM OTHER YOUTH SERVING ORGANIZATIONS) WILL COMPLETE LIVINGWORKS START OR OTHER EVIDENCE-BASED GATEKEEPER TRAININGS.  OBJECTIVE: SELECTED CBHOS IN THREE COUNTIES OF HIGH NEED WILL IMPLEMENT SUICIDE SCREENING PROTOCOLS AND PROCEDURES AND REPORT A STATISTICALLY SIGNIFICANT INCREASE IN THE NUMBER OF YOUTH SCREENED FOR SUICIDE RISK AND TREATED AND/OR REFERRED FOR SERVICES. GOAL 2. INCREASE THE CAPACITY OF CLINICAL SERVICE PROVIDERS TO ASSESS, MANAGE, TREAT, AND PROVIDE CONTINUITY OF CARE AND FOLLOW UP FOR YOUTH AND TAY AT RISK OF SUICIDE OBJECTIVE: BUILD CONNECTIONS ACROSS THE STATE AND DISSEMINATE TRAINING OPPORTUNITIES INCLUDING THOSE OFFERED BY NAMI IOWA, CDC GUIDELINES, SAMHSA TOOLKITS, RESOURCES SUCH AS, AFSP POSTVENTION MATERIALS, SUICIDE LOSS SUPPORT AND CRISIS RESOURCE INFORMATION. OBJECTIVE: IMPLEMENT THE ANNUAL BEST PRACTICE IN YOUTH SUICIDE PREVENTION SUMMIT TO SHARE EVIDENCE-BASED PRACTICES. AT LEAST 400 PROVIDERS WILL PARTICIPATE BY THE END OF THE GRANT.  OBJECTIVE: AT LEAST 85% OF CLINICAL STAFF FROM DESIGNATED HOSPITALS, MENTAL HEALTH AND SUBSTANCE USE DISORDER TREATMENT ORGANIZATIONS, AND OTHER YOUTH SERVING ORGANIZATIONS WILL ATTEND ASSESSING AND MANAGING SUICIDE RISK (AMSR), COLLABORATIVE ASSESSMENT AND MANAGEMENT OF SUICIDALITY (CAMS), COUNSELING ON ACCESS TO LETHAL MEANS (CALM), ASIST OR OTHER IDPH APPROVED EVIDENCE-BASED SUICIDE INTERVENTION TRAINING.  GOAL 3. REDUCE THE NUMBER OF 10 TO 24 YEAR OLDS ATTEMPTING OR DYING BY SUICIDE BY IMPROVING THE CONTINUITY OF CARE AND FOLLOW-UP AND INCREASING THE NUMBER OF YOUTH/TAY WHO ACCESS AND USE SUICIDE PREVENTION SERVICES THROUGH THE 988 SUICIDE AND CRISIS LIFELINE. OBJECTIVE: DESIGNATED HOSPITALS WILL PROVIDE AT LEAST 100 REFERRALS TO THE YOUR LIFE IOWA (YLI) FOLLOW-UP COORDINATOR FOR FOLLOW-UP CARE FOR YOUTH AT RISK OF SUICIDE. OBJECTIVE: CBYSP IOWA WILL LAUNCH A STATEWIDE YOUTH SUICIDE PREVENTION AWARENESS CAMPAIGN TO PROMOTE THE 988 SUICIDE AND CRISIS LIFELINE AND INCREASE THE USE OF THE 988 SUICIDE AND CRISIS LIFELINE VIA CALL, TEXT, OR CHAT BY 10 TO 24 YEAR OLDS BY AT LEAST 10",2940000,2205000,646078.28,2293921.7199999997,2026-01-14,TAGGS,2026-01-15,N/A,2023-09-30,2028-09-29,Center for Mental Health Services,93.243,SUBSTANCE ABUSE AND MENTAL HEALTH SERVICES PROJECTS OF REGIONAL AND NATIONAL SIGNIFICANCE,SM-22-003,Cooperative Agreements for the Garrett Lee Smith State/Tribal Youth Suicide Prevention and Early I…,https://www.samhsa.gov/grants/grant-announcements/sm-22-003,IOWA DEPARTMENT OF PUBLIC HEALTH,IA,DES MOINES,IA-03,Health Department,https://taggs.hhs.gov/Detail/AwardDetail?arg_AwardNum=H79SM086158&arg_ProgOfficeCode=80,https://www.usaspending.gov/award/ASST_NON_H79SM086158_075/
SM086159,Restored,Reinstated (confirmed),Massachusetts Psychosis Prevention Project,"MASSACHUSETTS PSYCHOSIS PREVENTION PROJECT - PROJECT ABSTRACT SUMMARY THE MASSACHUSETTS PSYCHOSIS PREVENTION PARTNERSHIP (M3P) IS A COLLABORATION BETWEEN STATEWIDE EXPERTS IN CLINICAL HIGH RISK FOR PSYCHOSIS (CHR-P). M3P SEEKS TO CREATE A STATEWIDE SYSTEM OF CARE FOR CHR-P TO ENHANCE THE ACCESSIBILITY, EQUITY, CAPACITY, AND QUALITY OF CHR-P SERVICES ACROSS MA. THIS IS ACCOMPLISHED THROUGH COMMUNITY OUTREACH, CENTRALIZED TRIAGE AND REFERRAL, SPECIALIZED CHR-P STEPPED-CARE TREATMENT, AND TRAINING IN CHR-P EVIDENCE-BASED PRACTICES. THE PRIMARY GOALS OF M3P ARE AS FOLLOWS: 1) ENSURE & EXPEDITE EARLY IDENTIFICATION OF CHR-P VIA CENTRALIZED OUTREACH AND CONSULTATION TO COMMUNITY REFERRAL PARTNERS; 2) MINIMIZE BARRIERS TO ASSESSMENT AND REFERRAL TO CHR-P TREATMENT VIA A STATEWIDE TRIAGE AND REFERRAL CALL CENTER; 3) SUPPORT AND IMPROVE FUNCTIONING AND DECREASE LIKELIHOOD OF ILLNESS PROGRESSION FOR YOUTH AT CHR-P VIA STEPPED-CARE TREATMENT; AND 4) EXPAND THE STATEWIDE WORKFORCE OF CHR-P SERVICE PROVIDERS VIA AN ENHANCED TRAINING INFRASTRUCTURE. M3P BUILDS UPON EXISTING INFRASTRUCTURE PROVIDED BY MEMBERS OF THE PARTNERSHIP, INCLUDING THE MASSACHUSETTS PSYCHOSIS ACCESS & TRIAGE HUB (M-PATH), THE MASSACHUSETTS PSYCHOSIS NETWORK FOR EARLY TREATMENT (MAPNET), AND THE THREE CURRENT CLINICAL PROGRAMS FOR CHR-P LOCATED IN MCLEAN HOSPITAL, MASSACHUSETTS GENERAL HOSPITAL, AND THE BROOKLINE CENTER FOR COMMUNITY MENTAL HEALTH. OUTREACH (STEP 0) IS CONDUCTED WITH COMMUNITY REFERRAL PARTNERS SUCH AS SCHOOLS, PRIMARY CARE, AND OTHER SOCIAL SERVICE AGENCIES. AT STEP 1, YOUTH IDENTIFIED WITH POTENTIAL PSYCHOSIS RISK RECEIVE BRIEF PHONE-BASED SCREENING TO DETERMINE THE LEVEL OF SERVICES NEEDED. AT STEP 2, YOUTH WITH IDENTIFIED CHR-P RISK RECEIVE A COMPREHENSIVE CLINICAL ASSESSMENT TO AID IN TREATMENT PLANNING. THOSE WITH MODERATE SYMPTOMS MOVE TO STEP 3, A BRIEF TREATMENT INTERVENTION AND CONNECTION TO COMMUNITY PROVIDERS, WHILE THOSE WITH SEVERE SYMPTOMS MOVE TO STEP 4, EXTENDED TREATMENT AT A COORDINATED SPECIALTY CARE (CSC) CLINIC FOR CHR-P. LASTLY, YOUTH IDENTIFIED AT ANY STAGE TO EXPERIENCE FULL PSYCHOSIS MOVE TO STEP 5, EXTENDED TREATMENT AT A CSC PROGRAM FOR FIRST-EPISODE PSYCHOSIS. PARTNERSHIPS WILL BE MAINTAINED WITH OTHER COMMUNITY SERVICES (IE. SUBSTANCE ABUSE TREATMENT, IN-HOME THERAPY) TO FACILITATE ADDITIONAL REFERRAL FOR YOUTH WITH IDENTIFIED NEEDS OUTSIDE OF THE PSYCHOSIS SPECTRUM. CONCURRENT WITH THESE STEPS, A LEARNING COLLABORATIVE WILL BE INSTITUTED TO DEVELOP THE CHR-P WORKFORCE THROUGH EXPERT TRAINING IN EVIDENCE-BASED ASSESSMENT AND TREATMENT PRACTICES. BY THE END OF THE FOURTH GRANT YEAR, M3P WILL PROVIDE OUTREACH TO 1,450 INDIVIDUALS, TRIAGE AND REFERRAL SERVICES TO 900 YOUTH AND FAMILIES, AND CLINICAL CARE TO 575 YOUTH AND FAMILIES.",1599996,1599996,836230.9400000001,763765.0599999999,2026-01-14,TAGGS,2026-01-15,N/A,2022-09-30,2026-09-29,Center for Mental Health Services,93.104,COMPREHENSIVE COMMUNITY MENTAL HEALTH SERVICES FOR CHILDREN WITH SERIOUS EMOTIONAL DISTURBANCES (SED),SM-22-008,Community Programs for Outreach and Intervention with Youth and Young Adults at Clinical High Risk…,https://www.samhsa.gov/grants/grant-announcements/sm-22-008,MASSACHUSETTS DEPARTMENT OF MENTAL HEALTH,MA,BOSTON,MA-08,Other Health Organization,https://taggs.hhs.gov/Detail/AwardDetail?arg_AwardNum=H79SM086159&arg_ProgOfficeCode=80,https://www.usaspending.gov/award/ASST_NON_H79SM086159_075/
SM086161,Restored,Reinstated (confirmed),Youth Early Onset Services,"YOUTH EARLY ONSET SERVICES - THE CENTER FOR HEALTH CARE SERVICES WILL IMPLEMENT AN OUTREACH AND EARLY INTERVENTION PROGRAM DESIGNED TO ASSIST ADOLESCENTS SHOWING FIRST SIGNS OF PSYCHOSIS. A COORDINATED SPECIALTY CARE MODEL WILL QUICKLY IDENTIFY AND CONNECT 60 YOUTH TO AGE-APPROPRIATE TREATMENT. THE PROGRAM WILL BE STAFFED BY CLINICIANS, CARE MANAGERS AND PEERS TRAINED TO DELIVER EVIDENCE-BASED SERVICES THAT FOSTER CRITICAL EDUCATION, EMPLOYMENT AND COMMUNITY REINTEGRATION OUTCOMES.  PROJECT NAME: A COMMUNITY PROGRAM FOR OUTREACH AND INTERVENTION WITH ADOLESCENTS AT CLINICAL HIGH RISK FOR PSYCHOSIS POPULATION TO BE SERVED: YOUTH AGES 13 TO 19 WITH EARLY INDICATORS OF PSYCHOSIS, I.E., RECENT MANIFESTATION, NO LONGER THAN THREE YEARS. PARTICIPANT DEMOGRAPHICS WILL INCLUDE: 100% BETWEEN THE AGES OF 13 AND 19; 52% MALE AND 48% FEMALE; 52% HISPANIC, 24% WHITE, 14% BLACK; 50% AT OR BELOW FEDERAL POVERTY GUIDELINES.  GOAL, OBJECTIVES: GOAL: IMPLEMENT A COORDINATED SPECIALTY CARE MODEL THAT DELIVERS COMMUNITY BASED, YOUTH-CENTRIC, EVIDENCE-BASED, TRAUMA-INFORMED INTERVENTIONS TO IDENTIFY AND PREVENT OR LESSEN THE IMPACT OF PSYCHOTIC DISORDERS IN 13-19 YEAR OLDS AT CLINICAL HIGH RISK FOR PSYCHOSIS.  OBJECTIVE 1: IDENTIFY YOUTH AT CLINICAL HIGH RISK FOR PSYCHOSIS AND CONNECT POTENTIALLY ELIGIBLE INDIVIDUALS TO THE PROGRAM. OBJECTIVE 2: IMPROVE THE SYMPTOMATIC AND BEHAVIORAL FUNCTIONING OF PARTICIPANTS TO DELAY, PREVENT, OR MANAGE THE ONSET OF PSYCHOSIS. OBJECTIVE 3: ENABLE PARTICIPANTS TO RESUME SOCIAL, ACADEMIC AND/OR VOCATIONAL ACTIVITIES.  OBJECTIVE 4. USE PROVEN PRACTICES AND STRATEGIES TO SUPPORT FAMILIES IN REMAINING RECOVERY FOCUSED AND ADJUSTING TO SPECIAL CHALLENGES RELATED TO THE PARTICIPANT’S MENTAL HEALTH NEEDS.  PRIMARY SERVICES: INDIVIDUAL OR GROUP PSYCHOTHERAPY; FAMILY SUPPORT AND EDUCATION, PHARMACOTHERAPY, SUPPORTIVE EMPLOYMENT AND EDUCATION, AND CASE MANAGEMENT.  ANNUAL AND FOUR YEAR OUTCOMES: AT LEAST 15 YOUTH WILL PARTICIPATE IN PROJECT SERVICES PER YEAR; 60 IN THE FOUR YEAR PROJECT PERIOD. AT LEAST 14 YOUTH WILL BE RECONNECTED WITH EDUCATION OR EMPLOYMENT ACTIVITIES PER YEAR; 56 IN THE FOUR YEAR PROJECT PERIOD. AT LEAST 13 FAMILIES WILL BE ASSISTED PER YEAR IN SUPPORTING THEIR CHILD’S RECOVERY AND MINIMIZING THE DURATION OF UNTREATED PSYCHOSIS; 52 IN THE FOUR YEAR PROJECT PERIOD.  NUMBER TO BE SERVED: 15 YOUTH PER YEAR/60 IN FOUR YEARS; 13 FAMILIES PER YEAR/52 IN FOUR YEARS.",1524861,1524861,676302.24,848558.76,2026-01-14,TAGGS,2026-01-15,N/A,2022-09-30,2026-09-29,Center for Mental Health Services,93.104,COMPREHENSIVE COMMUNITY MENTAL HEALTH SERVICES FOR CHILDREN WITH SERIOUS EMOTIONAL DISTURBANCES (SED),SM-22-008,Community Programs for Outreach and Intervention with Youth and Young Adults at Clinical High Risk…,https://www.samhsa.gov/grants/grant-announcements/sm-22-008,BEXAR COUNTY BOARD OF TRUSTEES FOR MENTAL HEALTH MENTAL RETARDATION,TX,SAN ANTONIO,TX-20,Hospital,https://taggs.hhs.gov/Detail/AwardDetail?arg_AwardNum=H79SM086161&arg_ProgOfficeCode=80,https://www.usaspending.gov/award/ASST_NON_H79SM086161_075/
SM086162,Restored,Reinstated (confirmed),Rhode Island Behavioral Health System of Care for Children and Youth,"RHODE ISLAND BEHAVIORAL HEALTH SYSTEM OF CARE FOR CHILDREN AND YOUTH - RHODE ISLAND EXECUTIVE OFFICE OF HEALTH AND HUMAN SERVICES (EOHHS) IS SUBMITTING THIS SAMHSA SYSTEM OF CARE EXPANSION AND SUSTAINABILITY GRANT REQUEST FOR $10,598,585 OVER FOUR YEARS, TO SUPPORT OUR WORK TO STRENGTHEN RHODE ISLAND'S BEHAVIORAL HEALTH SYSTEM OF CARE FOR CHILDREN AND YOUTH, BIRTH THROUGH AGE 21, WITH SERIOUS EMOTIONAL DISTURBANCES (SED) AND THEIR FAMILIES.   RI'S EXISTING SERVICES FOR CHILDREN WITH SED NOW INCLUDE A RANGE OF EVIDENCE-BASED AND CULTURALLY COMPETENT DIAGNOSTIC AND EVALUATION SERVICES. THE GAPS IN THE SYSTEM - AND WHAT THIS GRANT WILL FILL - ARE UNIFIED MOBILE RESPONSE AND STABILIZATION SERVICES AND A COMMUNITY-BASED INTENSIVE CARE PROGRAM TO ENSURE THAT CHILDREN WITH SED AND THEIR FAMILIES RECEIVE TIMELY URGENT AND EMERGENT CARE IN THE LEAST RESTRICTIVE SETTINGS, AND ADEQUATE INTENSIVE SERVICES.  PLEASE SEE RISOC'S ONE-PAGE PROJECT ABSTRACT, WHICH IS UPLOADED AS AN ATTACHMENT.",8502066,8502066,5754097.459999999,2747968.540000001,2026-01-14,TAGGS,2026-01-15,N/A,2022-09-30,2026-09-29,Center for Mental Health Services,93.104,COMPREHENSIVE COMMUNITY MENTAL HEALTH SERVICES FOR CHILDREN WITH SERIOUS EMOTIONAL DISTURBANCES (SED),SM-22-007,Grants for Expansion and Sustainability of the Comprehensive Community Mental Health Services for…,https://www.samhsa.gov/grants/grant-announcements/sm-22-007,"HEALTH & HUMAN SERVICES, RHODE ISLAND EXECUTIVE OFFICE OF",RI,CRANSTON,RI-02,Welfare Department,https://taggs.hhs.gov/Detail/AwardDetail?arg_AwardNum=H79SM086162&arg_ProgOfficeCode=80,https://www.usaspending.gov/award/ASST_NON_H79SM086162_075/
SM086164,Restored,Reinstated (confirmed),Maine CHR-P to improve services and lessen the impact of psychotic disorders in youth.,"MAINE CHR-P TO IMPROVE SERVICES AND LESSEN THE IMPACT OF PSYCHOTIC DISORDERS IN YOUTH. - PROJECT ABSTRACT SUMMARY: MAINE CHRP PROJECT     PROJECT DESCRIPTION: THE STATE OF MAINE INTENDS TO REBUILD AND EXPAND CAPACITY TO IDENTIFY, PREVENT, INTERVENE, AND/OR LESSEN THE IMPACT OF PSYCHOTIC DISORDERS. THIS WILL BE ACCOMPLISHED THROUGH A COLLABORATIVE EFFORT BETWEEN THE MAINE DEPARTMENT OF HEALTH AND HUMAN SERVICES (DHHS), OFFICE OF MAINECARE SERVICES (OMS), THE OFFICE OF BEHAVIORAL HEALTH (OBH), THE OFFICE OF CHILD AND FAMILY SERVICES (OCFS) AND MAINEHEALTH (MH). IT WILL ADVANCE OVER TWO DECADES OF EFFORTS TO INTERVENE EARLY IN SERIOUS MENTAL HEALTH CHALLENGES AND BRING MAINE INTO ALIGNMENT WITH CURRENT EVIDENCE-BASED AND TRAUMA-INFORMED BEST PRACTICE.    MH’S PORTLAND IDENTIFICATION AND EARLY REFERRAL (PIER) PROGRAM LEADERSHIP, WHICH WILL IMPLEMENT THE PROJECT SERVICES, HAS A NATIONALLY RECOGNIZED ROLE IN TRAINING NEW CLINICAL HIGH RISK FOR PSYCHOSIS (CHRP) PROGRAMS IN EVIDENCE-INFORMED COMMUNITY OUTREACH, STRUCTURED CLINICAL ASSESSMENT, AND FAMILY-FOCUSED COORDINATED SPECIALTY CARE. THIS INCLUDES ONGOING SUPERVISION, MONITORING TREATMENT FIDELITY, AND MEASURING OUTCOMES. THEY ARE EXTREMELY WELL-QUALIFIED TO REESTABLISH STATE-OF-THE-ART CHRP SERVICES IN MAINE.    PIER CLINICAL HIGH-RISK FOR PSYCHOSIS PROGRAM (PIER CHRP) WILL SCREEN FOR, IDENTIFY, AND ENGAGE YOUNG PEOPLE IN EVIDENCE-BASED SERVICES APPROPRIATE FOR EARLY-STAGE MENTAL ILLNESSES, REDUCING THE DURATION OF UNTREATED PSYCHOSIS (DUP) AND IMPROVING THEIR FUTURE MENTAL HEALTH OUTCOMES.  ACCOMPLISHING THIS IN MAINE REQUIRES ADDRESSING CHALLENGES OF REGIONS WITH MINIMAL MENTAL HEALTH WORKFORCE, A GEOGRAPHICALLY DISPERSED POPULATION, AND RURAL POVERTY.  THE PROJECT TEAM WILL ASSESS AND FACILITATE APPROPRIATE CARE FOR A MINIMUM OF 220 INDIVIDUALS AGES 12-25 AND THEIR FAMILIES OR CAREGIVERS BETWEEN SEPTEMBER, 2022 AND AUGUST, 2026. FOR INDIVIDUALS IDENTIFIED AS AT CHRP, STRUCTURED ASSESSMENTS AND SHARED DECISION-MAKING WILL GUIDE EVIDENCE-INFORMED TREATMENT WITHIN A STEPPED CARE MODEL. STEPPED CARE WILL BE CONDUCTED IN CLOSE COLLABORATION WITH STATEWIDE PEER SUPPORT SERVICES, COMMUNITY MENTAL HEALTH SERVICES, PRIMARY CARE, SCHOOLS, LAW ENFORCEMENT, YOUTH SERVICE ORGANIZATIONS, FAITH-BASED ORGANIZATIONS, INDIGENOUS AND IMMIGRANT COMMUNITIES, AND A RICH NETWORK OF OTHER PARTNERS.       GOALS: 1) IDENTIFY YOUNG PEOPLE AGES 12-25 AT CHRP REFLECTIVE OF THE FIVE-COUNTY CATCHMENT AREA POPULATION (ANDROSCOGGIN, CUMBERLAND, OXFORD, SAGADAHOC, YORK). THE PROJECT WILL LEVERAGE ALREADY STRONG COMMUNITY PARTNERSHIPS TO IMPROVE EARLY PSYCHOSIS LITERACY, PSYCHOSIS SCREENING, AND TIMELY REFERRAL OF YOUTH FROM ALL SEGMENTS OF THE COMMUNITY. IT WILL INCLUDE A BIDIRECTIONAL REFERRAL RELATIONSHIP WITH THE EXISTING PIER COORDINATED SPECIALTY CARE PROGRAM FOR FIRST EPISODE PSYCHOSIS AND COMMUNITY WORKFORCE DEVELOPMENT ACTIVITIES.     2) TREAT CHRP YOUTH THROUGH A TRAUMA-INFORMED STEPPED CARE MODEL WITH STEPS RANGING FROM PSYCHOEDUCATION AND CONSULTATION TO FULL TEAM-BASED CARE. INITIAL STRATIFICATION AND STEP CHANGES WILL BE DETERMINED BY STRUCTURED ASSESSMENTS AND SHARED DECISION-MAKING. STEPS WILL INCLUDE A RANGE OF EVIDENCE-BASED AND EVIDENCE-INFORMED TREATMENT COMPONENTS AND COLLABORATION WITH AND CONSULTATION TO COMMUNITY PROVIDERS.     3) IMPROVE CLINICAL AND FUNCTIONAL OUTCOMES FOR CHRP YOUTH AND YOUNG ADULTS AND ACHIEVE A MEDIAN DURATION OF UNTREATED PSYCHOSIS OF UNDER 3 MONTHS FOR THOSE WHO TRANSITION TO A PSYCHOTIC DISORDER. QUARTERLY REVIEW OF CLINICAL AND PROGRAM PERFORMANCE DATA WILL GUIDE AND MONITOR PROGRAMMATIC CHANGES AND QUALITY IMPROVEMENT ACTIVITIES.",1587230,1587230,1125259.44,461970.56000000006,2026-01-14,TAGGS,2026-01-15,N/A,2022-09-30,2026-09-29,Center for Mental Health Services,93.104,COMPREHENSIVE COMMUNITY MENTAL HEALTH SERVICES FOR CHILDREN WITH SERIOUS EMOTIONAL DISTURBANCES (SED),SM-22-008,Community Programs for Outreach and Intervention with Youth and Young Adults at Clinical High Risk…,https://www.samhsa.gov/grants/grant-announcements/sm-22-008,"HEALTH AND HUMAN SERVICES, MAINE DEPARTMENT OF",ME,AUGUSTA,ME-02,Welfare Department,https://taggs.hhs.gov/Detail/AwardDetail?arg_AwardNum=H79SM086164&arg_ProgOfficeCode=80,https://www.usaspending.gov/award/ASST_NON_H79SM086164_075/
SM086168,Restored,Reinstated (confirmed),"Community Programs for Outreach and Intervention with Youth and Young Adults at Clinical High Risk for Psychosis (""CHR-P II)","COMMUNITY PROGRAMS FOR OUTREACH AND INTERVENTION WITH YOUTH AND YOUNG ADULTS AT CLINICAL HIGH RISK FOR PSYCHOSIS (""CHR-P II) - THIS PROJECT INTENDS TO FUNDAMENTALLY IMPROVE THE LIVES AND TRAJECTORIES OF ADOLESCENTS AND YOUNG ADULTS AT CLINICAL HIGH-RISK (CHR) FOR THE ONSET OF A PSYCHOTIC ILLNESS SUCH AS SCHIZOPHRENIA. WE PROPOSE TO EXPAND UPON OUR ALREADY EXISTING CHR COLLABORATION BETWEEN THE UNIVERSITY OF MARYLAND SCHOOL OF MEDICINE, UMBC, AND THE MARYLAND BEHAVIORAL HEALTH ADMINISTRATION TO CREATE A COMPREHENSIVE, EVIDENCE-BASED, STEPPED MODEL OF CARE FOR THOSE AT CHR. IN ADDITION TO RISK FOR PSYCHOSIS, INDIVIDUALS AT CHR PRESENT WITH HIGH RATES OF DEPRESSION AND ANXIETY, SUICIDALITY, AND SUBSTANCE ABUSE, ALL OF WHICH CONTRIBUTE TO THE SIGNIFICANT FUNCTIONAL IMPAIRMENT AFFECTING THIS POPULATION. ADDITIONALLY, YOUTH IN OUR CATCHMENT AREA ARE OFTEN EXPOSED TO ENVIRONMENTAL RISK FACTORS FOR PSYCHOSIS AT HIGH RATES, INCLUDING POVERTY, VIOLENCE EXPOSURE, AND SUBSTANCE ABUSE. AS A RESULT, IT IS LIKELY THAT OUR TARGET POPULATION IS AT ELEVATED RISK FOR SERIOUS MENTAL HEALTH PROBLEMS BEYOND WHAT IS ATTRIBUTABLE TO THEIR CHR SYMPTOMS ALONE; OUR CLINICAL MODEL ATTENDS TO BOTH THE SPECIFIC NEEDS ASSOCIATED WITH CHR, AS WELL AS THE GENERAL MENTAL HEALTH AND SYSTEM. THE AIM OF THIS PROJECT IS TO IMPROVE LONG-TERM OUTCOMES OF INDIVIDUALS AT CHR THROUGH A STAGED, MODULAR, AND EVIDENCE-BASED INTERVENTION. DRAWING FROM THE AVAILABLE LITERATURE ON TREATMENT FOR THOSE AT CHR, WE HAVE DISTILLED TREATMENT COMPONENTS FROM DEMONSTRABLY EFFECTIVE CHR CLINICAL TRIALS INTO A SERIES OF MODULES THAT, FOLLOWING COMPLETION OF A CORE PSYCHOSOCIAL CURRICULUM, ARE MATCHED TO THE CLIENT'S IDIOGRAPHIC NEEDS. CENTRAL COMPONENTS OF THE INTERVENTION INCLUDE CULTURALLY-SENSITIVE AND STATE-OF-THE-ART ASSESSMENT, PSYCHOEDUCATION, COGNITIVE BEHAVIORAL THERAPY, SUPPORTED EDUCATION AND EMPLOYMENT, SUBSTANCE USE TREATMENT, AND PHARMACOTHERAPY, AS WELL AS SEAMLESS TRANSFER TO SPECIALTY CARE WITHIN OUR EXISTING CLINICAL NETWORK IN THE CASE OF EMERGENT PSYCHOSIS. AS WE HAVE A SEVEN-YEAR HISTORY OF ACTIVE COMMUNITY OUTREACH AND ENGAGEMENT, CONSUMERS WILL BE IDENTIFIED FROM OUR COMPREHENSIVE NETWORK OF CONNECTIONS WITH MENTAL HEALTH PROVIDERS THROUGHOUT THE STATE (INCLUDING RURAL MARYLAND THROUGH OUR TELE-PSYCHIATRY PROGRAM). THEY WILL THEN BE SCREENED FOR PSYCHOSIS-RISK, ASSESSED MORE THOROUGHLY IF SCREENING POSITIVELY, AND OFFERED SPECIALIZED SERVICES (EITHER CONSULTATION WITH EXISTING PROVIDER, OR TRANSFER OF CARE TO OUR TEAM AS INDICATED). BY THE END OF THE 4-YEAR FUNDING PERIOD, WE WILL HAVE SCREENED 1,000 CLIENTS (250/YEAR) FOR CHR SERVICES, CONDUCTED SIPS OR MINI-SIPS INTERVIEWS WITH APPROXIMATELY 200 INDIVIDUALS (50/YEAR), AND PROVIDED CLINICAL SERVICES TO APPROXIMATELY 60 (15/YEAR) OF THOSE MEETING CHR CRITERIA. OUR GOALS ARE TO (1) IMPROVE SOCIAL AND ROLE FUNCTIONING AMONG CLIENTS; (2) REDUCE THE SEVERITY OF PSYCHOSIS-RISK SYMPTOMS; (3) PREVENT OR DELAY PROGRESSION TO FORMAL PSYCHOSIS; (4) CURB THE BURDEN OF THE FIRST PSYCHOTIC EPISODE, IF ONE IS TO EMERGE; AND (5) IMPROVE OVERALL SUBJECTIVE QUALITY OF LIFE FOR OUR CLIENTS.",1354972,1354972,549772.3599999999,805199.6400000001,2026-01-14,TAGGS,2026-01-15,N/A,2022-09-30,2026-09-29,Center for Mental Health Services,93.104,COMPREHENSIVE COMMUNITY MENTAL HEALTH SERVICES FOR CHILDREN WITH SERIOUS EMOTIONAL DISTURBANCES (SED),SM-22-008,Community Programs for Outreach and Intervention with Youth and Young Adults at Clinical High Risk…,https://www.samhsa.gov/grants/grant-announcements/sm-22-008,MARYLAND DEPARTMENT OF HEALTH,MD,BALTIMORE,MD-07,Health Department,https://taggs.hhs.gov/Detail/AwardDetail?arg_AwardNum=H79SM086168&arg_ProgOfficeCode=80,https://www.usaspending.gov/award/ASST_NON_H79SM086168_075/
SM086171,Restored,Reinstated (confirmed),NJ-PROMISE will provide outreach and intervention for youth and young adults at clinical high risk for psychosis.,"NJ-PROMISE WILL PROVIDE OUTREACH AND INTERVENTION FOR YOUTH AND YOUNG ADULTS AT CLINICAL HIGH RISK FOR PSYCHOSIS. - THROUGH A COLLABORATIVE PARTNERSHIP, THE NEW JERSEY DEPARTMENT OF CHILDREN AND FAMILIES, DIVISION OF CHILDREN'S SYSTEM OF CARE AND THE NEW JERSEY DEPARTMENT OF HUMAN SERVICES, DIVISION OF MENTAL HEALTH AND ADDICTION SERVICES HAVE DEVELOPED THE NJ PROMISE PROGRAM TO PROVIDE OUTREACH AND INTERVENTION FOR YOUTH AND YOUNG ADULTS UP TO AGE 25, WHO MAY BE EXPERIENCING EARLY SYMPTOMS OF PSYCHOSIS.  YOUTH AND YOUNG ADULTS AT CLINICAL HIGH RISK FOR PSYCHOSIS WILL BENEFIT FROM EARLY OUTREACH AND INTERVENTION, TO FUNDAMENTALLY CHANGE THE TRAJECTORY AND PROGNOSIS OF PSYCHOSIS AND TO MITIGATE THE IMPACT TO OVERALL FUNCTIONING AND WELLBEING. THROUGH EXTENSIVE OUTREACH, NJ WILL BE ABLE TO CONNECT WITH YOUTH AND YOUNG ADULTS WHO ARE AT CLINICAL HIGH RISK FOR PSYCHOSIS AND PROVIDE THEM WITH EDUCATION AND INTERVENTIONS TO DELAY, IF NOT PREVENT, THE ONSET OF PSYCHOSIS. THE NJ CSOC DMHAS PARTNERSHIP OFFERS A ROBUST CARE CONTINUUM THROUGHOUT THE STATE, UTILIZING ESTABLISHED BEHAVIORAL HEALTH AGENCIES WHO HAVE PROVIDED TREATMENT SERVICES FOR PERSONS EXPERIENCING FIRST EPISODE PSYCHOSIS (FEP) SINE 2016, AND TREATMENT FOR INDIVIDUALS AT CLINICAL HIGH RISK FOR PSYCHOSIS SINCE 2019.  FOR FFY 2023 THROUGH 2026, NJ DCF WILL ADMINISTER THE PROGRAM NJ PROMISE 2.0, AND ANTICIPATES PARTNERING WITH THE EXISTING CHRP CLINICS THAT HAVE BEEN OPERATIONAL FOR THE LAST FOUR YEARS. NJ ANTICIPATES PROVIDING INTERVENTION TO APPROXIMATELY 36 YOUTH AND YOUNG ADULTS ACROSS THE STATE ANNUALLY, AND 144 YOUTH AND YOUNG ADULTS OVER THE FOUR YEAR GRANT PERIOD. THROUGH EXTENSIVE OUTREACH, COORDINATED CARE, THE USE OF EVIDENCE BASED, EVIDENCE INFORMED, BEST, AND PROMISING PRACTICES AS WELL AS THE EXPERTISE OF A TEAM OF PROFESSIONALS, PARTICIPANTS AND THEIR FAMILIES WILL HAVE THE TOOLS NECESSARY TO LEAD PRODUCTIVE LIVES IN THEIR HOMES AND COMMUNITIES. IN NJ PROMISE 2.0, WE WILL ADD A CARE MANAGER TO EACH CLINIC SITE, TO ASSIST THE CLINICAL STAFF IN COLLABORATING WITH SCHOOL PERSONNEL AND OTHER INVOLVED PROVIDERS. THE PROJECT'S MEASURABLE GOALS ARE TO: REDUCE THE OCCURRENCE OF PSYCHOTIC DISORDER IN YOUTH AND YOUNG ADULTS WHO ARE AT CLINICAL HIGH RISK FOR PSYCHOSIS; INCREASE THE FUNCTIONING OF YOUTH AND YOUNG ADULTS AT CLINICAL HIGH RISK FOR PSYCHOSIS AT SCHOOL AND EMPLOYMENT SETTINGS; REDUCE THE DURATION OF UNTREATED PSYCHOSIS IN PROGRAM PARTICIPANTS WHO DEVELOP PSYCHOSIS.  BY ACHIEVING THE GOALS OF THE PROGRAM AND MEETING THE OUTCOMES DESIRED, THE NJ PROMISE PROGRAM WILL LEAD TO SIGNIFICANT POSITIVE OUTCOMES INCLUDING THE IMPROVEMENT IN SOCIAL, EDUCATIONAL, EMOTIONAL, AND VOCATIONAL ACTIVITIES FOR YOUTH AND YOUNG ADULTS WHICH WILL NOT ONLY IMPROVE THE LIVES OF THE YOUTH AND YOUNG ADULTS, BUT OF THEIR FAMILIES AS WELL.",1600000,1600000,1195085,404915,2026-01-14,TAGGS,2026-01-15,N/A,2022-09-30,2026-09-29,Center for Mental Health Services,93.104,COMPREHENSIVE COMMUNITY MENTAL HEALTH SERVICES FOR CHILDREN WITH SERIOUS EMOTIONAL DISTURBANCES (SED),SM-22-008,Community Programs for Outreach and Intervention with Youth and Young Adults at Clinical High Risk…,https://www.samhsa.gov/grants/grant-announcements/sm-22-008,EXECUTIVE OFFICE OF THE STATE OF NEW JERSEY,NJ,TRENTON,NJ-12,Other Health Organization,https://taggs.hhs.gov/Detail/AwardDetail?arg_AwardNum=H79SM086171&arg_ProgOfficeCode=80,https://www.usaspending.gov/award/ASST_NON_H79SM086171_075/
SM086173,Restored,Reinstated (confirmed),Step-Based Care for Individuals at Clinical High-Risk for Psychosis,"STEP-BASED CARE FOR INDIVIDUALS AT CLINICAL HIGH-RISK FOR PSYCHOSIS - THE PROPOSED PROJECT WILL SUPPORT THE CONTINUED OPERATION AND EXPANSION OF THE CLINICAL HIGH-RISK FOR PSYCHOSIS (CHR-P) PROGRAM AT THE OHIO STATE UNIVERSITY EARLY PSYCHOSIS INTERVENTION CENTER (EPICENTER). THE EPICENTER CHR-P PROGRAM HAS DEMONSTRATED EFFICACY WITH REGARD TO MINIMIZING RATES OF TRANSITIONS TO PSYCHOTIC DISORDERS, REDUCING SYMPTOMATIC DISTRESS, AND PROMOTING FUNCTIONAL IMPROVEMENTS AMONG INDIVIDUALS AT CHR-P.  CARE PROVIDED AT THE EPICENTER CHR-P PROGRAM INCLUDES OPTIONS FOR PSYCHOTHERAPY, MEDICATION, ENHANCEMENT OF SOCIAL FUNCTIONING, FAMILY SERVICES, AND VOCATIONAL/EDUCATIONAL SUPPORT. AS PART OF THE STEP-BASED CARE DESIGN, INDIVIDUALS PRESENTING TO THE CLINIC ARE INITIALLY PROVIDED WITH LOW INTENSITY INTERVENTIONS AND CONTINUE TO MORE INTENSIVE TREATMENTS UNTIL THEY MEET PREDETERMINED CRITERIA FOR SYMPTOMATIC IMPROVEMENT AND FUNCTIONAL STABILITY. THIS SPECIALIZED CARE IS PROVIDED TO INDIVIDUALS LIVING IN FRANKLIN COUNTY BETWEEN THE AGES 12-25 WHO MEET CHR-P CRITERIA AS DETERMINED USING THE STRUCTURED INTERVIEW FOR PSYCHOSIS RISK STATES (SIPS).  DURING THE COURSE OF THIS PROJECT, WE ANTICIPATE ENROLLING 20 UNIQUE INDIVIDUALS PER YEAR IN THE CHR-P PROGRAM. THUS, WE ANTICIPATE ENROLLING 80 INDIVIDUALS OVER THE COURSE OF THE FUNDING PERIOD. BASED ON THE DEMOGRAPHIC PROFILE OF THE POPULATION OF FRANKLIN COUNTY, WE ANTICIPATE THAT THE RACIAL BREAKDOWN OF INDIVIDUALS SERVED AT THIS CLINIC WILL BE 52% WHITE; 27% BLACK, 8% MULTIRACIAL, 5% ARE ASIAN, WITH THE REMAINING 7% IDENTIFYING AS NATIVE AMERICAN, PACIFIC ISLANDER, OR A RACIAL GROUP NOT SPECIFIED IN THE US CENSUS. WITH REGARD TO ETHNICITY, WE ANTICIPATE THAT APPROXIMATELY 8% WILL IDENTIFY AS HISPANIC.",1374306,1374306,1064832.19,309473.81000000006,2026-01-14,TAGGS,2026-01-15,N/A,2022-09-30,2026-09-29,Center for Mental Health Services,93.104,COMPREHENSIVE COMMUNITY MENTAL HEALTH SERVICES FOR CHILDREN WITH SERIOUS EMOTIONAL DISTURBANCES (SED),SM-22-008,Community Programs for Outreach and Intervention with Youth and Young Adults at Clinical High Risk…,https://www.samhsa.gov/grants/grant-announcements/sm-22-008,FRANKLIN COUNTY BOARD OF COMMISSIONERS,OH,COLUMBUS,OH-03,Other Health Organization,https://taggs.hhs.gov/Detail/AwardDetail?arg_AwardNum=H79SM086173&arg_ProgOfficeCode=80,https://www.usaspending.gov/award/ASST_NON_H79SM086173_075/
SM086175,Restored,Reinstated (confirmed),The Nevada Clinical High Risk for Psychosis (CHR-P) Program for Youth,"THE NEVADA CLINICAL HIGH RISK FOR PSYCHOSIS (CHR-P) PROGRAM FOR YOUTH - THE NEVADA CLINICAL HIGH RISK FOR PYSCHOSIS PROGRAM FOR YOUTH (CHR-P) AIMS TO PREVENT OR LESSEN THE IMPACT OF PSYCHOTIC DISORDERS IN HELP-SEEKING ADOLESCENTS AND TRANSITION AGE YOUTH IN SOUTHERN NEVADA WHO ARE AT CLINICAL HIGH RISK FOR PSYCHOSIS. NV CHR-P WILL IMPLEMENT A STEPPED-CARE MODEL TO PROVDE EVIDENCE BASED INTERVENTIONS IN A TRAUMA-INFORMED MANNER THAT ARE DESIGNED TO PREVENT OR DELAY THE ONSET OF ILLNESS IN THESE INDIVIDUALS. SERVICES WILL BE DELIVERED IN THE CLARK COUNTY BEHAVIORAL HEALTH REGION (BHR) IN SOUTHERN NEVADA WHICH ENCOMPASSES LAS VEGAS IN CLARK COUNTY AND PART OF NYE COUNTY. IN THIS BHR, IT IS ESTIMATED THAT THERE ARE 7,882 INDIVIDUALS WHO MEET PSYCHOSIS-RISK CRITERIA AND 45,332 INDIVIDUALS WITH PSYCHOSIS-RISK SYMPTOMS WHO ARE BETWEEN 15-25 YEARS OF AGE. NV CHR-P WILL ADDRESS UNMET SERVICE NEEDS AND CRITICAL GAPS IN THE STATE'S MENTAL HEALTH SYSTEM FOR THESE INDIVIDUALS. THE PROGRAM USES EVIDENCE BASED INTERVENTION AND ASSESSMENT PROCEDURES THAT ARE IMPLEMENTED IN A STEPPED CARE MODEL OF TREATMENT FOR EARLY PSYCHOSIS. THIS STEPPED CARE MODEL EMPHASIZES THE STAGING OF CLINICAL INTERVENTION THROUGHOUT A YOUNG PERSON'S PARTICIPATION IN THE PROGRAM. LOWER INTENSITY AND LOWER RISK TREATMENTS ARE PROVIDED AS FIRST-LINE INTERVENTIONS AND DECISIONS ABOUT TREATMENT COMPLETION, MAINTENANCE THERAPY OR A STEP-UP TO MORE INTENSIVE CARE IS BASED ON OBJECTIVE MEASURES OF TREATMENT RESPONSE. INTERVENTIONS ARE DESIGNED TO (1) IMPROVE CLINICAL SYMPTOMS AND BEHAVIORAL FUNCTIONING; (2) ENABLE YOUTH AND YOUNG ADULTS TO RESUME AGE-APPORPRIATE SOCIAL, ACADEMIC AND/OR VOCATIONAL ACTIVITIES; (3) DELAY OR PREVENT THE ONSET OF PSYCHOSIS; (4) MINIMIZE THE DURATION OF UNTREATED PSYCHOSIS FOR THOSE WHO DEVELOPED PSYCHOTIC SYMPTOMS; AND (5) REDUCE OCCURENCE OF PSYCHOTIC DISORDERS IN YOUTH AND YOUNG ADULTS. SERVICES WILL BE PROVIDED BY UNLV PRACTICE AND THE UNLV SCHOOL OF MEDICINE, IN AN INTERDISCIPLINARY COMMUNITY MENTAL HEALTH TRAINING SETTING WHERE FACULTY AND STUDENT CLINICIANS PROVIDE EVIDENCE BASED, CULTURALLY- AND LINGUISTICALLY-INFORMED CARE TO SOUTHERN NEVADA AND THE LAS VEGAS COMMUNITY.",1499692,1499692,772923.4099999999,726768.5900000001,2026-01-14,TAGGS,2026-01-15,N/A,2022-09-30,2026-09-29,Center for Mental Health Services,93.104,COMPREHENSIVE COMMUNITY MENTAL HEALTH SERVICES FOR CHILDREN WITH SERIOUS EMOTIONAL DISTURBANCES (SED),SM-22-008,Community Programs for Outreach and Intervention with Youth and Young Adults at Clinical High Risk…,https://www.samhsa.gov/grants/grant-announcements/sm-22-008,NEVADA DEPARTMENT OF HEALTH AND HUMAN SERVICES,NV,CARSON CITY,NV-02,Welfare Department,https://taggs.hhs.gov/Detail/AwardDetail?arg_AwardNum=H79SM086175&arg_ProgOfficeCode=80,https://www.usaspending.gov/award/ASST_NON_H79SM086175_075/
SM086177,Restored,Reinstated (confirmed),SIHC's GLS Program,"SIHC'S GLS PROGRAM - SOUTHERN INDIAN HEALTH COUNCIL (SIHC) GLS PROGRAM WILL PROVIDE EQUITY-BASED PROGRAMMING, FOCUSED ON EARLY INTERVENTION AND CONTINUITY OF CARE OF HEALTH SERVICES TO ANYONE WHO SEEKS ASSISTANCE AT SIHC HEALTH CENTER, AND/OR ITS AFFILIATE LOCATIONS. GLS FUNDING WILL PROVIDE AN AVENUE FOR SIHC TO BECOME A ZERO SUICIDE AGENCY BY IMPLEMENTING THE ZERO SUICIDE FRAMEWORK, ADAPTED FOR USE WITH NATIVE COMMUNITIES, THROUGHOUT SIHC ORGANIZATION, WITH INDIVIDUALS SERVED, AND THE WIDER COMMUNITY. CURRENT AND FUTURE PROGRAMMING OF SIHC IS DESIGNED TO ADDRESS THE CIRCUMSTANCES OF THE MOST DISADVANTAGED AND VULNERABLE; THAT POPULATION IS SPECIFICALLY NATIVE YOUTH (AGES 0-25). BASED ON PREVIOUS ENGAGEMENT NUMBERS, SIHC BEHAVIORAL HEALTH SERVICES ARE EXPECTED TO SERVE N=8,500 YOUTH (AGED 0-25) IN ONE OR MORE OF THE PROPOSED ACTIVITIES (INCLUDING BUT NOT LIMITED TO-INDIVIDUAL THERAPEUTIC SESSIONS, GROUP THERAPY, YOUTH-LED ZERO SUICIDE TEAM, SUICIDE AWARENESS CAMPAIGNS VIA SOCIAL MEDIA THROUGH DIGITAL STORYTELLING, EXPRESSIVE ARTS THERAPY ACTIVITIES, AND OTHER CEREMONIAL ACTIVITIES AS DETERMINED) OVER THE FIVE YEARS OF FUNDING; WITH AN AVERAGE OF N=2,000 YOUTH TO BE SERVED EACH YEAR. FURTHER, THE WIDER KUMEYAAY COMMUNITY OF 1,594 TRIBAL CONSORTIUM MEMBERS AND 20,000 SAN DIEGO COUNTY RESIDENTS, WHO HAVE TRADITIONALLY ACCESS ONE OR MORE SERVICES, (SIHC PROVIDES SERVICES TO NATIVE AND NON-NATIVE INDIVIDUALS WHO COME FROM A RANGE OF DEMOGRAPHIC AND SOCIOECONOMIC BACKGROUNDS THROUGHOUT SAN DIEGO COUNTY) WILL ALSO BE IMPACTED BY THE GLS FUNDING AS ZERO SUICIDE PROGRAMMATIC ACTIVITIES EXTEND TO COMMUNITY THROUGH EVENTS, SUCH AS SUICIDE WALKS, GRIEF AND TRAUMA PROCESS GROUPS, CEREMONIAL EVENTS, AND OTHERS. IF FUNDED, AND WITH TRIBAL COUNCIL APPROVAL, SIHC AGREES TO ALLOW OUR PROJECT TO BE USED IN PUBLICATIONS, REPORTS TO CONGRESS, OR PRESS RELEASES.",2091165,1533245,805310,1285855,2026-01-14,TAGGS,2026-01-15,N/A,2023-09-30,2028-09-29,Center for Mental Health Services,93.243,SUBSTANCE ABUSE AND MENTAL HEALTH SERVICES PROJECTS OF REGIONAL AND NATIONAL SIGNIFICANCE,SM-22-003,Cooperative Agreements for the Garrett Lee Smith State/Tribal Youth Suicide Prevention and Early I…,https://www.samhsa.gov/grants/grant-announcements/sm-22-003,SOUTHERN INDIAN HEALTH COUNCIL,CA,ALPINE,CA-48,Other Health Organization,https://taggs.hhs.gov/Detail/AwardDetail?arg_AwardNum=H79SM086177&arg_ProgOfficeCode=80,https://www.usaspending.gov/award/ASST_NON_H79SM086177_075/
SM086179,Restored,Reinstated (confirmed),Hvshi Akucha: Hope is Visible Suicide Healing Initiative: A Key to Uplifting Children and Helping Adolescents,"HVSHI AKUCHA: HOPE IS VISIBLE SUICIDE HEALING INITIATIVE: A KEY TO UPLIFTING CHILDREN AND HELPING ADOLESCENTS - HVSHI AKUCHA (HA-SHE AH-KOH-CHA) TRANSLATES TO THE CHAHTA WORD FOR SUNRISE AND SYMBOLIZES THE NEW DAWN OF RECOVERY AND SUICIDE PREVENTION FOR AT-RISK NATIVE AMERICAN (NA) YOUTH ON THE CHOCTAW RESERVATION. PROJECT HVSHI AKUCHA WILL ADDRESS THE EMERGING MENTAL HEALTH CRISIS ON THE RESERVATION AND OVERWHELMING DEMANDS AFTER THE MCGIRT V. OKLAHOMA SUPREME COURT DECISION’S HISTORIC JURISDICTIONAL SHIFT. IN CALENDAR YEAR (CY) 2020, CNO BH TREATED 554 UNIQUE TRIBAL YOUTH PATIENTS PRESENTING WITH A PHQ9 SCORE OF 10 OR HIGHER (SEVERE RISK FOR SUICIDE). IN CY 2021, THIS NUMBER ROSE TO 757 AND IN ONLY THE FIRST THREE MONTHS OF CY 2022 THIS NUMBER HAS ALREADY REACHED 329. IF THESE RATES CONTINUE, CNO CAN EXPECT TO TREAT APPROXIMATELY 1,316 TRIBAL YOUTH PRESENTING AS SEVERE RISK FOR SUICIDE IN CY2022. THE PROJECT WILL INCREASE THE CHOCTAW NATION OF OKLAHOMA’S CAPACITY TO PROVIDE TRAUMA-INFORMED, RECOVERY-ORIENTED, EQUITY- BASED AND CULTURALLY SENSITIVE MENTAL HEALTH CARE TO TRIBAL YOUTH AT RISK FOR SUICIDE (GOAL 1). PROJECT HVSHI AKUCHA WILL EXPAND COLLABORATION AND PARTNERSHIPS WITH SERVICE PROVIDERS ACROSS THE TRIBAL SERVICE AREA (TSA) TO INCREASE RESOURCES FOR TRIBAL YOUTH AT RISK FOR SUICIDE AND CENTER SUICIDE PREVENTION AS A CORE COMPONENT OF HEALTH CARE SERVICES (GOAL 2). PROGRAM EFFORTS WILL ALSO CENTER ON STRENGTHENING COMMUNITY EDUCATION ON SUICIDE PREVENTION AND CARE TO PROVIDE A COMPREHENSIVE NETWORK OF SUPPORT FOR TRIBAL YOUTH AT RISK FOR SUICIDE (GOAL 3). THE CHOCTAW NATION OF OKLAHOMA (CNO) IS A FEDERALLY RECOGNIZED NATIVE AMERICAN (NA) TRIBE LOCATED IN SOUTHEASTERN OKLAHOMA. THE RESERVATION HOSTS A NA POPULATION OF AT LEAST 52,351, OF WHICH 45,547 ARE CHOCTAW. THE TARGET POPULATION FOR THIS PROGRAM IS TRIBAL YOUTH (AGES 10-18) WITHIN THE TSA. THE NUMBER OF CHOCTAW TRIBAL MEMBERS LIVING ON THE RESERVATION FROM AGES 10-18 IS 8,153 PEOPLE. IN THE FIRST YEAR OF THIS PROGRAM, TWO (2) NEW LICENSED MENTAL HEALTH PROFESSIONALS AND ONE (1) PEER RECOVERY SUPPORT SPECIALIST WILL BE HIRED (OBJECTIVE 1.1). TREATMENT PROVIDERS WILL ALSO PROVIDE EDUCATION TO CNO JUVENILE SERVICES AND JUDICIAL BRANCH STAFF (OBJECTIVES 1.2 - 1.5). IN YEAR ONE, PROGRAM STAFF WILL TREAT 50 TRIBAL YOUTH AT RISK FOR SUICIDE (OBJECTIVE 1.6). THE PROGRAM WILL PARTNER WITH CNO JUVENILE SERVICES AND THE CNO JUDICIAL BRANCH FOR REFERRALS (OBJECTIVES 2.1-2.2). THESE PARTNERS WILL BE TRAINED ON VARIOUS METHODS OF TRACKING SUICIDAL YOUTH (OBJECTIVE 2.3). THE PROGRAM WILL ALSO COLLABORATE WITH LOCAL SCHOOL DISTRICTS TO COORDINATE VIRTUAL SESSIONS WITH CNO THERAPISTS FOR TRIBAL YOUTH THROUGHOUT THE TSA CHAHTA HIMMITOA AIAHLI TOHNOCHI PROGRAM TO EXPAND REFERRAL SYSTEMS (OBJECTIVES 2.4 – 2.5).  TO PROMOTE A FULLY COMPREHENSIVE SUICIDE PREVENTION PROGRAM, TREATMENT PROVIDERS WILL ALSO DEVELOP FAMILIAL CONNECTIONS AND SUPPORT SYSTEMS AROUND AT-RISK TRIBAL YOUTH (OBJECTIVE 3.1). EDUCATION ON REDUCING ACCESS TO LETHAL MEANS AND INCREASING PROTECTIVE FACTORS WILL BE PROVIDED (OBJECTIVES 3.2 – 3.3). GUIDANCE AND INFORMATION WILL ALSO BE PROVIDED ON HOW TO ACCESS HEALTH CARE, HOW TO DEVELOP AND IMPLEMENT CRISIS PROTOCOL, AND HOW TO HANDLE CRISES INVOLVING SUICIDE (OBJECTIVE 3.4). CULTURAL WELLNESS WILL ALSO BE DEVELOPED THROUGH A YOUTH-LED SUICIDE PREVENTION TASK FORCE (OBJECTIVE 3.5). PEERS WILL ALSO ESTABLISH CULTURALLY-BASED “TALKING CIRCLES.” TREATMENT PROVIDERS WILL MAINTAIN CONSISTENT PROGRAM QUALITY IMPROVEMENT EFFORTS THROUGH COLLECTING AND ANALYZING VARIOUS DATA SOURCES ON TRIBAL YOUTH SUICIDE (OBJECTIVE 3.6).",2754076,2037608,1219096,1534980,2026-01-14,TAGGS,2026-01-15,N/A,2023-09-30,2028-09-29,Center for Mental Health Services,93.243,SUBSTANCE ABUSE AND MENTAL HEALTH SERVICES PROJECTS OF REGIONAL AND NATIONAL SIGNIFICANCE,SM-22-003,Cooperative Agreements for the Garrett Lee Smith State/Tribal Youth Suicide Prevention and Early I…,https://www.samhsa.gov/grants/grant-announcements/sm-22-003,CHOCTAW NATION OF OKLAHOMA,OK,DURANT,OK-02,Indian Tribal Council,https://taggs.hhs.gov/Detail/AwardDetail?arg_AwardNum=H79SM086179&arg_ProgOfficeCode=80,https://www.usaspending.gov/award/ASST_NON_H79SM086179_075/
SM086182,Restored,Reinstated (confirmed),Pennsylvania's Community Programs for Outreach and Intervention with Youth and Young Adults atClinical High Risk for Psychosis (Short Title: CHR-P),"PENNSYLVANIA'S COMMUNITY PROGRAMS FOR OUTREACH AND INTERVENTION WITH YOUTH AND YOUNG ADULTS ATCLINICAL HIGH RISK FOR PSYCHOSIS (SHORT TITLE: CHR-P) - CLINICAL HIGH RISK FOR PSYCHOSIS (CHR-P) REFERS TO CHANGES IN THINKING, PERCEPTIONS AND BEHAVIOR IN ADOLESCENCE AND EARLY ADULTHOOD THAT INDICATE POSSIBLE PROGRESSION TO PSYCHOSIS. THE PENNSYLVANIA (PA) STEPPED-CARE (SC) APPROACH TO CHR-P WILL PROVIDE COMMUNITY OUTREACH TO IDENTIFY YOUNG PEOPLE IN PHILADELPHIA AND PITTSBURGH WHO MEET CHR-P CRITERIA AND ENROLL THEM IN AN INTEGRATED, SC TREATMENT INCLUDING FAMILY AND INDIVIDUAL PSYCHOEDUCATION, THERAPY, SUBSTANCE USE EDUCATION AND RISK REDUCTION, SUPPORTED EDUCATION AND EMPLOYMENT, PEER SUPPORT, AND PSYCHOPHARMACOLOGY, AS APPROPRIATE FOR THE INDIVIDUAL. THIS EFFORT IS CRUCIAL FOR EARLY IDENTIFICATION, FOLLOWED BY GRADUATED INTERVENTIONS BASED ON SEVERITY OF CLINICAL SYMPTOMS AND DYSFUNCTION INVOLVING YOUTH WITH CHR-P AND THEIR FAMILIES.  THE PSYCHOSIS EVALUATION AND RECOVERY CENTER (PERC) AT THE NEUROPSYCHIATRY PROGRAM OF THE UNIVERSITY OF PENNSYLVANIA (UPENN) AND THE HOPE TEAM AT THE UNIVERSITY OF PITTSBURGH MEDICAL CENTER (UPMC) HAVE EXTENSIVE EXPERIENCE IN ASSESSMENT AND MANAGEMENT OF YOUTH WITH CHR-P. PERC/HOPE PARTNER WITH COMMUNITY-BASED ORGANIZATIONS TO PROVIDE OUTREACH AND COORDINATED SPECIALTY CARE SENSITIVE TO THE SPECIAL NEEDS OF THIS POPULATION. PA SITES HAVE COLLABORATED ON THE SAMHSA-FUNDED CHR-P GRANT SINCE 2018 AND HAVE HARMONIZED THE APPROACH AND DATA ACQUISITION BETWEEN THE TWO SITES. OTHER STRENGTHS OF OUR COLLABORATION ARE GEOGRAPHICAL DIVERSITY, RECRUITMENT FROM URBAN, SUBURBAN, AND RURAL SETTINGS, DIVERSE AGE RANGE AND ETHNICITY OF YOUTH AND YOUNG ADULTS. DESPITE STRICT SOCIAL DISTANCING PROCEDURES ENACTED SINCE MARCH 2020, WHICH AFFECTED OUTREACH AND ALL ASPECTS OF CLINICAL CARE, PA WAS ABLE TO PURSUE THE GOALS ARTICULATED IN THE INITIAL APPLICATION. THE CURRENT PROPOSAL BUILDS ON THE WORK ACHIEVED TO DATE AND PROPOSES NEW GOALS TO IMPROVE COMMUNITY AWARENESS OF AND ACCELERATE REFERRAL PIPELINES FOR YOUNG PEOPLE WITH CHR-P THROUGH TARGETED AND ENHANCED EDUCATION EFFORTS, PROVIDE AN INTEGRATED SC APPROACH TO CHR-P CLINICAL SERVICES, AND IMPLEMENT QUALITY IMPROVEMENT TO ENHANCE SERVICE DELIVERY AND COMMUNITY EDUCATION. EACH OF THESE GOALS WILL INVOLVE PARTICIPANTS AND STAKEHOLDERS TO IMPROVE SERVICE DELIVERY AND OUTREACH. PA WILL EMPLOY SEVERAL SPECIFIC STRATEGIES TO BETTER SERVE AND RAPIDLY RECRUIT YOUNG PEOPLE FROM UNDERSERVED AND MINORITIZED BACKGROUNDS. PA PROPOSES TO ENROLL 25 NEW YOUNG PEOPLE ANNUALLY IN YEARS 1, 30 IN YEAR 2 AND 35 ANNUALLY IN YEARS 3-4, FOR A TOTAL OF 125, SPLIT APPROXIMATELY EVENLY BETWEEN THE TWO SITES. YOUTH WITH CHR-P EXPERIENCE VARIABLE CLINICAL SYMPTOMS, IMPAIRED FUNCTIONING, AND QUALITY OF LIFE.  THEIR FAMILIES ALSO EXPERIENCE DISTRESS. PRIOR WORK INDICATES THAT AS MANY AS 12% OF COMMUNITY YOUTHS EXPERIENCE CHR-P SYMPTOMS, AND THE MAJORITY INITIALLY SEEK MENTAL HEALTH CARE FOR ASSOCIATED SYMPTOMS SUCH AS DEPRESSION AND ANXIETY. YET, UNLESS SPECIFICALLY ASKED ABOUT EARLY PSYCHOSIS SYMPTOMS, THE PRESENCE OF CHR-P SYMPTOMS MAY NOT BE DETECTED BY CARE PROVIDERS WHO SERVE AS THE FIRST POINTS OF CONTACT. DELAYED TREATMENT ACCESS AND PROLONGED DURATION OF UNTREATED PSYCHOSIS (DUP) ARE ASSOCIATED WITH WORSE OUTCOME DURING THIS CRITICAL PERIOD OF DEVELOPMENT. PA PROPOSES TO EXPAND AND REFINE EFFORTS OF COMMUNITY OUTREACH WITH MENTAL HEALTH CARE PROVIDERS, PEDIATRIC AND PRIMARY CARE OFFICES, AND SCHOOLS TO PROVIDE TRAINING IN CHR-P SYMPTOMS AND SCREENING. GOALS OF OUR SC APPROACH INCLUDE IMPROVEMENT IN CLINICAL SYMPTOMS AND FUNCTIONING, PRESERVING THE STEEP DEVELOPMENTAL TRAJECTORY EXPECTED IN ADOLESCENCE AND EARLY ADULTHOOD, AND, WHERE POSSIBLE, LIMITING DUP. PERFORMANCE ASSESSMENT AND QUALITY IMPROVEMENT WILL BE PERFORMED QUARTERLY IN CONJUNCTION WITH OUTCOME MEASURE DATA COLLECTION AS PROGRAM-LEVEL DATA, USING SELECTED TOOLS TO ASSESS PROGRAM EFFECTIVENESS AND TRACK PATHWAYS TO CARE AND OUTCOMES. OUR GOAL IS TO HELP THOSE WITH CHR-P FLOURISH IN THE COMMUNITY AND CONTINUE THEIR CHOSEN LIFE PATHS.",1599993,1599993,801156.6900000002,798836.3099999998,2026-01-14,TAGGS,2026-01-15,N/A,2022-09-30,2026-09-29,Center for Mental Health Services,93.104,COMPREHENSIVE COMMUNITY MENTAL HEALTH SERVICES FOR CHILDREN WITH SERIOUS EMOTIONAL DISTURBANCES (SED),SM-22-008,Community Programs for Outreach and Intervention with Youth and Young Adults at Clinical High Risk…,https://www.samhsa.gov/grants/grant-announcements/sm-22-008,PA DEPARTMENT OF HUMAN SERVICES,PA,HARRISBURG,PA-10,Other Health Organization,https://taggs.hhs.gov/Detail/AwardDetail?arg_AwardNum=H79SM086182&arg_ProgOfficeCode=80,https://www.usaspending.gov/award/ASST_NON_H79SM086182_075/
SM086233,Restored,Reinstated (confirmed),"Project will focus on Clinical High Risk for Psychosis (CHR-P) in Eugene, Oregon","PROJECT WILL FOCUS ON CLINICAL HIGH RISK FOR PSYCHOSIS (CHR-P) IN EUGENE, OREGON - OREGON HEALTH AUTHORITY CLINICAL HIGH-RISK FOR PSYCHOSIS (CHR-P) PROGRAM WILL BE IMPLEMENTED IN LANE COUNTY, OREGON, IN PARTNERSHIP WITH PEACEHEALTH MEDICAL GROUP AND THE EASA CENTER FOR EXCELLENCE. THIS PROJECT WILL OFFER TARGETED COMMUNITY OUTREACH AND EDUCATION AS WELL AS COORDINATED SPECIALTY CARE TO YOUTH AND YOUNG ADULTS UP TO AGE 25 WHO MEET THE CRITERIA FOR CLINICAL HIGH RISK FOR PSYCHOSIS AND ARE RESIDING LANE COUNTY, OREGON.  LANE COUNTY INCLUDES THE UNIVERSITY OF OREGON AND IS A COMBINATION OF RURAL AND URBAN COMMUNITIES WITH A POPULATION OF APPROXIMATELY 383,000. THE PROGRAM WILL SERVE 84 INDIVIDUALS IN YEAR ONE, 88 IN YEAR TWO AND 92 IN YEAR THREE, AND 97 IN YEAR FOUR, FOR A TOTAL OF 361 CLIENTS SERVED. ELIGIBILITY WILL BE DETERMINED THROUGH ADMINISTRATION OF THE STRUCTURED INTERVIEW FOR PSYCHOSIS-RISK SYNDROMES (SIPS) AND WILL INCLUDE INDIVIDUALS WHO ARE IDENTIFIED AS HAVING ONE OF THREE DIAGNOSABLE HIGH-RISK SYNDROMES. THE PROJECT WILL INTEGRATE EXPANDED CLINICAL HIGH-RISK SERVICES INTO ITS EXISTING COORDINATED SPECIALTY CARE TEAM AND WILL INTEGRATE EXPANDED COMMUNITY EDUCATION AND OUTREACH AND A STEP-WISE TREATMENT DECISION MAKING PROCESS AND MANUALIZED TREATMENT FOR INDIVIDUALS WHO ARE CLINICALLY HIGH-RISK FOR PSYCHOSIS. INTERVENTIONS WILL BUILD ON CURRENT RESEARCH.  THE FIRST GOAL OF THE PROJECT IS TO STRENGTHEN OUTREACH, COLLABORATION AND EDUCATION WITH COMMUNITY PARTNERS TO IMPROVE IDENTIFICATION AND RECRUITMENT OF YOUNG ADULTS AT RISK FOR CHR-P. THIS GOAL WILL BE ACCOMPLISHED BY INCREASING OUTREACH CONTACTS, CREATING AND DISSEMINATING EDUCATIONAL MATERIALS AND ESTABLISHING RELATIONSHIPS WITH PRIMARY AND SECONDARY OUTREACH LOCATIONS, INCLUDING PEACEHEALTH MEDICAL GROUP PRIMARY CARE CLINICS AND LANE COUNTY BEHAVIORAL HEALTH. THE SECOND GOAL IS TO ENRICH CHR-P SERVICES USING EVIDENCE-BASED ASSESSMENTS AND TREATMENTS AND TO CONNECT TO UNDERSERVED POPULATIONS. WE WILL FOCUS ON ASSESSMENTS, CULTURALLY APPROPRIATE CURRICULUM AND INTERVENTIONS, AND IDENTIFYING GAPS OF SERVICE. THE FINAL GOAL OF THE PROJECT IS TO DEVELOP EDUCATIONAL AND TRAINING MATERIALS THAT CAN BE ACCESSED BY OTHER AGENCIES ESTABLISHING CHR-SERVICES. WE AIM TO CREATE WORKFLOW PRACTICES AND PROCEDURES AND HOLD TWO CONFERENCES TO DISSEMINATE THIS INFORMATION AND PROVIDE EDUCATION AND SUPPORT TO OTHER AGENCIES IN OREGON AND BEYOND.",1551716,1551716,1189064.98,362651.02,2026-01-14,TAGGS,2026-01-15,N/A,2022-09-30,2026-09-29,Center for Mental Health Services,93.104,COMPREHENSIVE COMMUNITY MENTAL HEALTH SERVICES FOR CHILDREN WITH SERIOUS EMOTIONAL DISTURBANCES (SED),SM-22-008,Community Programs for Outreach and Intervention with Youth and Young Adults at Clinical High Risk…,https://www.samhsa.gov/grants/grant-announcements/sm-22-008,OREGON HEALTH AUTHORITY,OR,SALEM,OR-06,Other Health Organization,https://taggs.hhs.gov/Detail/AwardDetail?arg_AwardNum=H79SM086233&arg_ProgOfficeCode=80,https://www.usaspending.gov/award/ASST_NON_H79SM086233_075/
SM086239,Restored,Reinstated (confirmed),The University of Tampa Mental Health Promotion and Suicide Prevention Progam,"THE UNIVERSITY OF TAMPA MENTAL HEALTH PROMOTION AND SUICIDE PREVENTION PROGAM - THE UNIVERSITY OF TAMPA MENTAL HEALTH PROMOTION AND SUICIDE PREVENTION PROGRAM AIMS TO MAKE MENTAL HEALTH AND WELLBEING INESCAPABLE FOR STUDENTS BY BUILDING A WIDER NET OF PROACTIVE SERVICES. THIS WILL ALLOW US TO IDENTIFY AND SERVE STUDENTS WHO NEED TO RECEIVE COUNSELING SERVICES AS WELL AS THOSE THAT NEED SKILL BUILDING WORKSHOPS, WELLNESS COACHING OR COMMUNITY CONNECTION PROGRAMS TO TEACH THEM TO MANAGE THEIR OWN MENTAL WELLBEING. OVER THE PAST 4 YEARS, THE UNIVERSITY OF TAMPA (UT) HAS INCREASED THEIR COMMITMENT TO IMPROVING STUDENT MENTAL HEALTH AND WELLBEING AND SUICIDE PREVENTION THROUGH A STRATEGIC 4-YEAR PARTNERSHIP WITH JED CAMPUS, FOCUSED ON BUILDING A COMPREHENSIVE STRATEGIC PLAN TO BUILD STUDENT MENTAL HEALTH AND WELLBEING AND REDUCE SUICIDE. A STRONG MENTAL HEALTH TASKFORCE DEDICATED TO IMPROVING STUDENT MENTAL HEALTH AND WELLBEING HAS GUIDED THIS PROJECT. THERE IS MORE WORK TO BE DONE TO RESOLVE THE GAP IN SERVICES NEEDED TO ADDRESS THE MENTAL HEALTH AND WELLBEING OF ALL STUDENTS, NOT JUST THOSE THAT SEEK COUNSELING. WE PROPOSE TO DO THIS WITH THE FOLLOWING THREE GOALS AND OBJECTIVES AND WILL MARKET THESE PROGRAMS TO UNDERSERVED POPULATIONS. THE FIRST GOAL IS TO INCREASE FACULTY, STAFF, AND STUDENT CAPACITY TO IDENTIFY HIGH-RISK STUDENTS, REFER TO APPROPRIATE RESOURCES AND ENCOURAGE HELP-SEEKING BEHAVIOR. THIS WILL BE DONE BY COORDINATING 3 DIFFERENT MENTAL HEALTH GATEKEEPER TRAININGS INVOLVING A VARIETY OF TIME COMMITMENTS:  HOW TO HELP A FRIEND TRAINING, 1 HOUR, REACHING A MINIMUM OF 200 STUDENTS PER YEAR, TOTALING 600 OVER THE GRANT PERIOD; SUICIDE PREVENTION GATEKEEPER TRAINING, 2-HOUR, 100 FACULTY, STAFF AND STUDENTS PER YEAR, 300 PER GRANT PERIOD; AND MENTAL HEALTH FIRST AID TRAINING, 100 FACULTY, STAFF AND STUDENTS PER YEAR, 300 PER GRANT YEAR.  THE SECOND GOAL IS TO INCREASE STUDENTS' ABILITY TO MANAGE STRESS, ANXIETY, AND OTHER EMOTIONS PRODUCTIVELY TO REDUCE SUBSTANCE ABUSE, BUILD RESILIENCY AND DECREASE RISK OF SUICIDE. WE ARE PROPOSING THREE PROGRAMS TO ADDRESS THIS GOAL. WELLNESS SKILL BASED WORKSHOPS WILL BE IMPLEMENTED THAT TEACH STUDENTS USEFUL TOOLS TO FEEL MORE CONFIDENT IN THEIR ABILITY TO MANAGE DISTRESS.  THE FIRST YEAR OF THE GRANT WILL BE SPENT DEVELOPING THE WORKSHOPS AND TRAINING A FACILITATOR, WITH A MINIMUM OF 50 STUDENTS COMPLETING IN THE SECOND YEAR AND 75 STUDENTS THE THIRD YEAR, TOTALING 125 STUDENTS. A PEER WELLNESS COACHING PROGRAM WILL BE DEVELOPED DURING THE FIRST YEAR OF THE GRANT, INCLUDING HIRING AND TRAINING OF 4 STUDENT COACHES.  YEAR TWO, A MINIMUM OF 25 STUDENTS WILL COMPLETE COACHING, AND YEAR 3, 50 STUDENTS WILL COMPLETE, TOTALING IN 75 OVER THE PROJECT. LASTLY, A FACULTY CURRICULUM INFUSION MODEL AND TEACHING TIPS FOR SUPPORTING STUDENT MENTAL HEALTH WILL BE CREATED AND DISSEMINATED BY THE END OF YEAR ONE. BY THE END OF THE GRANT PERIOD, A MINIMUM OF 50 FACULTY WILL HAVE UTILIZED THE MODULES AND TIPS. GOAL 3 IS TO INCREASE STUDENTS' SENSE OF BELONGING TO BUILD RESILIENCY AND DECREASE RISK OF SUICIDE. THIS WILL BE DONE THROUGH TWO PROGRAMS. THE SPARTAN CONNECT CONVERSATIONS PROGRAM, A FORUM TO HELP STUDENTS GET TO KNOW EACH OTHER AND DEVELOP FRIENDSHIPS, WILL BE CREATED BY DECEMBER 2022, WITH 4 GROUPS COMPLETED BY THE END OF YEAR ONE, MINIMUM OF 20 STUDENTS IN TOTAL. YEAR 2 AND 3 WILL HAVE 12 CONVERSATION GROUPS EACH, WITH A MINIMUM OF 60 STUDENTS COMPLETING TOTALING 28 GROUPS AND 140 STUDENTS. SECONDLY, AWARENESS AND UTILIZATION OF THE UT RECOVERY COMMUNITY WILL INCREASE BY IMPLEMENTING A MARKETING CAMPAIGN, PROVIDING WEEKLY SUPPORT MEETINGS AND CASE MANAGEMENT FOR MEMBERS, AND PROVIDING RECOVERY ALLY TRAINING TO THE UNIVERSITY COMMUNITY BEGINNING IN GRANT YEAR 2, AS THESE TRAININGS WILL BE DONE BY STUDENT LEADERS IN THE COMMUNITY.  THREE TRAININGS WILL OCCUR DURING YEAR 2 AND 3, REACHING AT LEAST 30 FACULTY, STAFF AND STUDENTS PER YEAR, TOTALING 60.",302280,302280,225780.04,76499.95999999999,2026-01-14,TAGGS,2026-01-15,N/A,2023-08-31,2026-08-30,Center for Mental Health Services,93.243,SUBSTANCE ABUSE AND MENTAL HEALTH SERVICES PROJECTS OF REGIONAL AND NATIONAL SIGNIFICANCE,SM-22-004,GLS Campus Suicide Prevention Grant Program,https://www.samhsa.gov/grants/grant-announcements/sm-22-004,THE UNIVERSITY OF TAMPA INC,FL,TAMPA,FL-14,"Junior College, College & University",https://taggs.hhs.gov/Detail/AwardDetail?arg_AwardNum=H79SM086239&arg_ProgOfficeCode=80,https://www.usaspending.gov/award/ASST_NON_H79SM086239_075/
SM086241,Restored,Reinstated (confirmed),Johnson County Community College Campus Suicide Prevention Program,"JOHNSON COUNTY COMMUNITY COLLEGE CAMPUS SUICIDE PREVENTION PROGRAM - TO BETTER SERVE STUDENTS COPING WITH MENTAL HEALTH CRISES, INCLUDING SUICIDAL IDEATION, JOHNSON COUNTY COMMUNITY COLLEGE (JCCC) IS PROPOSING A CAPACITY BUILDING PROJECT THAT WILL RESULT IN CREATING PARTNERSHIPS WITH REGIONAL MENTAL HEALTH CARE PROVIDERS, AS WELL AS STRENGTHENING INTERNAL RESOURCES TO ASSIST FACULTY AND STAFF HELPING STUDENTS IN CRISIS. A SUSTAINED OUTCOME FOR THE PROJECT WILL BE THE JCCC MENTAL HEALTH & WELLNESS ADVISORY BOARD, WHICH WILL BE COMPRISED OF COUNSELORS, SENIOR ADMINISTRATORS, FACULTY, STAFF, AND COMMUNITY PARTNERS.  JOHNSON COUNTY COMMUNITY COLLEGE, A NON-RESIDENTIAL 2-YEAR PUBLIC HIGHER EDUCATION INSTITUTION, IS LOCATED IN OVERLAND PARK, KANSAS, A SUBURB OF THE KANSAS CITY METROPOLITAN AREA. WITH 16,643 STUDENTS ENROLLED FOR THE FALL 2021 SEMESTER, JCCC IS THE LARGEST COMMUNITY COLLEGE IN KANSAS. AS OF FALL 2021, JCCC STUDENTS COME FROM DIFFERENT BACKGROUNDS THAN THE TYPICAL UNIVERSITY STUDENT:    RACIAL/ETHNIC BREAKDOWN: CAUCASIAN (64%), HISPANIC (11%), AFRICAN AMERICAN (6%), ASIAN (4%), TWO OR MORE RACES (5%), AMERICAN INDIAN (1%), NATIVE PACIFIC ISLANDER (1%) NON-RESIDENTIAL ALIEN (3%), AND UNKNOWN (5%). GENDER: FEMALE (55%), MALE (45%) AVERAGE AGE: 23 (51.75% BETWEEN 18 AND 24 YEARS OF AGE) FINANCIAL STATUS: 3,057 PELL-ELIGIBLE STUDENTS   VETERAN STATUS: 642 STUDENTS IDENTIFIED AS VETERANS OR MILITARY AFFILIATED (ACTIVE, RESERVE, SPOUSE, OR DEPENDENT).     TO ACCOMPLISH THE PROJECT OBJECTIVES, JCCC WILL (1) CREATE A NETWORK WITH LOCAL MENTAL HEALTH CARE PROVIDERS; (2) HOST SUICIDE AWARENESS AND INTERVENTION TRAININGS ON CAMPUS FOR FACULTY, STAFF (INCLUDING STUDENT EMPLOYEES), AND EXECUTIVE LEADERSHIP; AND (3) HAVE THE JCCC MENTAL HEALTH & WELLNESS ADVISORY BOARD COORDINATE WITH THE JED FOUNDATION TO EVALUATE JCCC'S POLICIES AND PROCEDURES RELATED TO STUDENT MENTAL HEALTH.   THROUGH THIS PROJECT, APPROXIMATELY 508 JCCC STAFF AND FACULTY WILL RECEIVE TRAINING IN SUICIDE AWARENESS AND PREVENTION, AS WELL AS ESTABLISH MOUS WITH AT LEAST 10 REGIONAL MENTAL HEALTHCARE PROVIDERS. IN ADDITION, THE PROJECT WILL INTEGRATE SUICIDE AWARENESS PROGRAMMING INTO 20 CAMPUS EVENTS REACHING 3,500 STUDENTS.",267415,267415,111134.62999999999,156280.37,2026-01-14,TAGGS,2026-01-15,N/A,2023-08-31,2026-08-30,Center for Mental Health Services,93.243,SUBSTANCE ABUSE AND MENTAL HEALTH SERVICES PROJECTS OF REGIONAL AND NATIONAL SIGNIFICANCE,SM-22-004,GLS Campus Suicide Prevention Grant Program,https://www.samhsa.gov/grants/grant-announcements/sm-22-004,JOHNSON COUNTY COMMUNITY COLLEGE,KS,OVERLAND PARK,KS-03,"Junior College, College & University",https://taggs.hhs.gov/Detail/AwardDetail?arg_AwardNum=H79SM086241&arg_ProgOfficeCode=80,https://www.usaspending.gov/award/ASST_NON_H79SM086241_075/
SM086242,Restored,Reinstated (confirmed),2022 GLS Campus Grant to Prevent Suicide and Promote Mental Health,"2022 GLS CAMPUS GRANT TO PREVENT SUICIDE AND PROMOTE MENTAL HEALTH - THE MILWAUKEE AREA TECHNICAL COLLEGE (MATC) GLS CAMPUS 2022 PROJECT STRIVES TO PREVENT SUICIDE IDEATION, ATTEMPTS, AND DEATHS AMONG STUDENTS BY PROMOTING MENTAL HEALTH AND HELP-SEEKING BEHAVIORS, AND TO SUPPORT AT-RISK GROUPS ACROSS THE COLLEGE AND PARTNERING COMMUNITY. THE PROJECT WILL SERVE A MINIMUM OF 3,000 STUDENTS PER YEAR, AS WELL AS BENEFIT STUDENT FAMILY MEMBERS, COLLEGE EMPLOYEES, AND COMMUNITY MEMBERS. TO ACHIEVE THIS TRANSFORMATIONAL CHANGE, MATC WILL USE A COMPREHENSIVE, PARTNER-COORDINATED, EVIDENCE-BASED APPROACH TO ENHANCE OUR COUNSELING AND PSYCHOLOGICAL SERVICES INFRASTRUCTURE TO HAVE A POSITIVE IMPACT IN MEETING STUDENT NEEDS RELATED TO MENTAL WELLNESS AND SUICIDE PREVENTION. EFFORTS INCLUDE: 1) MENTAL WELLNESS INFRASTRUCTURE TRANSFORMATION VIA FOCUS ON CRISIS PROTOCOLS AND SUPPORT PROVIDED TO ALL STUDENTS (WHILE SPECIFICALLY TARGETING THOSE AT HIGH-RISK); SUBSTANCE ABUSE, MENTAL HEALTH PROBLEMS, AND LIFE STRESSORS; COORDINATION WITH A CONTRACTED SUPPLEMENTAL 24/7 VIRTUAL MENTAL WELLNESS PROVIDER; AND PANDEMIC RELIEF SUPPORTS; 2) PROFESSIONAL DEVELOPMENT AND STAFF TRAINING ON TOPICS INCLUDING QPR, SUBSTANCE USE DISORDER, AT-RISK POPULATIONS, PANDEMIC-RELATED IMPACTS, AND ADDITIONAL RELEVANT AREAS; 3) STUDENT AWARENESS AND TRAINING ON TOPICS INCLUDING SUICIDE PREVENTION RESOURCE CENTER’S FRAMEWORK FOR SUCCESSFUL MESSAGING, EQUITY IN MENTAL HEALTH FRAMEWORK VIA WORKSHOPS, MARKETING, AND AWARENESS CAMPAIGNS; 4) PARTNERSHIP COLLABORATIONS TO ENHANCE AND EXPAND A STRONG AND BENEFICIAL NETWORK OF EXTERNAL MENTAL WELLNESS SUPPORTS AND RESOURCES; AND 5) DATA COLLECTION AND PERFORMANCE ASSESSMENT. THIS PROGRAM WILL BE CULTURALLY BROAD AND INFORMED BY DIRECT INPUT FROM STUDENTS, COMMUNITY PARTNERS, FACULTY, AND STAFF.",300000,300000,197312.65999999997,102687.34000000003,2026-01-14,TAGGS,2026-01-15,N/A,2023-08-31,2026-08-30,Center for Mental Health Services,93.243,SUBSTANCE ABUSE AND MENTAL HEALTH SERVICES PROJECTS OF REGIONAL AND NATIONAL SIGNIFICANCE,SM-22-004,GLS Campus Suicide Prevention Grant Program,https://www.samhsa.gov/grants/grant-announcements/sm-22-004,"MILWAUKEE AREA TECHNICAL COLLEGE FOUNDATION, INC.",WI,MILWAUKEE,WI-04,Vocational & Training School,https://taggs.hhs.gov/Detail/AwardDetail?arg_AwardNum=H79SM086242&arg_ProgOfficeCode=80,https://www.usaspending.gov/award/ASST_NON_H79SM086242_075/
SM086244,Restored,Reinstated (unconfirmed),Wabash Wellness Initiative,"WABASH WELLNESS INITIATIVE - THE WABASH WELLNESS INITIATIVE (WWI) WILL FOCUS ON ALL STUDENTS AT WABASH COLLEGE (WC). IN LATE 2020, WC BECAME A JED CAMPUS AND COMPLETED AN ASSESSMENT OF SERVICE GAPS AND INFRASTRUCTURE DEVELOPMENT NEEDS RELATED TO IMPROVING STUDENT MENTAL HEALTH AND PREVENTING SUICIDE. WWI WILL ADDRESS IDENTIFIED GAPS AND NEEDS AND SERVE 840 STUDENTS IN YEAR 1, AND 240 INCOMING STUDENTS IN YEARS 2 AND 3 FOR A TOTAL OF 1,320 STUDENTS.  WC IS ONE OF ONLY THREE ALL MALE, PRIVATE, LIBERAL ARTS COLLEGES IN THE US. ALL STUDENTS LIVE ON CAMPUS, 77% ARE WHITE, 23% ARE STUDENTS OF COLOR, 3% IDENTIFY AS LGBTQ+, 4% ARE FROM OTHER COUNTRIES, 25% PELL ELIGIBLE, AND 29% FIRST GEN COLLEGE STUDENTS. 2020-21 HEALTHY MINDS STUDY RESULTS SHOWED WC STUDENTS BINGE DRINK MORE THAN THE NATIONAL AVERAGE AND 38.5% EXPERIENCED SYMPTOMS OF AT LEAST ONE SIGNIFICANT MENTAL HEALTH PROBLEM. IN THE LAST FIVE YEARS, TWO WC STUDENTS COMMITTED SUICIDE; FOUR ATTEMPTED SUICIDE; AND 19 REQUIRED EMERGENCY ROOM VISITS/ HOSPITALIZATION DUE TO SUICIDAL IDEATION, SUICIDAL ATTEMPTS, OR SUBSTANCE USE CRISES. TWO MALE STAFF MEMBERS AND ONE FORMER MALE FACULTY MEMBER ALSO DIED BY SUICIDE. SINCE FEBRUARY 2022, SEVEN WC STUDENTS HAVE WITHDRAWN FOR MENTAL HEALTH REASONS.  THE NEAREST APPROPRIATE MENTAL HEALTH SERVICES ARE 30 MILES AWAY.   WWI WILL BE ORGANIZED ON THE PUBLIC HEALTH FRAMEWORK FOR PREVENTING SUICIDE ON COLLEGE CAMPUSES COMPRISED OF FOUR LEVELS OF INFLUENCE (SOCIETAL/STRUCTURAL, COMMUNITY/CONTEXTUAL, INTERPERSONAL/RELATIONAL, AND INDIVIDUAL). A WELLNESS COUNCIL OF STUDENTS, FACULTY, AND STAFF WILL PROVIDE STRUCTURE AND ACCOUNTABILITY, AND FOUR WORKING COMMITTEES (ONE FOR EACH LEVEL OF INFLUENCE) WILL COMPLETE TASKS. IDENTIFIED GAPS AND NEEDS WILL BE ADDRESSED BY MONTH 24, BE FULLY IMPLEMENTED THROUGHOUT YEAR THREE, AND LEAD TO IMPROVED STUDENT MENTAL HEALTH.   WWI WILL ENHANCE MENTAL HEALTH, PREVENT AND REDUCE SUICIDE AND MENTAL AND SUBSTANCE USE DISORDERS, PROMOTE HELP-SEEKING BEHAVIOR, AND IMPROVE IDENTIFICATION AND TREATMENT OF AT-RISK STUDENTS. OBJECTIVES: • SOCIETAL/STRUCTURAL: IMPLEMENT: (1) PROTOCOL FOR VIOLATION OF NON-DISCRIMINATION POLICY; (2) CONSOLIDATED HEALTH/MENTAL HEALTH ELECTRONIC HEALTH RECORDS; (3) MEDICAL LEAVE POLICY; (4) STUDENT MENTAL HEALTH STRATEGIC PLAN; (5) TUITION INSURANCE. • COMMUNITY/CONTEXTUAL: IMPLEMENT: (1) CALENDAR OF EVIDENCE-BASED ACTIVITIES; (2) ASSESSMENTS/SCREENINGS CONNECTED TO INFORMATION/REFERRALS; (3) DISTRIBUTION OF RESEARCH-BASED INFORMATION TO PARENTS/STUDENTS/FACULTY/STAFF; (4) ENVIRONMENTAL LETHAL-MEANS SCANS AND REDUCING LETHAL MEANS FOR HIGH-RISK STUDENTS; (5) DRUG TAKE-BACK PROGRAM. • INTERPERSONAL/RELATIONAL: IMPLEMENT: (1) EXPANDED LIVING UNIT VISITS ADDRESSING MENTAL HEALTH; (2) STUDENT WELLNESS LEADERS; (3) APPROACHES TO REACH NON-ENGAGED STUDENTS; (4) GATEKEEPER TRAINING TO 80% OF STUDENTS AND 50% OF FACULTY/STAFF; (5) STRUCTURED LIFE SKILLS TRAINING AND DEVELOPMENT PROGRAM. • INDIVIDUAL: IMPLEMENT: (1) TELEMENTAL HEALTH SERVICE AVAILABLE 24/7/365; (2) REVIEW OF POSTVENTION PROTOCOLS WITH FACULTY/STAFF; (3) RECOVERY MENTORING PROGRAM AND ON-CAMPUS RECOVERY COMMUNITY; (4) CHANGES TO TRIAGE PROCEDURES; (5) CHANGES TO BIT SYSTEM; (6) FAMILY NOTIFICATION PROTOCOL.  WWI INCLUDES ONGOING DATA COLLECTION, ASSESSMENT, AND REPORTING THAT MEET SAMHSA REQUIREMENTS AND A BI-ANNUAL REVIEW/REFLECT/REVISE PROCESS THROUGH WHICH THE WELLNESS COUNCIL AND PROJECT STAFF WILL CONTINUOUSLY MONITOR DATA AND USE IT FOR PROJECT IMPROVEMENT.",304012,304012,202027,101985,2026-01-14,TAGGS,2026-01-15,N/A,2023-08-31,2026-08-30,Center for Mental Health Services,93.243,SUBSTANCE ABUSE AND MENTAL HEALTH SERVICES PROJECTS OF REGIONAL AND NATIONAL SIGNIFICANCE,SM-22-004,GLS Campus Suicide Prevention Grant Program,https://www.samhsa.gov/grants/grant-announcements/sm-22-004,WABASH COLLEGE,IN,CRAWFORDSVILLE,IN-04,"Junior College, College & University",https://taggs.hhs.gov/Detail/AwardDetail?arg_AwardNum=H79SM086244&arg_ProgOfficeCode=80,https://www.usaspending.gov/award/ASST_NON_H79SM086244_075/
SM086245,Restored,Reinstated (confirmed),Southern Utah University's Thriving Thunderbirds Project,"SOUTHERN UTAH UNIVERSITY'S THRIVING THUNDERBIRDS PROJECT - AS PART OF SAMHSA'S GLS CAMPUS SUICIDE PREVENTION GRANT PROGRAM, SOUTHERN UTAH UNIVERSITY'S (SUU) THRIVING THUNDERBIRDS PROJECT WILL IMPROVE THE OVERALL MENTAL HEALTH OF SUU STUDENTS (POPULATION OF FOCUS), INCLUDING THOSE AT RISK FOR SUICIDE, DEPRESSION, SERIOUS MENTAL ILLNESS, SUBSTANCE USE AND OTHER DISORDERS THAT CAN LEAD TO SCHOOL FAILURE. SUU WILL IMPROVE THE IDENTIFICATION AND TREATMENT OF THESE AT-RISK COLLEGE STUDENTS SO THEY NOT ONLY SURVIVE THEIR CURRENT CIRCUMSTANCES BUT THRIVE AS THEY SUCCESSFULLY ACHIEVE THEIR ACADEMIC GOALS.  SUU IS A REGIONAL COMPREHENSIVE INSTITUTION IN RURAL UTAH SERVING APPROXIMATELY 14,000 PRIMARILY UNDERGRADUATE AND TRADITIONALLY-AGED STUDENTS. SUU RECOGNIZES THE IMPACT COVID-19, POLITICAL UNREST, AND INTERNATIONAL CRISES HAVE HAD ON THE MENTAL HEALTH OF ITS STUDENTS. RECENT DATA COLLECTED BY THE HEALTHY MINDS SURVEY ILLUSTRATES THE NEED FOR THIS PROJECT. NEARLY 40% OF RESPONDING STUDENTS REPORTED MAJOR OR MODERATE DEPRESSION AND NEARLY 20% REPORTED SUICIDAL IDEATION WITHIN THE PAST YEAR. IN UTAH, THE AGE-ADJUSTED SUICIDE RATE IS 20 PER 100,000 AND DURING THE 2021-22 ACADEMIC YEAR, THREE SUU STUDENTS DIED BY SUICIDE AND DOZENS MORE WERE HOSPITALIZED FOR SERIOUS MENTAL DISTRESS. THE AVERAGE WAIT TIME TO RECEIVE INDIVIDUAL COUNSELING FOR STUDENTS IN DISTRESS AT SUU IS SIX WEEKS. FURTHER DATA COLLECTED IN 2021 ALSO INDICATES THE NEED FOR THIS PROJECT. WHEN SUU PARTNERED WITH THE JED FOUNDATION TO COMPLETE A CAMPUS AUDIT REVIEWING INSTITUTIONAL STRENGTHS AND WEAKNESSES RELATED TO THE MENTAL WELLBEING OF STUDENTS, THE RESULT WAS A 15-DOMAIN STRATEGIC PLAN WITH 74 CRITICAL ACTION ITEMS.  IN RESPONSE TO THE ASSOCIATED RECOMMENDATIONS FROM THE JED FOUNDATION, THE ALARMING HEALTHY MINDS DATA, AND A HIGH DEMAND FOR INDIVIDUAL COUNSELING FROM SUU STUDENTS, SUU HAS PARTNERED WITH THREE NEW VIRTUAL MENTAL HEALTH COMPANIES WHO PROVIDE VALUABLE SERVICES FOR THREE DISTINCT MENTAL HEALTH ACUITY LEVELS: LOW, MODERATE, AND CRISIS. THRIVING THUNDERBIRDS WILL UTILIZE GRANT FUNDING TO EXPAND KNOWLEDGE OF AND ACCESS TO THESE NEW RESOURCES AVAILABLE TO ALL STUDENTS, INCLUDING THOSE MOST VULNERABLE TO SUICIDE AND SUBSTANCE USE DISORDERS. IT WILL ALSO FURTHER EXPAND EXISTING RESOURCES TO SUPPORT THE YEARLY OBJECTIVES OF THE PROJECT.  YEARLY OBJECTIVES OF THRIVING THUNDERBIRDS INCLUDE: (YEAR 1) TAKE A POPULATION-BASED HEALTH APPROACH, INCREASE STUDENTS' MENTAL HEALTH AND SUBSTANCE USE AWARENESS AND INCREASE HELP-SEEKING BEHAVIORS; (YEAR 2) COMPLETE THE JED CAMPUS STRATEGIC PLAN; AND (YEAR 3) EMPLOY A CONTINUUM OF CARE MODEL TO INCREASE UTILIZATION OF MENTAL HEALTH AND SUBSTANCE USE RESOURCES. TO ACCOMPLISH THESE YEARLY OBJECTIVES, THRIVING THUNDERBIRDS WILL UTILIZE EVIDENCE-BASED PREVENTION STRATEGIES. EXAMPLES INCLUDE QPR SUICIDE PREVENTION AND MENTAL HEALTH FIRST AID TRAINING FOR ALL SUU EMPLOYEES AND STUDENTS. THIS WILL SIGNIFICANTLY INCREASE AWARENESS OF WARNING SIGNS ASSOCIATED WITH SUICIDE AND SUBSTANCE USE DISORDERS, EDUCATE THE CAMPUS COMMUNITY ABOUT INSTITUTIONAL AND COMMUNITY RESOURCES TO RECEIVE TREATMENT, AND INCREASE STUDENTS' ABILITIES TO RECEIVE TIMELY AND EFFECTIVE CARE.   DATA COLLECTED AS PART OF THIS PROJECT INCLUDES RESULTS OF THE UPCOMING HEALTHY MINDS SURVEY, MENTAL HEALTH RESOURCE UTILIZATION RATES, WAITLIST TIMES, THE NUMBER OF STUDENTS SEEKING INPATIENT CARE FOR MENTAL HEALTH, AND THE NUMBER OF ATTENDEES AT TRAINING/EDUCATION/OUTREACH EVENTS AND ACTIVITIES. ACTIVE ENGAGEMENT IN THIS PROJECT IS PROJECTED AT BETWEEN 1,000-2,000 STUDENTS AND 1,100 EMPLOYEES EACH YEAR. PASSIVELY, THIS PROJECT WILL REACH 14,000+ STUDENTS EACH YEAR DURING THE THREE YEAR PERIOD OF PERFORMANCE.",305849,305849,176142.19999999998,129706.80000000002,2026-01-14,TAGGS,2026-01-15,N/A,2023-08-31,2026-08-30,Center for Mental Health Services,93.243,SUBSTANCE ABUSE AND MENTAL HEALTH SERVICES PROJECTS OF REGIONAL AND NATIONAL SIGNIFICANCE,SM-22-004,GLS Campus Suicide Prevention Grant Program,https://www.samhsa.gov/grants/grant-announcements/sm-22-004,SOUTHERN UTAH UNIVERSITY,UT,CEDAR CITY,UT-02,"Junior College, College & University",https://taggs.hhs.gov/Detail/AwardDetail?arg_AwardNum=H79SM086245&arg_ProgOfficeCode=80,https://www.usaspending.gov/award/ASST_NON_H79SM086245_075/
SM086247,Restored,Reinstated (confirmed),Riverside City College SAMSHA GLS Program,"RIVERSIDE CITY COLLEGE SAMSHA GLS PROGRAM - THE  SAY THE WORDS STOP SUICIDE  PROGRAM IS DESIGNED TO SERVE THE RIVERSIDE CITY COLLEGE POPULATION. RIVERSIDE CITY COLLEGE SERVES A DIVERSE COMMUNITY OF LEARNERS BY OFFERING CERTIFICATES, DEGREES, AND TRANSFER PROGRAMS THAT HELP STUDENTS ACHIEVE THEIR EDUCATIONAL AND CAREER GOALS. RCC SERVES ABOUT 22,000 STUDENTS AND IS KNOWN FOR ITS PROGRAMS FOR STUDENTS WITH DISABILITIES, VETERANS, AND THOSE REPRESENTING RACIAL AND ETHNIC MINORITIES. THE GOAL OF THE RCC SUICIDE PREVENTION PROGRAM IS TO PROVIDE A COMPREHENSIVE PUBLIC HEALTH APPROACH TO THE ISSUE OF SUICIDE PREVENTION BY (1) TRAINING KEY GATEKEEPER STAFF; (2) ESTABLISHING A PEER-TO-PEER PROGRAM; (3) PROVIDING PREVENTION EDUCATIONAL EVENTS; AND (4) DESIGNING A CRISIS MANAGEMENT PLAN.      RCC'S SUICIDE PREVENTION PROGRAM HAS THREE OBJECTIVES. THE FIRST OBJECTIVE IS TO CREATE A NETWORKING INFRASTRUCTURE TO LINK THE INSTITUTION WITH HEALTH CARE PROVIDERS FROM THE BROADER COMMUNITY AND RESOURCES. THE SECOND OBJECTIVE IS TO PROVIDE PREVENTION-FOCUSED AND RESPONSE-FOCUSED TRAINING TO FACULTY AND STAFF TO ASSIST STUDENTS WITH SYMPTOMS OF MENTAL HEALTH DISTRESS. THE THIRD OBJECTIVE IS TO EDUCATE AND INCREASE STUDENT AWARENESS OF ON-CAMPUS AND COMMUNITY MENTAL HEALTH RESOURCES.      THE PROGRAM STRATEGIES INCLUDE MENTAL HEALTH OUTREACH ACTIVITIES AND FAIRS, ONLINE AND FACE-TO-FACE PRESENTATIONS, AND MENTAL HEALTH WORKSHOPS TO REDUCE MENTAL HEALTH STIGMAS AND PROMOTE MENTAL HEALTH AWARENESS. DURING THE GRANT FUNDING PERIOD, RCC WILL TRAIN 25% N=165 OF ITS FACULTY MEMBERS AND WILL TARGET 1,0000 PARTICIPANTS PER YEAR. AFTER FUNDING ENDS, RCC WILL CONTINUE TO EDUCATE FACULTY, STAFF, AND STUDENTS USING THE MATERIALS PURCHASED WITH GRANT FUNDS.",277729,277729,163058.34999999998,114670.65000000002,2026-01-14,TAGGS,2026-01-15,N/A,2023-08-31,2026-08-30,Center for Mental Health Services,93.243,SUBSTANCE ABUSE AND MENTAL HEALTH SERVICES PROJECTS OF REGIONAL AND NATIONAL SIGNIFICANCE,SM-22-004,GLS Campus Suicide Prevention Grant Program,https://www.samhsa.gov/grants/grant-announcements/sm-22-004,RIVERSIDE COMMUNITY COLLEGE DISTRICT,CA,RIVERSIDE,CA-39,Vocational & Training School,https://taggs.hhs.gov/Detail/AwardDetail?arg_AwardNum=H79SM086247&arg_ProgOfficeCode=80,https://www.usaspending.gov/award/ASST_NON_H79SM086247_075/
SM086249,Restored,Reinstated (confirmed),Lewis University's Project Safety Net,"LEWIS UNIVERSITY'S PROJECT SAFETY NET - PROJECT SUMMARY: PROJECT SAFETY NET IS A COORDINATED, INTEGRATED NETWORK OF SUPPORTS TO MEET THE GROWING MENTAL HEALTH NEEDS OF LEWIS UNIVERSITY (LU) STUDENTS. THE PROGRAM WILL PROVIDE SCREENINGS, ASSESSMENTS, REFERRALS FOR SERVICES, TRAINING, EDUCATION, AND AN AWARENESS CAMPAIGN. PROJECT SAFETY NET WILL IDENTIFY STUDENTS WHO ARE AT RISK FOR SUICIDAL BEHAVIOR, INCREASE PROTECTIVE FACTORS THAT PROMOTE MENTAL HEALTH, AND REDUCE RISK FACTORS FOR SUICIDE.   PROJECT NAME: LEWIS UNIVERSITY'S PROJECT SAFETY NET  POPULATION TO BE SERVED: THE TARGET POPULATION TO BE SERVED IS LEWIS UNIVERSITY (LU) STUDENTS WHO ARE ATHLETES, LGBTQ+, FRESHMEN, FIRST-YEAR TRANSFERS, ONLINE, AND OUT-OF-STATE; AS WELL AS THOSE WHO HAVE SOUGHT RESOURCES AFTER HOURS, OR HAVE BEEN REFERRED TO COUNSELING BY FACULTY, STAFF, A PARENT, OR OTHER REFERRAL SOURCE. THE COMBINED GRADUATE AND UNDERGRADUATE STUDENT BODY IS DIVERSE, WITH 35.3% COMPRISED OF PEOPLE OF COLOR (EXCLUDING INTERNATIONAL STUDENTS). BASED ON FALL 2021 DATA, HISPANIC STUDENTS ACCOUNT FOR 23.3% OF UNDERGRADUATE ENROLLMENT AND 19.4% OF TOTAL ENROLLMENT. OVER ONE THIRD (34.5%) OF OUR CURRENT UNDERGRADUATE STUDENTS ARE FIRST-GENERATION COLLEGE STUDENTS; AND NEARLY HALF (47.5%) RECEIVE NEED-BASED FINANCIAL AID.   LU'S CAMPUS COUNSELING DATA REVEAL THAT OUT OF 263 STUDENTS WHO RECEIVED SERVICES IN THE 2020-21 ACADEMIC YEAR: 1) MORE THAN ONE THIRD IDENTIFY AS LGBTQ+ (36.4%); AND 2) MORE THAN ONE THIRD ARE FIRST-GENERATION COLLEGE STUDENTS (36.8%).   STRATEGIES AND INTERVENTIONS: PROJECT SAFETY NET DEPLOYS EVIDENCE-BASED AND EVIDENCE-INFORMED TOOLS AND APPROACHES. WE ALSO HAVE ENGAGED A NUMBER OF STRATEGIC PARTNERS WHO HAVE COMMITTED TO THEIR RESPECTIVE ROLES IN SERVING LU STUDENTS. WE WILL ALSO HIRE A FULL-TIME PROJECT COORDINATOR TO ENSURE SUCCESSFUL ROLL-OUT AND OVERSIGHT OF THE PROJECT. KEY STRATEGIES OF PROJECT SAFETY NET INCLUDE CAMPUS-WIDE TRAINING OF FACULTY AND STAFF, SCREENING EVENTS FOR MENTAL HEALTH AND SUBSTANCE USE, EDUCATION, EXPANDING LU’S REFERRAL NETWORK FOR MORE DIVERSE DIRECT SERVICE OPTIONS FOR STUDENTS, AND A COMPREHENSIVE SUICIDE PREVENTION CAMPAIGN.  PROJECT GOALS: THE PROJECT GOALS FOR PROJECT SAFETY NET ARE: GOAL 1: CREATE AN EXTERNAL NETWORK INFRASTRUCTURE OF APPROPRIATELY CREDENTIALED BEHAVIORAL HEALTHCARE SPECIALISTS TO LINK WITH LU TO OFFER DIRECT CARE TO AT-RISK LU STUDENT POPULATIONS AND TO PROVIDE INPUT AND PROGRAM SUPPORT. GOAL 2: DESIGN INTERNAL SYSTEMS ROOTED IN RELATIONSHIP-BUILDING TO IDENTIFY VULNERABLE STUDENTS AND TO FACILITATE EXPEDITED REFERRAL AND RESPONSE PROCESSES BEFORE STUDENTS ARE IN CRISIS. GOAL 3: FACILITATE CURRICULAR, CO-CURRICULAR, AND EXTRA-CURRICULAR CONNECTIONS THAT PROMOTE MENTAL HEALTH, SUICIDE PREVENTION, SUBSTANCE USE DISORDER TREATMENT AND RECOVERY SERVICES. GOAL 4: DEVELOP A CAMPUS CULTURE OF AWARENESS AND PREVENTION OF SUICIDE BY PROMOTING STUDENT RESILIENCY, ADVOCACY, AND ALLYSHIP AMONGST ALL CAMPUS CONSTITUENCIES. GOAL 5: COORDINATE COMMUNICATION, TRAINING, AND ASSESSMENT TO ENSURE A SAFE, SUPPORTED, AND INFORMED CAMPUS ENVIRONMENT ON ISSUES OF INTERPERSONAL VIOLENCE AND PUBLIC HEALTH.  NUMBER OF PEOPLE SERVED ANNUALLY AND FOR LIFETIME OF PROJECT: STUDENTS (6,200), NEW STUDENT PARENTS (1,500), FACULTY AND STAFF (500): ANNUAL TOTAL PROJECTION (8,200); AND FOR LIFETIME OF GRANT: (24,600).",306000,306000,156008.82,149991.18,2026-01-14,TAGGS,2026-01-15,N/A,2023-08-31,2026-08-30,Center for Mental Health Services,93.243,SUBSTANCE ABUSE AND MENTAL HEALTH SERVICES PROJECTS OF REGIONAL AND NATIONAL SIGNIFICANCE,SM-22-004,GLS Campus Suicide Prevention Grant Program,https://www.samhsa.gov/grants/grant-announcements/sm-22-004,LEWIS UNIVERSITY,IL,ROMEOVILLE,IL-14,"Junior College, College & University",https://taggs.hhs.gov/Detail/AwardDetail?arg_AwardNum=H79SM086249&arg_ProgOfficeCode=80,https://www.usaspending.gov/award/ASST_NON_H79SM086249_075/
SM086255,Restored,Reinstated (confirmed),EWU Suicide Prevention Program,"EWU SUICIDE PREVENTION PROGRAM - THROUGH THE PROPOSED PROJECT, EWU SUICIDE PREVENTION PROGRAM, COUNSELING AND WELLNESS SERVICES AT EASTERN WASHINGTON UNIVERSITY (EWU) IN CHENEY, WA WILL EXPAND AND ENHANCE SUICIDE PREVENTION TRAINING AND SKILL BUILDING PROGRAMMING. THE TARGET POPULATION FOR THE PROGRAM IS ALL MEMBERS OF THE COMMUNITY, WITH INTENTIONAL FOCUS ON STUDENTS IDENTIFY AS LGBTQ+, FIRST GENERATION IN THEIR FAMILY TO ATTEND COLLEGE, AND STUDENT ATHLETES. BEST PRACTICE TRAINING WILL BE PROVIDED TO STUDENTS, STAFF, FACULTY, AND PARENTS. RESILIENCY, STIGMA REDUCTION AND SKILL BUILDING TRAINING AND OUTREACH WILL ALSO BE CONDUCTED WITH STUDENTS THROUGH PEER HEALTH EDUCATORS. EWU WILL DEVELOP A SUICIDE PREVENTION PLAN AND CRISIS RESPONSE PROTOCOLS TO BUILD A STRONGER A SAFETY NET FOR STUDENTS.  THE LEADERSHIP TEAM AND STAKEHOLDERS ACROSS CAMPUS WILL COLLABORATE TO CREATE A COMPREHENSIVE, COORDINATED, AND SUSTAINABLE PLAN FOR ADDRESSING MENTAL HEALTH PROMOTION AND SUICIDE PREVENTION ON CAMPUS. THE GOALS AND OBJECTIVES IDENTIFIED FOR THE THREE YEAR GRANT PERIOD INCLUDE: (1) INCREASE THE NUMBER OF SUICIDE PREVENTION AND MENTAL HEALTH PROMOTION TRAININGS DELIVERED TO STUDENTS, FACULTY, STAFF, AND PARENTS AT EASTERN WASHINGTON UNIVERSITY. (1.1) BY FEBRUARY 28, 2023, TEN STAFF MEMBERS ACROSS CAMPUS WILL BECOME QPR CERTIFIED TRAINERS. (1.2) BY JULY 1, 2023, TEN STAFF MEMBERS WILL HAVE BECOME MENTAL HEALTH FIRST AID (MHFA) CERTIFIED TRAINERS. (1.3) BY DECEMBER 1, 2022, 3 PEER HEALTH EDUCATORS WILL BE TRAINED TO PROVIDE THE HOW TO HELP A FRIEND TRAINING AND TOPICS THAT ADDRESS RESILIENCY AND BUILDING LIFE SKILLS. (1.4) BY SEPTEMBER 29, 2025, 1700 STUDENTS, FACULTY, STAFF AND PARENTS WILL BE TRAINED IN THE SELECTED EVIDENCE-BASED SUICIDE PREVENTION PROGRAMS. (1.5) BY AUGUST 15, 2025, 300 STAFF AND FACULTY WILL LEARN NEW SKILLS TO SUPPORT STUDENTS THROUGH THE ANNUAL STUDENT AFFAIRS SYMPOSIUM. (1.6) BY JUNE 1, 2025, 1500 STUDENTS WILL ATTEND SEMINARS DELIVERED BY THE PEER HEALTH EDUCATORS TO IMPROVE RESILIENCY, ENHANCE LIFE SKILLS AND PROMOTE SOCIAL CONNECTEDNESS. (2) BUILD COMPREHENSIVE AND SUSTAINABLE CAMPUS AND COMMUNITY PARTNERSHIPS THAT SUPPORT MENTAL HEALTH AND REDUCE SUICIDE. (2.1) BY MARCH 1, 2023, AND ANNUALLY EACH YEAR AFTER, CONDUCT AN AUDIT OF THE LEADERSHIP TEAM TO ASSURE REPRESENTATION OF DIVERSE CAMPUS STAKEHOLDERS. (2.2) BY AUGUST 30, 2025, CREATE A NETWORK INFRASTRUCTURE THAT LINKS EWU WITH CRISIS AND BEHAVIORAL HEALTH AGENCIES IN THE COMMUNITY. (2.3) BY SEPTEMBER 1, 2024, IDENTIFY THE BENEFITS AND RISKS OF SIGNING MOUS WITH COMMUNITY CRISIS BEHAVIORAL HEALTH RESPONDERS. (2.4) BY JUNE 15, 2025, CREATE AND DISSEMINATE A SUICIDE PREVENTION PLAN AND CRISIS RESPONSE PROTOCOL FOR EWU. (2.5) BY JUNE 1, 2024, IMPLEMENT AN ASSESSMENT OF LETHAL MEANS ON CAMPUS AND CREATE A PLAN TO ADDRESS IDENTIFIED RISKS. (3) INCREASE CAMPUS MESSAGING THAT SUPPORTS MENTAL HEALTH, PROMOTES RESOURCES ON CAMPUS AND IN THE COMMUNITY, CLEARLY COMMUNICATES CRISIS RESPONSE PROTOCOLS AND REDUCES STIGMA. (3.1) BY JUNE 1, 2025, IMPLEMENT CAMPUS-WIDE MESSAGING THAT REACHES THE ENTIRE COMMUNITY TO REDUCE STIGMA, PROMOTE BEHAVIORAL HEALTH AND CRISIS RESOURCES, ONLINE SCREENINGS, AND SUPPORT MENTAL HEALTH.",285609,285609,166334.13,119274.87,2026-01-14,TAGGS,2026-01-15,N/A,2023-08-31,2026-08-30,Center for Mental Health Services,93.243,SUBSTANCE ABUSE AND MENTAL HEALTH SERVICES PROJECTS OF REGIONAL AND NATIONAL SIGNIFICANCE,SM-22-004,GLS Campus Suicide Prevention Grant Program,https://www.samhsa.gov/grants/grant-announcements/sm-22-004,EASTERN WASHINGTON UNIVERSITY,WA,CHENEY,WA-05,"Junior College, College & University",https://taggs.hhs.gov/Detail/AwardDetail?arg_AwardNum=H79SM086255&arg_ProgOfficeCode=80,https://www.usaspending.gov/award/ASST_NON_H79SM086255_075/
SM086258,Restored,Reinstated (confirmed),PROJECT CARE,"PROJECT CARE - NEWMAN UNIVERSITY IS A PRIVATE, LIBERAL ARTS CATHOLIC UNIVERSITY LOCATED IN WICHITA, KANSAS, THAT WILL PROVIDE INCREASED ACCESS TO MENTAL HEALTH COUNSELING TO MORE THAN 2,600 STUDENTS WITH PROJECT CARE. THE PROJECT WILL PARTICULARLY FOCUS ON THE NEEDS OF FRESHMEN AND COMMUTER STUDENTS, WITH EMPHASIS ON INCREASED COMMUNICATION TO PROMOTE AVAILABLE MENTAL HEALTH SERVICES, EXPANDED EDUCATION ABOUT MENTAL HEALTH, AND REDUCING STIGMA. THE STUDENT POPULATION INCLUDES BOTH UNDERGRADUATE AND GRADUATE STUDENTS ON THE WICHITA CAMPUS, WHERE THE MAJORITY OF STUDENTS ARE FEMALE AND CAUCASIAN WHICH IS REPRESENTATIVE OF THE WICHITA AREA. IN A 2022 MENTAL HEALTH STATUS AND ACCESS TO SERVICES SURVEY CONDUCTED BY NEWMAN, 43% OF ALL STUDENTS REPORTED BEING DIAGNOSED WITH A MENTAL HEALTH CONDITION AND 13% OF STUDENTS HAD SUICIDAL IDEATION IN THE PAST YEAR. WHILE 43% OF STUDENTS REPORTED A MENTAL HEALTH CONDITION, ONLY 18% OF STUDENTS HAVE ASKED FOR ANY ACCOMMODATION. FIRST YEAR STUDENTS ARE SIGNIFICANTLY MORE LIKELY TO HAVE SUICIDE IDEATIONS AND ATTEMPT SUICIDE THAN FOURTH YEAR STUDENTS. FRESHMEN MADE UP 27% OF STUDENTS SEEKING COUNSELING. COMMUTER STUDENTS MAKE UP AN ALARMING 63% OF STUDENTS SEEKING COUNSELING REFERRALS, COMPARED TO THEIR RESIDENTIAL COUNTERPARTS, UP FROM 57% IN THE 2019 -2020 ACADEMIC YEAR. IN THE CURRENT ACADEMIC YEAR, THERE HAVE BEEN 10 INCIDENTS OF SUICIDE ATTEMPTS COMPARED TO TWO ATTEMPTS IN THE LAST 5 ACADEMIC YEARS . THAT IS MORE THAN A 200% INCREASE IN SUICIDE ATTEMPTS IN JUST ONE ACADEMIC YEAR. THE GOALS OF PROJECT CARE INCLUDE : INCREASING SERVICES OFFERED AND REDUCING BARRIERS TO ACCESS, INCREASING OUTREACH WITH DISSEMINATION OF INFORMATION, PROVIDING MENTAL HEALTH EDUCATION TO, STUDENTS, FACULTY, AND STAFF THROUGH ON DEMAND TRAINING, AND REDUCING STIGMA SURROUNDING MENTAL ILLNESS. THESE GOALS WILL ALSO BE FURTHER INFORMED BY AN ASSESSMENT AND ACTIVITIES AS PART OF THE JED CAMPUS FUNDAMENTALS PROGRAM. TO ACCOMPLISH THESE GOALS, COUNSELING SESSIONS WILL BE INCREASED TO PROVIDE ADDITIONAL, COST-FREE, IN-PERSON COUNSELING TO STUDENTS, INCREASING FROM SIX TO AT LEAST 8 SESSIONS. VIRTUAL COUNSELING WILL CONTINUE WITH EXPANDED PROMOTION. NEWMAN WILL CONTINUE TO USE A NEW SOFTWARE SYSTEM TO TRACK STUDENTS, THEIR USE OF MENTAL HEALTH SERVICES, INCIDENTS, AND BEHAVIORS. CAMPUS LEADERSHIP WILL BE INSTRUMENTAL IN ENSURING THE INFRASTRUCTURE OF THE UNIVERSITY SUPPORTS THESE EFFORTS, PARTICULARLY WITH THE PARTICIPATION OF THE DEAN OF STUDENTS AND THE ASSOCIATE VICE PRESIDENT OF ACADEMIC AFFAIRS. ADDITIONS WILL BE MADE TO NEW STUDENT ORIENTATION AND COURSE SYLLABI. CAMPUS COMMUNICATION WILL BE INCREASED, AS WELL AS DIVERSIFIED TO ADDRESS MENTAL HEALTH. SUCCESS OF PROJECT CARE WILL BE MEASURED THROUGH ONGOING DATA COLLECTION INCLUDING: SERVICES ACCESSED, IMPRESSIONS IN MEDIA, TRAININGS PROVIDED, TRAINING AND CAMPUS PROGRAMS CARRIED OUT, AND POSITIVE CHANGES MADE TO CAMPUS INFRASTRUCTURE. ALL THESE CHANGES WILL LEAD TO A SAFER AND MORE ENCOURAGING ENVIRONMENT IN WHICH STUDENTS WILL THRIVE.",292820,292820,179090.12,113729.88,2026-01-14,TAGGS,2026-01-15,N/A,2023-08-31,2026-08-30,Center for Mental Health Services,93.243,SUBSTANCE ABUSE AND MENTAL HEALTH SERVICES PROJECTS OF REGIONAL AND NATIONAL SIGNIFICANCE,SM-22-004,GLS Campus Suicide Prevention Grant Program,https://www.samhsa.gov/grants/grant-announcements/sm-22-004,"NEWMAN UNIVERSITY, INC",KS,WICHITA,KS-04,"Junior College, College & University",https://taggs.hhs.gov/Detail/AwardDetail?arg_AwardNum=H79SM086258&arg_ProgOfficeCode=80,https://www.usaspending.gov/award/ASST_NON_H79SM086258_075/
SM086262,Restored,Reinstated (confirmed),MU SPEAC,"MU SPEAC - MARSHALL UNIVERSITY SEEKS TO CREATE AN EXPANDED SUICIDE PREVENTION PROGRAM THAT WILL SYSTEMATICALLY CREATE A CAMPUS ENVIRONMENT THAT IS STRONGER AND SAFER FOR ALL STUDENTS, STAFF, AND FACULTY.   MULTIPLE ACADEMIC AND CAMPUS DEPARTMENTS ARE INVOLVED, INCLUDING; SOCIAL WORK, PSYCHOLOGY, COUNSELING, PUBLIC HEALTH, NURSING, THE STUDENT COUNSELING CENTER, COLLEGE OF HEALTH PROFESSIONS BEHAVIORAL HEALTH CENTER, THE LGBTQ OFFICE, AND THE ATHLETIC DEPARTMENT. ADDITIONALLY, VARIOUS DEPARTMENTS AT OTHER HIGHER LEARNING INSTITUTIONS IN WEST VIRGINIA WILL BECOME PARTNERS IN THIS EFFORT. THE INTER-COLLEGIATE PARTNERSHIP WILL TAKE PLACE WITH MARSHALL UNIVERSITY-SPEAC AND SMALLER SCHOOLS THAT CANNOT MEET THE MATCH STANDARD OF THE GLS: WHEELING UNIVERSITY, WEST LIBERTY UNIVERSITY, DAVIS & ELKINS COLLEGE, MOUNT WEST COMMUNITY AND TECHNICAL COLLEGE, BRIDGE VALLEY COMMUNITY AND TECHNICAL COLLEGE, GLENVILLE STATE UNIVERSITY, AND A STATEWIDE ORGANIZATION COLLEGIATE RECOVERY PROGRAM.   TRAININGS WILL BE OFFERED TO INCREASE KNOWLEDGE ON HOW TO MAKE A SAFER CAMPUS AND HOW TO PROVIDE SERVICES TO STUDENTS EXPERIENCING MENTAL HEALTH ISSUES AND POSSIBLE CRISIS. QPR TRAINING WILL BE PROVIDED TO INCREASE AWARENESS OF THE ISSUES AND TO HELP PARTICIPANTS RECOGNIZE BEHAVIORS THAT ARE INDICATIVE OF SUICIDAL IDEATION.  QPR WILL ALSO PROVIDE PARTICIPANTS WITH INFORMATION ABOUT HOW TO RESPOND TO STUDENTS AT RISK FOR SUICIDE. SUICIDE IS CURRENTLY THE SECOND LEADING CAUSE OF DEATH AMONG COLLEGE AGE STUDENTS IN THE U.S.   THE GOALS AND OBJECTIVES FOR THE MU-SPEAC ARE AS FOLLOWS: TO DEVELOP KNOWLEDGE AND EDUCATION AMONG CAMPUS ADMINISTRATORS AND LEADERSHIP THROUGH PRESENTATIONS AND TRAININGS ON THE IMPORTANCE OF SUICIDE PREVENTION; TO EDUCATE THE COMMUNITY OF STUDENTS ON THE MARSHALL UNIVERSITY CAMPUS AND ON OUR PARTNER CAMPUSES AS WELL. GATEKEEPER TRAINING WITH TARGETED GROUPS OF STUDENTS, STAFF, FACULTY, AND COMMUNITY STAKEHOLDERS, AS WELL AS OFFERED TO PARENTS OF MARSHALL UNIVERSITY STUDENTS DURING ORIENTATION.   OTHER ELEMENTS OF THE GATEKEEPER TRAINING INCLUDE HELPING PARTICIPANTS TO IDENTIFY DEPRESSION AND OTHER MENTAL HEALTH ISSUES; TO EDUCATE PARTICIPANTS ABOUT THE WARNING SIGNS OF SUICIDE AND THE INTERVENTION PROCESS USING MENTAL HEALTH FIRST AID; TO DEVELOP AND TO BUILD A LASTING AND SOLID INFRASTRUCTURE FOR THE MU-SPEAC PREVENTION PLAN. THE MARSHALL UNIVERSITY SPEAC PROGRAM WILL FOLLOW THE MODEL OUTLINED BY THE JED FOUNDATION CAMPUSMHAP, USING EVIDENCED-BASED DATA DRIVEN TRAININGS AND EDUCATION TO DEMONSTRATE THE USE OF BEST PRACTICE METHODS.   OPTIONS FOR VIRTUAL OR FACE-TO-FACE TRAININGS WILL BE OFFERED FOR A VARIETY OF TRAININGS TO INCLUDE:  MENTAL HEALTH FIRST AID, QPR, SAFETALK, START, TEACHABLE MOMENTS BRIEF INTERVENTION,  CAMS, TF-CBT, AND A JOINT CONFERENCE (HESPC) WHICH WILL BE A FIRST FOR WEST VIRGINIA HIGHER EDUCATION SCHOOLS.",305440,305440,85581.92000000001,219858.08,2026-01-14,TAGGS,2026-01-15,N/A,2023-08-31,2026-08-30,Center for Mental Health Services,93.243,SUBSTANCE ABUSE AND MENTAL HEALTH SERVICES PROJECTS OF REGIONAL AND NATIONAL SIGNIFICANCE,SM-22-004,GLS Campus Suicide Prevention Grant Program,https://www.samhsa.gov/grants/grant-announcements/sm-22-004,MARSHALL UNIVERSITY RESEARCH CORPORATION,WV,HUNTINGTON,WV-01,"Research Institution, Foundation and Laboratory",https://taggs.hhs.gov/Detail/AwardDetail?arg_AwardNum=H79SM086262&arg_ProgOfficeCode=80,https://www.usaspending.gov/award/ASST_NON_H79SM086262_075/
SM086263,Restored,Reinstated (confirmed),REACHOUT@4Cs: Cape Cod Community College Campus Suicide Prevention Program,"REACHOUT@4CS: CAPE COD COMMUNITY COLLEGE CAMPUS SUICIDE PREVENTION PROGRAM - AT CAPE COD COMMUNITY COLLEGE, A RURAL COLLEGE LOCATED ON AN ISLAND IN MASSACHUSETTS, THE PURPOSE OF THE REACHOUT PROGRAM IS TO CREATE AN INFRASTRUCTURE BOTH INTERNALLY AND EXTERNALLY TO MEET THE NEEDS OF STUDENTS ESPECIALLY THOSE WITH BEHAVIORAL AND MENTAL HEALTH NEEDS AND SERIOUS EMOTIONAL DISTURBANCES.  THE PROGRAM AIMS TO CREATE A NETWORK OF ON AND OFF CAMPUS RESOURCES TO ENHANCE MENTAL HEALTH SERVICES FOR ALL OUR STUDENTS, TO PREVENT MENTAL HEALTH AND SUBSTANCE USE DISORDER THROUGH EARLY IDENTIFICATION AND INTERVENTION, TO PROMOTE HELP-SEEKING BEHAVIORS. THE PRIMARY GOAL IS TO CREATE AN INFRASTRUCTURE FOR BEST PRACTICE FOR IDENTIFICATION, INTERVENTION, AND TREATMENT FOR ALL STUDENTS WITH A FOCUS ON SPECIFIC POPULATIONS INCLUDING VETERANS, LGBTQ, AND THOSE AT RISK FOR MENTAL HEALTH OR SUBSTANCE USE DISORDER OR AT RISK FOR SUICIDE.  SECONDARY GOALS INCLUDE CREATING AWARENESS IN THE COLLEGE COMMUNITY AROUND WELLNESS AND HELP-SEEKING BEHAVIORS FOR ALL STUDENTS AND ENHANCING OUR ABILITY TO ADMINISTER SCREENINGS TO THE STUDENT POPULATION FOR EARLY INTERVENTION.  THIS WILL BE ACHIEVED THROUGH TRAININGS (QPR, MENTAL HEALTH FIRST AID (MHFA), SAFETALK, TRAUMA-INFORMED), SCREENINGS (AFSP), AND DISSEMINATION OF PRINTED AND DIGITAL ONLINE MATERIALS AND INFORMATION, AND THROUGH THE UTILIZATION OF COLLEGE WIDE RESOURCES AND LINKAGES WITH EXTERNAL COMMUNITY-BASED MENTAL HEALTH ORGANIZATIONS INCLUDING THOSE FROM THE REGIONAL SUBSTANCE USE COUNCIL AND THE BEHAVIORAL HEALTH PROVIDERS COALITION.  GRANT FUNDED ACTIVITIES WILL RUN FROM SEPTEMBER 2022-2025.  THE FIRST HALF OF YEAR 1 WILL FOCUS ON BUILDING THE INFRASTRUCTURE AND NETWORK BOTH ON AND OFF CAMPUS FOR OUR STUDENTS BY CREATING MEMORANDA OF AGREEMENTS WITH COMMUNITY-BASED ORGANIZATIONS TO GET MORE STUDENTS THE SERVICES THAT THEY NEED.  THE GOAL IS TO HAVE THE 24/7 SUPPORT LINE AVAILABLE IN THE FIRST HALF OF YEAR 1.  THE SECOND HALF OF YEAR 1 WILL SETTING UP A TRAINING AND EVENTS CALENDAR FOR ALL ACTIVITIES RELATED TO GRANT ACTIVITY.  IN THIS SECOND HALF OF YEAR 1 WE WILL BEGIN TO CONDUCT TRAININGS AND PROMOTE SCREENINGS, AND POSITIVE MENTAL HEALTH MESSAGING.  YEAR 2 WILL FOCUS ON TRAININGS FOR FACULTY, STAFF AND STUDENTS (PEER EDUCATION AND RESILIENCY) AND CAMPUS WIDE MESSAGING WITH A PRODUCTION OF A PSA. YEAR 2 WILL ALSO SEE A SCREENING CAMPAIGN TO ENCOURAGE STUDENTS TO TAKE A SCREENING AND FOLLOW UP WITH A PROFESSIONAL WHEN NECESSARY THROUGH OUR 24/7 STUDENT SUPPORT LINE.  YEAR 3 WILL CONSIST OF MORE TRAININGS, ENCOURAGING SELF-SCREENINGS AND ENSURING THE PROGRAM’S SUSTAINABILITY BEYOND THE GRANT PERIOD.  STRATEGIES INCLUDE TRAINING AND WORKSHOPS, QPR, MHFA, AND SAFETALK, PEER EDUCATION AND RESILIENCY TRAINING FOR STUDENTS, SCREENINGS AND REFERRALS, A CAMPUS WIDE CAMPAIGN FOR DISTRIBUTION OF RESOURCES AND MATERIALS ON HELP-SEEKING STRATEGIES AND MENTAL HEALTH RESOURCES. OUTCOMES INCLUDE INCREASED COLLEGE-WIDE AWARENESS OF MENTAL HEALTH AND SUBSTANCE USE DISORDERS, A REDUCTION IN THESE BEHAVIORS, AND FAMILIARITY WITH THE SUPPORT SERVICES AVAILABLE ON CAMPUS AND IN THE COMMUNITY. IN ALL YEARS WE WILL HAVE A BEHAVIORAL HEALTH SUMMIT TO STRENGTHEN OUR KNOWLEDGE AND SKILLS TO SERVE STUDENTS.  ALL YEARS WILL ALSO HAVE A NETWORKING EVENT TO STRENGTHEN OUR COMMUNITY PARTNERSHIPS OUTCOMES WILL INCLUDE PARTNERSHIPS WITH 6 AGENCIES, 7,500 INDIVIDUALS EXPOSED TO MESSAGING, AND 725 INDIVIDUALS TRAINED IN MENTAL HEALTH & SUBSTANCE USE RELATED PRACTICES/ACTIVITIES TO PREVENT SUICIDE AND PROMOTE MENTAL HEALTH.",306000,306000,215511.32999999996,90488.67000000004,2026-01-14,TAGGS,2026-01-15,N/A,2023-08-31,2026-08-30,Center for Mental Health Services,93.243,SUBSTANCE ABUSE AND MENTAL HEALTH SERVICES PROJECTS OF REGIONAL AND NATIONAL SIGNIFICANCE,SM-22-004,GLS Campus Suicide Prevention Grant Program,https://www.samhsa.gov/grants/grant-announcements/sm-22-004,CAPE COD COMMUNITY COLLEGE,MA,W BARNSTABLE,MA-09,"Junior College, College & University",https://taggs.hhs.gov/Detail/AwardDetail?arg_AwardNum=H79SM086263&arg_ProgOfficeCode=80,https://www.usaspending.gov/award/ASST_NON_H79SM086263_075/
SM086281,Restored,Reinstated (confirmed),Suicide Prevention Project,"SUICIDE PREVENTION PROJECT - GRANT FUNDS WILL IMPLEMENT AN EXTENSIVE SUICIDE PREVENTION PROJECT (SPP) WHICH WILL INCREASE THE SERVICES OFFERED. FUNDS WILL PROVIDE IN-HAND AND ON-DEMAND RESOURCES WHILE HELPING TO IDENTIFY STUDENTS WHO ARE IN IMMEDIATE NEED OF LIFE-SAVING SERVICES. THROUGH INCREASED EDUCATION PROVIDED TO STUDENTS, FACULTY, AND STAFF, THE LEE COLLEGE COMMUNITY WILL BE BETTER EQUIPPED TO IDENTIFY AND HANDLE MENTAL HEALTH CRISES.  6,607 STUDENTS ARE CURRENTLY ENROLLED AND OVER 12,000 ASSOCIATE DEGREES AND CERTIFICATES HAVE BEEN ISSUED OVER THE LAST FIVE YEARS. STUDENTS COME FROM A MYRIAD OF SOCIO AND ECONOMIC BACKGROUNDS WITH AFRICAN-AMERICAN (14%), HISPANIC (47%), AND CAUCASIAN/WHITE (32%). IN ADDITION, 2% OF STUDENTS ARE ESL, 5% ARE SINGLE PARENTS, 2% ARE VETERANS, 34% ARE ECONOMICALLY DISADVANTAGED AND 15% ARE FIRST-GENERATION COLLEGE.  THROUGH THE IMPLEMENTATION OF TIMELY MD AND CONCERNCENTER ALONG WITH THE EXPANSION OF MAXIENT, SPP WILL PROVIDE UNIQUE AND ADVANCED CLINICAL CHARACTERISTICS THAT WILL GIVE STUDENTS MANY AVENUES TO BOTH SEEK AND RECEIVE HELP. “IT IS NOT UNCOMMON FOR COLLEGE STUDENTS TO STRUGGLE AT SOME POINT DURING THEIR ACADEMIC CAREER. SOME CONCERNS ARE MINOR AND EASILY OVERCOME, WHILE OTHERS CAN HAVE SIGNIFICANT EFFECTS ON A STUDENT’S MENTAL HEALTH AND RETENTION. ALTHOUGH THEY ARE OFTEN WILLING TO SEEK THE HELP THEY NEED, STUDENTS MAY NOT ALWAYS KNOW WHERE TO TURN.” WITH CONCERNCENTER, “STUDENTS SIMPLY IDENTIFY THEIR CONCERN [ON THE APP] AND ARE PROVIDED WITH A PRIORITIZED LIST OF HELPFUL RESOURCES SELECTED BY COLLEGE PERSONNEL TO HELP SOLVE THE ISSUE.”   TIMELY MD DOVETAILS WITH 24/7/365 CLINICAL CARE THROUGH TELEHEALTH. RESOURCES CAN BE PEOPLE, OFFICES, OR OFF-CAMPUS SUPPORT WITH CONCERNCENTER THROUGH A NETWORK OF “HIGH-QUALITY, STUDENT-FOCUSED PROVIDERS AVAILABLE ANYTIME, ANYWHERE.”  STUDENTS WILL HAVE ACCESS TO MENTAL HEALTH AND SUBSTANCE USE DISORDER SCREENINGS TO IDENTIFY ASSOCIATED RISKS THROUGH CAMPUS ENGAGEMENT. IN ADDITION, 100% OF STUDENTS WITH AN IDENTIFIED SUICIDE RISK WILL RECEIVE A SAFETY PLAN THAT INCLUDES STRATEGIES TO REDUCE LETHAL MEANS. MAXIENT IS SOFTWARE FOR MANAGING BEHAVIOR RECORDS. HAVING CENTRALIZED REPORTING AND RECORD-KEEPING HELPS LEE COLLEGE CONNECT THE DOTS AND PREVENT STUDENTS FROM FALLING THROUGH THE CRACKS. THE MISSION IS TO BALANCE THE NEEDS OF THE INDIVIDUAL, THE COMMUNITY, AND TO DEFINE THE THREAT ASSESSMENT AS WELL AS EARLY INTERVENTION EFFORTS. A DEDICATED WEBSITE WITH INFORMATION ON PARTICIPATION, HOW TO REFER, EXAMPLES OF BEHAVIORS TO REPORT, FREQUENTLY ASKED QUESTIONS, AND A LINK TO CAMPUS, COMMUNITY RESOURCES, AND A DEDICATED EMAIL IS ACCESSIBLE TO ANYONE.   IN ADDITION TO THE MISSION, THE FIRST OBJECTIVE WILL BE TO PROVIDE TRAINING IN ORDER TO BETTER RECOGNIZE AND SUPPORT STUDENTS WITH MENTAL HEALTH NEEDS OR ARE IN CRISIS. THIS INCLUDES ADDRESSING THE STIGMA ASSOCIATED WITH SEEKING HELP. THE SECOND OBJECTIVE WILL INCREASE SERVICES INCLUDING ASSESSMENTS, ADDITIONAL MENTAL HEALTH SERVICES, AND THE USE OF TECHNOLOGY. FINALLY, THE THIRD OBJECTIVE WILL BE TO IDENTIFY AND IMPLEMENT A DATA MANAGEMENT SYSTEM THAT WILL BETTER TRACK SERVICES AND PROVIDE A CENTRALIZED REPORTING SYSTEM. THE OBJECTIVES OF THE PROJECT HAVE MEASURABLE RESULTS AS NOTED IN THE APPLICATION AND IT IS EXPECTED TO SERVE 70 ANNUALLY AND 210 THROUGHOUT THE LIFE OF THE GRANT.",282825,282825,201965.99,80859.01000000001,2026-01-14,TAGGS,2026-01-15,N/A,2023-08-31,2026-08-30,Center for Mental Health Services,93.243,SUBSTANCE ABUSE AND MENTAL HEALTH SERVICES PROJECTS OF REGIONAL AND NATIONAL SIGNIFICANCE,SM-22-004,GLS Campus Suicide Prevention Grant Program,https://www.samhsa.gov/grants/grant-announcements/sm-22-004,LEE COLLEGE DISTRICT,TX,BAYTOWN,TX-36,School Board & School District,https://taggs.hhs.gov/Detail/AwardDetail?arg_AwardNum=H79SM086281&arg_ProgOfficeCode=80,https://www.usaspending.gov/award/ASST_NON_H79SM086281_075/
SM086283,Restored,Reinstated (unconfirmed),VCOM Mental Health Awareness and Suicide Prevention Program,"VCOM MENTAL HEALTH AWARENESS AND SUICIDE PREVENTION PROGRAM - ABSTRACT  PLAIN LANGUAGE SUMMARY – THE EDWARD VIA COLLEGE OF OSTEOPATHIC MEDICINE WILL IMPLEMENT INTENSIVE TRAINING IN SUICIDE PREVENTION AND MENTAL WELLNESS ACROSS ITS FOUR-CAMPUS SYSTEM AND INCORPORATE MINDFULMEDS, A CUSTOMIZED MENTAL HEALTH AND WELLNESS APP, TO CONNECT STUDENTS TO SCREENING TOOLS, EDUCATIONAL PROGRAMS, COMMUNITY RESOURCES, AND CRISIS RESPONSE SUPPORT TO COMBAT DEPRESSION, ANXIETY, AND SUICIDAL IDEATION EXPERIENCED BY MED STUDENTS.  PROJECT NAME – VCOM MENTAL HEALTH AWARENESS AND SUICIDE PREVENTION PROGRAM POPULATION TO BE SERVED - THE PROPOSED MULTI-PLATFORM, MULTI-DISCIPLINARY PROGRAM WILL TARGET ALL MEDICAL STUDENTS ENROLLED AT THE EDWARD VIA COLLEGE OF OSTEOPATHIC MEDICINE (VCOM). VCOM IS A FINANCIALLY STABLE, NOT-FOR-PROFIT, 501(C)(3) EDUCATIONAL INSTITUTION WHOSE MISSION IS TO PREPARE GLOBALLY-MINDED, COMMUNITY-FOCUSED PHYSICIANS TO MEET THE NEEDS OF RURAL AND MEDICALLY UNDERSERVED AREAS OF POPULATIONS. VCOM GRADUATES OVER 500 PHYSICIANS ANNUALLY AND IS AN ESTABLISHED NATIONAL LEADER IN THE EDUCATION OF PRIMARY CARE PHYSICIANS (58% OF ALL GRADUATES) WITH 50% OF GRADUATES PRACTICING IN RURAL AND MEDICALLY UNDERSERVED COMMUNITIES. THERE ARE FOUR VCOM CAMPUSES LOCATED ACROSS THE APPALACHIAN AND DELTA REGIONS IN VIRGINIA, SOUTH CAROLINA, ALABAMA, AND LOUISIANA. EIGHTY-FOUR PERCENT OF VCOM STUDENTS ARE FROM APPALACHIAN AND DELTA REGION STATES, AND 47% OF VCOM STUDENTS COME FROM COMMUNITIES WITH A POPULATION SIZE OF LESS THAN 30,000. VCOM STUDENTS ARE MORE LIKELY FEMALE (55%) COMPARED TO MALE (45%); HAVE A MEAN AGE OF 24-26 YEARS; AND ARE ABOUT 67% WHITE, 19% ASIAN, AND 14% UNDERREPRESENTED MINORITY. STRATEGIES/INTERVENTIONS – THIS GRANT WILL FURTHER BUILD AND ENHANCE THE NETWORK OF COUNSELING RESOURCES PROVIDED TO VCOM STUDENTS AND IMPLEMENT THE MINDFULMEDS MENTAL HEALTH AND WELLNESS SCREENING APP AND EDUCATIONAL PROGRAMMING ACROSS ALL FOUR VCOM CAMPUS LOCATIONS. PROJECT GOALS AND MEASURABLE ACTIVITIES – PROJECT GOALS INCLUDE: (1) ENHANCE MENTAL HEALTH SERVICES FOR ALL VCOM STUDENTS ACROSS ALL 4 CAMPUSES; (2) INCREASE AWARENESS AND EDUCATION ABOUT MENTAL HEALTH AND SUBSTANCE USE DISORDERS, AND PROMOTE HELP-SEEKING BEHAVIOR AMONG THE STUDENT BODY; (3) IMPROVE THE IDENTIFICATION AND TREATMENT OF AT-RISK VCOM STUDENTS SO THAT THEY CAN SUCCESSFULLY COMPLETE THEIR MEDICAL EDUCATION; AND (4) REDUCE ACCESS TO LETHAL MEANS AMONG STUDENTS WITH IDENTIFIED SUICIDE RISK. MEASURABLE ACTIVITIES TOWARDS THE ACCOMPLISHMENT OF THESE GOALS INCLUDE: OBJECTIVE 1 – DEVELOP MULTI-DISCIPLINARY CARE TEAMS COMPRISED OF MENTAL HEALTH COUNSELORS, STUDENT SERVICES, ACADEMIC ADVISORS, FACILITIES AS APPROPRIATE, FACULTY MEMBERS, AND ADMINISTRATION. OBJECTIVE 2 – DESIGN AND IMPLEMENT EDUCATIONAL MODULES IN THE MINDFULMEDS APP AND BEYOND THE MEDICINE SERIES TO PROMOTE LIFE SKILLS, RESILIENCY, AND SOCIAL CONNECTEDNESS. OBJECTIVE 3.A – PROVIDE SPECIFIC TRAINING TO CARE TEAMS IN TERMS OF CRISIS INTERVENTION AND SUICIDE PREVENTION, INCLUDING LETHAL MEANS COUNSELING, QPR, DE-ESCALATION, REFERRAL PROCESS, SCREENING, LEGAL CONSIDERATIONS, AND MOTIVATIONAL INTERVIEWING STRATEGIES, AMONG OTHERS. OBJECTIVE 3.B – PROVIDE SPECIFIC TRAINING FOR STUDENTS IN SUICIDE PREVENTION. OBJECTIVE 3.C – ENCOURAGE AND PROMOTE THE USE OF MINDFULMEDS APP AND SCREENING TOOLS FOR SUICIDALITY, DEPRESSION, AND SUBSTANCE ABUSE AMONG VCOM STUDENTS. OBJECTIVE 4 – DEVELOP CRISIS RESPONSE PROTOCOLS FOR CARE TEAMS, TO INCLUDE LINKAGES WITH OUTSIDE MENTAL HEALTH AND COMMUNITY RESOURCES. NUMBER OF PEOPLE TO BE SERVED: ANNUALLY – APPROXIMATELY 2,260; DURING PROJECT LIFETIME – APPROXIMATELY 6,780",282193,282193,103407.24,178785.76,2026-01-14,TAGGS,2026-01-15,N/A,2023-08-31,2026-08-30,Center for Mental Health Services,93.243,SUBSTANCE ABUSE AND MENTAL HEALTH SERVICES PROJECTS OF REGIONAL AND NATIONAL SIGNIFICANCE,SM-22-004,GLS Campus Suicide Prevention Grant Program,https://www.samhsa.gov/grants/grant-announcements/sm-22-004,EDWARD VIA VIRGINIA COLLEGE OF OSTEOPATHIC MEDICINE,VA,BLACKSBURG,VA-09,"Junior College, College & University",https://taggs.hhs.gov/Detail/AwardDetail?arg_AwardNum=H79SM086283&arg_ProgOfficeCode=80,https://www.usaspending.gov/award/ASST_NON_H79SM086283_075/
SM086284,Restored,Reinstated (confirmed),UMD Suicide Prevention Program Expansion,"UMD SUICIDE PREVENTION PROGRAM EXPANSION - THE UNIVERSITY OF MARYLAND HEALTH CENTER IS REQUESTING FUNDING TO SUPPORT STUDENTS WITH MENTAL HEALTH AND SUBSTANCE USE RELATED CONCERNS. WHILE OUR UNIVERSITY HEALTH CENTER OFFERS A MYRIAD OF RESOURCES SPANNING THE PREVENTION-INTERVENTION-TREATMENT-RECOVERY SPECTRUM, WE DO NOT YET HAVE A STREAMLINED WAY TO ENSURE STUDENTS MEANINGFULLY ENGAGE WITH THE SERVICES THAT ARE MOST APPROPRIATE FOR THEIR UNIQUE WELLNESS NEEDS, BEYOND PROVIDING A STANDARD REFERRAL, WITH LITTLE TO NO OPPORTUNITY FOR FOLLOW-UP UNLESS INITIATED BY THE STUDENTS THEMSELVES. THIS PROGRAM EMPHASIZES EARLY IDENTIFICATION AND INTERVENTION THROUGH USE OF A UNIVERSAL SCREENING AT ALL STUDENT MEDICAL VISITS AT THE UNIVERSITY HEALTH CENTER, AND THROUGH VOLUNTARY SCREENING INITIATIVES WITH HIGHER-RISK POPULATIONS ACROSS CAMPUS, PARTICULARLY VETERAN AND MILITARY FAMILY STUDENTS, LGBTQ+ STUDENTS, AND INDIGENOUS STUDENTS. FURTHER, THIS PROGRAM WILL INTEGRATE A SOCIAL WORKER IN THE PRIMARY CARE SETTING TO ASSIST WITH REFERRALS, LINKAGES TO TREATMENT, AND NECESSARY FOLLOW-UP. THROUGH RESEARCH, AND OUR EXTENSIVE TREATMENT OF STUDENTS, OUR TEAM KNOWS THAT IF A STUDENT LEAVES THE OFFICE WITHOUT CONNECTING THE RESOURCES THAT THEY ARE FAR LESS LIKELY TO FOLLOW UP TREATMENT IN EARLY INTERVENTION SCENARIOS. AS A FINAL COMPONENT OF THIS FUNDING REQUEST, WE AIM TO STRENGTHEN RECOVERY AND SUPPORT EFFORTS FOR STUDENTS EXPERIENCING MENTAL HEALTH AND/OR SUBSTANCE USE RELATED CONCERNS THROUGH THE IMPLEMENTATION OF A STUDENT PEER SUPPORT NETWORK, AS WELL AS PROVIDING INDIVIDUALIZED FOLLOW-UPS FOR STUDENTS WHO HAVE NOT YET ENGAGED WITH OUR EXISTING RESOURCES.  OVERARCHING GOALS ARE AS FOLLOWS:  1. INCREASE EVIDENCE-BASED SCREENING AND BRIEF INTERVENTION STRATEGIES TO IDENTIFY STUDENTS WITH MENTAL HEALTH AND SUBSTANCE USE DISORDERS. 2. INCREASE CASE MANAGEMENT SERVICES IN THE PRIMARY CARE SETTING OF THE UNIVERSITY HEALTH CENTER AS A MEANS TO ENHANCE REFERRAL SERVICES AND LINKAGES TO TREATMENT.  3. UTILIZE SAMHSA’S STRATEGIC PREVENTION FRAMEWORK TO MOBILIZE MEDICAL, BEHAVIORAL HEALTH, AND PUBLIC HEALTH STAFF THROUGH A COLLABORATIVE COMMITTEE TO IMPLEMENT POPULATION LEVEL CHANGES.  4. EXPAND THE UNIVERSITY HEALTH CENTER PEER EDUCATION PROGRAM THROUGH THE DEVELOPMENT OF A STUDENT PEER SUPPORT NETWORK, TRAINING AT LEAST FIVE STUDENTS AS PEER SUPPORT SPECIALISTS IN THE AREAS OF MENTAL HEALTH AND SUBSTANCE USE.",299374,299374,125347.69,174026.31,2026-01-14,TAGGS,2026-01-15,N/A,2023-08-31,2026-08-30,Center for Mental Health Services,93.243,SUBSTANCE ABUSE AND MENTAL HEALTH SERVICES PROJECTS OF REGIONAL AND NATIONAL SIGNIFICANCE,SM-22-004,GLS Campus Suicide Prevention Grant Program,https://www.samhsa.gov/grants/grant-announcements/sm-22-004,"UNIVERSITY OF MARYLAND, COLLEGE PARK",MD,COLLEGE PARK,MD-04,Other Educational Organization,https://taggs.hhs.gov/Detail/AwardDetail?arg_AwardNum=H79SM086284&arg_ProgOfficeCode=80,https://www.usaspending.gov/award/ASST_NON_H79SM086284_075/
SM086290,Restored,Reinstated (confirmed),Mental Health Awareness Across Campus (MHAAC): Integrating a holistic approach to mental health education and suicide prevention at Nazareth College,"MENTAL HEALTH AWARENESS ACROSS CAMPUS (MHAAC): INTEGRATING A HOLISTIC APPROACH TO MENTAL HEALTH EDUCATION AND SUICIDE PREVENTION AT NAZARETH COLLEGE - THE MENTAL HEALTH AWARENESS ACROSS CAMPUS (MHAAC) PROJECT WILL INTEGRATE A HOLISTIC AND CAMPUS-WIDE APPROACH TO MENTAL HEALTH EDUCATION AND SUICIDE PREVENTION AT NAZARETH COLLEGE, A SMALL, PRIVATE INSTITUTION IN ROCHESTER, NY. THIS PROJECT WILL ADDRESS AN URGENT AND CRITICAL NEED TO INCREASE CAMPUS CAPACITY TO IMPLEMENT, SUSTAIN, AND IMPROVE EFFECTIVE SUICIDE PREVENTION, MENTAL HEALTH PREVENTION SERVICES AND SUBSTANCE USE PREVENTION SERVICES ON CAMPUS. MHAAC WILL INCREASE THE NAZARETH COMMUNITY’S ABILITY TO RECOGNIZE, RESPOND TO, AND REFER STUDENTS WHO ARE STRUGGLING WITH MENTAL HEALTH ISSUES SUCH AS SUBSTANCE USE, SELF-HARM, AND SUICIDAL IDEATION BY PROVIDING MENTAL HEALTH AND AOD TRAINING TO 130 FACULTY/STAFF AND 318 STUDENTS AS WELL AS TRAINING KEY STAFF TO BE ABLE TO FURTHER TRAIN THE CAMPUS COMMUNITY. MHAAC WILL ALSO CREATE AN OUTREACH AND PREVENTATIVE SERVICES STRUCTURE ON CAMPUS TO REDUCE SYMPTOMS OF MENTAL ILLNESS, SUBSTANCE ABUSE, AND SUICIDAL IDEATION, AND REACH OVER 2000 PEOPLE WITH MENTAL HEALTH AWARENESS MESSAGING AND PROGRAMMING.",302419,302419,183528.12999999998,118890.87000000002,2026-01-14,TAGGS,2026-01-15,N/A,2023-08-31,2026-08-30,Center for Mental Health Services,93.243,SUBSTANCE ABUSE AND MENTAL HEALTH SERVICES PROJECTS OF REGIONAL AND NATIONAL SIGNIFICANCE,SM-22-004,GLS Campus Suicide Prevention Grant Program,https://www.samhsa.gov/grants/grant-announcements/sm-22-004,NAZARETH UNIVERSITY,NY,ROCHESTER,NY-25,"Junior College, College & University",https://taggs.hhs.gov/Detail/AwardDetail?arg_AwardNum=H79SM086290&arg_ProgOfficeCode=80,https://www.usaspending.gov/award/ASST_NON_H79SM086290_075/
SM086291,Restored,Reinstated (unconfirmed),Students Eradicating Crisis Utilizing Resources & Education (SECURE) Project,"STUDENTS ERADICATING CRISIS UTILIZING RESOURCES & EDUCATION (SECURE) PROJECT - SECURE PROJECT ABSTRACT  JOHNSON C. SMITH STATE UNIVERSITY (JCSU) AND THEIR OTHER COLLABORATING ORGANIZATIONS, WILL OFFER THE STUDENTS ERADICATING CRISIS UTILIZING RESOURCES & EDUCATION (SECURE) PROJECT.  THESE ORGANIZATIONS HAVE BEEN RESPONDING TO THE NEEDS OF THE STUDENTS AT JCSU FOR MANY YEARS.  THE SECURE PROJECT WILL CONTINUE THIS HISTORY OF SERVICE BY SUPPORTING A COMPREHENSIVE PUBLIC HEALTH AND EVIDENCE-BASED APPROACH  THAT: (1) ENHANCES MENTAL HEALTH SERVICES FOR ALL COLLEGE STUDENTS, INCLUDING THOSE AT RISK   FOR SUICIDE, DEPRESSION, SERIOUS MENTAL ILLNESS (SMI)/SERIOUS EMOTIONAL DISTURBANCES (SED), AND/OR SUBSTANCE USE DISORDERS THAT CAN LEAD TO SCHOOL FAILURE; (2) PREVENTS AND REDUCES SUICIDE, AND MENTAL AND SUBSTANCE USE DISORDERS; (3) PROMOTES HELP-SEEKING BEHAVIOR; AND (4) IMPROVES THE IDENTIFICATION AND TREATMENT OF AT-RISK COLLEGE STUDENTS SO  THEY CAN SUCCESSFULLY COMPLETE THEIR STUDIES. IT IS EXPECTED THAT SECURE WILL HELP TO  IDENTIFY STUDENTS WHO ARE AT RISK FOR SUICIDE AND SUICIDE ATTEMPTS, INCREASE PROTECTIVE FACTORS THAT PROMOTE MENTAL HEALTH, REDUCE RISK FACTORS FOR SUICIDE, AND ULTIMATELY REDUCE  SUICIDES AND SUICIDE ATTEMPTS.  THESE PROJECT GOALS WILL BE ACHIEVED BY FULFILLING THE FOLLOWING OBJECTIVES:  OBJECTIVE 1) BY THE END OF THE PROJECT, TO HAVE TRAINED AT LEAST 250 STUDENTS IN PREVENTION AND MENTAL HEALTH PROMOTION (50 IN YEAR 1, AND 100 EACH IN YEARS 2 AND 3), AS ASSESSED BY A REVIEW OF TRAINING RECORDS.  OBJECTIVE 2) BY THE END OF THE PROJECT, TO HAVE TRAINED 100 PEOPLE IN THE MENTAL HEALTH AND RELATED WORKFORCE IN MENTAL HEALTH RELATED PRACTICES/ACTIVITIES THAT ARE CONSISTENT WITH THE GOALS OF THE GRANT (20 IN YEAR 1 AND 40 EACH IN YEARS 2 AND 3), AS ASSESSED BY A REVIEW OF TRAINING RECORDS.  OBJECTIVE 3) BY THE END OF THE PROJECT, TO HAVE AT LEAST 200 ADDITIONAL STUDENTS RECEIVE EVIDENCE-BASED MENTAL HEALTH RELATED SERVICES (50 IN YEAR 1 AND 75 EACH IN YEARS 2 AND 3), AS ASSESSED BY A REVIEW OF REFERRAL AND FOLLOW-UP RECORDS.  OBJECTIVE 4) BY THE END OF THE PROJECT, TO HAVE ADDED AT LEAST ONE NEW MEMBER TO THE NETWORK INFRASTRUCTURE OF TRAINED BEHAVIORAL HEALTHCARE PROVIDERS WHO TREAT OR PROVIDE SUPPORT SERVICES FOR MENTAL AND SUBSTANCE ABUSE DISORDERS, FOR EACH YEAR OF THE PROGRAM, AS ASSESSED BY A REVIEW OF NETWORK INFRASTRUCTURE MEMBERS LIST.  OBJECTIVE 5) BY THE END OF THE PROJECT, TO HAVE AT LEAST 5,000 INDIVIDUALS EXPOSED TO MENTAL HEALTH AWARENESS MESSAGES (1,000 IN YEAR 1 AND 2,000 EACH IN YEARS 2 AND 3), AS ASSESSED BY A REVIEW OF VISITS TO VARIOUS SOCIAL MEDIA PLATFORMS, AND RECORDS FROM COMMUNITY PRESENTATIONS.",283332,283332,104648.72,178683.28,2026-01-14,TAGGS,2026-01-15,N/A,2023-08-31,2026-08-30,Center for Mental Health Services,93.243,SUBSTANCE ABUSE AND MENTAL HEALTH SERVICES PROJECTS OF REGIONAL AND NATIONAL SIGNIFICANCE,SM-22-004,GLS Campus Suicide Prevention Grant Program,https://www.samhsa.gov/grants/grant-announcements/sm-22-004,"JOHNSON C. SMITH UNIVERSITY, INCORPORATED",NC,CHARLOTTE,NC-12,"Junior College, College & University",https://taggs.hhs.gov/Detail/AwardDetail?arg_AwardNum=H79SM086291&arg_ProgOfficeCode=80,https://www.usaspending.gov/award/ASST_NON_H79SM086291_075/
SM086292,Restored,Reinstated (confirmed),City Colleges of Chicago Suicide Prevention Program.,"CITY COLLEGES OF CHICAGO SUICIDE PREVENTION PROGRAM. - PROJECT NAME: CITY COLLEGES OF CHICAGO SUICIDE PREVENTION SERVICES PROGRAM   SUMMARY: CCC WILL IMPLEMENT NEW STRATEGIES TO ENHANCE SUICIDE PREVENTION AND RELATED STUDENT MENTAL HEALTH SERVICES THROUGH WELLNESS CENTERS ON OUR SEVEN CAMPUSES AND SATELLITE LOCATIONS ACROSS CHICAGO. WE WILL ENHANCE CCC CAPACITY – QUALITY AND QUANTITY – FOR IMPROVING STUDENT ASSESSMENT AND SCREENING, AWARENESS, STAFF AND STUDENT TRAINING, OUTREACH AND CRISIS INTERVENTION TO ENHANCE SUICIDE PREVENTION EFFORTS AND STRENGTHEN STUDENT MENTAL HEALTH. POPULATIONS SERVED:  WE WILL SERVE THE ENTIRE CCC STUDENT POPULATION DRAWN FROM ACROSS CHICAGO WHICH INCLUDES 63% FEMALE, 27% MALE, 4% TRANSGENDER OR NON-BINARY; 41.1% LATINX, 22.2% BLACK, 11.6% WHITE, 5.1% ASIAN, 1.9% MULTI-RACIAL; 8% VETERANS; 13% LGBTQ; 17% NON-NATIVE ENGLISH SPEAKERS (PREDOMINANTLY SPANISH SPEAKING).  41% HAVE A DISABILITY INCLUDING LEARNING DISABILITIES.  THE STUDENT POPULATION IS OVER-REPRESENTED BY RESIDENTS OF CHICAGO’S LOWER-INCOME, DISADVANTAGED COMMUNITIES WITH HIGH INCIDENCE OF UNEMPLOYMENT, POVERTY, VIOLENCE AND OTHER NEGATIVE FACTORS.   STRATEGIES/INTERVENTIONS WILL BE DELIVERED BASED ON BEST PRACTICES IDENTIFIED THROUGH NATIONAL RESEARCH, INCLUDING NETWORK INFRASTRUCTURE BY PRODUCING NEW POLICIES AND PROCEDURES SYSTEM-WIDE, EXPANDING HOURS AND CAPACITY FOR WELLNESS SERVICES, STRENGTHENING HEALTHCARE AND MH SYSTEM PARTNERSHIPS FOR REFERRALS OF AT-RISK STUDENTS. EXPANDING ASSESSMENTS AND SCREENINGS OF STUDENTS BY IDENTIFYING BEST AND PROVEN TOOLS TO IDENTIFY RISK AND MH PROBLEMS, IMPLEMENT ONLINE ASSESSMENTS AND INCREASE SCREENINGS ADMINISTERED. IMPLEMENT A PEER COUNSELING PROGRAM WITH STUDENTS TRAINED TO SUPPORT WELLNESS OUTREACH, COMMUNITY-BUILDING AND CONNECTION. INTEGRATED AWARENESS ACTIVITIES TO GET SUICIDE PREVENTION AND PRO-MENTAL-HEALTH MESSAGES OUT TO STUDENTS IN CLASSROOM, COMMUNITY, COLLEGE LIFE AND CAMPUS-WIDE WITH A FOCUS ON REMOVING STIGMA AROUND MH CHALLENGES. TRAINING FOR ALL STAFF AND STUDENTS USING SUBJECT-MATTER EXPERTS AND AN EVIDENCE-BASED CURRICULUM AND ENSURE LINKAGES AND FOLLOW-UP TO STRENGTHEN IMPACT OF TRAINING. CONTENT ON RISK-ASSESSMENT, MH AND SUBSTANCE ABUSE ISSUES AND INTERVENTIONS, PEER SUPPORT, AND LINKAGES/REFERRALS. EXTENDED HOURS FOR CRISIS INTERVENTION. EXPANDED OUTREACH THROUGH CLASSROOM VISITS, PARTICIPATION IN STUDENT ORIENTATIONS, CAMPUS ACTIVITIES AND EVENTS, AND ELECTRONIC METHODS TO ENSURE BROAD COMMUNITY AWARENESS OF ISSUES AND SERVICES.  BROADLY DISSEMINATING INFORMATIONAL MATERIALS ON SUICIDE PREVENTION, MH AND WELLNESS. PROGRAMS AND ACTIVITIES INCLUDING ENHANCED/EXPANDED WORKSHOPS ON DEPRESSION, SUICIDE AWARENESS, SUBSTANCE USE/ABUSE CONCERNS, “MH FIRST AID,” CONNECTION, COMMUNITY BUILDING, SOCIAL EMOTIONAL LEARNING (SEL) AND LIFE-SKILLS. BUILD STRATEGIES TO REDUCE LETHAL MEANS BY CAMPUS-WIDE STRATEGIES AND SAFETY PLANS AND ENGAGEMENT WITH WELLNESS CENTER STUDENTS ABOUT THEIR HOME SITUATIONS.    PROJECT GOALS AND MEASURABLE OBJECTIVES: 100% OF WELLNESS CENTER STAFF RECEIVE TRAINING, NEW MATERIALS AND NEW INTERVENTION TOOLS; 10% INCREASE – EACH SEMESTER - IN STUDENT PARTICIPATION IN PEER COUNSELING AND ACTIVITIES; 90% STUDENTS REPORT SATISFACTION WITH WELLNESS CENTER AND PARTNER SERVICES; 90% STUDENTS WHO ATTEND TRAINING DEMONSTRATE NEW KNOWLEDGE AND TOOLS ACQUIRED; 90% STUDENTS REPORT IMPROVEMENT IN THEIR MENTAL HEALTH STATUS THROUGH PERIODIC CHECK-INS; 100% STAFF RECEIVE ANNUAL AND BOOSTER TRAINING IN CRISIS INTERVENTION AND SUPPORTING STUDENTS. 90% OF COUNSELING CLIENTS SHOW IMPROVEMENT IN CLINICAL SYMPTOMS AS MEASURED BY CCAPS.   NUMBER SERVED ANNUALLY: 12,500 STUDENTS PARTICIPATE IN OUTREACH, PROGRAMMING, TRAINING AND EVENTS AND 7500 PARTICIPATE IN WELLNESS CENTER COUNSELING OR CASE MANAGEMENT SERVICES.  NUMBER SERVED PROJECT LIFETIME: 38,000 STUDENTS, FACULTY AND STAFF WILL PARTICIPATE IN OUTREACH PROGRAMMING, TRAINING, AND EVENTS AND 7500 STUDENTS, FACULTY AND STAFF WILL PARTICIPATE IN COUNSELING OR CASE MANAGEMENT SERVICES.",305995,305995,189806.13,116188.87,2026-01-14,TAGGS,2026-01-15,N/A,2023-08-31,2026-08-30,Center for Mental Health Services,93.243,SUBSTANCE ABUSE AND MENTAL HEALTH SERVICES PROJECTS OF REGIONAL AND NATIONAL SIGNIFICANCE,SM-22-004,GLS Campus Suicide Prevention Grant Program,https://www.samhsa.gov/grants/grant-announcements/sm-22-004,BOARD OF TRUSTEES OF COMMUNITY COLLEGE DISTRICT NO. 508,IL,CHICAGO,IL-07,Other Educational Organization,https://taggs.hhs.gov/Detail/AwardDetail?arg_AwardNum=H79SM086292&arg_ProgOfficeCode=80,https://www.usaspending.gov/award/ASST_NON_H79SM086292_075/
SM086293,Restored,Reinstated (unconfirmed),Suicide Prevention Program,"SUICIDE PREVENTION PROGRAM - MIAMI UNIVERSITY IS DEEPLY COMMITTED TO THE SUCCESS OF EVERY MEMBER OF THE COMMUNITY. THE UNIVERSITY'S MISSION IS TO EMPOWER EACH STUDENT, STAFF, AND FACULTY MEMBER TO PROMOTE AND BECOME ENGAGED CITIZENS WHO USE THEIR ACQUIRED KNOWLEDGE AND SKILLS WITH INTEGRITY AND COMPASSION TO IMPROVE THE FUTURE OF THE COMMUNITY AND THE WORLD. THE ANTICIPATED IMPACT BY IMPLEMENTING A COORDINATED, COMPREHENSIVE SUICIDE PREVENTION PLAN WILL BE AN INCREASE IN HELPING AND HELP-SEEKING BEHAVIORS BY MIAMI STUDENTS AS EVIDENCED BY UTILIZATION RATES OF THE STUDENT COUNSELING SERVICE, NUMBER OF CALLS TO THE HOPE LINE, ATTENDANCE AT QPR AND MENTAL HEALTH FIRST AID TRAININGS, SBIRT SCREENINGS WITHIN THE STUDENT HEALTH SERVICES, AND A DECREASE TO LETHAL MEANS WITH MEDICATION LOCK BAGS AND MEDICATION DISPOSAL BAGS. AN INCREASE IN AWARENESS ACROSS CAMPUS WILL BE ACHIEVED THROUGH AN ONGOING CAMPAIGN THAT FEATURES LECTURES, SCREENING DAYS, MEDIA IMPRESSIONS, AND HIGHLIGHTING  RESOURCES AND MENTAL HEALTH PROMOTION MESSAGES. THESE ACTIONS WILL BE COORDINATED BY A NEWLY ESTABLISHED MENTAL HEALTH PROMOTION TEAM.   GOALS * ESTABLISH A MENTAL HEALTH PROMOTION TEAM THAT INCLUDES REPRESENTATION FROM KEY MIAMI UNIVERSITY STAFF AND CITY OF OXFORD COMMUNITY PROVIDERS WITHIN 60 DAYS POST-AWARD.  * BUILD CAPACITY BY PROVIDING TRAINING TO CLINICAL SERVICE PROVIDERS, FACULTY, STAFF, AND STUDENTS TO DELIVER EVIDENCE-BASED PREVENTION AND TREATMENT STRATEGIES, CONCENTRATED  DURING YEAR 1 OF THE GRANT, AND THEN ONGOING. * CREATE A CAMPUS-WIDE AWARENESS CAMPAIGN DESIGNED TO PROMOTE RESOURCES AND ACTIVITIES THAT REDUCE SUICIDE FOR IMPLEMENTATION DURING YEAR 2 OF THE AWARD. * DELIVER EFFECTIVE PROGRAMS THAT PROMOTE WELLNESS AND PREVENT SUICIDE TO TARGETED STUDENT GROUPS AND TO OFF CAMPUS PARTNERS THAT HAVE FREQUENT CONTACT WITH STUDENTS BEGINNING IN YEAR 1 AND THROUGH YEAR 3 OF THE GRANT. * COMMUNICATION EFFORTS WILL SEEK TO DISSEMINATE EDUCATIONAL AND INFORMATION MATERIALS AND LEARNING OPPORTUNITIES TO STUDENTS AND THEIR FAMILIES AND WILL BEGIN IN YEAR 1 THROUGH YEAR 3. * PROMOTE EFFORTS TO REDUCE ACCESS TO LETHAL MEANS OF SUICIDE BEGINNING IN YEAR 1 THROUGH YEAR 3 OF THE GRANT.  CONSIDERING THE LARGE SCOPE OF THIS COMPREHENSIVE PLAN, IT IS ANTICIPATED THAT 33,000 STUDENTS WILL HAVE A DIRECT INTERACTION, IN ADDITION TO ATTENDANCE RATES AT LECTURES AND EXPOSURE TO THE MEDIA ELEMENTS OF THE CAMPAIGN.  ESTABLISHED IN 1809, MIAMI UNIVERSITY IS A PUBLIC, RESIDENTIAL UNIVERSITY LOCATED IN THE CITY OF OXFORD, OHIO. AS OF FALL 2021, OVER 16,500 UNDERGRADUATE STUDENTS WERE ENROLLED WITH THE UNIVERSITY, AS WELL AS OVER 2,300 GRADUATE STUDENTS. THE STUDENT BODY IS COMPOSED OF 13% INTERNATIONAL STUDENTS, 15% DOMESTIC STUDENTS OF COLOR, 12% STUDENTS WITH DISABILITIES. THE MIAMI UNIVERSITY MILLER CENTER FOR STUDENT DISABILITY SERVICES HAS SEEN A 32% INCREASE COMPARED TO FALL 2018. THE MIAMI UNIVERSITY CENTER FOR STUDENT DIVERSITY AND INCLUSION PROVIDES DIRECT SERVICES, SUPPORT, AND RESOURCES TO STUDENTS THROUGH A COMMITMENT TO DIVERSITY/MULTICULTURALISM AS EXPRESSED THROUGH ABILITY, AGE, ETHNICITY, GENDER, RACE, RELIGION, SEXUAL ORIENTATION, AND SOCIOECONOMIC DIFFERENCES.",286164,286164,136527.43,149636.57,2026-01-14,TAGGS,2026-01-15,N/A,2023-08-31,2026-08-30,Center for Mental Health Services,93.243,SUBSTANCE ABUSE AND MENTAL HEALTH SERVICES PROJECTS OF REGIONAL AND NATIONAL SIGNIFICANCE,SM-22-004,GLS Campus Suicide Prevention Grant Program,https://www.samhsa.gov/grants/grant-announcements/sm-22-004,MIAMI UNIVERSITY,OH,OXFORD,OH-08,"Junior College, College & University",https://taggs.hhs.gov/Detail/AwardDetail?arg_AwardNum=H79SM086293&arg_ProgOfficeCode=80,https://www.usaspending.gov/award/ASST_NON_H79SM086293_075/
SM086294,Restored,Reinstated (confirmed),St. Lawrence University Comprehensive Care Network (CCN) Project,"ST. LAWRENCE UNIVERSITY COMPREHENSIVE CARE NETWORK (CCN) PROJECT - ST. LAWRENCE UNIVERSITY PROPOSES TO LAUNCH THE COMPREHENSIVE CARE NETWORK (CCN) PROJECT TO ADDRESS THE RAPIDLY GROWING NEEDS OF OUR TARGET POPULATION OF 2,227 UNDERGRADUATES IN THE AREAS OF MENTAL HEALTH, SUICIDE PREVENTION, AND SUBSTANCE MISUSE. WITHIN OUR JED CAMPUS STRATEGIC PLAN, THE CCN PROJECT WILL USE EVIDENCE-BASED APPROACHES TO IMPROVE THE IDENTIFICATION AND TREATMENT OF AT-RISK STUDENTS AND EXPAND CAMPUS INFRASTRUCTURE TO PROVIDE SERVICES.   ST. LAWRENCE UNIVERSITY (SLU) IS A FOUR-YEAR PRIVATE, RESIDENTIAL LIBERAL ARTS COLLEGE LOCATED IN THE RURAL AND UNDER-RESOURCED “NORTH COUNTRY” REGION OF UPSTATE NEW YORK. BASED UPON INSTITUTIONAL RESEARCH AND BASELINE DATA EMERGING FROM OUR NEW PARTNERSHIP WITH JED CAMPUS, OUR PRIORITY IS TO DEVELOP A COMPREHENSIVE, EVIDENCE-BASED APPROACH TO STUDENT MENTAL HEALTH, SUICIDE PREVENTION, AND SUBSTANCE MISUSE AND TO IDENTIFY GAPS IN OUR CURRENT NETWORK OF CAMPUS-COMMUNITY SERVICES AND RESOURCES. TO ACCOMPLISH THIS, WE SEEK SUPPORT FROM THE SAMHSA GLS CAMPUS PROGRAM FOR THE PROPOSED CCN PROJECT TO BENEFIT OUR UNDERGRADUATE STUDENT POPULATION OF 2,227 (54% FEMALE/46% MALE; 13% US BIPOC; 9% INTERNATIONAL; 21% PELL-ELIGIBLE; 19% FIRST-GEN).   OUR PROJECT GOALS ARE TO: 1) IMPROVE THE IDENTIFICATION AND TREATMENT OF COLLEGE STUDENTS AT-RISK FOR SUICIDE, DEPRESSION, SERIOUS MENTAL ILLNESS (SMI)/SERIOUS EMOTIONAL DISTURBANCES (SED), AND/OR SUBSTANCE USE DISORDERS THAT CAN LEAD TO SCHOOL FAILURE; AND 2) ENHANCE MENTAL HEALTH SERVICES TO PREVENT AND REDUCE SUICIDE, AND MENTAL HEALTH AND SUBSTANCE USE DISORDERS ON CAMPUS. INFORMED BY JED’S COMPREHENSIVE FRAMEWORK, OUR PROJECT STRATEGIES FOCUS ON A) IMPROVE INSTITUTIONAL CAPACITY TO IDENTIFY STUDENTS AT RISK AND INCREASE STUDENT HELP-SEEKING BEHAVIOR; B) BUILD CAMPUS INFRASTRUCTURE TO PROVIDE MENTAL HEALTH AND SUBSTANCE MISUSE SERVICES; C) STRENGTHEN STUDENTS’ SOCIAL AND EMOTIONAL LEARNING THROUGH TARGETED PROGRAMMING FOR LIFE SKILLS DEVELOPMENT AND SOCIAL CONNECTEDNESS; AND D) ESTABLISH AND FOLLOW CRISIS MANAGEMENT PROCEDURES.    LED BY PI AND DIRECTOR OF COUNSELING TARA TENT AND CO-PI AND DIRECTOR OF WELLNESS EDUCATION LAURA LAVOIE, THE CCN PROJECT TEAM WILL COLLABORATE WITH CAMPUS AND COMMUNITY PARTNERS TO WORK TOWARDS KEY OBJECTIVES THAT INCLUDE: INCREASING THE NUMBERS OF FACULTY, STAFF AND STUDENTS TRAINED IN QUESTION, PERSUADE, REFER (QPR) AND MENTAL HEALTH FIRST AID TECHNIQUES; ENCOURAGING STUDENT HELP-SEEKING BEHAVIOR THROUGH UNIVERSAL ONLINE TOOLS, ENGAGEMENT WITH STUDENT GROUPS, AND TARGETED OUTREACH; IMPROVING STUDENT ACCESS TO CAMPUS COUNSELING SERVICES; INCREASING SUBSTANCE MISUSE AWARENESS AND EDUCATION; WORKING WITH CAMPUS AND COMMUNITY PARTNERS TO REFINE POLICIES AND CARE PROCEDURES; AND REDUCING RISK AND ACCESS TO LETHAL MEANS ON CAMPUS.   THE CCN PROJECT TEAM WILL COLLECT A SIGNIFICANT AMOUNT OF DATA AND APPLY BOTH QUANTITATIVE AND QUALITATIVE EVALUATION APPROACHES WITHIN THE FRAMEWORK OF OUR JED CAMPUS STRATEGIC PLAN TO TRACK OUR PROGRESS TOWARDS OUR GOALS AND OBJECTIVES AND ALLOW FOR CONTINUOUS QUALITY IMPROVEMENT.",287061,287061,168210.96000000002,118850.03999999998,2026-01-14,TAGGS,2026-01-15,N/A,2023-08-31,2026-08-30,Center for Mental Health Services,93.243,SUBSTANCE ABUSE AND MENTAL HEALTH SERVICES PROJECTS OF REGIONAL AND NATIONAL SIGNIFICANCE,SM-22-004,GLS Campus Suicide Prevention Grant Program,https://www.samhsa.gov/grants/grant-announcements/sm-22-004,ST. LAWRENCE UNIVERSITY,NY,CANTON,NY-21,"Junior College, College & University",https://taggs.hhs.gov/Detail/AwardDetail?arg_AwardNum=H79SM086294&arg_ProgOfficeCode=80,https://www.usaspending.gov/award/ASST_NON_H79SM086294_075/
SM086299,Restored,Reinstated (confirmed),"Ocean WAVES (We Ask, Verify, Empathize and Support Suicide Prevention)","OCEAN WAVES (WE ASK, VERIFY, EMPATHIZE AND SUPPORT SUICIDE PREVENTION) - OCEAN WAVES (WE ASK, VERIFY, EMPATHIZE AND SUPPORT SUICIDE PREVENTION, IS THE COMPREHENSIVE CAMPUS SUICIDE PREVENTION PROGRAM AT OCEAN COUNTY COLLEGE. THIS PROGRAM IS DESIGNED TO RESPOND TO THE TRANSITIONING DEMOGRAPHICS OF OCC, BUILDING THE INFRASTRUCTURE AND PROGRAMMATIC SYSTEMS TO HELP PREVENT SUICIDE. THE FOLLOWING GOALS ARE A FOCUS OF THE PROGRAM: ENHANCE MENTAL HEALTH AND WELLNESS SERVICES, PROMOTE HELP-SEEKING BEHAVIOR, REDUCE STIGMA, AND IMPROVE THE IDENTIFICATION AND TREATMENT OF AT-RISK STUDENTS.  GOAL 1: IMPROVE STUDENT MENTAL HEALTH OBJECTIVE 1.1: BY THE END OF THE PROJECT PERIOD, AT LEAST 10% OF THE CAMPUS COMMUNITY WILL BE TRAINED IN THE EVIDENCE-BASED GATEKEEPER TRAINING, QPR TO EXPAND THE ABILITY OF THE COLLEGE COMMUNITY TO RECOGNIZE AND RESPOND EFFECTIVELY TO STUDENTS AT RISK OF SUICIDE AND MENTAL HEALTH CRISES OBJECTIVE 1.2: CONTINUOUSLY IMPROVE MENTAL HEALTH SERVICES UTILIZING FORMALIZED STUDENT FEEDBACK AND ENSURE A MINIMUM OF 95% SATISFACTION RATING THROUGH ANNUAL REVIEW AND QI PROCESSES. OBJECTIVE 1.3: BY THE END OF YEAR 1 AND ON AN ONGOING BASIS, IMPROVE DATA COLLECTION AND REPORTING MECHANISMS TO INFORM CONTINUED EXPANSION OF SERVICES TO ADDRESS MENTAL HEALTH CONCERNS AND TREATMENT, BOTH IN-PERSON AND VIRTUALLY GOAL 2: BECOME CENTRAL TO CAMPUS- AND COMMUNITY-WIDE UNIFIED SUICIDE PREVENTION NETWORK PROVIDING THE NECESSARY TRAINING AND EDUCATIONAL MATERIALS TO SUPPORT AN EVIDENCE-BASED APPROACH TO PREVENTION. OBJECTIVE 2.1 WITHIN 6 MONTHS OF PROJECT AND ONGOING, BUILD UPON EXISTING AND DEVELOP NEW STRATEGIC PARTNERSHIPS WITH CAMPUS STAKEHOLDERS, LOCAL COMMUNITY MENTAL HEALTH PROVIDERS, CRISIS RESPONSE SERVICES, ADVOCATES, AND PROFESSIONALS OBJECTIVE 2.2 BY THE END OF THE FIRST QUARTER, BEGIN HOSTING MONTHLY CAMPUS AND COMMUNITY EVENTS RAISING AWARENESS AND PROVIDING COMMUNITY EDUCATION ON TOPICS OF MENTAL HEALTH, WELLNESS, AND SUICIDE PREVENTION OBJECTIVE 2.3 WITHIN THE FIRST PROJECT YEAR, PARTNER WITH MENTAL HEALTH EXPERTS FOR ANNUAL PROFESSIONAL EDUCATION AND TRAINING  AS A COMMUNITY COLLEGE, OCC SERVES A TRANSITIONAL STUDENT BASE THAT TOUCHES ALL AGES AND STAGES OF LIFE. A TOTAL STUDENT POPULATION OF 7275 WAS RECORDED FOR FALL 2021 WITH 63% CAUCASIAN, 5.9% BLACK OR AFRICAN AMERICAN, 2.4% ASIAN, 7% HISPANIC, 13.73% IDENTIFYING AS 2 OR MORE RACES, AND LESS THAN 1% AMERICAN INDIAN, ALASKAN NATIVE, HAWAIIAN NATIVE OR PACIFIC ISLANDER. ADDITIONALLY, APPROXIMATELY ONE THIRD OF OCC'S STUDENT POPULATION MEET CRITERIA FOR LOW-INCOME STATUS. SOME OF THE MOST CONSISTENT CLINICAL PRESENTING CONCERNS IN THE COUNSELING CENTER ARE: ANXIETY, DEPRESSION, FINANCIAL/HOUSING/FOOD INSECURITY, STRESS AND OVERWHELM. MOST RECENTLY IN THE WAKE OF THE COVID-19 PANDEMIC, THERE HAS BEEN A NOTABLE INCREASE IN CONCERN RELATED TO GRIEF AND SOCIAL OR FAMILY RELATIONSHIPS. OCC STUDENTS ARE TYPICALLY MANAGING STRESS AT HOME AND IN RELATIONSHIPS, TAKING CARE OF CHILDREN OR OTHER FAMILY MEMBERS, AND MAINTAINING EMPLOYMENT ALL WHILE PURSUING THEIR DEGREES. OCEAN WAVES IS DESIGNED TO COMPREHENSIVELY MEET THE NEEDS OF THE STUDENT POPULATION WITHIN THE CONTEXT OF THE GREATER OCEAN COUNTY COMMUNITY, WITH A FOCUS ON INCREASING IDENTIFICATION AND SERVICES TO THOSE MOST AT RISK OF SUICIDE.",226061,226061,101251.56,124809.44,2026-01-14,TAGGS,2026-01-15,N/A,2023-09-30,2026-09-29,Center for Mental Health Services,93.243,SUBSTANCE ABUSE AND MENTAL HEALTH SERVICES PROJECTS OF REGIONAL AND NATIONAL SIGNIFICANCE,SM-22-004,GLS Campus Suicide Prevention Grant Program,https://www.samhsa.gov/grants/grant-announcements/sm-22-004,OCEAN COUNTY COLLEGE,NJ,TOMS RIVER,NJ-04,Other Educational Organization,https://taggs.hhs.gov/Detail/AwardDetail?arg_AwardNum=H79SM086299&arg_ProgOfficeCode=80,https://www.usaspending.gov/award/ASST_NON_H79SM086299_075/
SM086308,Restored,Reinstated (confirmed),USC Upstate GLS Suicide Prevention Grant: Spartans Helping Spartans,"USC UPSTATE GLS SUICIDE PREVENTION GRANT: SPARTANS HELPING SPARTANS - THE UNIVERSITY OF SOUTH CAROLINA UPSTATE (USC UPSTATE) REQUESTS FUNDING FROM THE SUBSTANCE ABUSE AND MENTAL HEALTH SERVICES ADMINISTRATION’S GLS CAMPUS SUICIDE PREVENTION PROGRAM TO IMPLEMENT A NEW THREE-TIER HEALTH AND WELLNESS PROGRAM CALLED SPARTANS HELPING SPARTANS (SHS). THE TARGET POPULATION IS FIRST-YEAR, FIRST-GENERATION, PELL-ELIGIBLE, AND TRANSFER STUDENTS. THESE TARGET POPULATIONS ALIGN WITH A CAMPUS-WIDE STRATEGIC RETENTION INITIATIVE TITLED “REIMAGINE UPSTATE .”IN SOUTH CAROLINA, AGE-ADJUSTED SUICIDE RATES HAVE STEADILY INCREASED OVER THE PAST DECADE, FROM 13.5 DEATHS PER 100,000 (637) IN 2010 TO 16.2 DEATHS PER 100,000 (852) IN 2019. THROUGHOUT THE COVID-19 PANDEMIC, THE USC-UPSTATE COUNSELING CENTER HAS SEEN AN INCREASING NUMBER OF STUDENTS SEEKING COUNSELING SERVICES. ADDITIONALLY, IN RECENT YEARS, USC UPSTATE HAS SEEN AN INCREASE IN STUDENTS SEEKING WITHDRAWALS FOR EXTENUATING CIRCUMSTANCES AND SUBMISSIONS OF INCIDENT/STUDENT OF CONCERN REPORTS.  USC UPSTATE WILL DEVELOP A COMPREHENSIVE, COLLABORATIVE, WELL-COORDINATED, AND EVIDENCE-BASED APPROACH TO ENHANCE USC UPSTATE MENTAL HEALTH INFRASTRUCTURE FOR ALL STUDENTS, INCLUDING THOSE AT RISK FOR SUICIDE, DEPRESSION, SERIOUS MENTAL ILLNESS (SMI)/SERIOUS EMOTIONAL DISTURBANCES (SED), AND/OR SUBSTANCE USE DISORDERS THAT CAN LEAD TO SCHOOL DROPOUT. THE GOAL OF SHS INCLUDES (1) INCREASING ENGAGEMENT BETWEEN COUNSELING SERVICES AND THE STUDENT POPULATION, (2) DEVELOPING EARLY IDENTIFICATION AND PRIMARY PREVENTION SERVICES FOR AT-RISK STUDENTS, (3) INCREASING STAFFING FOR MENTAL HEALTH SERVICES AND PREVENTATIVE INTERVENTION, AND (4) IMPROVE THE RELATIONSHIP WITH COMMUNITY SERVICE PROVIDERS. THE DESIRED SHS OUTCOMES ARE TO INCREASE STUDENT CONNECTEDNESS AND FOSTER BELONGING, REDUCE NEGATIVE ATTITUDES ABOUT MENTAL HEALTH AND SUBSTANCE USE DISORDERS AND ENCOURAGE HELP-SEEKING BEHAVIOR.",303807,303807,237242.78,66564.22,2026-01-14,TAGGS,2026-01-15,N/A,2023-08-31,2026-08-30,Center for Mental Health Services,93.243,SUBSTANCE ABUSE AND MENTAL HEALTH SERVICES PROJECTS OF REGIONAL AND NATIONAL SIGNIFICANCE,SM-22-004,GLS Campus Suicide Prevention Grant Program,https://www.samhsa.gov/grants/grant-announcements/sm-22-004,UNIVERSITY OF SOUTH CAROLINA,SC,COLUMBIA,SC-06,"Junior College, College & University",https://taggs.hhs.gov/Detail/AwardDetail?arg_AwardNum=H79SM086308&arg_ProgOfficeCode=80,https://www.usaspending.gov/award/ASST_NON_H79SM086308_075/
SM086309,Restored,Reinstated (confirmed),GLS Campus Suicide Prevention,"GLS CAMPUS SUICIDE PREVENTION - THE PROJECT WILL IMPROVE THE IDENTIFICATION, TREATMENT, AND SUPPORTS FOR STUDENTS AT RISK OF SUICIDE AND SUICIDE ATTEMPTS; AND STRENGTHEN PROTECTIVE FACTORS THAT PROMOTE MENTAL HEALTH, MINIMIZE SUICIDE RISK FACTORS, AND REDUCE SUICIDES AND ATTEMPTS. THE AIMS FOR THE PROJECT WILL: (1) ENHANCE MENTAL HEALTH SERVICES FOR ALL COLLEGE STUDENTS, INCLUDING THOSE AT RISK FOR SUICIDE, DEPRESSION, SERIOUS MENTAL ILLNESS (SMI) /SERIOUS EMOTIONAL DISTURBANCES (SED), AND SUBSTANCE USE DISORDERS THAT CAN LEAD TO SCHOOL FAILURE. CMU WILL HAVE STRENGTHENED CROSS-COLLABORATION AND ALIGNMENT OF EXISTING CAMPUS RESOURCES, MENTAL HEALTH SERVICES AND TELEHEALTH INFRASTRUCTURE TO ENSURE A COMPREHENSIVE CONTINUUM OF SERVICES AND RESOURCES TO INCREASE CAPACITY AND PROVIDE TIMELY ACCESS FOR STUDENTS TO ASSESSMENT, TREATMENT, AND REFERRAL CARE TRANSITIONS; (2) PREVENT AND REDUCE SUICIDE, MENTAL AND SUBSTANCE USE DISORDERS BY IMPLEMENTING EVIDENCE-BASED, MULTI-TIERED EDUCATION AND TRAINING ACROSS THE UNIVERSITY AND SURROUNDING COMMUNITY THAT EXPANDS MENTAL HEALTH FIRST AID AND SUICIDE AWARENESS FOR ALL STUDENTS, FACULTY, AND STAFF. (3) PROMOTE HELP-SEEKING, REDUCE STIGMA, AND INCREASE AWARENESS/SUPPORT FOR IMPROVED ACCESS TO RESOURCES. BEGINNING IMMEDIATELY AND BY THE END OF YEAR ONE OF THE PROJECT, CMU WILL CARRY OUT SUICIDE PREVENTION AWARENESS TRAINING FOR FACULTY, STAFF, AND STUDENTS TO INCREASE THE CAPACITY AND SKILLS OF GATEKEEPER LAY-HELPERS AS WELL AS CLINICAL SERVICES STAFF TO IDENTIFY, RESPOND AND MAKE APPROPRIATE REFERRALS FOR STUDENTS IN DISTRESS. BY THE END OF YEAR ONE, CMU WILL IMPROVE SERVICES AND PROCESSES FOR THE IDENTIFICATION AND TREATMENT OF AT-RISK COLLEGE STUDENTS SO THEY CAN SUCCESSFULLY COMPLETE THEIR STUDIES. ADDITIONALLY, IT WILL BE A KEY PRIORITY TO IMMEDIATELY COLLABORATE WITH CMU HUMAN RESOURCES WELLNESS AND BENEFITS, DIVERSITY EQUITY INCLUSION CENTER FOR STUDENT INCLUSION AND DIVERSITY, STUDENT AFFAIRS CMU CARES, CAMPUS POLICE, AND COMMUNITY-BASED RESOURCE PROVIDERS TO IMPLEMENT ACTIVITIES AND RESOURCES AIMED AT PROMOTING A SUPPORTIVE CAMPUS, ADDRESS INTERPERSONAL VIOLENCE, AND COVID-RELATED MENTAL HEALTH STRESSORS THAT IMPEDE STUDENT SUCCESS.  THE PROJECT WILL TARGET COLLEGE STUDENTS (AGES 17 TO 26); SERVING 15,465 STUDENTS ENROLLED IN UNDERGRADUATE, GRADUATE, OR DOCTORAL PROGRAMS. CENTRAL MICHIGAN UNIVERSITY’S (CMU) MAIN CAMPUS IS LOCATED IN ISABELLA COUNTY, A RURAL AND MEDICALLY UNDERSERVED COMMUNITY. ISABELLA COUNTY COMPRISES MOUNT PLEASANT, MI IN MID-MICHIGAN, ALSO KNOWN AS CENTRAL MICHIGAN. THE COUNTY CONTAINS THE ISABELLA INDIAN RESERVATION, WHICH HAS A TOTAL AREA OF 217.67 SQUARE MILES (563.8 KM2). IT IS THE MAJOR LAND BASE OF THE FEDERALLY RECOGNIZED SAGINAW CHIPPEWA TRIBAL NATION. THE FULL-TIME ENROLLMENT AT CMU IS 11,441UNDERGRADUATE STUDENTS AND 4,024 GRADUATE STUDENTS.   ON CMU’S MAIN CAMPUS THE INCREASED NEED FOR MENTAL HEALTH SERVICES AND SATURATION OF COMMUNITY MENTAL PROVIDER NETWORKS HAS RESULTED IN 3-4 MONTH WAIT TIMES FOR SPECIALTY SERVICE REFERRALS FOR STUDENTS. CMU HAS COUNSELING SERVICES, PSYCHIATRY SERVICES, AND A STUDENT HEALTH CLINIC THAT PROVIDES RESOURCES TO STUDENTS THAT ADDRESS SUICIDE PREVENTION, MENTAL HEALTH, SUBSTANCE USE, AND BEHAVIORAL HEALTH. THE MENTAL HEALTH PROVIDER TO PATIENT RATIO IS 410:1 FOR ISABELLA COUNTY (MYMICHIGAN HEALTH, 2022). DESPITE CMU'S CONTINUING EXPANSION OF PROVIDER CAPACITY, WE CONTINUE TO CONDUCT 2,720 BEHAVIOR HEALTH VISITS, AN INCREASE OF OVER 1,000 VISITS IN THE LAST FOUR YEARS, AND WE CONTINUE TO HAVE UNMET NEEDS FOR OUR STUDENTS.",306000,306000,171412.91,134587.09,2026-01-14,TAGGS,2026-01-15,N/A,2023-08-31,2026-08-30,Center for Mental Health Services,93.243,SUBSTANCE ABUSE AND MENTAL HEALTH SERVICES PROJECTS OF REGIONAL AND NATIONAL SIGNIFICANCE,SM-22-004,GLS Campus Suicide Prevention Grant Program,https://www.samhsa.gov/grants/grant-announcements/sm-22-004,CENTRAL MICHIGAN UNIVERSITY,MI,MOUNT PLEASANT,MI-02,"Junior College, College & University",https://taggs.hhs.gov/Detail/AwardDetail?arg_AwardNum=H79SM086309&arg_ProgOfficeCode=80,https://www.usaspending.gov/award/ASST_NON_H79SM086309_075/
SM086310,Restored,Reinstated (unconfirmed),Scotties Mind Your Mental Health,"SCOTTIES MIND YOUR MENTAL HEALTH - AGNES SCOTT COLLEGE (AGS), A SMALL, PRIVATE RESIDENTIAL WOMEN’S COLLEGE OUTSIDE ATLANTA, GEORGIA, IS APPLYING FOR A SAMHSA GLS GRANT TO SUPPORT ITS PROJECT, SCOTTIES MIND YOUR MENTAL HEALTH. ASC IS DIVERSE, WITH 61.7% OF STUDENTS IDENTIFIED AS STUDENTS OF COLOR. THE POPULATION OF FOCUS FOR THE GRANT IS LGBTQIA+ STUDENTS, WHO COMPRISE 66.27% OF STUDENTS SEEN AT ASC’S COUNSELING AND PSYCHOLOGICAL SERVICES (CAPS) DEPARTMENT. CAPS WILL SERVE 4,125 PEOPLE IN THREE YEARS: 1,350 PEOPLE IN YEAR 1, 1,375 IN YEAR 2, AND 1,400 IN YEAR 3.  OVERALL, CAPS SEES 32% OF ASC COLLEGE STUDENTS. CAPS CONSISTENTLY HAS MORE APPOINTMENTS WITH STUDENTS ANNUALLY THEN SIMILARLY SIZED SCHOOLS. THE STUDENT GOVERNMENT ASSOCIATION FELT SO STRONGLY ABOUT NEEDING MORE SERVICES THAT IT PASSED A RESOLUTION FOR EXPANDING CAPS STAFFING. GLS FUNDS WILL BE USED TO HIRE A NEW PROJECT COORDINATOR WHO WILL IMPLEMENT PREVENTION PROGRAMMING, PROVIDE EDUCATIONAL SEMINARS, AND COORDINATE OUTREACH EFFORTS.  SOME EVIDENCE-BASED INTERVENTIONS ASC WILL IMPLEMENT ARE MENTAL HEALTH FIRST AID, QPR, ASIST, AND EMOTIONAL THERAPY DOGS.  THE GRANT’S GOALS AND OBJECTIVES ARE: GOAL 1: TO DEVELOP AN INFRASTRUCTURE OF COMMUNITY RELATIONSHIPS, TRAUMA-INFORMED AND CULTURALLY RESPONSIVE POLICIES, AND TRAINING TO SUPPORT THE WELL-BEING, MENTAL HEALTH (MH), AND ACADEMIC SUCCESS OF ASC STUDENTS. OBJECTIVE (OBJ.) 1.1: FORMALIZE PARTNERSHIPS WITH FIVE OFF-CAMPUS ENTITIES TO HAVE THEM: A. PROVIDE INFORMATIONAL MATERIALS ON CAMPUS, B. ATTEND MH FAIRS TWO TIMES PER YEAR, AND C. DEVELOP WARM REFERRAL NETWORK PATHWAYS FOR STUDENTS. OBJ. 1.2: DEVELOP, REVIEW, AND/OR REVISE POLICIES TO ENSURE THEY ARE TRAUMA-INFORMED; RECOGNIZE UNDER-RESOURCED POPULATIONS; AND ARE CLEAR AND UP-TO-DATE, TO INCLUDE ACADEMIC POLICIES REGARDING COURSE ACCOMMODATIONS, MEDICAL LEAVE OF ABSENCE (MLOA), CRISIS PROTOCOLS, INCLUDING POSTVENTION, STUDENTS OF CONCERN TEAM PROCEDURES, AND GUIDELINES FOR STAFF ON IDENTIFYING AND REFERRING STUDENTS WITH MH OR AOD ISSUES BY THE END OF THE YEAR ONE. OBJ. 1.3: BY THE END OF THE GRANT PERIOD, 300 ADMINISTRATIVE AND STUDENT LEADERS WILL PARTICIPATE IN SCOTTIE SAFE ZONE TRAINING FOR LGBTQIA+. OBJ 1.4: BY THE END OF THE GRANT PERIOD, 300 STAFF, FACULTY, AND STUDENTS WILL ATTEND QPR, MENTAL HEALTH FIRST AID (MHFA), AND/OR ASIST TRAINING. OBJ. 1.5: DEVELOP AND IMPLEMENT AN ONGOING MONTHLY TRAINING SERIES (EIGHT MONTHS PER YEAR) FOR ALL RESIDENCE ASSISTANTS ON INCORPORATING TRAUMA-INFORMED PRACTICES USING TRAUMA-INFORMED VALUES IN RESIDENCE HALLS AND SIGNS OF VICARIOUS TRAUMA AND WHAT TO DO WHEN IT IS EXPERIENCED. GOAL 2: TO IDENTIFY AND SUPPORT ASC STUDENTS BEFORE AND IF THEY EXPERIENCE A MH OR AOD CRISIS IN ORDER TO LESSEN THE IMPACT ON THEIR WELL-BEING, INCLUDING ACADEMICS, AND SAFETY. OBJ. 2.1: PROVIDE CULTURALLY RESPONSIVE, TRAUMA-INFORMED COUNSELING SERVICES TO 400 STUDENTS EACH ACADEMIC YEAR VIA CAPS BY THE END OF YEAR 3. OBJ. 2.2: BY THE END OF THE GRANT PERIOD, CAPS WILL CREATE FIVE NEW MH SUPPORT GROUPS FOR HISTORICALLY MARGINALIZED POPULATIONS, INCLUDING FOR THE POPULATION OF FOCUS, LGBTQIA+ STUDENTS, NON-BINARY AND TRANSGENDER STUDENTS, AND ALSO FOR IMMIGRANTS AND INTERNATIONAL STUDENTS AND OTHERS IDENTIFIED THROUGH STUDENT DISCUSSIONS. OBJ. 2.3: FACILITATE ALL FIRST-YEAR STUDENTS DEVELOPING WELLNESS PLANS DURING SUMMIT LEGACY (FIRST-YEAR ORIENTATION). OBJ. 2.4: EACH SEMESTER, CAPS AND ACTIVE MINDS WILL HOLD ONE MH FAIR. OBJ. 2.5: ENGAGE ONE STUDENT GROUP PER SEMESTER THAT REPRESENTS AN UNDER-RESOURCED POPULATION TO ASSIST IN OUTREACH, EDUCATION, AND AWARENESS PROGRAMMING FOCUSED ON THAT POPULATION. OBJ. 2.6: PROVIDE EDUCATIONAL HEALTH AND WELLNESS SEMINARS TO150 STUDENTS EACH ACADEMIC YEAR ON TOPICS SUCH AS SELF-CARE, SOCIAL CONNECTEDNESS, TRANSITIONING TO COLLEGE, TIME MANAGEMENT, BUDGETING, COPING SKILLS, STRESS REDUCTION, EATING DISORDERS, INTIMATE PARTNER VIOLENCE, ETC.",292470,292470,189049.97,103420.03,2026-01-14,TAGGS,2026-01-15,N/A,2023-08-31,2026-08-30,Center for Mental Health Services,93.243,SUBSTANCE ABUSE AND MENTAL HEALTH SERVICES PROJECTS OF REGIONAL AND NATIONAL SIGNIFICANCE,SM-22-004,GLS Campus Suicide Prevention Grant Program,https://www.samhsa.gov/grants/grant-announcements/sm-22-004,"AGNES SCOTT COLLEGE, INC.",GA,DECATUR,GA-05,"Junior College, College & University",https://taggs.hhs.gov/Detail/AwardDetail?arg_AwardNum=H79SM086310&arg_ProgOfficeCode=80,https://www.usaspending.gov/award/ASST_NON_H79SM086310_075/
SM086314,Restored,Reinstated (unconfirmed),"Bonas Helping, Educating, Advocating, Leading, and Supporting (Bonas HEALS)","BONAS HELPING, EDUCATING, ADVOCATING, LEADING, AND SUPPORTING (BONAS HEALS) - ST. BONAVENTURE UNIVERSITY (SBU) IS APPLYING FOR THIS SAMHSA CAMPUS GRANT TO PROVIDE ESSENTIAL EDUCATIONAL PROGRAMMING AND SERVICES ON MENTAL HEALTH (MH), SUBSTANCE ABUSE (SA), AND SUICIDE PREVENTION (SP) FOR ITS UNDERGRADUATE POPULATION, WITH PARTICULAR ATTENTION TO STUDENTS WHO ACCESS COUNSELING SERVICES LESS OFTEN THAN THEIR PEERS: THOSE WHO IDENTIFY AS BLACK, INDIGENOUS, OR PEOPLE OF COLOR (BIPOC) (19% OF STUDENTS) AND VETERANS AND MILITARY-ALIGNED FAMILIES (3.5% OF UNDERGRADUATE POPULATION). SBU WILL ALSO CONTINUE ONGOING MH AND SA PROGRAMMING WITH ITS STUDENT-ATHLETES.    SBU WILL HIRE A HEALTH EDUCATOR (HE) WHO WILL TAKE THE LEAD IN HELPING SBU TO DEVELOP PROGRAMS TO ADDRESS THESE NEEDS. PROGRAMS WILL INCLUDE REGULAR HEALTH EDUCATION PROGRAMS FOR THE STUDENT BODY; MENTAL HEALTH SCREENINGS FOR ASSESSMENT AND REFERRAL; EXPANSIVE ONLINE AND PRINT MATERIALS FOR BROADCASTING INFORMATION ON ACCESSING SERVICES FOR MH, SA, AND SP PROGRAMS; NETWORKING WITH NEIGHBORING PROVIDERS IN CATTARAUGUS COUNTY, NEW YORK; COORDINATING SERVICES AND PROGRAMS WITH OTHER SBU OFFICES TO MEET STUDENT NEEDS; AND PROVIDING ACTIVITIES ACROSS THE CAMPUS TO PROMOTE WELLNESS AND SELF-HELP FOR MANAGEABLE MH ISSUES.  THE CAMPUS GRANT PROGRAM HAS ESTABLISHED THE FOLLOWING GOALS AND OBJECTIVES FOR THIS PROJECT: GOAL 1: SBU UNDERGRADUATES WILL MAKE INFORMED DECISIONS REGARDING THEIR MH, USING SELF-HELP TOOLS WHEN APPROPRIATE AND SEEKING MH SERVICES WHEN NEEDED. OBJECTIVE 1A: THE HE WILL PROVIDE AT LEAST EIGHT EDUCATIONAL PROGRAMS FOR THE CAMPUS COMMUNITY EACH YEAR. OBJECTIVE 1B: THE HE WILL OFFER TWO CAMPUS MH SCREENING DAYS EACH YEAR USING THE COUNSELING CENTER ASSESSMENT OF PSYCHOLOGICAL SYMPTOMS (CCAPS) TOOL AND PROVIDE REFERRALS AS APPROPRIATE. OBJECTIVE 1C: THE HE WILL ORGANIZE AND PUBLICIZE THE AVAILABILITY OF ONLINE SERVICES AND TOOLS FOR MH, SA, AND SP.  GOAL 2: POPULATIONS OF FOCUS (BIPOC AND MILITARY-ALIGNED UNDERGRADUATES) WILL SEEK OUT MH SERVICES WHEN NEEDED, AND WILL DEVELOP SELF-HELP STRATEGIES TO COPE WITH MH, SA, AND SP CHALLENGES WHEN APPROPRIATE. OBJECTIVE 2A: THE HE WILL OFFER MH SCREENING, USING THE CCAPS TOOL, DURING HIGHER EDUCATION OPPORTUNITY PROGRAM (HEOP) SUMMER ORIENTATION FOR NEW STUDENTS. OBJECTIVE 2B: THE HE WILL OFFER MH SCREENING THROUGH MASP EACH YEAR AT A TIME AGREED UPON BY THE MASP DIRECTOR. OBJECTIVE 2C: THE HE AND PEER MENTORS (PM) WILL PROVIDE AT LEAST THREE EDUCATIONAL PROGRAMS EACH YEAR FOR POPULATIONS OF FOCUS, SPECIFICALLY ADDRESSING CONCERNS REGARDING: (1) AFFORDABILITY OF MH, SA, AND SP SERVICES FOR THE BIPOC COMMUNITY, AND (2) ISSUES OF STIGMA FOR BOTH THE BIPOC AND (3) MILITARY-ALIGNED STUDENTS. GOAL 3: SBU STUDENTS, FACULTY, AND STAFF WILL RECOGNIZE MH ISSUES AMONG UNDERGRADUATES AND MAKE APPROPRIATE REFERRALS FOR MH SERVICES. OBJECTIVE 3A: FOUR STAFF FROM SBU WILL ATTEND A “TRAIN THE TRAINERS” SESSION FOR QPR SP TRAINING OR MENTAL HEALTH FIRST AID (MHFA) TRAINING. OBJECTIVE 3B: SBU STAFF WILL PROVIDE FOUR TRAINING SESSIONS ON QPR OR MHFA IN YEAR 2 AND IN YEAR 3 FOR SBU STUDENTS, FACULTY, AND STAFF. OBJECTIVE 3C: THE HE WILL CONDUCT A PRE- AND POST-SURVEY FOR EACH TRAINING SESSION TO ASSESS IMPROVEMENT IN IDENTIFYING MH NEEDS AND MAKING APPROPRIATE REFERRALS.  OVER THREE YEARS, IT IS ANTICIPATED THAT THESE PROGRAMS WILL DIRECTLY IMPACT 84 STUDENTS, FACULTY, AND STAFF WHO WILL RECEIVE QPR/MHFA TRAINING. EIGHT EDUCATIONAL PROGRAMS A YEAR FOR THREE YEARS WILL REACH AT LEAST 440 STUDENTS. ANOTHER 120 BIPOC OR MILITARY-ALIGNED STUDENTS WILL PARTICIPATE IN FOCUSED TRAININGS. AT LEAST 600 WILL BE SCREENED WITH THE CCAPS TOOL FOR MH NEEDS. CAMPUS-WIDE PROGRAMMING FOR STUDENTS, FACULTY, STAFF, AND FAMILIES WILL TOUCH OVER 2,000 INDIVIDUALS EACH YEAR, OR 6,000 PEOPLE IN TOTAL DURING THE LIFE OF THIS GRANT.",286839,286839,134913.77,151925.23,2026-01-14,TAGGS,2026-01-15,N/A,2023-08-31,2026-08-30,Center for Mental Health Services,93.243,SUBSTANCE ABUSE AND MENTAL HEALTH SERVICES PROJECTS OF REGIONAL AND NATIONAL SIGNIFICANCE,SM-22-004,GLS Campus Suicide Prevention Grant Program,https://www.samhsa.gov/grants/grant-announcements/sm-22-004,ST. BONAVENTURE UNIVERSITY,NY,SAINT BONAVENTURE,NY-23,"Junior College, College & University",https://taggs.hhs.gov/Detail/AwardDetail?arg_AwardNum=H79SM086314&arg_ProgOfficeCode=80,https://www.usaspending.gov/award/ASST_NON_H79SM086314_075/
SM086317,Restored,Reinstated (confirmed),The Trojan Suicide Prevention Programs,"THE TROJAN SUICIDE PREVENTION PROGRAMS - THE TROJAN SUICIDE PREVENTION PROGRAM (TSPP) IS A MULTI-CAMPUS BEHAVIORAL-HEALTH PREVENTION AND INTERVENTION INITIATIVE AT TROY UNIVERSITY’S ALABAMA CAMPUSES: DOTHAN, MONTGOMERY, PHENIX CITY, AND TROY. TROY UNIVERSITY HAS 9,539 UNDERGRADUATE AND GRADUATE STUDENTS ENROLLED AT THE FOUR ALABAMA CAMPUSES. TROY UNIVERSITY HAS APPROXIMATELY 2,339 FACULTY AND STAFF. TSSP AIMS TO (1) INCREASE TROY UNIVERSITY’S CAPACITY TO EXPAND AWARENESS OF BEHAVIORAL HEALTH AND SUICIDE RISK FACTORS SUCH AS SUBSTANCE USE, DEPRESSION, ANXIETY, AND HIGH-RISK POPULATIONS SUCH AS LGBTQ+ AND STUDENT VETERANS, (2) ENHANCE THE UNIVERSITY COMMUNITY’S KNOWLEDGE AND AWARENESS OF MENTAL HEALTH AND WELLNESS PREVENTION RESOURCES, (3) IMPROVE ACCESS TO PREVENTION AND INTERVENTION SERVICES TO PROMOTE OVERALL STUDENT WELL-BEING, (4) EVALUATE CURRENT BEHAVIORAL HEALTH CRISES PROTOCOLS TO DEVELOP A DECISION TREE FOR THE UNIVERSITY COMMUNITY OUTLINING APPROPRIATE RESPONSES TO BEHAVIORAL HEALTH CRISES ON CAMPUS WITH THE GOAL OF IMPROVING GATEKEEPING BEHAVIORS, AND (5) PROMOTE HELP-SEEKING BEHAVIORS FOR THE UNIVERSITY COMMUNITY BY  REDUCING THE STIGMA ASSOCIATED WITH MENTAL HEALTH SERVICES AND INCREASING PROTECTIVE FACTORS.  THIS COMPREHENSIVE, COLLABORATIVE, AND INNOVATIVE INITIATIVE WILL INCORPORATE STATE, LOCAL, PRIVATE AND UNIVERSITY RESOURCES TO PROVIDE SUICIDE PREVENTION TRAINING, MENTAL HEALTH OUTREACH, SUBSTANCE USE EDUCATION, AND BEHAVIORAL HEALTH ASSESSMENTS AND/OR SERVICES FOR TROJAN STUDENTS, FACULTY, AND STAFF. IN YEAR ONE OF THE INITIATIVE, WE HOPE TO SERVE 400; 1,600 IN YEAR TWO, AND 3,200 IN YEAR THREE. AN ESTIMATED 5,200 TROJANS IN TOTAL WILL BE SERVED OVER A THREE-YEAR PERIOD.",306000,306000,209831.52000000002,96168.47999999998,2026-01-14,TAGGS,2026-01-15,N/A,2023-08-31,2026-08-30,Center for Mental Health Services,93.243,SUBSTANCE ABUSE AND MENTAL HEALTH SERVICES PROJECTS OF REGIONAL AND NATIONAL SIGNIFICANCE,SM-22-004,GLS Campus Suicide Prevention Grant Program,https://www.samhsa.gov/grants/grant-announcements/sm-22-004,TROY UNIVERSITY,AL,TROY,AL-02,"Junior College, College & University",https://taggs.hhs.gov/Detail/AwardDetail?arg_AwardNum=H79SM086317&arg_ProgOfficeCode=80,https://www.usaspending.gov/award/ASST_NON_H79SM086317_075/
SM086318,Restored,Reinstated (confirmed),FLC Suicide and Substance Use Prevention Project,"FLC SUICIDE AND SUBSTANCE USE PREVENTION PROJECT - FORT LEWIS COLLEGE (FLC), A NATIVE AMERICAN SERVING NON-TRIBAL INSTITUTION, SEEKS FUNDING FOR ITS SUICIDE AND SUBSTANCE USE PREVENTION PROJECT, SERVING ALL FLC STUDENTS WHO MAY BE AT RISK FOR SUICIDE OR SUBSTANCE USE DISORDERS. THIS PROJECT BUILDS CAPACITY FOR FLC TO SOLIDIFY AND IMPLEMENT A COMPREHENSIVE CAMPUS CARE MODEL AND MENTAL HEALTH STRATEGIC PLAN FOR SUICIDE AND SUBSTANCE USE PREVENTION. IT ALSO AIMS TO INCREASE THE CAPACITY OF FLC’S COUNSELING CENTER (CC) AND WELLNESS PEER ADVISORY COUNCIL (WELLPAC) TO BETTER MEET THE NEEDS OF ITS DIVERSE STUDENT BODY, WHICH IS ESTIMATED AT 3,300. FLC STUDENTS CONSISTENTLY REPORT HIGHER RATES OF DEPRESSION, ANXIETY, SELF-HARM, SUICIDAL IDEATION AND SUBSTANCE USE THAN NATIONAL BENCHMARKS.   FLC SEEKS TO BECOME A JED CAMPUS PARTNER TO HELP SOLIDIFY A COMPREHENSIVE CAMPUS CARE MODEL AND TO GAIN ACCESS TO DATA, RESOURCES, AND INTERVENTIONS SUCH AS “YOU CAN HELP” TRAININGS THAT WILL INCREASE KNOWLEDGE AND CAPACITY ACROSS CAMPUS. FLC ALSO SEEKS TO FUND A BASIC NEEDS COORDINATOR, A COORDINATOR OF STUDENT WELL-BEING, AND SEVERAL STUDENT WELL-BEING EDUCATION INSTRUCTORS TO DELIVER BASIC NEEDS, MENTAL HEALTH AND SUBSTANCE USE EDUCATION THROUGH TRAININGS, LIFE SKILLS GROUPS AND WORKSHOPS, OUTREACH AND AWARENESS, AND BY CONNECTING STUDENTS TO THE RESOURCES NEEDED FOR SUCCESS.   BY THE END OF THE FIRST ACADEMIC YEAR OF THIS PROJECT, FLC EXPECTS TO BECOME AN OFFICIAL JED CAMPUS, TO FORM A TASK FORCE TO OVERSEE PROJECT EFFORTS, AND TO OFFER A MINIMUM OF 10 TRAUMA INFORMED MENTAL HEALTH EDUCATION AND SUICIDE PREVENTION TRAININGS TO AN ESTIMATED 200 INDIVIDUALS. BY THE END OF YEAR TWO OF THIS PROJECT, FLC WILL HAVE DEVELOPED AND BEGUN TO IMPLEMENT A COMPREHENSIVE, STRATEGIC SUICIDE AND SUBSTANCE USE PREVENTION PLAN, INCLUDING FORMATION OF A MULTI-DISCIPLINARY TASKFORCE TO GUIDE THE WORK. FLC WILL ALSO HAVE INCREASED STUDENTS’ ON-CAMPUS ACCESS TO SUBSTANCE USE RECOVERY RESOURCES VIA COMMUNITY PARTNERSHIPS FOR TREATMENT AND PEER RECOVERY AND/OR INCREASING CC STAFF MEMBER EXPERTISE IN SUBSTANCE USE DISORDER TREATMENT BY TRAINING OR BY HIRING SPECIALIZED STAFF. BY YEAR THREE, FLC WILL HAVE TRAINED ALL STUDENT-FACING EMPLOYEES (ABOUT 450) AND OVER 200 STUDENTS IN THESE TRAINING COURSES, EXPANDING THE SUPPORT NET AND PREPARING OUR COMMUNITY FOR DIFFICULT CONVERSATIONS WITH INDIVIDUALS WHO MAY BE STRUGGLING.   FLC CC WILL ALSO PILOT A PROGRAM THAT SEEKS TO OFFER ALTERNATIVE HEALING BASED IN INDIGENOUS PRACTICES, BY PARTNERING WITH REGIONAL INDIGENOUS EXPERTS AND SERVICE PROVIDERS. FLC EXPECTS TO OFFER A COMBINATION OF EDUCATIONAL PRESENTATIONS ON TRADITIONAL INDIGENOUS HEALING AND WELLNESS AS WELL AS CEREMONIAL SUPPORT GROUPS AT LEAST FOUR TIMES PER ACADEMIC YEAR FOR THE LIFE OF THE PROJECT, SERVING OVER 250 COMMUNITY MEMBERS, AS PART OF A STRATEGY OF INCREASING SENSE OF BELONGING AND CULTURALLY RESPONSIVE CAMPUS SERVICES OF INDIGENOUS STUDENTS.  THIS PROJECT AIMS TO REACH AT LEAST AN ESTIMATED 900 INDIVIDUALS OVER THE NEXT THREE YEARS. THE GOAL OF THE PROJECT IS TO ENHANCE OUR INSTITUTION’S COMMUNITY OF CARE MODEL BY TRAINING MORE COMMUNITY MEMBERS IN TRAUMA-INFORMED MENTAL HEALTH PREVENTION/INTERVENTION SKILLS AND BROADENING OUR THERAPEUTIC OFFERINGS TO BETTER MEET THE NEEDS OF OUR INDIGENOUS STUDENTS. ONCE EXECUTED, THESE OUTCOMES SHOULD ENABLE STUDENTS TO RECEIVED NEEDED, PREVENTATIVE SUPPORT EARLIER ON, AND THEN DECREASE NUMBERS OF STUDENTS NEEDING CRISIS SERVICES AND THEREFORE DECREASE WAIT-TIMES IN OUR CC, ALLOWING US TO BETTER MEET THE NEEDS OF OUR MARGINALIZED STUDENTS.",302579,302579,189664.94,112914.06,2026-01-14,TAGGS,2026-01-15,N/A,2023-08-31,2026-08-30,Center for Mental Health Services,93.243,SUBSTANCE ABUSE AND MENTAL HEALTH SERVICES PROJECTS OF REGIONAL AND NATIONAL SIGNIFICANCE,SM-22-004,GLS Campus Suicide Prevention Grant Program,https://www.samhsa.gov/grants/grant-announcements/sm-22-004,FORT LEWIS COLLEGE,CO,DURANGO,CO-03,"Junior College, College & University",https://taggs.hhs.gov/Detail/AwardDetail?arg_AwardNum=H79SM086318&arg_ProgOfficeCode=80,https://www.usaspending.gov/award/ASST_NON_H79SM086318_075/
SM086320,Restored,Reinstated (unconfirmed),"SPEARS: Suicide Prevention, Education, and Recovery at Salve","SPEARS: SUICIDE PREVENTION, EDUCATION, AND RECOVERY AT SALVE - SALVE REGINA UNIVERSITY ABSTRACT SALVE REGINA UNIVERSITY (SALVE), A SMALL UNIVERSITY IN RHODE ISLAND, IS APPLYING FOR A GLS GRANT TO IMPLEMENT SUICIDE PREVENTION, EDUCATION, AND RECOVERY AT SALVE (SPEARS). THIS PROJECT WILL DEVELOP A NETWORK OF SERVICES, EDUCATION, PREVENTION, AND PROGRAMMING TO SUPPORT SALVE STUDENTS BEFORE OR AFTER THEY EXPERIENCE A MENTAL HEALTH (MH) CRISIS, INCLUDING SUICIDAL IDEATION OR ATTEMPT OR ALCOHOL AND OTHER DRUG (AOD) MISUSE.  SALVE’S UNDERGRADUATES, THE FOCUS OF THIS PROPOSAL, ARE PRIMARILY WHITE (87%), FEMALE (67%) AND 43% LIVE OFF CAMPUS. THE FOCUS POPULATIONS WILL BE STUDENTS WHO HAVE BEEN HOSPITALIZED FOR MH OR AOD REASONS OR HAVE TAKEN A MEDICAL LEAVE OF ABSENCE DUE TO MH, AS BOTH OF THESE POPULATION SIZES HAVE INCREASED AT SALVE. SALVE WILL ALSO FOCUS ON COMMUTERS, TO TRY TO ENGAGE THEM IN PROGRAMMING AND SERVICES ON CAMPUS, AS THEY ARE DISPROPORTIONATELY NOT ACCESSING (34% ACCESSING VS 43% OF UNDERGRADUATES) COUNSELING SERVICES (CS), NOR ARE ATHLETES (17% ACCESSING VS >25% OF UNDERGRADUATES). HOWEVER, STUDENTS WITH REGISTERED DISABILITIES ARE DISPROPORTIONALLY ACCESSING CS (16% ACCESSING VS 6% OF UNDERGRADUATES).  SPEARS GOALS AND OBJECTIVES ARE: GOAL 1: DEVELOP AND MAINTAIN AN INFRASTRUCTURE SUPPORTING THE PREVENTION OF MH CRISES, AOD ABUSE, AND SUICIDE ON THE SALVE CAMPUS. OBJECTIVE 1.1: CONVENE THE COLLABORATIVE NINE TIMES OVER THE GRANT PERIOD TO SUPPORT POLICY DEVELOPMENT AND TO REVIEW, EVALUATE PROJECT PROGRESS, AND SUPPORT PROJECT OBJECTIVES. OBJECTIVE 1.2: DEVELOP A SPEARS STRATEGIC PLAN WITHIN THE FIRST SIX MONTHS TO OVERSEE GLS PROJECT ACTIVITIES AND LEAD THE WAY TO SUSTAINING THE INFRASTRUCTURE AND IMPROVEMENTS POST-GRANT. OBJECTIVE 1.3: TRAIN 75 OF STUDENTS, FACULTY, AND STAFF ANNUALLY VIA MHFA AND/OR QPR TO PREPARE THEM TO IDENTIFY AND RESPOND TO SALVE STUDENTS IN NEED. OBJECTIVE 1.4: GAIN AMERICAN COLLEGE HEALTH ASSOCIATION “HEALTHY CAMPUS CULTURAL MODEL” DESIGNATION BY THE END OF THE GRANT PERIOD. GOAL 2: IDENTIFY STUDENTS IN NEED BEFORE THEY ARE IN CRISIS TO PREVENT THEIR LEAVING SCHOOL, ATTEMPTING SUICIDE, BEING HOSPITALIZED, OR SUFFERING OTHER SIGNIFICANT HARMS TO THEIR WELL-BEING. OBJECTIVE 2.1: PROVIDE MINDWISE, RESULTING IN 10% SALVE STUDENTS RECEIVING ONE OR MORE SCREENINGS ANNUALLY SUPPORTING THEIR SELF-IDENTIFICATION OF A NEED FOR HELP AND CONNECTING THEM TO RESOURCES. OBJECTIVE 2.2: CONDUCT AT LEAST THREE ACTIVE OUTREACH EVENTS PER SEMESTER REACHING 35% OF STUDENTS PER SEMESTER TO INFORM THEM OF AVAILABLE MH AND AOD SERVICES ON AND OFF CAMPUS. OBJECTIVE 2.3: ANNUALLY CONDUCT PASSIVE OUTREACH THROUGH SOCIAL MEDIA FOLLOWS RESULTING IN MAINTAINING THE CURRENT 1200 FOLLOWERS AND INCREASING BY 5% BY THE END OF THE GRANT PERIOD. GOAL 3: REDUCE STUDENT MH DISTRESS (INCLUDING SUICIDE), AOD, OR OTHER PERSONAL CRISES. OBJECTIVE 3.1: HOLD FIVE EDUCATIONAL SEMINARS FOR A TOTAL OF 100 STUDENTS PER SEMESTER TO PROMOTE RESILIENCE, LIFE SKILLS, AND SOCIAL CONNECTEDNESS. OBJECTIVE 3.2: DURING THE FIRST PROJECT YEAR, DEVELOP OR REVISE PROTOCOLS FOR HOSPITALIZATIONS, WEAPON POLICY/REDUCING LETHAL MEANS PROCEDURES, AND CRISES TO SPECIFICALLY ADDRESS POSTVENTION AND THE MLOA PROTOCOL TO INCORPORATE MORE SUPPORT BEFORE, DURING, AND AFTER LEAVE. OBJECTIVE 3.3: PROVIDE CASE MANAGEMENT SERVICES FOR 30 STUDENTS ANNUALLY WHO ARE ON MLOA, HOSPITALIZED FOR MH OR AOD, OR IDENTIFIED VIA SALVE’S COORDINATION, ASSESSMENT, RESPONSE, AND EDUCATION (CARE) TEAM AS NEEDED. OBJECTIVE 3.4: DEVELOP WARM REFERRAL NETWORKS WITH THREE OFF-CAMPUS PROVIDERS TO PROMOTE STUDENT ACCESS TO HIGHER LEVELS OF CARE AND TO REMOVE BARRIERS TO NEEDED SERVICES. OBJECTIVE 3.5: ENGAGE ONE NEW STUDENT GROUP PER SEMESTER TO CONDUCT AWARENESS ACTIVITIES THAT REDUCE THE STIGMA OF TALKING ABOUT MH AND AOD ISSUES AND GETTING HELP. ANNUALLY, VIA TRAINING, SCREENING, OUTREACH, EDUCATIONAL SEMINARS, AND CASE MANAGEMENT WILL REACH 1,272 STUDENT, FACULTY, AND STAFF ANNUALLY, TOTAL OF 3,816 OVER THREE YEARS.",287221,287221,152019.93,135201.07,2026-01-14,TAGGS,2026-01-15,N/A,2023-08-31,2026-08-30,Center for Mental Health Services,93.243,SUBSTANCE ABUSE AND MENTAL HEALTH SERVICES PROJECTS OF REGIONAL AND NATIONAL SIGNIFICANCE,SM-22-004,GLS Campus Suicide Prevention Grant Program,https://www.samhsa.gov/grants/grant-announcements/sm-22-004,SALVE REGINA UNIVERSITY,RI,NEWPORT,RI-01,"Junior College, College & University",https://taggs.hhs.gov/Detail/AwardDetail?arg_AwardNum=H79SM086320&arg_ProgOfficeCode=80,https://www.usaspending.gov/award/ASST_NON_H79SM086320_075/
SM086321,Restored,Reinstated (confirmed),"Cards SPEAK (Suicide Prevention, Education, Awareness, and Knowledge)","CARDS SPEAK (SUICIDE PREVENTION, EDUCATION, AWARENESS, AND KNOWLEDGE) - CARDS SPEAK (SUICIDE PREVENTION, EDUCATION, AWARENESS, AND KNOWLEDGE): THE OVERALL PURPOSE OF THIS PROJECT IS TO INCREASE UNIVERSITY OF LOUISVILLE(UOFL)’S CAPACITY TO OFFER A COORDINATED AND EVIDENCE BASED APPROACH TO SUICIDE PREVENTION THROUGH CARDS SPEAK. THE TARGET POPULATION FOR THIS GRANT IS THE 23,000+ STUDENTS AND 7000+ FACULTY AND STAFF AT UOFL, WHO REPRESENT A DIVERSE AUDIENCE BY RACE, SOCIOECONOMIC STATUS, AND GENDER/SEXUAL IDENTITY AND HAVE DEMONSTRATED CLINICAL NEEDS THAT ARE COMPARABLE TO NATIONAL TRENDS THAT SHOW AN ESCALATION OF DEPRESSION, ANXIETY, AND SUICIDAL IDEATION (CCMH, 2021). BUILDING UPON A COMMITTED INFRASTRUCTURE OF CARE PROVIDERS, RESEARCHERS, AND LEADERSHIP, AS WELL AS A DOCUMENTED TRACK RECORD OF SUCCESS, UOFL WILL ADDRESS GAPS AND BARRIERS THAT REMAIN IN THIS SYSTEM WHICH INCLUDE 1) EVIDENCE BASED MENTAL HEALTH PROGRAMMING THAT IS ROUTINELY AND BROADLY AVAILABLE TO STUDENTS IN VARIOUS FORMATS (EMBEDDED COURSES, WORKSHOPS/TRAININGS, ON-LINE OFFERINGS, STUDENT SUPPORT GROUPS); 2) EVIDENCE BASED TRAINING OF FACULTY/STAFF IN IDENTIFICATION AND RESPONSE TO STUDENT MENTAL HEALTH NEEDS/CRISES; 3) ENHANCEMENT OF PARTNERSHIPS NETWORK FOR REFERRALS AND COORDINATION OF CARE; 4) COMMUNICATION AND OUTREACH EFFORTS TO RAISE AWARENESS, REDUCE STIGMA, AND MANAGE RESPONSE TO CRISES; 5) EXPANSION OF INFRASTRUCTURE TO PROMOTE COMMUNICATION AND COORDINATION OF KEY PARTNERS AND INITIATIVE TO AVOID DUPLICATION, ENHANCE CONSISTENCY OF POLICIES AND PROCEDURES, AND ADVANCE DATA DRIVEN DECISION MAKING REGARDING MENTAL HEALTH NEEDS OF THE COMMUNITY.  THE CARDS SPEAK PROJECT HAS THE FOLLOWING GOALS AND OBJECTIVES: GOAL 1) IMPLEMENT PREVENTION PROGRAMS FOR AT LEAST 3000 PARTICIPANTS IN TRAINING AND 15,000 OR MORE REACHED THROUGH EVENTS AND MEDIA THAT INCLUDE OBJECTIVES A) TRAINING PROGRAMS FOR GATEKEEPERS SUCH AS KOGNITO, QPR (QUESTION, PERSUADE, REFER), AND MENTAL HEALTH FIRST AID (MHFA); B) TRAINING OF FACULTY/STAFF TO SUPPORT HELP SEEKING OF STUDENTS; C) UNIVERSAL SCREENING OF INCOMING STUDENTS THROUGH GEN 101 AND OTHER CAMPUS OFFERINGS; D) UNIVERSAL TRAINING OF INCOMING STUDENTS IN MENTAL HEALTH FOUNDATIONAL SKILLS THROUGH GEN 101; E) OFFERING OF PSYCHOEDUCATION PROGRAMS ON MENTAL HEALTH TOPICS IN PERSON AND ON-LINE; F) DEVELOP PEER SUPPORT NETWORKS; G) OFFER ANTI-RACISM AS SUICIDE PREVENTION FOR UNDERREPRESENTED MINORITY STUDENTS; H) SUPPORT OF CAMPUS/COMMUNITY EVENTS SUCH AS MENTAL HEALTH RESOURCE FAIR AND FUNDRAISING WALK. GOAL 2) ENHANCE INTERVENTION STRATEGIES THROUGH OBJECTIVES THAT INCLUDE A) INCREASE PARTNERSHIPS WITH COMMUNITY AGENCIES TO FACILITATE WARM HAND OFF WHEN SUICIDAL STUDENT NEEDS INPATIENT SERVICES OR WHEN STUDENTS NEED COMMUNITY BASED COUNSELING; B) PROVIDE SUICIDE SPECIFIC TRAINING TO UOFL HEALTH, ULCC, CFCWB, AND PROFESSIONAL TRAINEES AT UOL IN EVIDENCE-BASED SUICIDE SCREENING AND INTERVENTION TO FACILITATE BEST PRACTICE. GOAL 3) DEVELOP POSTVENTION STRATEGIES THROUGH OBJECTIVES A) TRAINING OF CAMPUS COMMUNICATORS/STUDENT REPORTERS IN APPROPRIATE LANGUAGE AND PROCESSES B) DEVELOPMENT OF SUPPORT PROTOCOLS FOR STUDENTS SEEKING COMPASSIONATE LEAVE AND/OR DELAYED RE-ENTRY C) TRAINING OF FACULTY/STAFF/ORGANIZATIONS IN SUPPORT RESPONSES POST-CRISIS. GOAL 4) ENHANCE CAMPUS AND COMMUNITY PARTNERSHIPS IN RESPONDING TO STUDENT MENTAL HEALTH NEEDS THROUGH WORK OF ADVISORY BOARD FOR THIS PROJECT, COORDINATION OF EVENTS/TRAININGS/PROGRAMS. GOAL 5) DEVELOP SUSTAINABLE INFRASTRUCTURE TO SUPPORT COORDINATED CAMPUS-WIDE EFFORTS THAT EMPHASIZE STUDENTS’ STRONG MENTAL HEALTH THROUGH CREATION OF FULL-TIME POSITION, TRAINING OF UOFL FACULTY/STAFF/OTHERS, ESTABLISHMENT OF SUPPORT NETWORKS AND INTEGRATION OF FOUNDATIONAL SCREENING AND ASSESSMENT INTO INCOMING STUDENT CLASSES.  RIGOROUS EVALUATION WILL TRACK PROCESS AND OUTCOME VARIABLES AND BE USED FOR CONTINUOUS QUALITY IMPROVEMENT AND PLANNING PURPOSES.",299565,299565,193640.46,105924.54000000001,2026-01-14,TAGGS,2026-01-15,N/A,2023-08-31,2026-08-30,Center for Mental Health Services,93.243,SUBSTANCE ABUSE AND MENTAL HEALTH SERVICES PROJECTS OF REGIONAL AND NATIONAL SIGNIFICANCE,SM-22-004,GLS Campus Suicide Prevention Grant Program,https://www.samhsa.gov/grants/grant-announcements/sm-22-004,UNIVERSITY OF LOUISVILLE,KY,LOUISVILLE,KY-03,Rehabilitation Organization ( Other Than Criminal ),https://taggs.hhs.gov/Detail/AwardDetail?arg_AwardNum=H79SM086321&arg_ProgOfficeCode=80,https://www.usaspending.gov/award/ASST_NON_H79SM086321_075/
SM086324,Restored,Reinstated (unconfirmed),Warrior Wellness: A Comprehensive Approach to Mental Health and Suicide Prevention at East Stroudsburg University,"WARRIOR WELLNESS: A COMPREHENSIVE APPROACH TO MENTAL HEALTH AND SUICIDE PREVENTION AT EAST STROUDSBURG UNIVERSITY - THE OBJECTIVES OF THE PROPOSED PROJECT ARE THREEFOLD: TO INCREASE THE IDENTIFICATION OF STUDENTS AT RISK FOR SUICIDE AND SUICIDE ATTEMPTS AMONG STUDENTS AT EAST STROUDSBURG UNIVERSITY OF PENNSYLVANIA (ESU); TO REDUCE RISK FACTORS AND INCREASE PROTECTIVE FACTORS FOR SUICIDE, AND TO INCREASE HELP-SEEKING BEHAVIORS. THE INCREASE IN THE IDENTIFICATION OF STUDENTS AT RISK WILL BE ADDRESSED WITH A TWO-PRONG APPROACH; EXTENSIVE GATEKEEPER TRAINING OF TARGETED HELPERS WHO ARE IN FREQUENT CONTACT WITH STUDENTS AND INTENTIONAL SCREENING FOR MENTAL HEALTH AND SUBSTANCE USE DISORDERS. THE REDUCTION OF RISK FACTORS, SUCH AS ACCESS TO LETHAL MEANS, BARRIERS TO CARE, AND ISOLATION, AND THE INCREASE IN PROTECTIVE FACTORS, SUCH AS CREATING A SUPPORTIVE ENVIRONMENT, REDUCING SELF AND SOCIAL STIGMA, ENHANCING STUDENTS’ LIFE SKILLS AND RESILIENCE, AND FOSTERING CONNECTEDNESS WILL BE ADDRESSED THROUGH A VARIETY OF INITIATIVES. FINALLY, INCREASING HELP-SEEKING BEHAVIOR WILL BE ACHIEVED BY CONNECTING MORE DELIBERATELY WITH UNDERSERVED POPULATIONS AND FORGING STRONG PARTNERSHIPS WITH COMMUNITY MENTAL HEALTH RESOURCES.  ESU IS COMPOSED OF APPROXIMATELY 5,000 STUDENTS OF WHICH ALMOST 4,000 ARE UNDERGRADUATES. ABOUT 30% SELF-IDENTIFY AS FIRST-GENERATION COLLEGE STUDENTS AND OVER 45% AS UNDERREPRESENTED MINORITIES. AN ADMINISTRATION OF THE AMERICAN COLLEGE HEALTH ASSOCIATION NATIONAL COLLEGE HEALTH ASSESSMENT IN 2019 ON A SAMPLE OF STUDENTS FOUND THAT 64% OF RESPONDENTS FELT HOPELESS AT SOME POINT IN THE PRIOR 12 MONTHS; 56% STATED THAT THEY FELT SO DEPRESSED IT WAS DIFFICULT TO FUNCTION; 73% OF RESPONDENTS FELT OVERWHELMING ANXIETY; 16% SERIOUSLY CONSIDERED SUICIDE; AND 10% ENGAGED IN NON-SUICIDAL SELF-INJURY. FURTHERMORE, A SURVEY OF STUDENTS RECEIVING MENTAL HEALTH SERVICES IN THE DEPARTMENT OF COUNSELING AND PSYCHOLOGICAL SERVICES (CAPS) REVEALED THAT ALMOST HALF (47%) ENDORSED HAVING THOUGHTS OF ENDING THEIR LIFE IN THE TWO WEEKS PRIOR. OVER 90% ENDORSED EXPERIENCING A TRAUMATIC EVENT AND OVER 80% INDICATED HAVING EXPERIENCED CONTROLLING, ABUSIVE RELATIONSHIPS. DESPITE THIS INCREASED NEED FOR SUPPORT CAPS SERVES ONLY 11% OF THE STUDENT BODY AND LESS THAN 35% OF STUDENTS RECEIVING SERVICES IDENTIFIED AS UNDERREPRESENTED MINORITIES.  SOME OF THE PREDICTED OUTCOMES OF THE CURRENT PROJECT ARE AS FOLLOWS. IT IS PREDICTED THAT FACULTY, STAFF, AND STUDENTS’ CONFIDENCE IN THEIR ABILITY TO IDENTIFY STUDENTS AT RISK FOR SUICIDE AND SUICIDE ATTEMPTS AND IDENTIFY SPECIFIC RISK AND PROTECTIVE FACTORS WILL INCREASE BY 25% AND 15% RESPECTIVELY UPON COMPLETION OF GATEKEEPER TRAINING; AND WILL REMAIN AT ONE MONTH AND THREE MONTH FOLLOW UP AS ASSESSED IN PRE-POST TRAINING EVALUATION. REGARDING REDUCING THE RISK FACTOR BARRIERS TO ACCESSING CARE, IT IS PROJECTED THAT CONTACT WITH STUDENTS OF COLOR WILL INCREASE BY 15% BY THE END OF YEAR TWO AND 20% BY THE END OF YEAR THREE OF THE GRANT. A PRE-POST CONNECTEDNESS MEASURE WILL BE ADMINISTERED TO STUDENTS PARTICIPATING IN THE CAPS PEER MENTOR PROGRAM TO EVALUATE MENTEES’ FEELINGS OF CONNECTION AND LONELINESS. IT IS EXPECTED THAT THERE WILL BE A STATISTICALLY SIGNIFICANT INCREASE IN CONNECTEDNESS AND A DECREASE IN LONELINESS. FINALLY, A PRE-POST EVALUATION OF CONFIDENCE IN ADDRESSING DIFFICULT SITUATIONS, AS WELL AS SELF AND SOCIAL STIGMA WILL BE CONDUCTED WITH INDUCTEES TO THE STUDENT SUPPORT NETWORK WITH A PREDICTION OF A 15% INCREASE IN CONFIDENCE IN SUPPORTING PEERS AND MAKING APPROPRIATE REFERRALS AND A 10% DECREASE IN SELF AND SOCIAL STIGMA REGARDING MENTAL HEALTH ISSUES.",214462,214462,65166.82,149295.18,2026-01-14,TAGGS,2026-01-15,N/A,2023-08-31,2026-08-30,Center for Mental Health Services,93.243,SUBSTANCE ABUSE AND MENTAL HEALTH SERVICES PROJECTS OF REGIONAL AND NATIONAL SIGNIFICANCE,SM-22-004,GLS Campus Suicide Prevention Grant Program,https://www.samhsa.gov/grants/grant-announcements/sm-22-004,EAST STROUDSBURG UNIVERSITY OF PENNSYLVANIA,PA,EAST STROUDSBURG,PA-08,"Junior College, College & University",https://taggs.hhs.gov/Detail/AwardDetail?arg_AwardNum=H79SM086324&arg_ProgOfficeCode=80,https://www.usaspending.gov/award/ASST_NON_H79SM086324_075/
SM086327,Restored,Reinstated (confirmed),"The JOSH Project, preventing and reducing suicide at Lyon College.","THE JOSH PROJECT, PREVENTING AND REDUCING SUICIDE AT LYON COLLEGE. - LYON COLLEGE, LOCATED IN BATESVILLE, ARKANSAS URGENTLY REQUESTS SAMHSA GARRETT LEE SMITH FUNDING FOR THE JOSH PROJECT (JOINT OUTREACH FOR SCOT’S HEALTH). JOSH WILL AFFECT THE ALMOST 700 UNDERGRADUATE STUDENTS THAT ATTEND LYON EACH YEAR, OVER 2,000 DURING THE LIFE OF THE GRANT WITH PARTICULAR EMPHASIS ON LGBTQ AND INTERNATIONAL STUDENTS, AT INCREASED RISK OF BEHAVIORAL HEALTH CHALLENGES. JOSH WILL PROVIDE PROFESSIONAL, COMPASSIONATE, AND URGENT RESPONSE TO THE CURRENT CRITICAL CHALLENGES ON CAMPUS EXACERBATED BY A RECENT SUICIDE, OTHER STUDENT DEATHS AND CRISES.   JOSH WILL ESTABLISH TRAINING FOR FACULTY, STAFF, AND STUDENTS TO HELP THEM RECOGNIZE, RESPOND, AND INTERVENE WITH STUDENTS IN DISTRESS, IT WILL REINFORCE PROACTIVE INITIATIVES TO BUILD A POSITIVE CAMPUS CLIMATE AND STRENGTHEN THE SUPPORTIVE COMMUNITY INFRASTRUCTURE.   JOSH IS A COLLABORATIVE PROGRAM, FIRST PRESENTED BY LYON ALUMNI IN THE MEMORY OF ONE OF THEIR CLASSMATES WHO COMMITTED SUICIDE AFTER LEAVING LYON. THE PROGRAM OUTLINE PROPOSED BY LYON ALUMNI COINCIDES WITH EXPERIENCED NEED. SINCE JANUARY 2022, THREE STUDENTS HAVE PUBLICLY THREATENED SUICIDE; THERE HAVE BEEN THREE DEATHS (ONE A CONFIRMED SUICIDE IN THE PAST 18 MONTHS). STUDENTS ARE CLEARLY OVERWHELMED AND STRUGGLING TO MANAGE THEIR MENTAL AND EMOTIONAL RESPONSE. LYON IS A MAJORITY WHITE CAMPUS WITH A SIGNIFICANT PERCENTAGE OF INTERNATIONAL, BLACK AND HISPANIC STUDENTS.  THE GOALS OF JOSH INCLUDE 1) INCREASE ACCESS TO MENTAL HEALTH SUPPORT, 2) EXPAND AND LEVERAGE CAMPUS RESOURCES FOR BEHAVIORAL HEALTH; 3) CREATE A WELCOMING AND SAFE CAMPUS ENVIRONMENT; 4) REDUCE STIGMA AND NORMALIZE HELP-SEEKING AND MENTAL HEALTH WELLBEING PRACTICES; AND 5) REDUCE AND PREVENT SUICIDE. THE OBJECTIVES ARE TO ADD IN-PERSON AND VIRTUAL HEALTH RESOURCES, LAUNCH JED CAMPUS FUNDAMENTALS, HIRE THE JOSH PROJECT COORDINATOR, OFFER ANNUAL TRAINING FOR QPR FOR ALL STUDENTS, FACULTY, AND STAFF, AND MENTAL HEALTH FIRST AID TRAINING FOR CAMPUS LEADERS (FACULTY, STAFF AND STUDENTS), LAUNCH MENTAL HEALTH WEEKS WITH ACTIVITIES FOR ALL STUDENTS; IMPLEMENT EVENTS AND STUDENT SUPPORT GROUPS TO ENCOURAGE A DIVERSE AND SUPPORTIVE CAMPUS, LAUNCH AN ANNUAL MENTAL HEALTH ORIENTATION AND AWARENESS EVENT FOR ALL FIRST-YEAR STUDENTS, OFFER VOLUNTARY TRAINING IN QPR AND STRESS REDUCTION TO STUDENTS AND THEIR FAMILIES, REVIEW AND REVISE CAMPUS POLICIES FOR LETHAL WEAPONS, CRISIS RESPONSE AND MEDICAL LEAVE OF ABSENCE.   THE JOSH PROJECT WILL LEVERAGE SAMHSA FUNDS WITH INVESTMENTS OF PROFESSIONAL RESOURCES AND MONEY FROM LYON ALUMNI AND FRIENDS TO CREATE A MULTI-PRONGED AND SUSTAINABLE APPROACH TO PROMOTING BEHAVIORAL HEALTH.",210551,210551,127760.25,82790.75,2026-01-14,TAGGS,2026-01-15,N/A,2023-08-31,2026-08-30,Center for Mental Health Services,93.243,SUBSTANCE ABUSE AND MENTAL HEALTH SERVICES PROJECTS OF REGIONAL AND NATIONAL SIGNIFICANCE,SM-22-004,GLS Campus Suicide Prevention Grant Program,https://www.samhsa.gov/grants/grant-announcements/sm-22-004,LYON COLLEGE,AR,BATESVILLE,AR-01,"Junior College, College & University",https://taggs.hhs.gov/Detail/AwardDetail?arg_AwardNum=H79SM086327&arg_ProgOfficeCode=80,https://www.usaspending.gov/award/ASST_NON_H79SM086327_075/
SM086351,Restored,Reinstated (confirmed),Rainbow Peer Project,"RAINBOW PEER PROJECT - THE LGBTQ+ POPULATION IS A HISTORICALLY MARGINALIZED COMMUNITY WITH A LACK OF ACCESS TO HEALTHCARE INCLUDING MENTAL HEALTH SERVICES. THE LACK OF LGBTQ+ AFFIRMING HEALTHCARE CAN CAUSE MEDICAL TRAUMA WHICH THEN LEADS TO INDIVIDUAL’S TO EITHER STOP SEEKING SERVICES OR CONTINUE WITH A NON-AFFIRMING PROVIDER THAT CAUSES HARM. THE SUICIDE RATES ARE WITHING THE LGBTQ+ COMMUNITY ARE ALARMING. THE TREVOR PROJECT ESTIMATES THAT AT LEAST ONE LGBTQ+ YOUTH BETWEEN THE AGES OF 13-24 ATTEMPTS SUICIDE EVERY 45 SECONDS IN THE U.S. AFFIRMING PROVIDERS AND A WHOLE HEALTH APPROACH WITHIN THE LGBTQ+ CARE CAN HELP TO REDUCE TRAUMA AND SUICIDE RATES FOR INDIVIDUALS IN THIS COMMUNITY. THE LGBTQ+ COMMUNITY INHERENTLY HAS A MULTITUDE OF UNIQUE NEEDS, AND IT IS OUR INTENTION TO ENSURE THAT INDIVIDUALS IN THIS COMMUNITY HAVE ACCESS TO PEER SUPPORT SERVICES THAT ARE ALIGNED WITH THOSE NEEDS AND ABLE TO ADDRESS THEM IN AN EDUCATED, INCLUSIVE, AND MEANINGFUL MANNER ACROSS THE ENTIRE STATE OF PENNSYLVANIA, REGARDLESS OF GEOGRAPHICAL OR SERVICE AREA INEQUITIES. IN ORDER TO ADDRESS THIS IDENTIFIED AREA OF NEED, THE GOALS OF OUR PROPOSED PROJECT, THE RAINBOW PEER PROJECT (RPP), ARE (1) TO DEVELOP AND PILOT A TRUE LGBTQ+ PEER CURRICULUM DESIGNED TO MEET THE UNIQUE NEEDS OF THOSE INDIVIDUALS WITHIN THE LGBTQ+ COMMUNITY. TOPICS COVERED IN THIS CURRICULUM WILL INCLUDE BUT NOT BE LIMITED TO: SUICIDE PREVENTION, AFFIRMING CARE; SELF-ACCEPTANCE; UNDERSTANDING AND RESOLVING TRAUMA; SELF-ADVOCACY; ETHICAL BOUNDARIES; SUD; AND WHOLE HEALTH INTEGRATION. AN ADDITIONAL GOAL OF THE PROPOSED PROJECT IS (2) TO TRAIN MEMBERS OF THE CERTIFIED PEER PROFESSIONAL WORKFORCE TO ENGAGE ADULTS AND TRANSITION-AGE ADULTS UTILIZING A TRUE PEER-TO-PEER APPROACH WITHIN THE LGBTQ+ COMMUNITY AS AN OPPORTUNITY FOR INDIVIDUALS TO PARTICIPATE IN THEIR OWN RECOVERY IN A MEANINGFUL WAY. A THIRD GOAL OF THE PROPOSED PROJECT (3) IS TO PILOT PEER SERVICE DELIVERY WITHIN THIS COMMUNITY IN A COMPLETELY VIRTUAL ENVIRONMENT TO ENSURE THAT THE DEVELOPED TRAINING PROGRAM IS UNIQUELY SUITED TO MEET THE IDENTIFIED NEEDS OF THIS POPULATION, TO ENSURE THAT SERVICE DELIVERY IS SUPPORTIVE AND ENGAGING IN A MEANINGFUL MANNER, AND TO ENSURE THAT LGBTQ+ PEERS HAVE ACCESS TO INFORMED AND SUPPORTIVE SERVICES REGARDLESS OF THEIR GEOGRAPHIC BARRIERS.",360000,360000,162063.40000000002,197936.59999999998,2026-01-14,TAGGS,2026-01-15,N/A,2023-09-30,2026-09-29,Center for Mental Health Services,93.243,SUBSTANCE ABUSE AND MENTAL HEALTH SERVICES PROJECTS OF REGIONAL AND NATIONAL SIGNIFICANCE,SM-22-009,Statewide Consumer Network Grant Program,https://www.samhsa.gov/grants/grant-announcements/sm-22-009,PENNSYLVANIA MENTAL HEALTH CONSUMERS ASSOCIATION,PA,HARRISBURG,PA-10,Other Special Interest Organization,https://taggs.hhs.gov/Detail/AwardDetail?arg_AwardNum=H79SM086351&arg_ProgOfficeCode=80,https://www.usaspending.gov/award/ASST_NON_H79SM086351_075/
SM086352,Restored,Reinstated (confirmed),Moreno Valley College Garrett Lee Smith Campus Suicide Prevention Project,"MORENO VALLEY COLLEGE GARRETT LEE SMITH CAMPUS SUICIDE PREVENTION PROJECT - MORENO VALLEY COLLEGE’S GARRETT LEE SMITH CAMPUS SUICIDE PREVENTION PROJECT WILL ADDRESS THE NEEDS OF CULTURALLY DIVERSE MORENO VALLEY COMMUNITY COLLEGE STUDENTS.  THE OVERALL GOAL OF MVC’S GARRETT LEE SMITH CAMPUS SUICIDE PREVENTION PROJECT IS TO DEVELOP INSTITUTIONAL CAPACITY TO IDENTIFY AND RESPOND QUICKLY AND APPROPRIATELY TO STUDENTS EXPERIENCING SUICIDE IDEATION, WHILE ALSO BUILDING A NETWORK OF SERVICES THAT BOTH PREVENTS AND REDUCES THE NEED FOR CRISIS INTERVENTION.  WITH LEADERSHIP FROM MORENO VALLEY COLLEGE’S STUDENT HEALTH AND PSYCHOLOGICAL SERVICES (SHPS) OFFICE, THIS PROJECT WILL (1) DEVELOP A SOCIO-ECOLOGICAL RESPONSE TO SUICIDE PREVENTION TO ELIMINATE RISK FACTORS THAT LEAD TO SUICIDE AMONG COLLEGE STUDENTS; (2) FACILITATE AN ONSITE MENTAL HEALTH/WELLNESS/SUICIDE PREVENTION TEAM OF TRAINED TRAINERS TO PROVIDE QPR TRAINING, KNOW THE SIGNS, AND OTHER SUICIDE PREVENTION CURRICULUM AS APPROPRIATE; AND (3) PROVIDE PROFESSIONAL DEVELOPMENT TRAINING FOR WELLNESS TEAM MEMBERS TO IMPROVE SUICIDE PREVENTION SKILL SETS.   BY ACHIEVING THESE OBJECTIVES, MVC’S PROJECT WILL YIELD: (1) 15 FACULTY AND STAFF TRAINED AS TRAIN THE TRAINERS; (2) 1,000 STUDENTS TRAINED IN SUICIDE AWARENESS AND PREVENTION; AND (3) 50 FACULTY AND STAFF TRAINED IN SUICIDE AWARENESS AND PREVENTION.  WHILE THIS PROJECT WILL SERVE ALL OF THE STUDENTS ENROLLED AT MORENO VALLEY COLLEGE, IT WILL TARGET THE COLLEGE’S MOST AT-RISK STUDENT POPULATIONS, INCLUDING BIPOC STUDENTS, LGBTQ STUDENTS, STUDENT PARENTS, AND FIRST GENERATION STUDENT.  ACCORDING TO RESEARCH BY THE NATIONAL ALLIANCE ON MENTAL ILLNESS, THERE ARE FIVE FACTORS THAT REDUCE SUICIDAL IDEATION, INCLUDING:  • PROMOTING SOCIAL CONNECTEDNESS • INCREASE HELP-SEEKING BEHAVIOR • PROVIDING SUBSTANCE ABUSE AND MENTAL HEALTH SERVICES  • FOLLOWING CRISIS MANAGEMENT PROCEDURES • DEVELOPING STUDENT LIFE SKILLS THE PROGRAM WILL OFFER SUICIDE PREVENTION, UPSTREAM, AND POSTVENTION SERVICES BY CONDUCTING STUDENT PEER AMBASSADOR OUTREACH, STAFF, FACULTY, STUDENT, AND COMMUNITY TRAINING. THE PROGRAM WILL EMPHASIZE INCREASING PROTECTIVE FACTORS AND SOCIAL CONNECTION THROUGH DAILY WELLNESS GROUPS. THE TEAM WILL PROVIDE EDUCATIONAL ACTIVITIES TO IMPROVE COPING SKILLS AND WELL-BEING. SERVICES WILL BE OFFERED IN NON-STIGMATIZING AND CULTURALLY APPROPRIATE WAYS SUCH AS HEALING CIRCLES, SKILL BUILDING GROUPS, HOW TO HELP A FRIEND, AND IN NON-STIGMATIZING LOCATIONS.   GRANT FUNDS WILL BE USED TO HIRE A STUDENT HEALTH EDUCATION SPECIALIST WHO WILL RECEIVE QPR TRAIN THE TRAINER (T4T) TRAINING TO SERVE AS THE SUICIDE PREVENTION COORDINATOR AND SERVE AS A PRIMARY TRAINER. AFTER COMPLETION OF THE TRAINING, THE STUDENT HEALTH EDUCATION SPECIALIST WILL PROVIDE A 20-HOUR TRAINING TO 10 STUDENT PEER AMBASSADORS IDENTIFYING STUDENTS AT RISK, PEER EDUCATION, PEER COUNSELING, OUTREACH STRATEGIES, AND SUICIDE PREVENTION BEST PRACTICES.  THROUGH THIS GRANT, THE TEAM WILL OFFER BI-MONTHLY QPR TRAINING AND KNOW THE SIGNS TRAININGS. THE STUDENT HEALTH EDUCATION SPECIALIST WILL WORK WITH OTHER SHPS STAFF TO SUPERVISE STUDENT PEER AMBASSADORS AS THEY CONDUCT DAILY OUTREACH TO INCREASE AWARENESS AND IDENTIFY STUDENTS AT RISK.",306000,306000,209718.33000000002,96281.66999999998,2026-01-14,TAGGS,2026-01-15,N/A,2023-08-31,2026-08-30,Center for Mental Health Services,93.243,SUBSTANCE ABUSE AND MENTAL HEALTH SERVICES PROJECTS OF REGIONAL AND NATIONAL SIGNIFICANCE,SM-22-004,GLS Campus Suicide Prevention Grant Program,https://www.samhsa.gov/grants/grant-announcements/sm-22-004,RIVERSIDE COMMUNITY COLLEGE DISTRICT,CA,MORENO VALLEY,CA-39,Vocational & Training School,https://taggs.hhs.gov/Detail/AwardDetail?arg_AwardNum=H79SM086352&arg_ProgOfficeCode=80,https://www.usaspending.gov/award/ASST_NON_H79SM086352_075/
SM086374,Restored,Reinstated (confirmed),"MCLA Cares Project, an initiative to build a campus-wide infrastructure to support student mental health","MCLA CARES PROJECT, AN INITIATIVE TO BUILD A CAMPUS-WIDE INFRASTRUCTURE TO SUPPORT STUDENT MENTAL HEALTH - MASSACHUSETTS COLLEGE OF LIBERAL ARTS (MCLA) PROPOSES THE MCLA CARES PROJECT, AN INITIATIVE  TO BUILD A CAMPUS-WIDE INFRASTRUCTURE TO SUPPORT STUDENT MENTAL HEALTH. THE PROJECT WILL BE  COMPREHENSIVE AND CROSS MULTIPLE SECTORS OF CAMPUS LIFE INCLUDING STUDENT LIFE, ACADEMIC  AFFAIRS, ATHLETICS, AND HEALTH SERVICES. THROUGHOUT THE LIFETIME OF THIS PROJECT, MCLA PLANS TO  ENGAGE 600 STUDENTS AND TRAIN 300 STAFF AND FACULTY.  MCLA’S MISSION IS TO PROVIDE AN ACCESSIBLE LIBERAL ARTS EDUCATION TO STUDENTS, ESPECIALLY STUDENTS  WITH IDENTITIES TRADITIONALLY UNDERREPRESENTED IN HIGHER EDUCATION. OF THE COLLEGE’S DIVERSE  POPULATION, MCLA HAS IDENTIFIED THREE AT-RISK POPULATIONS: FIRST-GENERATION STUDENTS, STUDENTS OF  COLOR, AND LGBTQIA+ IDENTIFIED STUDENTS. OF MCLA’S 1,076 UNDERGRADUATE STUDENTS, 47% (515  STUDENTS) ARE THE FIRST IN THEIR FAMILIES TO ATTEND COLLEGE. NEARLY A QUARTER, 23.4%, OF MCLA  STUDENTS ARE STUDENTS OF COLOR (IN INTERNAL DOCUMENTS, MCLA USES THE GENERAL TERM “MINORITY”).  THOUGH THE COLLEGE DOES NOT TRACK THE POPULATION OF LGBTQIA+ STUDENTS, THERE IS A ROBUST  CAMPUS COMMUNITY OF SELF-IDENTIFIED STUDENTS AS DEMONSTRATED BY AN LGBTQIA+ SAFE RESIDENCY  FLOOR TO OPEN IN FALL 2022, AND AN ACTIVE RAINBOW ALLIANCE. THE THRUST OF MUCH OF THE GRANT’S  PROGRAMMING AND ACTIVITIES WILL BE DIRECTED AT COLLABORATING WITH THESE POPULATIONS TO IDENTIFY  THEIR SPECIFIC CHALLENGES AND NEEDS.  MCLA IS PLANNING A MULTI-PRONGED APPROACH TO ADDRESSING MENTAL HEALTH SUPPORT DEFICITS ACROSS  CAMPUS. ACTIVITIES WILL BEGIN IN SEPTEMBER 2022 BY HIRING A HEALTH PROMOTION COORDINATOR, A  NEWLY CREATED POSITION THAT WILL BE THE MAJOR STAFF TO DIRECT THE ACTIVITIES OF THE GRANT. THEIR ROLE  WILL INCLUDE PLANNING AND IMPLEMENTATION OF THE GRANT’S ACTIVITIES AS WELL AS PRODUCING ADDITIONAL  MENTAL HEALTH AND WELLNESS PROGRAMMING. THE FIRST YEAR OF THEIR TIME ON CAMPUS WILL BE SPENT  INVESTIGATING THE SPECIFIC NEEDS OF THE CAMPUS THROUGH TWO DATA COLLECTION SURVEYS AND BUILDING A  FOUNDATION OF CROSS-SECTOR SUPPORT BY CONVENING AN MCLA TASK FORCE ON STUDENT MENTAL HEALTH,  WHICH WILL MEET MONTHLY THROUGHOUT THE DURATION OF THE GRANTING PERIOD.  A KEY COMPONENT OF THIS PROJECT IS THE COLLABORATIVE JOURNEY WITH THE JED FOUNDATION (JED), A  PRIVATE FOUNDATION COMMITTED TO ADDRESSING MENTAL HEALTH CONCERNS IN EDUCATIONAL SETTINGS. JED  WILL CONDUCT A REVIEW OF MCLA’S POLICIES, PROCEDURES, PROGRAMMING, AND RESOURCES. FROM THAT  REVIEW, MCLA’S TASK FORCE WILL BE ABLE TO CREATE A DETAILED ACTION PLAN TO BOLSTER POLICIES AND  PROCEDURES TO BETTER SERVE THE MENTAL HEALTH NEEDS OF STUDENT POPULATIONS. AS A JED CAMPUS  PARTNER, MCLA WILL UTILIZE JED’S COMPREHENSIVE ASSESSMENTS AS AN EXPERT ADVISOR THROUGHOUT  THE DEVELOPMENT OF THIS NEW MENTAL HEALTH INFRASTRUCTURE.  ADDITIONALLY, GRANT FUNDS WILL CONTRIBUTE SIGNIFICANTLY TO TRAINING THE CAMPUS COMMUNITY,  SPECIFICALLY IN SUICIDE AWARENESS AND PREVENTION. GRANT FUNDS WILL PROVIDE PROFESSIONAL  DEVELOPMENT FOR MCLA’S HEALTH SERVICES STAFF, INCLUDING ATTENDANCE AT RELEVANT CONFERENCES, AS  WELL AS PRIORITIZING TRAINING FOR STUDENT-FACING STAFF AND FACULTY. THIS GOAL ALSO INCLUDES THE  EXPANSION OF THE MCLA WELLNESS AMBASSADORS PROGRAM, A GROUP OF TRAINED PEER HEALTH EDUCATORS  THAT PROMOTE HOLISTIC WELLNESS.",306000,306000,179900.81,126099.19,2026-01-14,TAGGS,2026-01-15,N/A,2023-08-31,2027-02-28,Center for Mental Health Services,93.243,SUBSTANCE ABUSE AND MENTAL HEALTH SERVICES PROJECTS OF REGIONAL AND NATIONAL SIGNIFICANCE,SM-22-004,GLS Campus Suicide Prevention Grant Program,https://www.samhsa.gov/grants/grant-announcements/sm-22-004,MASSACHUSETTS COLLEGE OF LIBERAL ARTS,MA,NORTH ADAMS,MA-01,"Junior College, College & University",https://taggs.hhs.gov/Detail/AwardDetail?arg_AwardNum=H79SM086374&arg_ProgOfficeCode=80,https://www.usaspending.gov/award/ASST_NON_H79SM086374_075/
SM086379,Restored,Reinstated (unconfirmed),Neuroplasticity-Based Suicide Prevention Program for Allopathic and Osteopathic Medical Students at Rowan University,"NEUROPLASTICITY-BASED SUICIDE PREVENTION PROGRAM FOR ALLOPATHIC AND OSTEOPATHIC MEDICAL STUDENTS AT ROWAN UNIVERSITY - ROWAN SCHOOL OF OSTEOPATHIC MEDICINE AND COOPER MEDICAL SCHOOL OF ROWAN UNIVERSITY PROPOSES A NEUROPLASTICITY-BASED SUICIDE PREVENTION PROGRAM THAT WILL ENGAGE 750 MEDICAL STUDENTS IN ACTIVITIES TO BUILD AWARENESS OF SUICIDE IN MEDICINE, PROVIDE TRAINING TO RESPOND TO STUDENTS IN DISTRESS, INCREASE ACCESS TO ONLINE SCREENING WITH COUNSELOR SUPPORT, AND OFFER NEUROSCIENCE-BASED WELLNESS TRAINING, PEER GROUPS, AND A NEURO-STIGMA ELIMINATION PROJECT.   ROWAN UNIVERSITY SCHOOL OF OSTEOPATHIC MEDICINE (ROWANSOM) AND COOPER MEDICAL SCHOOL OF ROWAN UNIVERSITY (CMSRU) PROPOSE AN MD/DO HEALTHY MINDS PARTNERSHIP TO BUILD A COMPREHENSIVE SUICIDE PREVENTION PROGRAM THAT WILL ADDRESS HIGH RATES OF STRESS, BURNOUT, DEPRESSION, AND SUICIDAL THOUGHTS AMONG THEIR MEDICAL STUDENTS. ROWAN UNIVERSITY IS ONE OF ONLY TWO ACADEMIC INSTITUTIONS IN THE UNITED STATES THAT CONTAINS BOTH AN ALLOPATHIC AND AN OSTEOPATHIC MEDICAL SCHOOL. ALTHOUGH ROWANSOM OPERATES A MEDICAL STUDENT MENTAL HEALTH CLINIC THAT SERVES STUDENTS FROM BOTH SCHOOLS, THERE IS CURRENTLY NO UNIFIED SUICIDE PREVENTION FRAMEWORK BETWEEN THE MEDICAL SCHOOLS. THIS PROJECT IS A RESPONSE TO THREE SUICIDES INVOLVING STUDENTS ENROLLED AT ROWAN UNIVERSITY’S MAIN CAMPUS IN FALL 2019, A FATAL OVERDOSE IN 2021, AND RESULTS OF INTAKE ASSESSMENTS THAT SHOWED THAT 40% OF MEDICAL STUDENTS SEEKING MENTAL HEALTH SERVICES WERE MODERATELY OR SEVERELY DEPRESSED, AND 15% ENDORSED SUICIDAL THOUGHTS. THE GEOGRAPHIC CATCHMENT AREA WILL BE THREE MEDICAL SCHOOL CAMPUSES LOCATED IN CAMDEN AND GLOUCESTER COUNTIES OF NEW JERSEY. CMSRU IS LOCATED IN THE CITY OF CAMDEN, WHICH FACES ENORMOUS SOCIAL AND ECONOMIC CHALLENGES. ROWANSOM HAS TWO CAMPUSES, ONE IN STRATFORD, NEW JERSEY, WHICH IS A SUBURB IN CAMDEN COUNTY, AND ONE IN SEWELL, GLOUCESTER COUNTY, WHICH WILL BEGIN ADMITTING STUDENTS IN JULY 2022 AND MAKE ROWANSOM THE LARGEST MEDICAL SCHOOL IN NEW JERSEY. THE POPULATION OF FOCUS WILL BE MEDICAL STUDENTS AT CMSRU AND ROWANSOM. THE CURRENT ENROLLMENT AT ROWANSOM IS 850 STUDENTS, INCLUDING 6.7% AFRICAN AMERICAN, 8.2% HISPANIC, 40.5% WHITE, 39.5% ASIAN, AND 5.0% OTHER. FIFTY-ONE PERCENT OF ROWANSOM STUDENTS ARE FEMALE. CMSRU HAS 449 STUDENTS ENROLLED, INCLUDING 4.9% AFRICAN AMERICAN, 3.1% HISPANIC, 45.2% WHITE, 36% ASIAN, AND 8.2% OTHER. FIFTY-THREE PERCENT OF CMSRU STUDENTS ARE FEMALE.  THE GOALS OF THIS PROJECT ARE TO 1) ENHANCE THE MENTAL HEALTH AND SUICIDE PREVENTION SERVICES ON THREE MEDICAL SCHOOL CAMPUSES AT ROWAN; 2) IMPLEMENT A NEUROSCIENCE-BASED WELLNESS TRAINING CURRICULUM THAT WILL IMPROVE LIFE SKILLS AND REDUCE SUICIDE RISK; 3) INCREASE STUDENT AND FACULTY READINESS TO IDENTIFY AND RESPOND TO MEDICAL STUDENTS IN DISTRESS; AND 4) INCREASE HELP-SEEKING BEHAVIORS AMONG MEDICAL STUDENTS. INNOVATIVE ACTIVITIES INCLUDE PROVIDING ACCESS TO A VOLUNTARY ONLINE INTERACTIVE SCREENING TOOL WITH WHICH MEDICAL STUDENTS CAN SCREEN THEMSELVES FOR MENTAL HEALTH CONDITIONS AND RECEIVE ONLINE COUNSELING SUPPORT, DEVELOPING A HEALTHY MINDS PARTNERSHIP CHALLENGE WHERE BOTH MEDICAL SCHOOLS WILL COMPETE WITH ONE ANOTHER TO DETERMINE WHICH SCHOOL CAN ENROLL THE HIGHEST NUMBER OF STUDENTS, FACULTY, AND STAFF IN SUICIDE PREVENTION TRAINING, IMPLEMENTING NEUROSCIENCE-BASED TRAINING ACTIVITIES TO PRODUCE BRAIN CHANGES THAT SUPPORT HUMAN FLOURISHING, ENGAGING STUDENTS INTO A PEERS SUPPORT GROUP, DEVELOPING A NEURO-STIGMA ELIMINATION PROJECT, AND IMPLEMENTING A CRISIS ACCESS AND RESPONSE EDUCATIONAL SYSTEM TO EDUCATE STUDENTS ON HOW TO ACCESS THE NATIONAL SUICIDE PREVENTION LIFELINE AND OTHER CRISIS SERVICES. EVALUATION OF THE PROGRAM WILL BE CONDUCTED BY RUTGERS UNIVERSITY.",306000,306000,257979.83,48020.17000000001,2026-01-14,TAGGS,2026-01-15,N/A,2023-08-31,2026-10-30,Center for Mental Health Services,93.243,SUBSTANCE ABUSE AND MENTAL HEALTH SERVICES PROJECTS OF REGIONAL AND NATIONAL SIGNIFICANCE,SM-22-004,GLS Campus Suicide Prevention Grant Program,https://www.samhsa.gov/grants/grant-announcements/sm-22-004,RU SCHOOL OF OSTEOPATHIC MEDICINE,NJ,STRATFORD,NJ-01,Welfare Department,https://taggs.hhs.gov/Detail/AwardDetail?arg_AwardNum=H79SM086379&arg_ProgOfficeCode=80,https://www.usaspending.gov/award/ASST_NON_H79SM086379_075/
SM086383,Restored,Reinstated (confirmed),FY2022 Infant and Early Child Hood Mental Health Program (Short Title: IECMH),FY2022 INFANT AND EARLY CHILD HOOD MENTAL HEALTH PROGRAM (SHORT TITLE: IECMH) - SEE ATTACHED PROJECT ABSTRACT SUMMARY IN OTHER  NARRATIVE,2459341,1959424,1464920.79,994420.21,2026-01-14,TAGGS,2026-01-15,N/A,2022-09-30,2027-09-29,Center for Mental Health Services,93.243,SUBSTANCE ABUSE AND MENTAL HEALTH SERVICES PROJECTS OF REGIONAL AND NATIONAL SIGNIFICANCE,SM-22-006,Infant and Early Childhood Mental Health Program,https://www.samhsa.gov/grants/grant-announcements/sm-22-006,CENTER FOR CHILD & FAMILY HEALTH INC,NC,DURHAM,NC-04,Other Social Services Organization,https://taggs.hhs.gov/Detail/AwardDetail?arg_AwardNum=H79SM086383&arg_ProgOfficeCode=80,https://www.usaspending.gov/award/ASST_NON_H79SM086383_075/
SM086384,Restored,Reinstated (confirmed),Expanding the Continuum of Care: Improving Equitable Outcomes through Infant & Early Childhood Mental Health Consultations,"EXPANDING THE CONTINUUM OF CARE: IMPROVING EQUITABLE OUTCOMES THROUGH INFANT & EARLY CHILDHOOD MENTAL HEALTH CONSULTATIONS - CHILDREN’S PROPOSES TO IMPLEMENT EXPANDING THE CONTINUUM OF CARE: IMPROVING EQUITABLE OUTCOMES THROUGH INFANT & EARLY CHILDHOOD MENTAL HEALTH CONSULTATIONS IN MILWAUKEE, RACINE AND KENOSHA COUNTIES IN SOUTHEASTERN WISCONSIN. THE GOAL IS TWO-FOLD TO: 1) BUILD A ROBUST INFANT AND EARLY CHILDHOOD MENTAL HEALTH CONSULTATION (IECMHC) PROGRAM AT CHILDREN’S, IN ORDER TO; 2) BUILD THE CAPACITY OF OTHER CHILD AND FAMILY SERVING PROFESSIONALS USING CULTURALLY-RESPONSIVE TRAUMA INFORMED STRATEGIES TO EXTEND THE CONTINUUM OF CARE TO STRENGTHEN AND SUPPORT THE HEALTHY SOCIAL AND EMOTIONAL DEVELOPMENT OF YOUNG CHILDREN. THIS PROJECT WILL BUILD ON CHILDREN’S ROBUST MENTAL AND BEHAVIORAL HEALTH PROGRAM TO GIVE CHILD AND FAMILY SERVING PROFESSIONALS AND MENTAL AND BEHAVIORAL HEALTH CLINICIANS, DIRECT ACCESS TO MENTAL HEALTH CONSULTANTS THAT WILL EMPOWER THEM TO EFFECTIVELY ADDRESS MENTAL HEALTH CONCERNS EARLY AND ACCESS DEVELOPMENTALLY SPECIFIC, CULTURALLY RESPONSIVE AND EQUITABLE MENTAL HEALTH SERVICES FOR CHILDREN IN NEED. ADDITIONALLY, THE PROJECT WILL ALLOW CHILDREN’S TO EXPAND MENTAL AND BEHAVIORAL HEALTH SERVICES BY INCREASING THE SETTINGS AND AGE GROUPS WHO RECEIVE MENTAL HEALTH CONSULTATION.       WE WILL TARGET OUR EXPANSION TO PROVIDERS AND CHILDREN SERVED THROUGH OUR EARLY CHILDHOOD MENTAL HEALTH PROGRAM (61% WHITE, 31% BLACK, 64% ENROLLED IN MEDICAID), CHILDREN SERVED THROUGH OUR CHILD WELFARE PROGRAMS (67% AGES 0-11, 67% BLACK, 14% WHITE, 14% HISPANIC, 80% ENROLLED IN MEDICAID, ELEVATED ADVERSE CHILDHOOD EXPERIENCES, AND MENTAL AND BEHAVIORAL HEALTH CONCERNS), OUR HOME VISITING PROGRAMS (100% AGES 0-3, 59% BLACK, 28% HISPANIC AND 17% WHITE) AND TO EARLY CARE AND EDUCATION SETTINGS.       BY SEPTEMBER 2027, CHILDREN’S WILL DESIGN AND IMPLEMENT THE NECESSARY SYSTEM STRUCTURE AND FUNCTIONS OF A CENTRALIZED IECMHC PROGRAM (ORGANIZATIONAL REPORTING, FINANCING, POLICIES AND PROCEDURES, ETC.) THAT PRIORITIZES HEALTH EQUITY AND SUSTAINABILITY. THIS WORK WILL INCREASE ACCESS TO A FULL RANGE OF INFANT AND EARLY CHILDHOOD SERVICES AND BUILD WORKFORCE CAPACITY FOR INDIVIDUALS SERVING CHILDREN FROM BIRTH TO AGE 12 YEARS BY EXPANDING IECMHC TO MULTIPLE SETTINGS (E.G., CHILD WELFARE, HOME VISITING, EARLY CARE AND EDUCATION AND MEDICAL) AND AGE GROUPS (E.G., UP TO 12 YEARS OF AGE). WE WILL FURTHER DEVELOP, MAINTAIN, AND ENHANCE EXISTING INFANT AND EARLY CHILDHOOD MENTAL HEALTH PROMOTION, SCREENING, REFERRAL AND TREATMENT SERVICES CURRENTLY OFFERED THROUGH CHILDREN’S. DURING THE FIVE-YEAR GRANT, WE ANTICIPATE SERVING 1,401 UNDUPLICATED INDIVIDUALS WITH GRANT FUNDS AND TRAINING 1,086 UNDUPLICATED INDIVIDUALS. ANNUAL UNDUPLICATED INDIVIDUALS SERVED INCLUDES: 137 (Y1), 190 (Y2), 288 (Y3), 361 (Y4) AND 425 (Y5). ANNUAL UNDUPLICATED INDIVIDUALS TRAINED INCLUDES: 81 (Y1), 157 (Y2), 234 (Y3), 278 (Y4) AND 336 (Y5).       CHILDREN’S IS A LEADING PROVIDER OF INNOVATIVE, EVIDENCE-BASED MENTAL AND BEHAVIORAL HEALTH SERVICES FOR KIDS AND FAMILIES. WE ARE COMMITTED TO ADDRESSING HEALTH INEQUITIES AND IMPROVING HEALTH OUTCOMES. WE BRING MENTAL AND BEHAVIORAL HEALTH PROGRAMMING TO RACIALLY AND ETHNICALLY DIVERSE NEIGHBORHOODS IN WISCONSIN WHERE MANY RESIDENTS FACE DISCRIMINATION AND OTHER SOCIO-ECONOMIC BARRIERS. SERVICES ARE PROVIDED REGARDLESS OF A CLIENT’S ABILITY TO PAY. WE TREAT CHILDREN AND FAMILIES TOGETHER THROUGH DYADIC TREATMENT THAT IS AIMED AT IMPROVING PARENTING, THE PARENT-CHILD RELATIONSHIP AND THE CHILD’S BEHAVIOR. WE TREAT THOUSANDS OF CHILDREN WITH MENTAL AND BEHAVIORAL HEALTH CHALLENGES THROUGH PROGRAMS AT OUR PRIMARY CARE AND SPECIALTY CARE CLINICS, IN SCHOOLS AND COMMUNITIES ACROSS THE STATE AND THROUGH OUR FOSTER CARE AND ADOPTION PROGRAMS. YET A LARGE TREATMENT GAP EXISTS AND CHILDREN AND FAMILIES ARE NOT ALWAYS ABLE TO GET THE MENTAL HEALTH SERVICES THEY NEED.",1998984,1498984,1061127.02,937856.98,2026-01-14,TAGGS,2026-01-15,N/A,2022-09-30,2028-09-29,Center for Mental Health Services,93.243,SUBSTANCE ABUSE AND MENTAL HEALTH SERVICES PROJECTS OF REGIONAL AND NATIONAL SIGNIFICANCE,SM-22-006,Infant and Early Childhood Mental Health Program,https://www.samhsa.gov/grants/grant-announcements/sm-22-006,CHILDREN'S SERVICE SOCIETY OF WISCONSIN,WI,MILWAUKEE,WI-90,Other Health Organization,https://taggs.hhs.gov/Detail/AwardDetail?arg_AwardNum=H79SM086384&arg_ProgOfficeCode=80,https://www.usaspending.gov/award/ASST_NON_H79SM086384_075/
SM086385,Restored,Reinstated (confirmed),Pittsburgh Early Attachment and Relationships Project,"PITTSBURGH EARLY ATTACHMENT AND RELATIONSHIPS PROJECT - THE UNIVERSITY OF PITTSBURGH’S EARLY ATTACHMENT & RELATIONSHIPS (PEAR) PROJECT FILLS GAPS IN THE EXISTING EARLY CHILDHOOD MENTAL HEALTH SYSTEM OF ALLEGHENY COUNTY, PENNSYLVANIA AND EXPANDS THE AVAILABILITY OF EVIDENCE BASED IECMH TREATMENT SERVICES. THE PROJECT SUPPORTS CHILDREN AGES BIRTH THROUGH FIVE WHO ARE AT SIGNIFICANT RISK OF DEVELOPING, OR HAVE BEEN DIAGNOSED WITH, A MENTAL ILLNESS AS WELL AS THEIR FAMILIES, TO STRENGTHEN CAREGIVING RELATIONSHIPS. IN COLLABORATION WITH UPMC WESTERN BEHAVIORAL HEALTH AND ITS THEISS CENTER FOR TRAUMA AND EARLY CHILDHOOD BEHAVIORAL HEALTH (THEISS), THE PROJECT’S OVERALL GOAL IS TO IMPROVE OUTCOMES FOR YOUNG CHILDREN (BIRTH THROUGH AGE 5) IN ALLEGHENY COUNTY, PARTICULARLY THOSE WHO ARE FROM RACIAL/ETHNIC AND LOW SOCIOECONOMIC GROUPS VULNERABLE TO BEHAVIORAL HEALTH DISPARITIES. THIS GOAL WILL BE ACCOMPLISHED BY 1) INCREASING ACCESS TO EVIDENCE-BASED IECMH TREATMENT SERVICES FOR CHILDREN AND CAREGIVERS, NAMELY PARENT-CHILD INTERACTION THERAPY (PCIT), THERAPLAY®, AND INCREDIBLE YEARS®; 2) FILLING GAPS IN THE EXISTING IECMH CONSULTATION SYSTEM FOR HIGHER-NEED CHILDREN AND FAMILIES, THROUGH COLLABORATIVE CONSULTATION WITH EARLY CHILDHOOD CONSULTANTS, HOME VISITORS, AND EARLY CARE AND EDUCATION PROVIDERS; 3) TRAINING CLINICIANS IN EVIDENCE-BASED, EARLY CHILDHOOD-SPECIFIC MENTAL HEALTH TREATMENTS (I.E., PCIT, THERAPLAY®, AND INCREDIBLE YEARS®); 4) CREATING IECMH-SPECIFIC PROFESSIONAL DEVELOPMENT TO HELP CHILD AND FAMILY-SERVING PROFESSIONALS INCREASE THEIR KNOWLEDGE/SKILLS RELATED TO CHILDREN’S MENTAL, EMOTIONAL, AND BEHAVIORAL HEALTH NEEDS; AND 5) INCREASING REFLECTIVE SUPERVISION CONSULTATION (RSC) CAPACITY TO BETTER SUPPORT MEMBERS OF THE EARLY CHILDHOOD MENTAL HEALTH WORKFORCE. THE PROJECT WILL ACHIEVE THE FOLLOWING PRIMARY GOALS/OBJECTIVES BY THE END OF THE GRANT PROJECT PERIOD: ASSESS 300 CHILDREN FOR DIFFICULTIES RELATED TO BEHAVIOR, SOCIAL-EMOTIONAL SKILLS, AND DEVELOPMENTAL/LANGUAGE FUNCTIONING; REFER 100% OF THOSE CHILDREN IN NEED OF INTERVENTION TO APPROPRIATE SERVICES; PROVIDE MENTAL HEALTH CONSULTATION AND SUPPORT TO 70 PROVIDERS WORKING WITH INFANTS AND YOUNG CHILDREN; FACILITATE EVIDENCE-BASED IECMH TREATMENT TRAINING FOR 50 CLINICIANS; SUPPORT 15 SUPERVISORS TO DEVELOP AND IMPLEMENT RSC SKILLS; AND PROVIDE IECMH-RELATED TRAINING TO 1,000 CHILD AND FAMILY-SERVING PROFESSIONALS RELEVANT TO THEIR RESPECTIVE DISCIPLINES (70% OF WHOM WILL REPORT IMPROVED KNOWLEDGE AND PRACTICE CHANGES AS A RESULT PROJECT TRAINING). A TOTAL OF 240 INFANTS AND YOUNG CHILDREN IN WESTERN PENNSYLVANIA WILL RECEIVE EVIDENCE BASED IECMH TREATMENT THROUGH THE PROJECT (WITH THOSE SERVED GRADUALLY INCREASING THROUGHOUT THE PROJECT PERIOD - YEAR 1: 20; YEAR 2: 40; YEAR 3: 60; YEAR 4: 60; YEAR 5: 60). AS A RESULT OF PROJECT INVOLVEMENT, 75% OF CHILDREN ACROSS RACIAL/ETHNIC AND SOCIOECONOMIC BACKGROUNDS WILL EXHIBIT IMPROVED BEHAVIORAL FUNCTIONING; 60% WILL DISPLAY IMPROVED SOCIAL-EMOTIONAL SKILLS; AND 50% WILL SHOW IMPROVEMENTS IN DEVELOPMENTAL AND LANGUAGE FUNCTIONING (AS MEASURED THROUGH DECA AND ASQ®-3 ASSESSMENTS). FURTHER, 60% OF PARENTS WILL REPORT IMPROVED CAREGIVER PRACTICES AND CHILD-CAREGIVER INTERACTIONS UPON COMPLETION OF PROJECT TREATMENT (AS MEASURED BY THE PSI™-4-SF).",2499992,1999993,1471724.3199999998,1028267.6800000002,2026-01-14,TAGGS,2026-01-15,N/A,2022-09-30,2027-09-29,Center for Mental Health Services,93.243,SUBSTANCE ABUSE AND MENTAL HEALTH SERVICES PROJECTS OF REGIONAL AND NATIONAL SIGNIFICANCE,SM-22-006,Infant and Early Childhood Mental Health Program,https://www.samhsa.gov/grants/grant-announcements/sm-22-006,UNIVERSITY OF PITTSBURGH - OF THE COMMONWEALTH SYSTEM OF HIGHER EDUCATION,PA,PITTSBURGH,PA-12,"Junior College, College & University",https://taggs.hhs.gov/Detail/AwardDetail?arg_AwardNum=H79SM086385&arg_ProgOfficeCode=80,https://www.usaspending.gov/award/ASST_NON_H79SM086385_075/
SM086386,Restored,Reinstated (confirmed),Por Los Ninos will advance behavioral health equity and fully address the impact of trauma experienced by children who have been abused or neglected and are at heightened risk of lifetime challenges.,"POR LOS NINOS WILL ADVANCE BEHAVIORAL HEALTH EQUITY AND FULLY ADDRESS THE IMPACT OF TRAUMA EXPERIENCED BY CHILDREN WHO HAVE BEEN ABUSED OR NEGLECTED AND ARE AT HEIGHTENED RISK OF LIFETIME CHALLENGES. - FAMILY SERVICE SEEKS TO EMBED THE ATTRIBUTES OF A TRAUMA-INFORMED, RESILIENT COMMUNITY IN THE CHILD WELFARE SYSTEM BY: 1) BUILDING SYSTEMIC CAPACITY AND TRAINING CHILD PROTECTIVE SERVICES STAFF IN RESILIENCE AND TRAUMA AWARENESS, 2) ESTABLISHING TRAUMA-INFORMED FOSTER PARENT AND KINSHIP CARE PROVIDER NETWORKS, AND 3) THOROUGHLY INFUSING THE CHILD WELFARE SYSTEM WITH THE PRINCIPLES OF TRAUMA-INFORMED PRACTICE, AND THE ADOPTION OF TRAUMA-RESPONSIVE POLICIES.   PROJECT NAME: POR LOS NINOS  POPULATION TO BE SERVED: CHILDREN AGES BIRTH TO 12 YEARS OLD WHO HAVE BEEN ABUSED OR NEGLECTED, ARE UNDER THE SUPERVISION OF THE CHILD WELFARE SYSTEM AND ARE AT SIGNIFICANT RISK OF DEVELOPING, SHOW EARLY SIGNS OF OR HAVE BEEN DIAGNOSED WITH A MENTAL ILLNESS. FAMILY SERVICE’S EXPERIENCE WITH THIS POPULATION IN SAN ANTONIO/BEXAR COUNTY, TEXAS INDICATES THREE-QUARTERS WILL BE BOYS, 77% WILL BE HISPANIC, 96% WILL LIVE IN A LOW-INCOME FAMILY, AND 55% WILL LIVE WITH A SINGLE PARENT.   STRATEGIES/INTERVENTIONS: POR LOS NINOS WILL ADVANCE BEHAVIORAL HEALTH EQUITY AND FULLY ADDRESS THE IMPACT OF TRAUMA CONSISTENTLY EXPERIENCED BY CHILDREN WHO HAVE BEEN ABUSED OR NEGLECTED AND ARE AT HEIGHTENED RISK OF LIFETIME PSYCHIATRIC MORBIDITY. POR LOS NINOS’ DIRECT TREATMENT AND CAPACITY BUILDING RESOURCES WILL INCLUDE: 1) SPECIALIZED, TRAUMA-INFORMED TREATMENT FOR CHILDREN UNDER THE AGE OF 12; 2) TRAINING TO BUILD THE CAPACITY OF CPS STAFF TO CONSISTENTLY IDENTIFY AND SCREEN FOR MENTAL HEALTH, ACES AND RELATED IMPACT AMONG CHILDREN UNDER CPS SUPERVISION, AND MAKE APPROPRIATE REFERRALS FOR DIRECT TREATMENT SERVICES; AND 3) CREATING A TRAUMA-INFORMED FOSTER CARE/KINSHIP CARE PROVIDER NETWORK PREPARED TO DELIVER SPECIALIZED OR INTENSIVE, TRAUMA-INFORMED FOSTER CARE TO CHILDREN ASSESSED AS HAVING EARLY SIGNS OF PSYCHIATRIC DISORDERS.   GOAL: PROVIDE THE SPECIALIZED, TRAUMA-INFORMED MENTAL HEALTH PROMOTION, INTERVENTION AND TREATMENT SERVICES NEEDED TO IMPROVE OUTCOMES FOR CHILDREN AGES BIRTH TO 12 YEARS OF AGE WHO HAVE EXPERIENCED ABUSE, NEGLECT AND ADDITIONAL ACES, AND ARE UNDER THE SUPERVISION OF THE CHILD WELFARE SYSTEM.  OBJECTIVE 1. BUILD THE CAPACITY OF CHILD PROTECTIVE SERVICES STAFF TO IDENTIFY, SCREEN AND DIRECT INTO CARE CHILDREN WHO HAVE EXPERIENCED MULTIPLE ACES AND HAVE SUSPECTED MENTAL HEALTH CHALLENGES.  OBJECTIVE 2. PROVIDE EARLY INTERVENTION AND MENTAL HEALTH TREATMENT SERVICES TO 625 CHILDREN.  OBJECTIVE 3. PROVIDE TRAUMA-INFORMED PARENTING TRAINING AND SUPPORT GROUPS TO INCREASE THE CAPACITY AND SKILLS OF 325 FOSTER PARENTS AND KINSHIP CARE PROVIDERS TO PROMOTE TRAUMA-INFORMED, HEALTHY, SAFE, SECURE ENVIRONMENTS IN WHICH YOUNG CHILDREN CAN LEARN AND GROW.  NUMBER OF CHILDREN TO BE SERVED: 625 NUMBER OF CHILD WELFARE SYSTEM AND OTHER PROFESSIONALS TO BE TRAINED: 425",2000000,1500000,823493,1176507,2026-01-14,TAGGS,2026-01-15,N/A,2022-09-30,2028-09-29,Center for Mental Health Services,93.243,SUBSTANCE ABUSE AND MENTAL HEALTH SERVICES PROJECTS OF REGIONAL AND NATIONAL SIGNIFICANCE,SM-22-006,Infant and Early Childhood Mental Health Program,https://www.samhsa.gov/grants/grant-announcements/sm-22-006,"FAMILY SERVICE ASSOCIATION OF SAN ANTONIO, INC.",TX,SAN ANTONIO,TX-35,Other Social Services Organization,https://taggs.hhs.gov/Detail/AwardDetail?arg_AwardNum=H79SM086386&arg_ProgOfficeCode=80,https://www.usaspending.gov/award/ASST_NON_H79SM086386_075/
SM086419,Restored,Reinstated (confirmed),Infant and Early Childhood Mental Health Care for Low Income Children in Los Angeles,"INFANT AND EARLY CHILDHOOD MENTAL HEALTH CARE FOR LOW INCOME CHILDREN IN LOS ANGELES - THROUGH THIS PROJECT, ECDA WILL IMPROVE OUTCOMES FOR 60 LOW INCOME INFANTS AND CHILDREN AGES 0 TO 5 AND THEIR CAREGIVERS ANNUALLY. PARTICULARLY THOSE WHO HAVE EXPERIENCED TRAUMA, AND THOSE WHO ARE AT RISK OF DEVELOPING A MENTAL ILLNESS OR SERIOUS EMOTIONAL DISTURBANCE, THROUGH SCREENING, INTERVENTION, AND CAREGIVER SUPPORT. THROUGH TRAINING AND CONSULTING, WE WILL INCREASE THE CAPACITY OF 360 EDUCATORS, MENTAL HEALTH AND SOCIAL SERVICE PROVIDERS, CLINICIANS, PRE-SCHOOLS, AND COMMUNITY AGENCIES ANNUALLY TO UNDERSTAND AND ADDRESS SOCIAL/EMOTIONAL DEVELOPMENT, TRAUMA'S IMPACT ON DEVELOPMENT, AND IMPLICIT BIAS AND EQUITY. THIS PROJECT WILL EXPAND OUR FOOTPRINT TO SANTA CLARITA AND LOS ANGELES COUNTY SERVICE PLANNING AREA 6/SOUTH LOS ANGELES, AND INTRODUCE THE NEW EVIDENCE-BASED TREATMENT MODALITY OF INFANT MASSAGE.",1999966,1499974,930320.96,1069645.04,2026-01-14,TAGGS,2026-01-15,N/A,2022-09-30,2028-09-29,Center for Mental Health Services,93.243,SUBSTANCE ABUSE AND MENTAL HEALTH SERVICES PROJECTS OF REGIONAL AND NATIONAL SIGNIFICANCE,SM-22-006,Infant and Early Childhood Mental Health Program,https://www.samhsa.gov/grants/grant-announcements/sm-22-006,EL CENTRO DE AMISTAD,CA,SAN FERNANDO,CA-29,Other Special Interest Organization,https://taggs.hhs.gov/Detail/AwardDetail?arg_AwardNum=H79SM086419&arg_ProgOfficeCode=80,https://www.usaspending.gov/award/ASST_NON_H79SM086419_075/
SM086422,Restored,Reinstated (confirmed),"Project Connect, Infant Early Childhood Mental Health Program","PROJECT CONNECT, INFANT EARLY CHILDHOOD MENTAL HEALTH PROGRAM - PROJECT CONNECT WILL COMPLEMENT AND ENHANCE EXISTING MENTAL HEALTH SERVICES WITHIN HEAD START/EARLY HEAD START (HS/EHS) CENTERS; HELPING TO ADDRESS THE SERIOUS GAPS IN MULTI-GENERATIONAL PREVENTION, INTERVENTION, AND TREATMENT FOR CHILDREN AGES 0-12 AND THEIR FAMILIES IN MERCER COUNTY, NEW JERSEY. SERVICES WILL HELP MEET A CRITICAL NEED IN MERCER COUNTY, WHICH HAS HIGH RATES OF CRIME AND POVERTY AND OTHER FACTORS ASSOCIATED WITH CHILD AND PARENTAL STRESS; AND WHERE THERE IS A SHORTAGE OF MULTI-GENERATIONAL MENTAL HEALTH TREATMENT, ESPECIALLY FOR CHILDREN AGES 0-12. A SKILLED RESEARCH TEAM FROM THE BRAZELTON TOUCHPOINTS CENTER WILL EVALUATE.    THROUGH A CONTINUUM OF PRIMARY AND TERTIARY SERVICES, PROJECT CONNECT WILL PROVIDE INTENSIVE MENTAL HEALTH CONSULTATION AND PROFESSIONAL DEVELOPMENT FOR HS/EHS PROGRAMS, STAFF, AND FAMILIES, BUILDING SYSTEMS-LEVEL CAPACITY TO SUPPORT THE HEALTHY DEVELOPMENT OF CHILDREN. HS/EHS PARENTS WILL STRENGTHEN THE NURTURING PRACTICES THEY USE. COMMUNITY-WIDE EDUCATION WILL BE OFFERED FOR FAMILIES AND CHILD-SERVING PROFESSIONALS AND FAITH-BASED ORGANIZATIONS, WITH THE AIM OF BUILDING COMMUNITY KNOWLEDGE AND SKILLS FOR RELATIONAL, TRAUMA-INFORMED PREVENTIVE PRACTICES. FINALLY, EVIDENCE-BASED, FAMILY-FOCUSED THERAPIES WILL BE DELIVERED TO ENHANCE THE FUNCTIONING OF CHILDREN AND FAMILIES WITH SIGNIFICANT MENTAL HEALTH NEEDS, FILLING INFRASTRUCTURE GAPS. ALL ACTIVITIES WILL INCREASE PROVIDER AND PARENT AWARENESS AND ABILITY TO RESPOND TO CHILDREN’S MENTAL HEALTH AND TRAUMA VIA DEVELOPMENTALLY APPROPRIATE, CULTURALLY SENSITIVE INTERVENTIONS.    CHSOFNJ WILL TRAIN AND SUPPORT A TEAM OF CLINICIANS CERTIFIED TO DELIVER TRAUMA-FOCUSED COGNITIVE BEHAVIORAL THERAPY AND THERAPLAY, TWO EVIDENCE-BASED MODALITIES, PROVEN EFFECTIVE FOR THE TARGET POPULATION. TREATMENT FOR CHILDREN AND PARENTS/CAREGIVERS WILL BE COMPLEMENTED BY EVIDENCE-BASED MENTAL HEALTH CONSULTATION IN FIVE HEAD START/EARLY HEAD START CENTERS, PROFESSIONAL DEVELOPMENT AND PARENT EDUCATION OPPORTUNITIES.    PROJECT CONNECT HAS FOUR GOALS: (1) ENGAGE PARENTS AS PARTNERS IN DEVELOPING A SUSTAINABLE APPROACH TO PROMOTING PROTECTIVE FACTORS AND RESPONDING TO THE MENTAL HEALTH NEEDS AND PRIORITIES OF THEIR FAMILIES; (2) REDUCE THE NEED FOR INTENSIVE CLINICAL INTERVENTIONS AMONG CHILDREN AGES 0-12 YEARS; (3) IMPROVE ACCESS TO EVIDENCE-BASED ASSESSMENT, TREATMENT AND INTERVENTION SERVICES THROUGH DELIVERY OF MULTI-GENERATIONAL COUNSELING FOR CHILDREN AGES 0-12 AND THEIR FAMILIES TO FILL THE SERIOUS GAPS IN THE SYSTEM OF CARE, INCREASE RESILIENCE IN RESPONSE TO TRAUMA AND ACES, AND IMPROVE MENTAL HEALTH OUTCOMES; AND (4) INCREASE EFFICACY AMONG THE MENTAL HEALTH AND RELATED WORKFORCE TO MAINTAIN CONSISTENT, CARING RELATIONSHIPS WITH CHILDREN AGES 0-12. EIGHTEEN OBJECTIVES WILL GUIDE ASSESSMENT, SUCH AS, 75% OF STAFF PARTICIPATING IN THE FAMILY CONNECTIONS IECMHC AND PD MODEL WILL DEMONSTRATE INCREASED COMPETENCIES RELATED TO IDENTIFYING AND ADDRESSING CHILDREN’S MENTAL AND BEHAVIORAL HEALTH NEEDS AND USE OF DEVELOPMENTALLY APPROPRIATE, CULTURALLY SENSITIVE, AND TRAUMA-INFORMED SOCIAL-EMOTIONAL PRACTICES AS MEASURED BY THE GOAL ACHIEVEMENT SCALE; IMPROVE CHILD FUNCTIONING, SOCIAL SKILLS AND POST-TRAUMATIC SYMPTOMS, AS MEASURED BY THE CHILD BEHAVIOR CHECKLIST, AND CHILD AND ADOLESCENT TRAUMA SCREEN FOR 75% WHO COMPLETE THERAPLAY AND TF-CBT COUNSELING; AND 75% OF HEAD START/EHS STAFF WILL IDENTIFY AND DESCRIBE ONE PRACTICE THAT RESULTED IN IMPROVED OBSERVATION/PERCEPTION OF CHILD BEHAVIOR IN THE CLASSROOM.",2000000,2000000,890863,1109137,2026-01-14,TAGGS,2026-01-15,N/A,2022-09-30,2028-09-29,Center for Mental Health Services,93.243,SUBSTANCE ABUSE AND MENTAL HEALTH SERVICES PROJECTS OF REGIONAL AND NATIONAL SIGNIFICANCE,SM-22-006,Infant and Early Childhood Mental Health Program,https://www.samhsa.gov/grants/grant-announcements/sm-22-006,THE CHILDREN'S HOME SOCIETY OF NEW JERSEY,NJ,TRENTON,NJ-12,Other Social Services Organization,https://taggs.hhs.gov/Detail/AwardDetail?arg_AwardNum=H79SM086422&arg_ProgOfficeCode=80,https://www.usaspending.gov/award/ASST_NON_H79SM086422_075/
SM086424,Restored,Reinstated (confirmed),Early Childhood Therapeutic Partnership project (ECTP),"EARLY CHILDHOOD THERAPEUTIC PARTNERSHIP PROJECT (ECTP) - THE COMMUNITY HEALTH CENTER INC. (CHC) WILL LAUNCH THE EARLY CHILDHOOD THERAPEUTIC PARTNERSHIP (ECTP) PROJECT TO EXPAND AND ENHANCE EXISTING MENTAL HEALTH SERVICES FOR THOUSANDS OF INFANTS AND CHILDREN IN UNDERSERVED COMMUNITIES PRIMARILY IN LOWER FAIRFIELD COUNTY WHILE STRENGTHENING THE CLINICAL EXPERTISE OF PEDIATRIC SERVICE PROVIDERS NATIONALLY.  THROUGH CHC’S SPECIALIZED PEDIATRIC MENTAL HEALTH ARM, THE CHILD GUIDANCE CENTER OF SOUTHERN CT (CGC), THE ECTP PROJECT WILL SERVE BETWEEN 660-1350 CHILDREN ANNUALLY AND OVER 4,100 IN THE FIRST FIVE YEARS. CHILDREN SERVED WILL BE AGED BIRTH THROUGH 12 AND PRIMARILY FROM BIPOC FAMILIES IN LOWER FAIRFIELD COUNTY, CT. THEY WILL RECEIVE AN ARRAY OF PREVENTION, ASSESSMENT, AND INTERVENTION SERVICES TO SUPPORT THEIR SOCIAL EMOTIONAL DEVELOPMENT AND MENTAL HEALTH. THE DIRECT SERVICE COMPONENTS OF THE ECTP PROJECT WILL INCLUDE INDIVIDUAL, GROUP AND FAMILY THERAPY, PARENT GUIDANCE, EVIDENCED-BASED TRAUMA TREATMENTS INCLUDING ATTACHMENT, SELF-REGULATION AND COMPETENCY (ARC), CHILD-PARENT PSYCHOTHERAPY (CPP), AND TRAUMA FOCUSED COGNITIVE BEHAVIORAL THERAPY (TF-CBT), AND PSYCHIATRIC MEDICATION MANAGEMENT SERVICES. ESTABLISHING A DESIGNATED MULTI-DISCIPLINARY CLINICAL ASSESSMENT TEAM TO CONDUCT COMPREHENSIVE DEVELOPMENTAL EVALUATIONS (CDE) WILL SHORTEN THE 1-1.5 YEAR CURRENT AVERAGE WAIT TIME FOR CT FAMILIES. EXPANDING AN EXISTING PARTNERSHIP BETWEEN CGC AND THE CHILDREN’S LEARNING CENTER OF FAIRFIELD COUNTY (CLC) WILL INCREASE ACCESS TO MENTAL HEALTH CONSULTATION (IECMHC) IN STATE-SUBSIDIZED PRESCHOOLS IN STAMFORD CT. THESE DIRECT SERVICE COMPONENTS OF THE ECTP PROJECT WOULD BECOME SELF-SUSTAINING THROUGH FEES FOR SERVICE. THE EDUCATION COMPONENT OF THE ECTP PROJECT WILL STRENGTHEN THE CLINICAL EXPERTISE OF THE PEDIATRIC WORKFORCE SERVING VULNERABLE COMMUNITIES BY TRAINING BETWEEN 4-67 PEDIATRIC PROVIDERS ANNUALLY AND A TOTAL OF 182 PROVIDERS NATIONALLY IN THE FIRST FIVE YEARS. THROUGH LEARNING COLLABORATIVES, CHC’S LEARNING MANAGEMENT SYSTEM, AND PROJECT ECHOS (EXTENSION FOR COMMUNITY HEALTHCARE OUTCOMES), THE ECTP PROJECT WILL BRING CHC’S INFANT AND EARLY CHILDHOOD MENTAL HEALTH EXPERTISE TO PEDIATRIC SERVICE PROVIDERS ACROSS THE COUNTRY. CHC’S RESEARCH, EDUCATION, AND POLICY ARM, THE WEITZMAN INSTITUTE, WILL LEAD THESE TRAINING COMPONENTS. THE PRIMARY GOALS AND MEASURABLE OBJECTIVES OF THE ECTP PROJECT ARE:  1. INCREASE CAPACITY, QUALITY, AND TIMELY ACCESS TO INFANT AND EARLY CHILDHOOD ASSESSMENT AND INTERVENTION SERVICES BY A) TRAINING ADDITIONAL CLINICIANS TO CONDUCT CDES, B) TRAINING AT LEAST 60 CLINICIANS IN CT IN ARC, AND C) TRAINING EARLY PEDIATRIC MENTAL HEALTH PROVIDERS AND EDUCATORS  FROM AT LEAST 8 COMMUNITIES NATIONALLY TO DEVELOP, IMPLEMENT, AND SUSTAIN PRESCHOOL MENTAL HEALTH ASSESSMENT, INTERVENTION, AND CONSULTATION SERVICES. 2. INCREASE CLC’S CAPACITY TO MANAGE EMOTIONAL/BEHAVIORAL OUTBURSTS OF YOUNG CHILDREN SO THAT A) 90% OF CLC’S STUDENTS WILL BE IN CLASSROOMS LED BY TEACHERS WITH 1 YEAR OF MIRROR IEMHC TRAINING, B) CLC WILL DEMONSTRATE A 50% DECREASE IN BEHAVIORAL INCIDENT REPORTS AND A 50% DECREASE IN STUDENT EXPULSIONS, AND C) EVALUATION OF THE MIRROR PROGRAM WILL GENERATE 1 MANUSCRIPT PUBLISHED IN A PEER REVIEWED JOURNAL. 3. INDIVIDUALS WHO RECEIVE ECTP MENTAL HEALTH INTERVENTION SERVICES WILL EXPERIENCE INCREASED FUNCTIONING AND DECREASED DISTRESS AS DEMONSTRATED EACH YEAR BY A) 70% OF CHILDREN SHOWING SIGNIFICANT IMPROVEMENT ON PERFORMANCE MEASURES ASSESSING CHANGES IN SOCIAL-EMOTIONAL FUNCTIONING AND BEHAVIOR AND B) 70% CAREGIVERS SHOWING SIGNIFICANT IMPROVEMENT ON PERFORMANCE MEASURES ASSESSING PARENTAL STRESS.",2496808,1996808,1544840.49,951967.51,2026-01-14,TAGGS,2026-01-15,N/A,2022-09-30,2027-09-29,Center for Mental Health Services,93.243,SUBSTANCE ABUSE AND MENTAL HEALTH SERVICES PROJECTS OF REGIONAL AND NATIONAL SIGNIFICANCE,SM-22-006,Infant and Early Childhood Mental Health Program,https://www.samhsa.gov/grants/grant-announcements/sm-22-006,"COMMUNITY HEALTH CENTER, INCORPORATED",CT,MIDDLETOWN,CT-01,Hospital,https://taggs.hhs.gov/Detail/AwardDetail?arg_AwardNum=H79SM086424&arg_ProgOfficeCode=80,https://www.usaspending.gov/award/ASST_NON_H79SM086424_075/
SM086425,Restored,Reinstated (confirmed),"Project PRESENCE: Promoting Reflection, Equity & Safety; Expanding Networks, Capacity, & Education","PROJECT PRESENCE: PROMOTING REFLECTION, EQUITY & SAFETY; EXPANDING NETWORKS, CAPACITY, & EDUCATION - ALLIES FOR EVERY CHILD HAS BEEN PROVIDING ESSENTIAL SERVICES TO THE MOST VULNERABLE CHILDREN AND FAMILIES SINCE 1987. THIS PROJECT WILL PRIMARILY SERVE YOUNG CHILDREN (AND THEIR PRIMARY CAREGIVERS) FROM ZERO TO FIVE YEARS OLD AND THEIR SIBLINGS (UP TO AGE 12), WHO ARE AT RISK OF, SHOW EARLY SIGNS, OR HAVE BEEN DIAGNOSED WITH MENTAL ILLNESS, INCLUDING SERIOUS EMOTIONAL DISTURBANCE (SED) AND WHO ARE AT RISK OF, OR ARE CURRENTLY RECEIVING SERVICES FROM DEPARTMENT OF CHILDREN AND FAMILY SERVICES (DCFS) LOCATED IN SERVICE PLANNING AREAS 5, 6 AND 8 IN LOS ANGELES COUNTY. THIS PROJECT HAS TWO MAIN GOALS: 1) IMPROVE OUTCOMES FOR CHILDREN 0-12 YEARS OLD, WHO ARE AT RISK OF, SHOWING EARLY SIGNS, OR HAVING BEEN DIAGNOSED WITH MENTAL ILLNESS, INCLUDING SED AND WHO ARE AT RISK OF, OR ARE CURRENTLY RECEIVING SERVICES FROM DCFS AND THEIR PRIMARY CAREGIVERS AND 2) INCREASE EARLY CHILDHOOD PROVIDER (EDUCATORS, CHILD WELFARE WORKERS, CLINICIANS, EARLY INTERVENTIONISTS) CAPACITY TO IDENTIFY, UNDERSTAND AND INTERVENE WHEN ISSUES RELATED TO SOCIO-EMOTIONAL DEVELOPMENT AND NEED FOR TRAUMA RESPONSIVE AND CULTURALLY RELEVANT PRACTICES PRESENT. THE PURPOSE OF THE PROJECT IS TO IMPROVE ACCESS TO HIGH QUALITY MENTAL HEALTH SERVICES FOR CHILDREN 0-12 YEARS OLD WHO OFTEN EXPERIENCE DIFFICULTIES FINDING APPROPRIATE AND QUALIFIED PROVIDERS IN A TIMELY MANNER AND TO REDUCE DISPARITIES RELATED TO ACCESS TO HIGH QUALITY, CULTURALLY RESPONSIVE MENTAL HEALTH SERVICES FOR UNDERSERVED POPULATIONS AND COMMUNITIES IN THE LOS ANGELES AREA. THE PROJECT WILL SERVE LOW-INCOME FAMILIES, A HIGH PERCENTAGE OF WHOM IDENTIFY AS HISPANIC/LATINO AND BLACK/AFRICAN AMERICAN; AND WILL FOCUS ON PROVIDING AGE-APPROPRIATE, EVIDENCE-BASED, CULTURALLY AND LINGUISTICALLY APPROPRIATE, TRAUMA-INFORMED MENTAL HEALTH PROMOTION, PREVENTION, EARLY INTERVENTION AND TREATMENT SERVICES. THESE SERVICES WILL INCLUDE SCREENINGS, PSYCHOTHERAPY, AND EARLY CHILDHOOD MENTAL HEALTH CONSULTATION TO BENEFIT CHILDREN, FAMILIES AND EDUCATORS IN OUR CATCHMENT AREA AND TRAINING FOR THE MULTIDISCIPLINARY EARLY CHILDHOOD WORKFORCE IN LOS ANGELES COUNTY.  THE MEASURABLE OBJECTIVES OF THIS PROJECT ARE: 1) 85% OF CHILDREN WHO ENGAGE IN MENTAL HEALTH SERVICES UNTIL A PLANNED TERMINATION WILL DEMONSTRATE IMPROVEMENTS IN SOCIAL-EMOTIONAL FUNCTIONING. 2) 85% OF DYADS/TRIADS WHO ENGAGE IN DYADIC PSYCHOTHERAPY TREATMENT UNTIL A PLANNED TERMINATION WILL DEMONSTRATE IMPROVEMENTS IN CHILD-CAREGIVER RELATIONSHIP QUALITY. 3) 85% OF CAREGIVERS WHO ENGAGE IN PSYCHOTHERAPY TREATMENT UNTIL A PLANNED TERMINATION WILL DEMONSTRATE IMPROVEMENTS IN NURTURING PARENTING PRACTICES. 4) 85% OF CONSULTEES WHO HAVE COMPLETED AT LEAST 6 MONTHS OF CONSULTATION SERVICES WILL REPORT AN INCREASE IN SELF-REPORTED CAPACITY/ABILITY TO UNDERSTAND AND MANAGE CHILDREN’S CHALLENGING BEHAVIORS. 5) BY THE END OF THE 5-YEAR GRANT PERIOD, WE WILL HAVE TRAINED 2,150 EARLY CHILDHOOD SERVING PROFESSIONALS ON TOPICS RELATED TO SOCIO-EMOTIONAL DEVELOPMENT, TRAUMA-RESPONSIVE PRACTICES, ASSESSMENT AND INTERVENTION AND OTHER RELEVANT EARLY CHILDHOOD AND MENTAL HEALTH TOPICS. 6) 85% OF PROFESSIONALS TRAINED WILL REPORT AN INCREASE IN KNOWLEDGE OF CONCEPTS RELEVANT TO WORK WITH YOUNG CHILDREN. 7) BY THE END OF THE 5-YEAR GRANT, WE WILL HAVE ADMINISTERED A TOTAL OF 500 SCREENINGS, INCLUDING DEVELOPMENTAL, ADVERSE CHILDHOOD EXPERIENCES, BENEVOLENT CHILDHOOD EXPERIENCES, DEPRESSION, ANXIETY AND TRAUMA SCREENINGS.  THROUGH THIS PROJECT WE PLAN TO SERVE 900 INDIVIDUALS THROUGH EARLY CHILDHOOD MENTAL HEALTH CONSULTATION SERVICES; 140 INDIVIDUALS THROUGH MENTAL HEALTH THERAPY SERVICES AND 2150 EARLY CHILDHOOD SERVING PROFESSIONALS THROUGH TRAINING OVER A 5-YEAR PERIOD.",2500000,2000000,1560682.1,939317.8999999999,2026-01-14,TAGGS,2026-01-15,N/A,2022-09-30,2027-09-29,Center for Mental Health Services,93.243,SUBSTANCE ABUSE AND MENTAL HEALTH SERVICES PROJECTS OF REGIONAL AND NATIONAL SIGNIFICANCE,SM-22-006,Infant and Early Childhood Mental Health Program,https://www.samhsa.gov/grants/grant-announcements/sm-22-006,"ALLIES FOR EVERY CHILD, INC.",CA,CULVER CITY,CA-37,Other Social Services Organization,https://taggs.hhs.gov/Detail/AwardDetail?arg_AwardNum=H79SM086425&arg_ProgOfficeCode=80,https://www.usaspending.gov/award/ASST_NON_H79SM086425_075/
SM086426,Restored,Reinstated (confirmed),Increasing Access for Early Childhood Mental Health Care Services,"INCREASING ACCESS FOR EARLY CHILDHOOD MENTAL HEALTH CARE SERVICES - THE LOYOLA CENTER FOR COUNSELING & EDUCATION (LCCE) IS APPLYING FOR FUNDING TO SUPPORT THE PROPOSED PROJECT INCREASING ACCESS FOR EARLY CHILDHOOD MENTAL HEALTH CARE SERVICES. THE LCCE IS HOUSED WITHIN THE COLLEGE OF NURSING & HEALTH AT LOYOLA UNIVERSITY NEW ORLEANS. SINCE ITS INCEPTION IN 2019, LCCE HAS BEEN COMMITTED TO PROVIDING EFFECTIVE MENTAL HEALTH COUNSELING SERVICES ON A SLIDING SCALE TO UNDERSERVED FAMILIES, COUPLES, GROUPS, AND INDIVIDUALS AT EVERY STAGE OF LIFE. IN TANDEM WITH CLINICAL SERVICES, LCCE SUPERVISES EXEMPLARY TRAINING FOR GRADUATE STUDENTS IN LOYOLA UNIVERSITY’S DEPARTMENT OF COUNSELING.   WITH SUPPORT FROM THE INFANT AND EARLY CHILDHOOD MENTAL HEALTH PROGRAM, THE LCCE AIMS TO IMPROVE OUTCOMES FOR CHILDREN FROM BIRTH UP TO 12 YEARS OF AGE BY DEVELOPING, MAINTAINING, OR ENHANCING INFANT AND EARLY CHILDHOOD MENTAL HEALTH PROMOTION, INTERVENTION, AND TREATMENT SERVICES. PROVIDING ACCESS TO THESE SERVICES TO THIS TARGET POPULATION WILL BE ADDRESSING A SIGNIFICANT NEED IN OUR COMMUNITY. THE TARGET POPULATION FOR THIS PROJECT INCLUDES CHILDREN UP TO AGE 12 IN NEED OF ACCESS TO MENTAL HEALTH CARE WHO ARE UNABLE TO ACCESS THESE SERVICES WITH A PROVIDER THAT BILLS MEDICAID OR PRIVATE INSURANCE. THERE IS A SIGNIFICANT LACK OF AVAILABLE PROVIDERS IN THE EIGHT PARISHES OF THE GREATER NEW ORLEANS AREA AND THE MAJORITY ARE EITHER NOT TAKING NEW PATIENTS OR DO NOT ACCEPT MEDICAID CLIENTS. THE TARGET POPULATION WILL BE LOW-INCOME AND MIRROR THE DEMOGRAPHICS OF THE GREATER NEW ORLEANS AREA: WHITE ALONE NOT HISPANICE: 43%; AFRICAN AMERICAN: 33%; HISPANIC: 11%; ASIAN, PACIFIC ISLANDER NOT HISPANIC: 3%; AND TWO OR MORE RACES: 4%.  WITH GRANT FUNDING, THE LCCE WILL ACCOMPLISH THE FOLLOWING GOALS AND MEASURABLE OBJECTIVES:  PROGRAM GOALS:  1. PROVIDE AN ADDITIONAL ACCESS POINT FOR CHILDREN OF THE GREATER NEW ORLEANS AREA IN NEED OF MENTAL HEALTH CARE SERVICES WHO ARE UNABLE TO SECURE TREATMENT FROM OTHER SOURCES MEASURABLE OBJECTIVE: SERVE 220 CHILDREN UP TO AGE 12 OVER 5 YEARS  2.PROVIDE CHILDREN WITH ACCESS TO COMPREHENSIVE SCREENING AND EVIDENCE-BASED THERAPIES  MEASURABLE OBJECTIVE:100% OF CLIENTS WILL RECEIVE A RISK & NEEDS ASSESSMENT AT IN-TAKE AND ACCESS TO EVIDENCE-BASED TRAUMA-INFORMED CARE AND CHILD CENTERED PLAY THERAPY  3.CREATE A COMMUNITY OF EARLY CHILDHOOD EDUCATORS AND CARE PROVIDERS EQUIPPED TO RECOGNIZE CHILDREN IN NEED OF MENTAL HEALTHCARE SERVICES MEASURABLE OBJECTIVE:ESTABLISH 20 PARTNERSHIPS WITH EARLY CARE AND EDUCATION PROGRAMS, CHILD AND FAMILY-SERVING PROFESSIONALS OVER FIVE YEARS TO PROVIDE EDUCATIONAL AND TRAINING OUTREACH SERVICES AND PROVIDE 2 WORKSHOPS PER YEAR  4. PROVIDE SPECIALIZED TRAINING FOR MENTAL HEALTH CLINICIANS IN INFANT AND EARLY CHILDHOOD MENTAL HEALTH, INCLUDING SPECIFIC TRAINING IN PROMISING AND EVIDENCE-BASED PRACTICES AND MODELS FOR PREVENTION, EARLY INTERVENTION, AND TREATMENT MEASURABLE OBJECTIVE: 52 GRADUATE STUDENTS WILL BE TRAINED AND CERTIFIED TO USE EVIDENCE-BASED TRAUMA-INFORMED CARE AND CHILD CENTERED PLAY THERAPY OVER FIVE YEARS  THE PROPOSED PROJECT WILL ALSO COLLECT ALL SAMHSA REQUIRED DATA AND PROGRAM SPECIFIC DATA, CREATE A QI PLAN, AND WORK WITH A LEAD EVALUATOR WHO WILL MONITOR THE EFFECTIVENESS AND QUALITY OF THE SERVICES PROVIDED AND THE PROGRESS TOWARDS MEETING THE PROJECT GOALS AND DELIVERABLES.",1990642,1990642,952566.91,1038075.09,2026-01-14,TAGGS,2026-01-15,N/A,2022-09-01,2028-09-29,Center for Mental Health Services,93.243,SUBSTANCE ABUSE AND MENTAL HEALTH SERVICES PROJECTS OF REGIONAL AND NATIONAL SIGNIFICANCE,SM-22-006,Infant and Early Childhood Mental Health Program,https://www.samhsa.gov/grants/grant-announcements/sm-22-006,LOYOLA UNIVERSITY NEW ORLEANS,LA,NEW ORLEANS,LA-01,"Junior College, College & University",https://taggs.hhs.gov/Detail/AwardDetail?arg_AwardNum=H79SM086426&arg_ProgOfficeCode=80,https://www.usaspending.gov/award/ASST_NON_H79SM086426_075/
SM086428,Restored,Reinstated (confirmed),Cleveland Co First Five (CCFF) Project,"CLEVELAND CO FIRST FIVE (CCFF) PROJECT - THE DEPARTMENT OF MENTAL HEALTH AND SUBSTANCE ABUSE SERVICES (ODMHSAS) AND CENTRAL OKLAHOMA COMMUNITY MENTAL HEALTH CENTER (COCMHC) IN PARTNERSHIP WITH THE OKLAHOMA DEPARTMENT OF HEALTH (OSDH) PROPOSES CLEVELAND CO FIRST FIVE (CCFF) PROJECT TO SUPPORT ACCESS TO INFANT AND EARLY CHILDHOOD MENTAL HEALTH (I-ECMH) SERVICES IN RESPONSE TO THE FUNDING OPPORTUNITY ANNOUNCEMENT NO. SM-22-006. THE TARGET POPULATION OF CCFF IS CHILDREN BIRTH TO 6 YEARS AND THEIR CAREGIVERS IN CLEVELAND CO WHO NEED I-ECMH SERVICES. PRIMARY FOCUS IS ON INFANTS AND YOUNG CHILDREN WHO ARE IN OUT-OF-HOME PLACEMENT OR AT RISK OF REMOVAL DUE TO ABUSE/NEGLECT, AS THE HIGH LEVELS OF TOXIC STRESS, SUBSTANCE USE EXPOSURE, AND TRAUMA PLACES THEM AT RISK OF SHOWING EARLY SIGNS OF A MENTAL HEALTH DISORDER, INCLUDING THE DEVELOPMENT OF SED. CCFF PROPOSES TO : 1) INCREASE THE NUMBER OF CHILDREN AGES 0 THROUGH 5 YEARS AND THEIR CAREGIVERS RECEIVING SPECIALIZED TREATMENT, 2) INCREASE SERVICE COORDINATION AROUND COURT-INVOLVED CASES BRAIDING LOCAL RESOURCES FOR PARENT SUPPORTS, MENTAL HEALTH TREATMENT, EARLY INTERVENTION, CASE MANAGEMENT AND OTHER PARTS OF THE LOCAL SYSTEM OF CARE TO COLLABORATIVELY DEVELOP SERVICE PLANS THAT REFLECT THE MENTAL HEALTH NEEDS OF THE CHILD, 3) INCREASE THE NUMBER OF CHILDREN 0-5 YEARS RECEIVING SOC WRAPAROUND SERVICES BY WORKING WITH COCMHC TO UTILIZE THE DIAGNOSTIC CLASSIFICATION OF MENTAL HEALTH AND DEVELOPMENTAL DISORDERS OF INFANCY AND EARLY CHILDHOOD (DC:0-5) AND THE EARLY CHILDHOOD SERVICES INTENSITY INSTRUMENT (ECSII) TO DETERMINE LEVEL OF CARE AND LINKING WRAPAROUND TO THE CHILD SERVICE ARRAY ACROSS AGENCIES WHO ARE SUPPORTING THE CHILD/CAREGIVERS, 4) PROMOTE IECMH OUTCOMES THROUGH TRAINING, CONSULTATION, AND SUPPORT OF OTHER PARTS OF THE LOCAL INFANT AND EARLY CHILDHOOD SYSTEM OF CARE INCLUDING CHILD WELFARE, EARLY INTERVENTION, HOME VISITATION, AND EARLY CARE AND EDUCATION. OUTCOMES WILL INCLUDE IMPROVED CHILD/ PARENT WELL-BEING, INCREASED PERMANENCY, IMPROVED SAFETY AND GREATER SYSTEMS COLLABORATION. GRANT FUNDS WILL RESULT IN ADDING NEW I-ECMH PROFESSIONALS IN THE CLEVELAND COUNTY COMMUNITY TO SIGNIFICANTLY INCREASE CAPACITY FOR SERVING CHILDREN 0-5. THE ADDITION OF AN I-ECMH CONSULTANT WILL ENSURE RELIABLE ACCESS FOR ECE PROVIDERS TO CONSULTATION SERVICES AND SUPPORT THE ADDITION OF NEW I-ECMH TRAINED CONSULTANTS TO EXPAND ACCESS IN CLEVELAND COUNTY AND SURROUNDING AREAS. THE PROJECT PROPOSES TO PROVIDE INTERVENTION AND CONSULTATION SERVICES TO A TOTAL OF 1500 CHILDREN AND ADULTS, AND TRAIN A TOTAL OF 440 MENTAL HEALTH AND OTHER COMMUNITY PROFESSIONALS IN I-ECMH RELATED TOPICS TO BUILD CAPACITY FOR SUPPORTING YOUNG CHILDREN AND THEIR CAREGIVERS OVER THE 5 YEAR GRANT PERIOD.",1976380,1486681,515751.93,1460628.07,2026-01-14,TAGGS,2026-01-15,N/A,2022-09-30,2028-09-29,Center for Mental Health Services,93.243,SUBSTANCE ABUSE AND MENTAL HEALTH SERVICES PROJECTS OF REGIONAL AND NATIONAL SIGNIFICANCE,SM-22-006,Infant and Early Childhood Mental Health Program,https://www.samhsa.gov/grants/grant-announcements/sm-22-006,OKLAHOMA DEPARTMENT OF MENTAL HEALTH AND SUBSTANCE ABUSE SERVICES,OK,OKLAHOMA CITY,OK-03,Health Department,https://taggs.hhs.gov/Detail/AwardDetail?arg_AwardNum=H79SM086428&arg_ProgOfficeCode=80,https://www.usaspending.gov/award/ASST_NON_H79SM086428_075/
SM086429,Restored,Reinstated (confirmed),FY 2022 Infant and Early Childhood Mental Health Program,"FY 2022 INFANT AND EARLY CHILDHOOD MENTAL HEALTH PROGRAM - THE PROJECT WILL PROVIDE INFANT AND EARLY CHILDHOOD MENTAL HEALTH SERVICES TO LOW-INCOME, HIGH-POTENTIAL CHILDREN, BIRTH TO AGE 12, DIAGNOSED WITH OR AT SIGNIFICANT RISK OF DEVELOPING A MENTAL ILLNESS, SUCH AS SERIOUS EMOTIONAL DISTURBANCE, INCLUDING CHILDREN WITH A HISTORY OF IN-UTERO EXPOSURE TO SUBSTANCES. THE PROJECT WILL SUSTAIN MULTIGENERATIONAL THERAPY AND LEARNING GROUPS, AND PROVIDE TRAINING FOR INFANT AND EARLY CHILDHOOD MENTAL HEALTH PROFESSIONALS. THE PROJECT WILL BE IMPLEMENTED IN SAN DIEGO COUNTY’S SOUTH REGION, ADJACENT TO THE SAN YSIDRO LAND PORT OF ENTRY—THE BUSIEST BORDER CROSSING IN THE US.  THE PROJECT WILL SERVE 100 NEW CLIENTS ANNUALLY (500 NEW CLIENTS OVER THE COURSE OF THE PROJECT), AND TRAIN 8 NEW MENTAL HEALTH PROFESSIONALS (40 OVER THE COURSE OF THE PROJECT).  REGION’S DEMOGRAPHIC PROFILE: MEDIAN AGE IS 34.3 YEARS; 51% OF RESIDENTS ARE MALE; FIVE LARGEST RACIAL/ETHNIC GROUPS ARE HISPANIC (59.5%), WHITE (13.7%), ASIAN (8.81%), OTHER (7.85%), AND BLACK (4.15%); 33.7% OF TOTAL POPULATION IS FOREIGN-BORN IMMIGRANTS AND REFUGEES, MUCH HIGHER THAN THE RATE IN CALIFORNIA (26.6%) AND IN THE US (13.5%); 14.5% OF RESIDENTS ARE NOT U.S. CITIZENS; AND 69.6% OF HOUSEHOLDS SPEAK A NON-ENGLISH LANGUAGE AT HOME AS THEIR PRIMARY LANGUAGE. THE REGION’S RATE OF POVERTY IS 13.6%, HIGHER THAN THE RATE IN CALIFORNIA (12.6%) AND THE US (12.8%), WITH 18% OF CHILDREN UNDER AGE 18 LIVING IN POVERTY.",1684767,1245312,813976.1399999999,870790.8600000001,2026-01-14,TAGGS,2026-01-15,N/A,2023-09-30,2028-09-29,Center for Mental Health Services,93.243,SUBSTANCE ABUSE AND MENTAL HEALTH SERVICES PROJECTS OF REGIONAL AND NATIONAL SIGNIFICANCE,SM-22-006,Infant and Early Childhood Mental Health Program,https://www.samhsa.gov/grants/grant-announcements/sm-22-006,EPISCOPAL COMMUNITY SERVICES,CA,NATIONAL CITY,CA-52,Other Health Organization,https://taggs.hhs.gov/Detail/AwardDetail?arg_AwardNum=H79SM086429&arg_ProgOfficeCode=80,https://www.usaspending.gov/award/ASST_NON_H79SM086429_075/
SM086431,Restored,Reinstated (confirmed),SPROUT Initiative,"SPROUT INITIATIVE - THE SUPPORTING PARENTING RELATIONSHIPS THROUGH OUTREACH, UNDERSTANDING & THERAPY (SPROUT) INITIATIVE WILL IMPROVE THE CAPACITY OF 500 FAMILY AND CHILD-SERVING PROCESSIONALS ANNUALLY (2,500 OVER FIVE YEARS) TO STRENGTHEN INFANT AND EARLY CHILDHOOD MENTAL HEALTH BY PROVIDING VIRTUAL AND IN-PERSON TRAINING TO APPLY EMERGING CONCEPTS IN MENTAL HEALTH TO THEIR PRACTICE. TRAINING WILL ENCOMPASS FOUR SECTORS—EARLY INTERVENTION, CHILD WELFARE, HOME VISITATION, AND EARLY CHILDHOOD EDUCATION—AND PROVIDE A COMMON FRAMEWORK FOR SUPPORTING YOUNG CHILDREN AND THEIR CAREGIVERS. THE INITIATIVE WILL ALSO PROVIDE DIRECT EVIDENCE-BASED/INFORMED CLINICAL SERVICES TO 250 YOUNG CHILDREN (50 PER YEAR) IDENTIFIED AS HIGH RISK BY THEIR NURSE HOME VISITOR FOR DEVELOPING SERIOUS EMOTIONAL DISTURBANCE THROUGH UNIVERSAL SCREENING AND SPECIALIZED MENTAL HEALTH CONSULTATION. YOUNG CHILDREN (UNDER 6 YEARS) WILL BE SCREENED AND REFERRED FROM THE PHILADELPHIA NURSE-FAMILY PARTNERSHIP AND THE MABEL MORRIS FAMILY HOME VISIT PROGRAM, A PARENTS AS TEACHERS AFFILIATE (COLLECTIVELY NFP/MM). OF THE APPROXIMATELY 800 FAMILIES SERVED ANNUALLY, THE PREGNANT/POSTPARTUM PERSONS (WHO MOSTLY IDENTIFY AS FEMALE) ARE ALL LOW-INCOME (250% FEDERAL POVERTY LEVEL); HAVE A YOUNG CHILD (BETWEEN AGES OF ZERO TO FIVE); MAJORITY ARE UNDER 25; AND ARE FIRST-TIME PARENTS (100% OF NFP). MOST PARTICIPANTS ARE BLACK OR PEOPLE OF COLOR. ABOUT 30% OF THE CAREGIVERS REPORT A MENTAL HEALTH DIAGNOSIS AT INTAKE. THIS POPULATION OF PARENTS AND YOUNG CHILDREN ARE UNDERREPRESENTED IN MENTAL HEALTH CARE, AND THIS PROJECT WILL BUILD ON A SUCCESSFUL COMMUNITY MENTAL HEALTH COLLABORATION BEGUN IN 2021 BETWEEN THE JOSEPH J. PETERS INSTITUTE (JJPI) AND THE NATIONAL NURSE-LED CARE CONSORTIUM (NNCC) TO ADDRESS THIS DISPARITY IN SERVICES. JJPI IS AN ORGANIZATION WITH A MISSION TO “RESTORE HOPE WITH DIGNITY” FOR INDIVIDUALS IMPACTED BY TRAUMA AND WAS ONE OF THE EARLIEST ORGANIZATIONS TO OFFER TRAUMA-FOCUSED COGNITIVE BEHAVIOR THERAPY (TF-CBT). JJPI CLINICIANS WILL PROVIDE DIRECT MENTAL HEALTH SUPPORT TO CHILDREN AND THEIR CAREGIVERS AND WILL ALSO PROVIDE INFANT AND EARLY CHILDHOOD MENTAL HEALTH CONSULTATION TO THE NURSE HOME VISITORS AT NNCC. NNCC IS A MEMBER-SUPPORTED 501(C)(3) NONPROFIT THAT ADVANCES NURSE-LED CARE THROUGH POLICY DEVELOPMENT, TRAINING AND TECHNICAL ASSISTANCE, AND INNOVATIVE PROGRAMS TO REDUCE HEALTH DISPARITIES AND MEET PEOPLE'S PRIMARY CARE AND WELLNESS NEEDS. NFP/MM IS ITS LARGEST COMMUNITY PROGRAM. THIS PROJECT HARNESSES THE STRENGTH OF NNCC’S HOME VISITING AND ITS TRAINING AND TECHNICAL ASSISTANCE EXPERTISE. NNCC WILL PROVIDE DIRECT SERVICE REFERRALS AND BRING TOGETHER MENTAL HEALTH EXPERTS TO STRENGTHEN THE CAPACITY OF PHILADELPHIA’S SERVICE PROVIDERS TO WORK WITH CHILDREN AND FAMILIES. JJPI AND NNCC WILL ALSO COLLABORATE WITH THE PENNSYLVANIA OFFICE OF CHILD DEVELOPMENT AND EARLY LEARNING (OCDEL), THE PHILADELPHIA DEPARTMENT OF BEHAVIORAL HEALTH AND INTELLECTUAL DISABILITY SERVICES (DBHIDS), THE PHILADELPHIA DEPARTMENT OF HUMAN SERVICES (DHS) AND THE PHILADELPHIA DEPARTMENT OF PUBLIC HEALTH DIVISION OF MATERNAL, CHILD AND FAMILY HEALTH (MCFH) TO ENGAGE THE PHILADELPHIA EARLY CHILDHOOD WORKFORCE PROGRAMS UNDER THEIR OVERSIGHT IN THE INFANT AND EARLY CHILDHOOD MENTAL HEALTH TRAINING AND TECHNICAL ASSISTANCE OPPORTUNITIES. THE TRAINING WILL BE EXTENDED TO OCDEL HOME VISITING PROVIDERS AND CHILDCARE CENTERS; STAFF OF THE DBHIDS EARLY INTERVENTION PROGRAM; THE HOME VISITING PROGRAMS THAT PARTICIPATE IN MCFH CENTRALIZED INTAKE SYSTEM; AND DHS CHILD WELFARE STAFF.",2000000,1500000,1046215.27,953784.73,2026-01-14,TAGGS,2026-01-15,N/A,2022-09-30,2028-09-29,Center for Mental Health Services,93.243,SUBSTANCE ABUSE AND MENTAL HEALTH SERVICES PROJECTS OF REGIONAL AND NATIONAL SIGNIFICANCE,SM-22-006,Infant and Early Childhood Mental Health Program,https://www.samhsa.gov/grants/grant-announcements/sm-22-006,JOSEPH J. PETERS INSTITUTE,PA,PHILADELPHIA,PA-03,Vocational & Training School,https://taggs.hhs.gov/Detail/AwardDetail?arg_AwardNum=H79SM086431&arg_ProgOfficeCode=80,https://www.usaspending.gov/award/ASST_NON_H79SM086431_075/
SM086434,Restored,Reinstated (confirmed),"The Chadwick Prevention, Assessment, Treatment, and Training (PATT) Project","THE CHADWICK PREVENTION, ASSESSMENT, TREATMENT, AND TRAINING (PATT) PROJECT - THE CHADWICK CENTER FOR CHILDREN AND FAMILIES AT RADY CHILDREN’S HOSPITAL, SAN DIEGO (RCHSD) IS PROPOSING THE PATT PROJECT, WHICH WILL IMPROVE THE OUTCOMES FOR CHILDREN AGES 0-5 AND THEIR FAMILIES AND EXPECTANT MOTHERS USING A TRAUMA-INFORMED, MULTI-TIERED APPROACH THAT INCLUDES THE PROVISION OF DIRECT CLINICAL SERVICES WHILE ALSO IMPROVING THE CAPACITY OF THE INFANT AND EARLY CHILDHOOD MENTAL HEALTH (IECMH) WORKFORCE THROUGH SPECIALIZED AND GENERAL TRAINING AND CONSULTATION TO CHILD AND FAMILY SERVING PROFESSIONALS ACROSS SAN DIEGO COUNTY. THE PATT PROJECT WILL COORDINATE CLOSELY ACROSS SERVICE SYSTEMS TO SERVE CHILDREN AGES 0-5 AND THEIR FAMILIES AND EXPECTANT MOTHERS FROM A WIDE RANGE OF CULTURAL AND SOCIOECONOMIC BACKGROUNDS WHO HAVE BEEN EXPOSED TO TRAUMATIC EVENTS, SUCH AS SEXUAL ABUSE, PHYSICAL ABUSE, EXPOSURE TO DOMESTIC VIOLENCE, AND MEDICAL TRAUMA.  SPECIFICALLY, TREATMENT SERVICES WILL TARGET CHILDREN UNDER AGE 5 WITH NEEDS AT THE MODERATE TO SEVERE END OF THE MENTAL HEALTH (MH) SPECTRUM. BEYOND DIRECT CLINICAL SERVICES, THE PATT PROJECT WILL SUPPORT THE BUILDING OF WORK FORCE KNOWLEDGE, CAPABILITY, AND CAPACITY IN INFANT AND EARLY CHILDHOOD MH THROUGHOUT SAN DIEGO COUNTY.  THE PATT PROJECT WILL ACCOMPLISH THE FOLLOWING SIX GOALS: (1) PROVIDE SPECIALIZED TRAINING FOR THERAPISTS ON EVIDENCE-BASED PRACTICES SPECIFICALLY DESIGNED TO SUPPORT THE SOCIAL-EMOTIONAL AND TRAUMA-RELATED NEEDS OF INFANTS AND CHILDREN AGES 0-5 AND PERINATAL MENTAL HEALTH ACROSS SAN DIEGO COUNTY; (2) PROVIDE SPECIALIZED TRAINING FOR CLINICIANS AND SUPERVISORS ON INFANT AND EARLY CHILDHOOD MENTAL HEALTH COMPETENCIES; (3) INCORPORATE SCREENING, ASSESSMENT, AND INTERVENTION PRACTICES DESIGNED TO IDENTIFY AND SUPPORT YOUNG CHILDREN AGES 0-5 AND THEIR CAREGIVERS IN ACCESSING THE IDENTIFIED EVIDENCE-BASED PRACTICES WITH THE  PRIORITY AGE GROUP OF INFANTS AGES 0-2; (4) CREATE OPPORTUNITIES FOR INFANT & EARLY CHILDHOOD AND EDUCATION (ECE) PROVIDERS, SUCH AS EARLY INTERVENTION SPECIALISTS & PRIMARY CARE PROVIDERS, TO DEVELOP GREATER EXPERTISE AND KNOWLEDGE IN INFANT & EARLY CHILDHOOD MH THAT WILL RESULT IN INCREASED SCREENING & REFERRALS FROM PRIMARY CARE CLINICIANS; (5) IMPLEMENT A PROGRAMMATIC MENTAL HEALTH CONSULTATION MODEL TO BUILD CAPACITIES OF ECE PROVIDERS TO IMPROVE THEIR ABILITY TO IDENTIFY, TREAT, AND MITIGATE THE IMPACT OF MENTAL HEALTH PROBLEMS AMONG